38acb38ed5e40b4358247227bc8ef2e1	gi|1798183348|emb|LR745847.1|	99.505	5.56e-97	202	Asterias rubens	starfish	European starfish
38acb38ed5e40b4358247227bc8ef2e1	gi|2567033648|gb|OR473298.1|	95.050	5.68e-82	202	Asterias amurensis	starfish	Northern Pacific seastar
38acb38ed5e40b4358247227bc8ef2e1	gi|2582205361|gb|CP134956.1|	95.050	5.68e-82	202	Asterias amurensis	starfish	Northern Pacific seastar
38acb38ed5e40b4358247227bc8ef2e1	gi|2582205361|gb|CP134956.1|	97.059	8.00e-21	68	Asterias amurensis	starfish	Northern Pacific seastar
38acb38ed5e40b4358247227bc8ef2e1	gi|2499155095|gb|OP747303.1|	95.050	5.68e-82	202	Asterias amurensis	starfish	Northern Pacific seastar
38acb38ed5e40b4358247227bc8ef2e1	gi|2499155067|gb|OP747301.1|	95.050	5.68e-82	202	Asterias amurensis	starfish	Northern Pacific seastar
1fd6ab0753431abb0109e3af7af56a60	gi|3057012933|gb|PX273259.1|	99.517	9.40e-100	207	Homo sapiens	primates	human
1fd6ab0753431abb0109e3af7af56a60	gi|3057012919|gb|PX273258.1|	99.517	9.40e-100	207	Homo sapiens	primates	human
1fd6ab0753431abb0109e3af7af56a60	gi|3057012905|gb|PX273257.1|	99.517	9.40e-100	207	Homo sapiens	primates	human
1fd6ab0753431abb0109e3af7af56a60	gi|3057012891|gb|PX273256.1|	99.517	9.40e-100	207	Homo sapiens	primates	human
1fd6ab0753431abb0109e3af7af56a60	gi|3057012877|gb|PX273255.1|	99.517	9.40e-100	207	Homo sapiens	primates	human
b962a5ceedd109d8dfe3c105d5ff3403	gi|3053320641|gb|PX070016.1|	100.000	5.65e-102	208	Clupea harengus	ray-finned fishes	Atlantic herring
b962a5ceedd109d8dfe3c105d5ff3403	gi|1799624616|gb|MN122931.1|	100.000	5.65e-102	208	Clupea harengus	ray-finned fishes	Atlantic herring
b962a5ceedd109d8dfe3c105d5ff3403	gi|1517391475|gb|MH194498.2|	100.000	5.65e-102	208	Clupea harengus	ray-finned fishes	Atlantic herring
b962a5ceedd109d8dfe3c105d5ff3403	gi|2018537065|gb|MW818226.1|	100.000	5.65e-102	208	Clupea harengus	ray-finned fishes	Atlantic herring
b962a5ceedd109d8dfe3c105d5ff3403	gi|2018537050|gb|MW818211.1|	100.000	5.65e-102	208	Clupea harengus	ray-finned fishes	Atlantic herring
c703047e8ce28ce42edada4d93e96010	gi|2994737912|gb|PV656772.1|	100.000	7.23e-101	206	Melanogrammus aeglefinus	ray-finned fishes	haddock
c703047e8ce28ce42edada4d93e96010	gi|2994737898|gb|PV656771.1|	100.000	7.23e-101	206	Melanogrammus aeglefinus	ray-finned fishes	haddock
c703047e8ce28ce42edada4d93e96010	gi|2994737884|gb|PV656770.1|	100.000	7.23e-101	206	Melanogrammus aeglefinus	ray-finned fishes	haddock
c703047e8ce28ce42edada4d93e96010	gi|124377065|emb|AM489717.1|	100.000	7.23e-101	206	Melanogrammus aeglefinus	ray-finned fishes	haddock
c703047e8ce28ce42edada4d93e96010	gi|94481723|gb|DQ356942.1|	100.000	7.23e-101	206	Melanogrammus aeglefinus	ray-finned fishes	haddock
096cc69d7649e47ed2c2511d4d94d07f	gi|2591482342|ref|NC_083190.1|	92.754	2.12e-76	207	Sclerasterias satsumana	starfish	Sclerasterias satsumana
096cc69d7649e47ed2c2511d4d94d07f	gi|1693290266|ref|NC_042741.1|	81.159	1.04e-34	207	Pisaster ochraceus	starfish	purple sea star
096cc69d7649e47ed2c2511d4d94d07f	gi|2499155081|gb|OP747302.1|	78.469	1.06e-24	209	Asterias amurensis	starfish	Northern Pacific seastar
096cc69d7649e47ed2c2511d4d94d07f	gi|2567033648|gb|OR473298.1|	77.990	4.92e-23	209	Asterias amurensis	starfish	Northern Pacific seastar
096cc69d7649e47ed2c2511d4d94d07f	gi|2582205361|gb|CP134956.1|	77.990	4.92e-23	209	Asterias amurensis	starfish	Northern Pacific seastar
2c5049e480840ffc784d92312c30e5e8	gi|2882954833|gb|PQ858633.1|	99.510	4.30e-98	204	Sebastes mentella	ray-finned fishes	deepwater redfish
2c5049e480840ffc784d92312c30e5e8	gi|2882954819|gb|PQ858632.1|	99.510	4.30e-98	204	Sebastes mentella	ray-finned fishes	deepwater redfish
2c5049e480840ffc784d92312c30e5e8	gi|2882954805|gb|PQ858631.1|	99.510	4.30e-98	204	Sebastes fasciatus	ray-finned fishes	Acadian redfish
2c5049e480840ffc784d92312c30e5e8	gi|2882954791|gb|PQ858630.1|	99.510	4.30e-98	204	Sebastes fasciatus	ray-finned fishes	Acadian redfish
2c5049e480840ffc784d92312c30e5e8	gi|2882954777|gb|PQ858629.1|	99.510	4.30e-98	204	Sebastes fasciatus	ray-finned fishes	Acadian redfish
9ec59d34518dd26b59953acb12f41397	gi|2571476436|gb|OR499725.1|	100.000	7.23e-101	206	Merluccius bilinearis	ray-finned fishes	silver hake
9ec59d34518dd26b59953acb12f41397	gi|3211598001|gb|PZ091031.1|	100.000	7.23e-101	206	Merluccius bilinearis	ray-finned fishes	silver hake
9ec59d34518dd26b59953acb12f41397	gi|3211597805|gb|PZ091017.1|	100.000	7.23e-101	206	Merluccius bilinearis	ray-finned fishes	silver hake
9ec59d34518dd26b59953acb12f41397	gi|3053320529|gb|PX070008.1|	99.515	3.36e-99	206	Merluccius bilinearis	ray-finned fishes	silver hake
9ec59d34518dd26b59953acb12f41397	gi|3211597665|gb|PZ091007.1|	99.515	1.21e-98	206	Merluccius bilinearis	ray-finned fishes	silver hake
8475e7b34403b31143aa9f25a21960ff	gi|1798183348|emb|LR745847.1|	99.010	2.59e-95	202	Asterias rubens	starfish	European starfish
8475e7b34403b31143aa9f25a21960ff	gi|2567033648|gb|OR473298.1|	94.554	2.64e-80	202	Asterias amurensis	starfish	Northern Pacific seastar
8475e7b34403b31143aa9f25a21960ff	gi|2582205361|gb|CP134956.1|	94.554	2.64e-80	202	Asterias amurensis	starfish	Northern Pacific seastar
8475e7b34403b31143aa9f25a21960ff	gi|2582205361|gb|CP134956.1|	95.588	3.72e-19	68	Asterias amurensis	starfish	Northern Pacific seastar
8475e7b34403b31143aa9f25a21960ff	gi|2499155095|gb|OP747303.1|	94.554	2.64e-80	202	Asterias amurensis	starfish	Northern Pacific seastar
8475e7b34403b31143aa9f25a21960ff	gi|2499155067|gb|OP747301.1|	94.554	2.64e-80	202	Asterias amurensis	starfish	Northern Pacific seastar
7328d150d9ffface36478e0e527fb1a2	gi|1693290266|ref|NC_042741.1|	89.109	7.42e-61	202	Pisaster ochraceus	starfish	purple sea star
7328d150d9ffface36478e0e527fb1a2	gi|726972397|ref|NC_025766.1|	86.700	1.62e-52	203	Aphelasterias japonica	starfish	Aphelasterias japonica
7328d150d9ffface36478e0e527fb1a2	gi|2567033649|gb|OR473299.1|	83.415	5.90e-42	205	Marthasterias glacialis	starfish	spiny starfish
7328d150d9ffface36478e0e527fb1a2	gi|2076208768|emb|OU452241.1|	83.415	5.90e-42	205	Marthasterias glacialis	starfish	spiny starfish
7328d150d9ffface36478e0e527fb1a2	gi|2499155081|gb|OP747302.1|	82.266	1.65e-37	203	Asterias amurensis	starfish	Northern Pacific seastar
2eed2dfd6607b82fa863514b56ecf27a	gi|2994718532|gb|PV651714.1|	99.078	1.28e-103	217	Squalus acanthias	sharks & rays	spiny dogfish
2eed2dfd6607b82fa863514b56ecf27a	gi|3211614248|gb|PZ086324.1|	99.078	1.28e-103	217	Squalus suckleyi	sharks & rays	Puget Sound dogfish
2eed2dfd6607b82fa863514b56ecf27a	gi|3139203272|gb|PX718978.1|	99.078	1.28e-103	217	Squalus acanthias	sharks & rays	spiny dogfish
2eed2dfd6607b82fa863514b56ecf27a	gi|5835708|ref|NC_002012.1|	99.078	1.28e-103	217	Squalus acanthias	sharks & rays	spiny dogfish
2eed2dfd6607b82fa863514b56ecf27a	gi|1515576520|gb|MH377805.1|	99.020	2.15e-96	204	Squalus acanthias	sharks & rays	spiny dogfish
c9c1028e1d52387c885090b953cbe6c6	gi|2989059657|gb|PV710554.1|	100.000	2.58e-100	205	Ammodytes dubius	ray-finned fishes	northern sand lance
c9c1028e1d52387c885090b953cbe6c6	gi|959122927|ref|NC_028530.1|	100.000	2.58e-100	205	Ammodytes americanus	ray-finned fishes	American sand lance
c9c1028e1d52387c885090b953cbe6c6	gi|2989059643|gb|PV710553.1|	99.512	1.20e-98	205	Ammodytes dubius	ray-finned fishes	northern sand lance
c9c1028e1d52387c885090b953cbe6c6	gi|2989059629|gb|PV710552.1|	99.512	1.20e-98	205	Ammodytes dubius	ray-finned fishes	northern sand lance
c9c1028e1d52387c885090b953cbe6c6	gi|2949335892|gb|PV423377.1|	99.512	1.20e-98	205	Ammodytes dubius	ray-finned fishes	northern sand lance
0c44a153215a5e6d605394315656c5bd	gi|2989059643|gb|PV710553.1|	100.000	2.58e-100	205	Ammodytes dubius	ray-finned fishes	northern sand lance
0c44a153215a5e6d605394315656c5bd	gi|2989059629|gb|PV710552.1|	100.000	2.58e-100	205	Ammodytes dubius	ray-finned fishes	northern sand lance
0c44a153215a5e6d605394315656c5bd	gi|2949335892|gb|PV423377.1|	100.000	2.58e-100	205	Ammodytes dubius	ray-finned fishes	northern sand lance
0c44a153215a5e6d605394315656c5bd	gi|959122913|ref|NC_028529.1|	100.000	2.58e-100	205	Ammodytes dubius	ray-finned fishes	northern sand lance
0c44a153215a5e6d605394315656c5bd	gi|2989059657|gb|PV710554.1|	99.512	1.20e-98	205	Ammodytes dubius	ray-finned fishes	northern sand lance
18fd7e941e8ae763817728fcaf14aa8a	gi|1609530226|gb|MK266753.1|	85.714	2.55e-05	63	Sphaenorhynchus prasinus	frogs & toads	Sphaenorhynchus prasinus
18fd7e941e8ae763817728fcaf14aa8a	gi|1609530225|gb|MK266752.1|	85.714	2.55e-05	63	Sphaenorhynchus prasinus	frogs & toads	Sphaenorhynchus prasinus
18fd7e941e8ae763817728fcaf14aa8a	gi|1484645101|gb|MH004345.1|	85.714	2.55e-05	63	Sphaenorhynchus prasinus	frogs & toads	Sphaenorhynchus prasinus
18fd7e941e8ae763817728fcaf14aa8a	gi|62146628|emb|AJ628371.1|	82.895	2.55e-05	76	Caluromys philander	marsupials	bare-tailed woolly opossum
18fd7e941e8ae763817728fcaf14aa8a	gi|3084544444|emb|OZ345433.1|	100.000	9.19e-05	33	Sarpa salpa	ray-finned fishes	Sarpa salpa
056241f91403b7f27c060c88d6ee28d4	gi|1693290266|ref|NC_042741.1|	88.119	1.61e-57	202	Pisaster ochraceus	starfish	purple sea star
056241f91403b7f27c060c88d6ee28d4	gi|726972397|ref|NC_025766.1|	85.222	1.63e-47	203	Aphelasterias japonica	starfish	Aphelasterias japonica
056241f91403b7f27c060c88d6ee28d4	gi|2567033649|gb|OR473299.1|	81.951	5.95e-37	205	Marthasterias glacialis	starfish	spiny starfish
056241f91403b7f27c060c88d6ee28d4	gi|2076208768|emb|OU452241.1|	81.951	5.95e-37	205	Marthasterias glacialis	starfish	spiny starfish
056241f91403b7f27c060c88d6ee28d4	gi|2499155081|gb|OP747302.1|	80.788	1.66e-32	203	Asterias amurensis	starfish	Northern Pacific seastar
f1ddab4133edb6dfbf8d94737a4cea61	gi|1825511885|gb|MT103914.1|	100.000	2.58e-100	205	Hippoglossoides platessoides	ray-finned fishes	American plaice
f1ddab4133edb6dfbf8d94737a4cea61	gi|1799624449|gb|MN122825.1|	100.000	2.58e-100	205	Hippoglossoides platessoides	ray-finned fishes	American plaice
f1ddab4133edb6dfbf8d94737a4cea61	gi|2995380200|gb|PV748024.1|	100.000	2.58e-100	205	Hippoglossoides elassodon	ray-finned fishes	flathead sole
f1ddab4133edb6dfbf8d94737a4cea61	gi|2587926775|ref|NC_082804.1|	100.000	2.58e-100	205	Hippoglossoides elassodon	ray-finned fishes	flathead sole
f1ddab4133edb6dfbf8d94737a4cea61	gi|2587926284|ref|NC_082769.1|	100.000	2.58e-100	205	Hippoglossoides robustus	ray-finned fishes	Bering flounder
69d9eb7645123af5d4cbb6f0cda79e6f	gi|3053320557|gb|PX070010.1|	100.000	2.58e-100	205	Hippoglossus hippoglossus	ray-finned fishes	Atlantic halibut
69d9eb7645123af5d4cbb6f0cda79e6f	gi|3053320515|gb|PX070007.1|	100.000	2.58e-100	205	Hippoglossus hippoglossus	ray-finned fishes	Atlantic halibut
69d9eb7645123af5d4cbb6f0cda79e6f	gi|2987591881|gb|PV691876.1|	100.000	2.58e-100	205	Hippoglossus hippoglossus	ray-finned fishes	Atlantic halibut
69d9eb7645123af5d4cbb6f0cda79e6f	gi|2987591867|gb|PV691875.1|	100.000	2.58e-100	205	Hippoglossus hippoglossus	ray-finned fishes	Atlantic halibut
69d9eb7645123af5d4cbb6f0cda79e6f	gi|2987591853|gb|PV691874.1|	100.000	2.58e-100	205	Hippoglossus hippoglossus	ray-finned fishes	Atlantic halibut
7554ab3e922f9e385d9fbf277f586d8b	gi|1825511896|gb|MT103923.1|	100.000	2.58e-100	205	Myoxocephalus octodecemspinosus	ray-finned fishes	longhorn sculpin
7554ab3e922f9e385d9fbf277f586d8b	gi|669175226|gb|KM057973.1|	100.000	2.58e-100	205	Myoxocephalus octodecemspinosus	ray-finned fishes	longhorn sculpin
7554ab3e922f9e385d9fbf277f586d8b	gi|3139176565|gb|PX704692.1|	99.512	1.20e-98	205	Myoxocephalus octodecemspinosus	ray-finned fishes	longhorn sculpin
7554ab3e922f9e385d9fbf277f586d8b	gi|2095925495|gb|OK172567.1|	99.024	5.59e-97	205	Myoxocephalus aenaeus	ray-finned fishes	grubby sculpin
7554ab3e922f9e385d9fbf277f586d8b	gi|3139171237|gb|PX560190.1|	99.024	5.59e-97	205	Myoxocephalus aenaeus	ray-finned fishes	grubby sculpin
a073dd35b42f133ed756bfbeef89a8b0	gi|2994737870|gb|PV656769.1|	100.000	2.02e-101	207	Urophycis chuss	ray-finned fishes	red hake
a073dd35b42f133ed756bfbeef89a8b0	gi|2580283387|gb|OP057106.2|	100.000	2.02e-101	207	Urophycis chuss	ray-finned fishes	red hake
a073dd35b42f133ed756bfbeef89a8b0	gi|1825511901|gb|MT103927.1|	95.215	9.61e-85	209	Urophycis tenuis	ray-finned fishes	white hake
a073dd35b42f133ed756bfbeef89a8b0	gi|3178764840|emb|OZ408611.1|	94.712	4.47e-83	208	Phycis phycis	ray-finned fishes	Phycis phycis
a073dd35b42f133ed756bfbeef89a8b0	gi|2715332411|ref|NC_088031.1|	94.258	2.08e-81	209	Urophycis brasiliensis	ray-finned fishes	Brazilian codling
df329af06c891700b6237dece3576fea	gi|3053320473|gb|PX070004.1|	100.000	1.58e-102	209	Brevoortia tyrannus	ray-finned fishes	Atlantic menhaden
df329af06c891700b6237dece3576fea	gi|3053320445|gb|PX070002.1|	100.000	1.58e-102	209	Brevoortia tyrannus	ray-finned fishes	Atlantic menhaden
df329af06c891700b6237dece3576fea	gi|3053320431|gb|PX070001.1|	100.000	1.58e-102	209	Brevoortia tyrannus	ray-finned fishes	Atlantic menhaden
df329af06c891700b6237dece3576fea	gi|2579851516|gb|OR577203.1|	100.000	1.58e-102	209	Brevoortia patronus	ray-finned fishes	Gulf menhaden
df329af06c891700b6237dece3576fea	gi|2282237323|gb|OP154163.1|	100.000	1.58e-102	209	Brevoortia patronus	ray-finned fishes	Gulf menhaden
c103c7aa9f99e9cf27a332c714b9b780	gi|2692953615|ref|NC_086796.1|	99.020	2.00e-96	204	Zoarces americanus	ray-finned fishes	ocean pout
c103c7aa9f99e9cf27a332c714b9b780	gi|3139203650|gb|PX719005.1|	99.020	2.00e-96	204	Zoarces americanus	ray-finned fishes	ocean pout
c103c7aa9f99e9cf27a332c714b9b780	gi|3139210563|gb|PX740847.1|	98.529	9.31e-95	204	Zoarces americanus	ray-finned fishes	ocean pout
c103c7aa9f99e9cf27a332c714b9b780	gi|2724829064|ref|NC_088490.1|	98.039	4.33e-93	204	Zoarces viviparus	ray-finned fishes	viviparous blenny
c103c7aa9f99e9cf27a332c714b9b780	gi|1788585388|gb|MN883214.1|	98.980	5.60e-92	196	Zoarces americanus	ray-finned fishes	ocean pout
2465da5ffca8378c080febb5144ffe1c	gi|1321369517|dbj|AP006029.1|	97.436	1.95e-06	39	Schindleria praematura	ray-finned fishes	Schindler's fish
2465da5ffca8378c080febb5144ffe1c	gi|1131300794|gb|KX381500.1|	97.436	1.95e-06	39	Coendou melanurus	rodents	Coendou melanurus
2465da5ffca8378c080febb5144ffe1c	gi|2373974889|gb|OP035223.1|	93.478	1.95e-06	46	Onuxodon fowleri	ray-finned fishes	Onuxodon fowleri
2465da5ffca8378c080febb5144ffe1c	gi|1009080598|gb|KU681351.1|	93.478	1.95e-06	46	Onuxodon fowleri	ray-finned fishes	Onuxodon fowleri
2465da5ffca8378c080febb5144ffe1c	gi|429536700|gb|KC136518.1|	93.478	1.95e-06	46	Girella fimbriata	ray-finned fishes	caramel drummer
65057fb4ac5c9e5e13a877a90af2107c	gi|1799624491|gb|MN122853.1|	100.000	2.58e-100	205	Scomber scombrus	ray-finned fishes	Atlantic mackerel
65057fb4ac5c9e5e13a877a90af2107c	gi|2626245879|emb|OY829942.1|	100.000	2.58e-100	205	Scomber scombrus	ray-finned fishes	Atlantic mackerel
65057fb4ac5c9e5e13a877a90af2107c	gi|2018537119|gb|MW818280.1|	100.000	2.58e-100	205	Scomber scombrus	ray-finned fishes	Atlantic mackerel
65057fb4ac5c9e5e13a877a90af2107c	gi|2018537108|gb|MW818269.1|	100.000	2.58e-100	205	Scomber scombrus	ray-finned fishes	Atlantic mackerel
65057fb4ac5c9e5e13a877a90af2107c	gi|55376093|ref|NC_006398.1|	100.000	2.58e-100	205	Scomber scombrus	ray-finned fishes	Atlantic mackerel
7f4db1afba99f5ef04baa4490d8fab62	gi|2994737912|gb|PV656772.1|	99.515	3.36e-99	206	Melanogrammus aeglefinus	ray-finned fishes	haddock
7f4db1afba99f5ef04baa4490d8fab62	gi|2994737898|gb|PV656771.1|	99.515	3.36e-99	206	Melanogrammus aeglefinus	ray-finned fishes	haddock
7f4db1afba99f5ef04baa4490d8fab62	gi|2994737884|gb|PV656770.1|	99.515	3.36e-99	206	Melanogrammus aeglefinus	ray-finned fishes	haddock
7f4db1afba99f5ef04baa4490d8fab62	gi|124377065|emb|AM489717.1|	99.515	3.36e-99	206	Melanogrammus aeglefinus	ray-finned fishes	haddock
7f4db1afba99f5ef04baa4490d8fab62	gi|94481723|gb|DQ356942.1|	99.515	3.36e-99	206	Melanogrammus aeglefinus	ray-finned fishes	haddock
29f72f4233478755870bff0e54eb73d4	gi|426260563|gb|KC193773.1|	100.000	5.65e-102	208	Clupea harengus	ray-finned fishes	Atlantic herring
29f72f4233478755870bff0e54eb73d4	gi|426259961|gb|KC193730.1|	100.000	5.65e-102	208	Clupea harengus	ray-finned fishes	Atlantic herring
29f72f4233478755870bff0e54eb73d4	gi|3053320641|gb|PX070016.1|	99.519	2.63e-100	208	Clupea harengus	ray-finned fishes	Atlantic herring
29f72f4233478755870bff0e54eb73d4	gi|1799624616|gb|MN122931.1|	99.519	2.63e-100	208	Clupea harengus	ray-finned fishes	Atlantic herring
29f72f4233478755870bff0e54eb73d4	gi|1517391475|gb|MH194498.2|	99.519	2.63e-100	208	Clupea harengus	ray-finned fishes	Atlantic herring
ced9dd196553173c277b583e68c0e084	gi|1799624477|gb|MN122852.1|	100.000	2.58e-100	205	Gadus morhua	ray-finned fishes	Atlantic cod
ced9dd196553173c277b583e68c0e084	gi|1783586359|gb|MH035595.1|	100.000	2.58e-100	205	Gadus chalcogrammus	ray-finned fishes	walleye pollock
ced9dd196553173c277b583e68c0e084	gi|1783586345|gb|MH035594.1|	100.000	2.58e-100	205	Gadus chalcogrammus	ray-finned fishes	walleye pollock
ced9dd196553173c277b583e68c0e084	gi|1593084251|emb|LS999407.1|	100.000	2.58e-100	205	Gadus morhua	ray-finned fishes	Atlantic cod
ced9dd196553173c277b583e68c0e084	gi|1593084237|emb|LS999106.1|	100.000	2.58e-100	205	Gadus morhua	ray-finned fishes	Atlantic cod
5d4864b9cf7a4a66b2019bb8f2b7ff77	gi|2994718560|gb|PV651716.1|	99.078	1.28e-103	217	Leucoraja erinaceus	sharks & rays	little skate
5d4864b9cf7a4a66b2019bb8f2b7ff77	gi|2994718546|gb|PV651715.1|	99.078	1.28e-103	217	Leucoraja erinaceus	sharks & rays	little skate
5d4864b9cf7a4a66b2019bb8f2b7ff77	gi|359422108|ref|NC_016429.1|	99.078	1.28e-103	217	Leucoraja erinaceus	sharks & rays	little skate
5d4864b9cf7a4a66b2019bb8f2b7ff77	gi|3139220381|gb|PX754809.1|	99.078	1.28e-103	217	Leucoraja erinaceus	sharks & rays	little skate
5d4864b9cf7a4a66b2019bb8f2b7ff77	gi|3157076766|gb|PX940008.1|	98.618	5.95e-102	217	Leucoraja ocellata	sharks & rays	winter skate
deec69cc156fb5ef838e28c560157fff	gi|1829764069|ref|NC_046684.1|	98.618	5.95e-102	217	Dipturus batis	sharks & rays	blue skate
deec69cc156fb5ef838e28c560157fff	gi|586598295|gb|KF962934.1|	98.618	5.95e-102	217	Dipturus argentinensis	sharks & rays	Argentine skate
deec69cc156fb5ef838e28c560157fff	gi|1394333080|gb|MF278981.1|	98.618	5.95e-102	217	Dipturus innominatus	sharks & rays	Dipturus innominatus
deec69cc156fb5ef838e28c560157fff	gi|1394332884|gb|MF278967.1|	98.618	5.95e-102	217	Zearaja maugeana	sharks & rays	Port Davey skate
deec69cc156fb5ef838e28c560157fff	gi|1418585864|ref|NC_037966.1|	98.618	5.95e-102	217	Zearaja maugeana	sharks & rays	Port Davey skate
8fcee3bf1e28d2979564f07d9e821844	gi|3057000066|gb|PX272339.1|	99.517	9.40e-100	207	Homo sapiens	primates	human
8fcee3bf1e28d2979564f07d9e821844	gi|2956673962|gb|PV521805.1|	99.517	9.40e-100	207	Homo sapiens	primates	human
8fcee3bf1e28d2979564f07d9e821844	gi|3065318004|gb|PX402893.1|	99.517	9.40e-100	207	Homo sapiens	primates	human
8fcee3bf1e28d2979564f07d9e821844	gi|3065317990|gb|PX402892.1|	99.517	9.40e-100	207	Homo sapiens	primates	human
8fcee3bf1e28d2979564f07d9e821844	gi|3065317976|gb|PX402891.1|	99.517	9.40e-100	207	Homo sapiens	primates	human
ce56a6bd36e2c21df72cdb210b69fa9c	gi|322422606|ref|NC_015094.1|	100.000	7.23e-101	206	Pollachius virens	ray-finned fishes	saithe
ce56a6bd36e2c21df72cdb210b69fa9c	gi|94481762|gb|DQ356945.1|	100.000	7.23e-101	206	Pollachius virens	ray-finned fishes	saithe
ce56a6bd36e2c21df72cdb210b69fa9c	gi|2500156171|emb|OX465144.1|	99.515	3.36e-99	206	Pollachius pollachius	ray-finned fishes	pollack
ce56a6bd36e2c21df72cdb210b69fa9c	gi|2018537086|gb|MW818247.1|	99.515	3.36e-99	206	Pollachius pollachius	ray-finned fishes	pollack
ce56a6bd36e2c21df72cdb210b69fa9c	gi|2018537074|gb|MW818235.1|	99.515	3.36e-99	206	Pollachius pollachius	ray-finned fishes	pollack
ac53263dcd3854cd144f96d7580b65bf	gi|586946454|gb|KF991387.1|	99.083	3.57e-104	218	Cetorhinus maximus	sharks & rays	Cetorhinus maximus
ac53263dcd3854cd144f96d7580b65bf	gi|2750968131|emb|OZ077486.1|	99.083	3.57e-104	218	Cetorhinus maximus	sharks & rays	Cetorhinus maximus
ac53263dcd3854cd144f96d7580b65bf	gi|2576858446|gb|OR546235.1|	99.083	3.57e-104	218	Cetorhinus maximus	sharks & rays	Cetorhinus maximus
ac53263dcd3854cd144f96d7580b65bf	gi|700275310|gb|KM096989.1|	99.083	3.57e-104	218	Cetorhinus maximus	sharks & rays	Cetorhinus maximus
ac53263dcd3854cd144f96d7580b65bf	gi|700275282|gb|KM096987.1|	99.083	3.57e-104	218	Cetorhinus maximus	sharks & rays	Cetorhinus maximus
4315c980a88d4a4a1df4c6c3a8d8e871	gi|2018537049|gb|MW818210.1|	100.000	5.65e-102	208	Clupea harengus	ray-finned fishes	Atlantic herring
4315c980a88d4a4a1df4c6c3a8d8e871	gi|426260451|gb|KC193765.1|	100.000	5.65e-102	208	Clupea harengus	ray-finned fishes	Atlantic herring
4315c980a88d4a4a1df4c6c3a8d8e871	gi|426260367|gb|KC193759.1|	100.000	5.65e-102	208	Clupea harengus	ray-finned fishes	Atlantic herring
4315c980a88d4a4a1df4c6c3a8d8e871	gi|426260199|gb|KC193747.1|	100.000	5.65e-102	208	Clupea harengus	ray-finned fishes	Atlantic herring
4315c980a88d4a4a1df4c6c3a8d8e871	gi|426260059|gb|KC193737.1|	100.000	5.65e-102	208	Clupea harengus	ray-finned fishes	Atlantic herring
13e6d454d73afb52be78c9c541fae9a5	gi|2571476436|gb|OR499725.1|	99.515	1.20e-98	206	Merluccius bilinearis	ray-finned fishes	silver hake
13e6d454d73afb52be78c9c541fae9a5	gi|3211598001|gb|PZ091031.1|	99.515	1.20e-98	206	Merluccius bilinearis	ray-finned fishes	silver hake
13e6d454d73afb52be78c9c541fae9a5	gi|3211597805|gb|PZ091017.1|	99.515	1.20e-98	206	Merluccius bilinearis	ray-finned fishes	silver hake
13e6d454d73afb52be78c9c541fae9a5	gi|3053320529|gb|PX070008.1|	99.029	5.59e-97	206	Merluccius bilinearis	ray-finned fishes	silver hake
13e6d454d73afb52be78c9c541fae9a5	gi|3211597665|gb|PZ091007.1|	99.029	5.59e-97	206	Merluccius bilinearis	ray-finned fishes	silver hake
cd711e8195cd5f84805b97c13d2086eb	gi|3053320641|gb|PX070016.1|	99.519	2.63e-100	208	Clupea harengus	ray-finned fishes	Atlantic herring
cd711e8195cd5f84805b97c13d2086eb	gi|1799624616|gb|MN122931.1|	99.519	2.63e-100	208	Clupea harengus	ray-finned fishes	Atlantic herring
cd711e8195cd5f84805b97c13d2086eb	gi|1517391475|gb|MH194498.2|	99.519	2.63e-100	208	Clupea harengus	ray-finned fishes	Atlantic herring
cd711e8195cd5f84805b97c13d2086eb	gi|2018537065|gb|MW818226.1|	99.519	2.63e-100	208	Clupea harengus	ray-finned fishes	Atlantic herring
cd711e8195cd5f84805b97c13d2086eb	gi|2018537050|gb|MW818211.1|	99.519	2.63e-100	208	Clupea harengus	ray-finned fishes	Atlantic herring
812addab6ea50bab8d510924eb8641e9	gi|2580315891|gb|OR581005.1|	100.000	2.02e-101	207	Paralepididae sp.	ray-finned fishes	Paralepididae sp.
812addab6ea50bab8d510924eb8641e9	gi|2580315171|gb|OR582681.1|	100.000	2.02e-101	207	Paralepididae sp.	ray-finned fishes	Paralepididae sp.
812addab6ea50bab8d510924eb8641e9	gi|3211598071|gb|PZ091036.1|	100.000	2.02e-101	207	Arctozenus risso	ray-finned fishes	ribbon barracudina
812addab6ea50bab8d510924eb8641e9	gi|3211598043|gb|PZ091034.1|	100.000	2.02e-101	207	Arctozenus risso	ray-finned fishes	ribbon barracudina
812addab6ea50bab8d510924eb8641e9	gi|3211597917|gb|PZ091025.1|	100.000	2.02e-101	207	Arctozenus risso	ray-finned fishes	ribbon barracudina
5d49a4c550f437dd95335f478ecd91ab	gi|2994737870|gb|PV656769.1|	99.517	9.40e-100	207	Urophycis chuss	ray-finned fishes	red hake
5d49a4c550f437dd95335f478ecd91ab	gi|2580283387|gb|OP057106.2|	99.517	9.40e-100	207	Urophycis chuss	ray-finned fishes	red hake
5d49a4c550f437dd95335f478ecd91ab	gi|1825511901|gb|MT103927.1|	94.737	4.47e-83	209	Urophycis tenuis	ray-finned fishes	white hake
5d49a4c550f437dd95335f478ecd91ab	gi|2557040012|gb|OR380059.1|	100.000	2.08e-81	171	Urophycis chuss	ray-finned fishes	red hake
5d49a4c550f437dd95335f478ecd91ab	gi|3178764840|emb|OZ408611.1|	94.231	2.08e-81	208	Phycis phycis	ray-finned fishes	Phycis phycis
43920d526a0b0f8019eece3c916ee46d	gi|2571476436|gb|OR499725.1|	99.515	3.36e-99	206	Merluccius bilinearis	ray-finned fishes	silver hake
43920d526a0b0f8019eece3c916ee46d	gi|3211598001|gb|PZ091031.1|	99.515	3.36e-99	206	Merluccius bilinearis	ray-finned fishes	silver hake
43920d526a0b0f8019eece3c916ee46d	gi|3211597805|gb|PZ091017.1|	99.515	3.36e-99	206	Merluccius bilinearis	ray-finned fishes	silver hake
43920d526a0b0f8019eece3c916ee46d	gi|3053320529|gb|PX070008.1|	99.029	1.56e-97	206	Merluccius bilinearis	ray-finned fishes	silver hake
43920d526a0b0f8019eece3c916ee46d	gi|3211597665|gb|PZ091007.1|	99.029	5.63e-97	206	Merluccius bilinearis	ray-finned fishes	silver hake
26aea843a87bd8a3ebc2ae35df85dbf9	gi|2571476436|gb|OR499725.1|	99.515	3.36e-99	206	Merluccius bilinearis	ray-finned fishes	silver hake
26aea843a87bd8a3ebc2ae35df85dbf9	gi|3211598001|gb|PZ091031.1|	99.515	3.36e-99	206	Merluccius bilinearis	ray-finned fishes	silver hake
26aea843a87bd8a3ebc2ae35df85dbf9	gi|3211597805|gb|PZ091017.1|	99.515	3.36e-99	206	Merluccius bilinearis	ray-finned fishes	silver hake
26aea843a87bd8a3ebc2ae35df85dbf9	gi|3053320529|gb|PX070008.1|	99.029	1.56e-97	206	Merluccius bilinearis	ray-finned fishes	silver hake
26aea843a87bd8a3ebc2ae35df85dbf9	gi|3211597665|gb|PZ091007.1|	99.029	5.63e-97	206	Merluccius bilinearis	ray-finned fishes	silver hake
4cb7fe7c7ee787091fa0633e86280110	gi|2949214765|gb|PV276249.1|	100.000	7.23e-101	206	Tautogolabrus adspersus	ray-finned fishes	cunner
4cb7fe7c7ee787091fa0633e86280110	gi|2095925523|gb|OK172578.1|	100.000	7.23e-101	206	Tautogolabrus adspersus	ray-finned fishes	cunner
4cb7fe7c7ee787091fa0633e86280110	gi|2030285394|gb|MW630161.1|	100.000	7.23e-101	206	Tautogolabrus adspersus	ray-finned fishes	cunner
4cb7fe7c7ee787091fa0633e86280110	gi|3157077158|gb|PX940036.1|	100.000	7.23e-101	206	Tautogolabrus adspersus	ray-finned fishes	cunner
4cb7fe7c7ee787091fa0633e86280110	gi|33569528|gb|AY279649.1|	100.000	7.23e-101	206	Tautogolabrus adspersus	ray-finned fishes	cunner
08982ce76fbca460d152844481c6526e	gi|1802566577|gb|MN714194.1|	99.510	4.30e-98	204	Bos taurus	even-toed ungulates & whales	domestic cattle
08982ce76fbca460d152844481c6526e	gi|1802566563|gb|MN714193.1|	99.510	4.30e-98	204	Bos taurus	even-toed ungulates & whales	domestic cattle
08982ce76fbca460d152844481c6526e	gi|1802566521|gb|MN714190.1|	99.510	4.30e-98	204	Bos taurus	even-toed ungulates & whales	domestic cattle
08982ce76fbca460d152844481c6526e	gi|1802566437|gb|MN714184.1|	99.510	4.30e-98	204	Bos taurus	even-toed ungulates & whales	domestic cattle
08982ce76fbca460d152844481c6526e	gi|1802566423|gb|MN714183.1|	99.510	4.30e-98	204	Bos taurus	even-toed ungulates & whales	domestic cattle
724ecd6fea6eceed1eb08cb05ffbc8b8	gi|1798183348|emb|LR745847.1|	99.010	2.59e-95	202	Asterias rubens	starfish	European starfish
724ecd6fea6eceed1eb08cb05ffbc8b8	gi|2567033648|gb|OR473298.1|	94.554	2.64e-80	202	Asterias amurensis	starfish	Northern Pacific seastar
724ecd6fea6eceed1eb08cb05ffbc8b8	gi|2582205361|gb|CP134956.1|	94.554	2.64e-80	202	Asterias amurensis	starfish	Northern Pacific seastar
724ecd6fea6eceed1eb08cb05ffbc8b8	gi|2582205361|gb|CP134956.1|	95.588	3.72e-19	68	Asterias amurensis	starfish	Northern Pacific seastar
724ecd6fea6eceed1eb08cb05ffbc8b8	gi|2499155095|gb|OP747303.1|	94.554	2.64e-80	202	Asterias amurensis	starfish	Northern Pacific seastar
724ecd6fea6eceed1eb08cb05ffbc8b8	gi|2499155067|gb|OP747301.1|	94.554	2.64e-80	202	Asterias amurensis	starfish	Northern Pacific seastar
9b3f731b69907ff65070bdc30ee3eee1	gi|2580278162|gb|OP057031.2|	100.000	2.58e-100	205	Xiphias gladius	ray-finned fishes	swordfish
9b3f731b69907ff65070bdc30ee3eee1	gi|2309725946|gb|OP537859.1|	100.000	2.58e-100	205	Xiphias gladius	ray-finned fishes	swordfish
9b3f731b69907ff65070bdc30ee3eee1	gi|542132237|dbj|AP006036.1|	100.000	2.58e-100	205	Xiphias gladius	ray-finned fishes	swordfish
9b3f731b69907ff65070bdc30ee3eee1	gi|229918859|ref|NC_012677.1|	100.000	2.58e-100	205	Xiphias gladius	ray-finned fishes	swordfish
9b3f731b69907ff65070bdc30ee3eee1	gi|114148946|gb|DQ854646.1|	100.000	2.58e-100	205	Xiphias gladius	ray-finned fishes	swordfish
4ede3e468858c774486acb7debe83600	gi|1825511888|gb|MT103916.1|	100.000	2.58e-100	205	Myzopsetta ferruginea	ray-finned fishes	yellowtail flounder
4ede3e468858c774486acb7debe83600	gi|2745580202|gb|PP928767.1|	100.000	2.58e-100	205	Platichthys flesus	ray-finned fishes	European flounder
4ede3e468858c774486acb7debe83600	gi|2587926480|ref|NC_082783.1|	100.000	2.58e-100	205	Liopsetta glacialis	ray-finned fishes	Arctic flounder
4ede3e468858c774486acb7debe83600	gi|2577880658|ref|NC_082285.1|	100.000	2.58e-100	205	Platichthys stellatus x Verasper variegatus	ray-finned fishes	Platichthys stellatus x Verasper variegatus
4ede3e468858c774486acb7debe83600	gi|2524645126|ref|NC_080271.1|	100.000	2.58e-100	205	Platichthys stellatus x (Kareius bicoloratus x Platichthys stellatus)	ray-finned fishes	Platichthys stellatus x (Kareius bicoloratus x Platichthys stellatus)
211cd37d77fb87ff202b8c60a642b35a	gi|3053320585|gb|PX070012.1|	99.512	1.20e-98	205	Lophius americanus	ray-finned fishes	American anglerfish
211cd37d77fb87ff202b8c60a642b35a	gi|2569352339|gb|OR482505.1|	99.512	1.20e-98	205	Lophius americanus	ray-finned fishes	American anglerfish
211cd37d77fb87ff202b8c60a642b35a	gi|2569352297|gb|OR482502.1|	99.512	1.20e-98	205	Lophiidae sp.	ray-finned fishes	Lophiidae sp.
211cd37d77fb87ff202b8c60a642b35a	gi|2569352269|gb|OR482500.1|	99.512	1.20e-98	205	Lophius americanus	ray-finned fishes	American anglerfish
211cd37d77fb87ff202b8c60a642b35a	gi|2569351975|gb|OR482479.1|	99.512	1.20e-98	205	Lophius americanus	ray-finned fishes	American anglerfish
63afa9cb17d14bf5cb31afe4ad81b7bc	gi|1863136117|ref|NC_049151.1|	100.000	4.77e-08	39	Dentex hypselosomus	ray-finned fishes	Dentex hypselosomus
63afa9cb17d14bf5cb31afe4ad81b7bc	gi|1848841257|gb|MT180469.1|	100.000	4.77e-08	39	Podargus ocellatus	birds	Podargus ocellatus
63afa9cb17d14bf5cb31afe4ad81b7bc	gi|1848841244|gb|MT180468.1|	100.000	4.77e-08	39	Podargus ocellatus	birds	Podargus ocellatus
63afa9cb17d14bf5cb31afe4ad81b7bc	gi|1848841231|gb|MT180467.1|	100.000	4.77e-08	39	Podargus papuensis	birds	Podargus papuensis
63afa9cb17d14bf5cb31afe4ad81b7bc	gi|1848841218|gb|MT180466.1|	100.000	4.77e-08	39	Podargus strigoides	birds	tawny frogmouth
3a81eb933fe4da94449ecfaed3eb3bfb	gi|2952869385|gb|PV454015.1|	100.000	7.23e-101	206	Enchelyopus cimbrius	ray-finned fishes	fourbeard rockling
3a81eb933fe4da94449ecfaed3eb3bfb	gi|2329468151|gb|OP056913.1|	100.000	7.23e-101	206	Enchelyopus cimbrius	ray-finned fishes	fourbeard rockling
3a81eb933fe4da94449ecfaed3eb3bfb	gi|2018537178|gb|MW818339.1|	100.000	7.23e-101	206	Enchelyopus cimbrius	ray-finned fishes	fourbeard rockling
3a81eb933fe4da94449ecfaed3eb3bfb	gi|2891888077|gb|PP467849.1|	100.000	2.02e-96	198	Enchelyopus cimbrius	ray-finned fishes	fourbeard rockling
3a81eb933fe4da94449ecfaed3eb3bfb	gi|14485470|emb|AJ315623.1|	100.000	2.04e-91	189	Enchelyopus cimbrius	ray-finned fishes	fourbeard rockling
74f97916adee9ed233c837eb18faf72f	gi|2689257695|gb|OR813049.1|	99.078	1.28e-103	217	Amblyraja radiata	sharks & rays	thorny skate
74f97916adee9ed233c837eb18faf72f	gi|2689257681|gb|OR813048.1|	99.078	1.28e-103	217	Amblyraja radiata	sharks & rays	thorny skate
74f97916adee9ed233c837eb18faf72f	gi|2689257667|gb|OR813047.1|	99.078	1.28e-103	217	Amblyraja radiata	sharks & rays	thorny skate
74f97916adee9ed233c837eb18faf72f	gi|2689257653|gb|OR813046.1|	99.078	1.28e-103	217	Amblyraja radiata	sharks & rays	thorny skate
74f97916adee9ed233c837eb18faf72f	gi|2689257639|gb|OR813045.1|	99.078	1.28e-103	217	Amblyraja radiata	sharks & rays	thorny skate
091e774a5bb47b5b321b536272ca78c8	gi|2571476450|gb|OR499726.1|	100.000	7.23e-101	206	Merluccius albidus	ray-finned fishes	offshore hake
091e774a5bb47b5b321b536272ca78c8	gi|1788585394|gb|MN883216.1|	100.000	2.02e-96	198	Merluccius albidus	ray-finned fishes	offshore hake
091e774a5bb47b5b321b536272ca78c8	gi|1788585391|gb|MN883215.1|	100.000	2.02e-96	198	Merluccius albidus	ray-finned fishes	offshore hake
091e774a5bb47b5b321b536272ca78c8	gi|2715331780|ref|NC_088010.1|	96.602	1.23e-88	206	Merluccius hubbsi	ray-finned fishes	Argentine hake
091e774a5bb47b5b321b536272ca78c8	gi|2580316395|gb|OR575596.1|	96.117	1.59e-87	206	Merluccius angustimanus	ray-finned fishes	Panama hake
43f662b17451e5253958c0cb1eda1fe8	gi|2248499876|ref|NC_063523.1|	100.000	7.23e-101	206	Brosme brosme	ray-finned fishes	Brosme brosme
43f662b17451e5253958c0cb1eda1fe8	gi|2119746849|gb|MZ329990.1|	100.000	7.23e-101	206	Brosme brosme	ray-finned fishes	Brosme brosme
43f662b17451e5253958c0cb1eda1fe8	gi|14485460|emb|AJ315617.1|	99.471	9.48e-90	189	Brosme brosme	ray-finned fishes	Brosme brosme
43f662b17451e5253958c0cb1eda1fe8	gi|1919560125|ref|NC_050740.1|	95.652	7.38e-86	207	Molva dypterygia	ray-finned fishes	blue ling
43f662b17451e5253958c0cb1eda1fe8	gi|700587773|gb|KM201364.1|	95.146	3.43e-84	206	Lota lota	ray-finned fishes	burbot
950fc215a87aebed0c8e4054b7c5ebc1	gi|2192928254|ref|NC_060630.1|	100.000	2.58e-100	205	Anisarchus medius	ray-finned fishes	stout eelblenny
950fc215a87aebed0c8e4054b7c5ebc1	gi|2216790233|gb|MT627596.1|	99.512	1.20e-98	205	Askoldia variegata	ray-finned fishes	Askoldia variegata
950fc215a87aebed0c8e4054b7c5ebc1	gi|2228970367|ref|NC_062695.1|	99.512	1.20e-98	205	Askoldia variegata	ray-finned fishes	Askoldia variegata
950fc215a87aebed0c8e4054b7c5ebc1	gi|1825511880|gb|MT103910.1|	99.024	5.59e-97	205	Eumesogrammus praecisus	ray-finned fishes	fourline snakeblenny
950fc215a87aebed0c8e4054b7c5ebc1	gi|1812094577|ref|NC_045921.1|	99.024	5.59e-97	205	Opisthocentrus ocellatus	ray-finned fishes	Opisthocentrus ocellatus
090a736f172ffffcf824e8de68be2b17	gi|2571476436|gb|OR499725.1|	99.515	3.36e-99	206	Merluccius bilinearis	ray-finned fishes	silver hake
090a736f172ffffcf824e8de68be2b17	gi|3211598001|gb|PZ091031.1|	99.515	3.36e-99	206	Merluccius bilinearis	ray-finned fishes	silver hake
090a736f172ffffcf824e8de68be2b17	gi|3211597805|gb|PZ091017.1|	99.515	3.36e-99	206	Merluccius bilinearis	ray-finned fishes	silver hake
090a736f172ffffcf824e8de68be2b17	gi|3053320529|gb|PX070008.1|	99.029	1.56e-97	206	Merluccius bilinearis	ray-finned fishes	silver hake
090a736f172ffffcf824e8de68be2b17	gi|3211597665|gb|PZ091007.1|	99.029	5.63e-97	206	Merluccius bilinearis	ray-finned fishes	silver hake
f6ecb27868c826e099f3e0a20fccccfb	gi|2994737912|gb|PV656772.1|	99.515	3.36e-99	206	Melanogrammus aeglefinus	ray-finned fishes	haddock
f6ecb27868c826e099f3e0a20fccccfb	gi|2994737898|gb|PV656771.1|	99.515	3.36e-99	206	Melanogrammus aeglefinus	ray-finned fishes	haddock
f6ecb27868c826e099f3e0a20fccccfb	gi|2994737884|gb|PV656770.1|	99.515	3.36e-99	206	Melanogrammus aeglefinus	ray-finned fishes	haddock
f6ecb27868c826e099f3e0a20fccccfb	gi|124377065|emb|AM489717.1|	99.515	3.36e-99	206	Melanogrammus aeglefinus	ray-finned fishes	haddock
f6ecb27868c826e099f3e0a20fccccfb	gi|94481723|gb|DQ356942.1|	99.515	3.36e-99	206	Melanogrammus aeglefinus	ray-finned fishes	haddock
fe4026ce6f9bbc7f9712fae582246b29	gi|1825511897|gb|MT103924.1|	100.000	2.58e-100	205	Pseudopleuronectes americanus	ray-finned fishes	winter flounder
fe4026ce6f9bbc7f9712fae582246b29	gi|2987591699|gb|PV691863.1|	100.000	2.58e-100	205	Pseudopleuronectes americanus	ray-finned fishes	winter flounder
fe4026ce6f9bbc7f9712fae582246b29	gi|2987591643|gb|PV691859.1|	100.000	2.58e-100	205	Pseudopleuronectes americanus	ray-finned fishes	winter flounder
fe4026ce6f9bbc7f9712fae582246b29	gi|2579699234|ref|NC_082555.1|	100.000	2.58e-100	205	Pseudopleuronectes americanus	ray-finned fishes	winter flounder
fe4026ce6f9bbc7f9712fae582246b29	gi|3139203370|gb|PX718985.1|	100.000	2.58e-100	205	Pseudopleuronectes americanus	ray-finned fishes	winter flounder
ad625e01db35b71f8508f1c854c25e11	gi|2580315087|gb|OR582675.1|	98.537	2.62e-95	205	Nezumia sclerorhynchus	ray-finned fishes	roughtip grenadier
ad625e01db35b71f8508f1c854c25e11	gi|2582032130|gb|OR603896.1|	97.073	9.48e-90	205	Nezumia convergens	ray-finned fishes	Peruvian grenadier
ad625e01db35b71f8508f1c854c25e11	gi|3139171153|gb|PX560184.1|	97.073	9.48e-90	205	Nezumia convergens	ray-finned fishes	Peruvian grenadier
ad625e01db35b71f8508f1c854c25e11	gi|2580316518|gb|OR575605.1|	96.098	2.05e-86	205	Nezumia stelgidolepis	ray-finned fishes	California grenadier
ad625e01db35b71f8508f1c854c25e11	gi|2580315018|gb|OR582670.1|	96.098	2.05e-86	205	Nezumia stelgidolepis	ray-finned fishes	California grenadier
c4dd1861570d5db91530952a837a3208	gi|1825511880|gb|MT103910.1|	100.000	2.58e-100	205	Eumesogrammus praecisus	ray-finned fishes	fourline snakeblenny
c4dd1861570d5db91530952a837a3208	gi|1790179848|dbj|LC495485.1|	100.000	2.58e-100	205	Eumesogrammus praecisus	ray-finned fishes	fourline snakeblenny
c4dd1861570d5db91530952a837a3208	gi|1275605613|dbj|AP018419.1|	100.000	2.58e-100	205	Eumesogrammus praecisus	ray-finned fishes	fourline snakeblenny
c4dd1861570d5db91530952a837a3208	gi|3157076584|gb|PX939995.1|	100.000	2.58e-100	205	Ulvaria subbifurcata	ray-finned fishes	radiated shanny
c4dd1861570d5db91530952a837a3208	gi|2228970450|ref|NC_062697.1|	99.512	1.20e-98	205	Stichaeopsis nevelskoi	ray-finned fishes	Stichaeopsis nevelskoi
83d40dd3f92488be2cb23a0d31c1624e	gi|1798183348|emb|LR745847.1|	99.010	2.59e-95	202	Asterias rubens	starfish	European starfish
83d40dd3f92488be2cb23a0d31c1624e	gi|2567033648|gb|OR473298.1|	95.545	1.22e-83	202	Asterias amurensis	starfish	Northern Pacific seastar
83d40dd3f92488be2cb23a0d31c1624e	gi|2582205361|gb|CP134956.1|	95.545	1.22e-83	202	Asterias amurensis	starfish	Northern Pacific seastar
83d40dd3f92488be2cb23a0d31c1624e	gi|2582205361|gb|CP134956.1|	97.059	8.00e-21	68	Asterias amurensis	starfish	Northern Pacific seastar
83d40dd3f92488be2cb23a0d31c1624e	gi|2499155095|gb|OP747303.1|	95.545	1.22e-83	202	Asterias amurensis	starfish	Northern Pacific seastar
83d40dd3f92488be2cb23a0d31c1624e	gi|2499155067|gb|OP747301.1|	95.545	1.22e-83	202	Asterias amurensis	starfish	Northern Pacific seastar
f5b65194e344dc704d12939136da2fed	gi|1798174185|gb|MN122882.1|	99.512	1.20e-98	205	Cyclopterus lumpus	ray-finned fishes	lumpfish
f5b65194e344dc704d12939136da2fed	gi|2578658267|emb|OY735173.1|	99.512	1.20e-98	205	Cyclopterus lumpus	ray-finned fishes	lumpfish
f5b65194e344dc704d12939136da2fed	gi|2424877622|ref|NC_069208.1|	99.512	1.20e-98	205	Cyclopterus lumpus	ray-finned fishes	lumpfish
f5b65194e344dc704d12939136da2fed	gi|669175207|gb|KM057954.1|	99.512	1.20e-98	205	Cyclopterus lumpus	ray-finned fishes	lumpfish
f5b65194e344dc704d12939136da2fed	gi|669175195|gb|KM057942.1|	98.049	1.21e-93	205	Aptocyclus ventricosus	ray-finned fishes	smooth lumpsucker
2288b3542881439044a9aed3849e5bcc	gi|148922558|ref|NC_009578.1|	100.000	5.65e-102	208	Clupea pallasii	ray-finned fishes	Pacific herring
2288b3542881439044a9aed3849e5bcc	gi|3053320641|gb|PX070016.1|	99.519	2.63e-100	208	Clupea harengus	ray-finned fishes	Atlantic herring
2288b3542881439044a9aed3849e5bcc	gi|1799624616|gb|MN122931.1|	99.519	2.63e-100	208	Clupea harengus	ray-finned fishes	Atlantic herring
2288b3542881439044a9aed3849e5bcc	gi|2922399197|gb|PV221278.1|	99.519	2.63e-100	208	Clupea pallasii	ray-finned fishes	Pacific herring
2288b3542881439044a9aed3849e5bcc	gi|1517391475|gb|MH194498.2|	99.519	2.63e-100	208	Clupea harengus	ray-finned fishes	Atlantic herring
66c474d50fd0a6b0fc0ad5e077c211bf	gi|1790179376|dbj|LC493910.1|	99.510	4.30e-98	204	Sebastes mentella	ray-finned fishes	deepwater redfish
66c474d50fd0a6b0fc0ad5e077c211bf	gi|2882954847|gb|PQ858634.1|	99.510	4.30e-98	204	Sebastes mentella	ray-finned fishes	deepwater redfish
66c474d50fd0a6b0fc0ad5e077c211bf	gi|3042815862|gb|PX119169.1|	99.020	2.00e-96	204	Sebastes paucispinis	ray-finned fishes	bocaccio
66c474d50fd0a6b0fc0ad5e077c211bf	gi|3042815848|gb|PX119168.1|	99.020	2.00e-96	204	Sebastes paucispinis	ray-finned fishes	bocaccio
66c474d50fd0a6b0fc0ad5e077c211bf	gi|3042815806|gb|PX119165.1|	99.020	2.00e-96	204	Sebastes brevispinis	ray-finned fishes	silvergray rockfish
4e751421520a08497cd85677e8f362ed	gi|2591482356|ref|NC_083191.1|	94.444	4.32e-78	198	Poraniopsis inflata	starfish	Poraniopsis inflata
4e751421520a08497cd85677e8f362ed	gi|2843360756|gb|PQ424523.1|	90.148	1.23e-63	203	Glabraster antarctica	starfish	Glabraster antarctica
4e751421520a08497cd85677e8f362ed	gi|3064558713|gb|PX413461.1|	79.612	5.99e-27	206	Atheraster arandae	starfish	Atheraster arandae
4e751421520a08497cd85677e8f362ed	gi|224472386|gb|FJ171837.1|	78.365	1.30e-23	208	Ctenophoraster sp. Mar1	starfish	Ctenophoraster sp. Mar1
4e751421520a08497cd85677e8f362ed	gi|224472345|gb|FJ171796.1|	77.251	3.63e-19	211	Astropecten articulatus	starfish	Astropecten articulatus
7913be798bffbc435ac053ce512a5608	gi|3211598085|gb|PZ091037.1|	100.000	2.58e-100	205	Glyptocephalus cynoglossus	ray-finned fishes	witch
7913be798bffbc435ac053ce512a5608	gi|3211597819|gb|PZ091018.1|	100.000	2.58e-100	205	Glyptocephalus cynoglossus	ray-finned fishes	witch
7913be798bffbc435ac053ce512a5608	gi|2580316381|gb|OR575595.1|	99.512	1.20e-98	205	Glyptocephalus zachirus	ray-finned fishes	Rex sole
7913be798bffbc435ac053ce512a5608	gi|2571476590|gb|OR499736.1|	99.512	1.20e-98	205	Glyptocephalus zachirus	ray-finned fishes	Rex sole
7913be798bffbc435ac053ce512a5608	gi|1898137426|gb|MT410908.1|	99.512	1.20e-98	205	Glyptocephalus cynoglossus	ray-finned fishes	witch
6551dcdc104705f03ffadb140f6ff171	gi|3053320641|gb|PX070016.1|	99.519	2.63e-100	208	Clupea harengus	ray-finned fishes	Atlantic herring
6551dcdc104705f03ffadb140f6ff171	gi|1799624616|gb|MN122931.1|	99.519	2.63e-100	208	Clupea harengus	ray-finned fishes	Atlantic herring
6551dcdc104705f03ffadb140f6ff171	gi|1517391475|gb|MH194498.2|	99.519	2.63e-100	208	Clupea harengus	ray-finned fishes	Atlantic herring
6551dcdc104705f03ffadb140f6ff171	gi|2018537065|gb|MW818226.1|	99.519	2.63e-100	208	Clupea harengus	ray-finned fishes	Atlantic herring
6551dcdc104705f03ffadb140f6ff171	gi|2018537050|gb|MW818211.1|	99.519	2.63e-100	208	Clupea harengus	ray-finned fishes	Atlantic herring
9c9f0f4396350da1c8a72469a558e319	gi|3053320557|gb|PX070010.1|	99.512	1.20e-98	205	Hippoglossus hippoglossus	ray-finned fishes	Atlantic halibut
9c9f0f4396350da1c8a72469a558e319	gi|3053320515|gb|PX070007.1|	99.512	1.20e-98	205	Hippoglossus hippoglossus	ray-finned fishes	Atlantic halibut
9c9f0f4396350da1c8a72469a558e319	gi|2987591881|gb|PV691876.1|	99.512	1.20e-98	205	Hippoglossus hippoglossus	ray-finned fishes	Atlantic halibut
9c9f0f4396350da1c8a72469a558e319	gi|2987591867|gb|PV691875.1|	99.512	1.20e-98	205	Hippoglossus hippoglossus	ray-finned fishes	Atlantic halibut
9c9f0f4396350da1c8a72469a558e319	gi|2987591853|gb|PV691874.1|	99.512	1.20e-98	205	Hippoglossus hippoglossus	ray-finned fishes	Atlantic halibut
a2a944ad1633fd557ed1bafcb3209e00	gi|2663409612|emb|OZ004779.1|	99.515	3.36e-99	206	Phocoena phocoena	whales & dolphins	harbor porpoise
a2a944ad1633fd557ed1bafcb3209e00	gi|2227918468|gb|MT874476.1|	99.515	3.36e-99	206	Phocoena phocoena	whales & dolphins	harbor porpoise
a2a944ad1633fd557ed1bafcb3209e00	gi|38707464|ref|NC_005280.1|	99.515	3.36e-99	206	Phocoena phocoena	whales & dolphins	harbor porpoise
a2a944ad1633fd557ed1bafcb3209e00	gi|1278209018|gb|MF669494.1|	99.029	1.56e-97	206	Phocoena phocoena	whales & dolphins	harbor porpoise
a2a944ad1633fd557ed1bafcb3209e00	gi|1278209004|gb|MF669493.1|	99.029	1.56e-97	206	Phocoena phocoena	whales & dolphins	harbor porpoise
e241bbd246d57b584b445e7b2a2637e4	gi|261263585|gb|GQ288478.1|	95.812	3.46e-79	191	Gilbertaster anacanthus	starfish	Gilbertaster anacanthus
e241bbd246d57b584b445e7b2a2637e4	gi|261263592|gb|GQ288485.1|	93.627	1.61e-77	204	Gilbertaster caribaea	starfish	Gilbertaster caribaea
e241bbd246d57b584b445e7b2a2637e4	gi|3064558713|gb|PX413461.1|	89.216	5.91e-62	204	Atheraster arandae	starfish	Atheraster arandae
e241bbd246d57b584b445e7b2a2637e4	gi|2026153997|ref|NC_054228.1|	79.808	3.71e-29	208	Iconaster longimanus	starfish	Iconaster longimanus
e241bbd246d57b584b445e7b2a2637e4	gi|2843360756|gb|PQ424523.1|	78.846	2.89e-25	208	Glabraster antarctica	starfish	Glabraster antarctica
3621850293d0e66f1b7007a1ee00a638	gi|2882179697|gb|PQ858033.1|	97.143	0.001	35	Rana dalmatina	frogs & toads	agile frog
3621850293d0e66f1b7007a1ee00a638	gi|1642524534|ref|NC_042226.1|	97.143	0.001	35	Rana temporaria	frogs & toads	common frog
3621850293d0e66f1b7007a1ee00a638	gi|2869360573|gb|PQ758684.1|	97.143	0.001	35	Rana italica	frogs & toads	Rana italica
7ed80fa419369d39b448be980c532c32	gi|1825511900|gb|MT103926.1|	100.000	2.58e-100	205	Triglops murrayi	ray-finned fishes	moustache sculpin
7ed80fa419369d39b448be980c532c32	gi|1790179336|dbj|LC493907.1|	99.512	1.20e-98	205	Triglops murrayi	ray-finned fishes	moustache sculpin
7ed80fa419369d39b448be980c532c32	gi|2587926634|ref|NC_082794.1|	99.512	1.20e-98	205	Triglops forficatus	ray-finned fishes	scissortail sculpin
7ed80fa419369d39b448be980c532c32	gi|2587926915|ref|NC_082814.1|	98.049	1.21e-93	205	Triglops pingelii	ray-finned fishes	ribbed sculpin
7ed80fa419369d39b448be980c532c32	gi|1812094745|ref|NC_045927.1|	96.098	5.67e-87	205	Gymnocanthus tricuspis	ray-finned fishes	Arctic staghorn sculpin
c02a6cb4d7c5664596c74c651efbd231	gi|2452630836|ref|NC_071876.1|	99.567	4.94e-113	231	Ctenodiscus crispatus	starfish	Ctenodiscus crispatus
c02a6cb4d7c5664596c74c651efbd231	gi|2843360756|gb|PQ424523.1|	79.699	5.69e-13	133	Glabraster antarctica	starfish	Glabraster antarctica
c02a6cb4d7c5664596c74c651efbd231	gi|2647705888|gb|PP118494.1|	90.476	9.51e-11	63	Astroblepus sp.	ray-finned fishes	Astroblepus sp.
c02a6cb4d7c5664596c74c651efbd231	gi|2591482202|ref|NC_083180.1|	94.340	3.42e-10	53	Ophidion muraenolepis	ray-finned fishes	blackedge cusk
c02a6cb4d7c5664596c74c651efbd231	gi|2647705911|gb|PP118517.1|	88.889	4.43e-09	63	Astroblepus verai	ray-finned fishes	Astroblepus verai
03cf556e60ac851f448c5a6cc9e6bfbe	gi|1609530226|gb|MK266753.1|	85.714	2.55e-05	63	Sphaenorhynchus prasinus	frogs & toads	Sphaenorhynchus prasinus
03cf556e60ac851f448c5a6cc9e6bfbe	gi|1609530225|gb|MK266752.1|	85.714	2.55e-05	63	Sphaenorhynchus prasinus	frogs & toads	Sphaenorhynchus prasinus
03cf556e60ac851f448c5a6cc9e6bfbe	gi|1484645101|gb|MH004345.1|	85.714	2.55e-05	63	Sphaenorhynchus prasinus	frogs & toads	Sphaenorhynchus prasinus
03cf556e60ac851f448c5a6cc9e6bfbe	gi|62146628|emb|AJ628371.1|	82.895	2.55e-05	76	Caluromys philander	marsupials	bare-tailed woolly opossum
03cf556e60ac851f448c5a6cc9e6bfbe	gi|3084544444|emb|OZ345433.1|	100.000	9.19e-05	33	Sarpa salpa	ray-finned fishes	Sarpa salpa
cb530cd342b85c65da4b2d7e6b05c918	gi|2714808902|gb|PP620836.1|	99.083	3.57e-104	218	Petromyzon marinus	lampreys	sea lamprey
cb530cd342b85c65da4b2d7e6b05c918	gi|2048073018|gb|MW856857.1|	99.083	3.57e-104	218	Petromyzon marinus	lampreys	sea lamprey
cb530cd342b85c65da4b2d7e6b05c918	gi|5835065|ref|NC_001626.1|	99.083	3.57e-104	218	Petromyzon marinus	lampreys	sea lamprey
cb530cd342b85c65da4b2d7e6b05c918	gi|3038619471|ref|XR_012932469.1|	98.624	1.66e-102	218	Petromyzon marinus	lampreys	sea lamprey
cb530cd342b85c65da4b2d7e6b05c918	gi|3064795859|dbj|LC875829.1|	96.330	1.30e-93	218	Lethenteron hattai	lampreys	southern Japanese brook lamprey
6a53a414c77d229b619e12837dcfc88a	gi|2571476436|gb|OR499725.1|	99.515	3.36e-99	206	Merluccius bilinearis	ray-finned fishes	silver hake
6a53a414c77d229b619e12837dcfc88a	gi|3211598001|gb|PZ091031.1|	99.515	3.36e-99	206	Merluccius bilinearis	ray-finned fishes	silver hake
6a53a414c77d229b619e12837dcfc88a	gi|3211597805|gb|PZ091017.1|	99.515	3.36e-99	206	Merluccius bilinearis	ray-finned fishes	silver hake
6a53a414c77d229b619e12837dcfc88a	gi|3053320529|gb|PX070008.1|	99.029	1.56e-97	206	Merluccius bilinearis	ray-finned fishes	silver hake
6a53a414c77d229b619e12837dcfc88a	gi|3211597665|gb|PZ091007.1|	99.029	5.63e-97	206	Merluccius bilinearis	ray-finned fishes	silver hake
a60b41306ebb5c864dad41cb47403b55	gi|1786483301|gb|MK118167.1|	100.000	7.23e-101	206	Oneirodes bradburyae	ray-finned fishes	Oneirodes bradburyae
a60b41306ebb5c864dad41cb47403b55	gi|289183105|ref|NC_013871.1|	97.573	5.67e-92	206	Oneirodes thompsoni	ray-finned fishes	Oneirodes thompsoni
a60b41306ebb5c864dad41cb47403b55	gi|985563177|dbj|LC091860.1|	100.000	7.44e-81	170	Oneirodes macrosteus	ray-finned fishes	Oneirodes macrosteus
a60b41306ebb5c864dad41cb47403b55	gi|1918447672|dbj|LC579074.1|	100.000	7.44e-81	170	Oneirodes macrosteus	ray-finned fishes	Oneirodes macrosteus
a60b41306ebb5c864dad41cb47403b55	gi|2580283205|gb|OP057067.2|	94.175	2.67e-80	206	Chaenophryne longiceps	ray-finned fishes	can-opener smoothdream
88d0ce83d4a0bf9755eaa5b3c48c9222	gi|2204333760|dbj|AP012975.1|	100.000	2.58e-100	205	Chiasmodon harteli	ray-finned fishes	Chiasmodon harteli
88d0ce83d4a0bf9755eaa5b3c48c9222	gi|3139206717|gb|PX740317.1|	99.512	1.20e-98	205	Chiasmodon niger	ray-finned fishes	black swallower
88d0ce83d4a0bf9755eaa5b3c48c9222	gi|2580278260|gb|OP057044.2|	96.098	5.67e-87	205	Chiasmodon sp.	ray-finned fishes	Chiasmodon sp.
88d0ce83d4a0bf9755eaa5b3c48c9222	gi|2373975057|gb|OP035323.1|	96.098	5.67e-87	205	Chiasmodon subniger	ray-finned fishes	swarthy snaketooth
88d0ce83d4a0bf9755eaa5b3c48c9222	gi|2431513731|ref|NC_070071.1|	96.098	5.67e-87	205	Chiasmodon niger	ray-finned fishes	black swallower
88707126e577f670f6f3405a617e1947	gi|985566975|dbj|LC091642.1|	100.000	1.22e-78	166	Cyclothone microdon	ray-finned fishes	veiled anglemouth
88707126e577f670f6f3405a617e1947	gi|2333440936|gb|OP863133.1|	100.000	1.22e-78	166	Cyclothone microdon	ray-finned fishes	veiled anglemouth
88707126e577f670f6f3405a617e1947	gi|2647786640|dbj|LC794224.1|	91.954	3.50e-59	174	Cyclothone pseudopallida	ray-finned fishes	slender bristlemouth
88707126e577f670f6f3405a617e1947	gi|1096114368|dbj|LC193334.1|	92.073	2.72e-55	164	Cyclothone pseudopallida	ray-finned fishes	slender bristlemouth
88707126e577f670f6f3405a617e1947	gi|2647786639|dbj|LC794223.1|	86.765	1.27e-53	204	Cyclothone atraria	ray-finned fishes	deep-water bristlemouth
19719cd40aa5b9c8637341043a07378e	gi|2987591825|gb|PV691872.1|	99.512	1.20e-98	205	Citharichthys arctifrons	ray-finned fishes	Gulf Stream flounder
19719cd40aa5b9c8637341043a07378e	gi|2987591727|gb|PV691865.1|	99.512	1.20e-98	205	Citharichthys arctifrons	ray-finned fishes	Gulf Stream flounder
19719cd40aa5b9c8637341043a07378e	gi|3157076626|gb|PX939998.1|	99.512	1.20e-98	205	Citharichthys arctifrons	ray-finned fishes	Gulf Stream flounder
19719cd40aa5b9c8637341043a07378e	gi|2587933576|ref|NC_083038.1|	99.024	5.59e-97	205	Citharichthys arctifrons	ray-finned fishes	Gulf Stream flounder
19719cd40aa5b9c8637341043a07378e	gi|1788585354|gb|MN883203.1|	99.492	3.37e-94	197	Citharichthys arctifrons	ray-finned fishes	Gulf Stream flounder
c683b4dddc01acf6a375bc74c1c05db8	gi|1799624477|gb|MN122852.1|	99.515	1.21e-98	206	Gadus morhua	ray-finned fishes	Atlantic cod
c683b4dddc01acf6a375bc74c1c05db8	gi|1783586359|gb|MH035595.1|	99.515	1.21e-98	206	Gadus chalcogrammus	ray-finned fishes	walleye pollock
c683b4dddc01acf6a375bc74c1c05db8	gi|1783586345|gb|MH035594.1|	99.515	1.21e-98	206	Gadus chalcogrammus	ray-finned fishes	walleye pollock
c683b4dddc01acf6a375bc74c1c05db8	gi|1593084251|emb|LS999407.1|	99.515	1.21e-98	206	Gadus morhua	ray-finned fishes	Atlantic cod
c683b4dddc01acf6a375bc74c1c05db8	gi|1593084237|emb|LS999106.1|	99.515	1.21e-98	206	Gadus morhua	ray-finned fishes	Atlantic cod
ade57fb60abd8860bae9492660138bfe	gi|1898139670|gb|MT410869.1|	100.000	9.24e-100	204	Thunnus thynnus	ray-finned fishes	Atlantic bluefin tuna
ade57fb60abd8860bae9492660138bfe	gi|3139210549|gb|PX740846.1|	100.000	9.24e-100	204	Thunnus thynnus	ray-finned fishes	Atlantic bluefin tuna
ade57fb60abd8860bae9492660138bfe	gi|336327049|gb|JN086149.1|	100.000	9.24e-100	204	Thunnus thynnus	ray-finned fishes	Atlantic bluefin tuna
ade57fb60abd8860bae9492660138bfe	gi|295065594|ref|NC_014052.1|	100.000	9.24e-100	204	Thunnus thynnus	ray-finned fishes	Atlantic bluefin tuna
ade57fb60abd8860bae9492660138bfe	gi|41323761|gb|AY507951.1|	100.000	9.24e-100	204	Thunnus thynnus thynnus	ray-finned fishes	Thunnus thynnus thynnus
14d00dc593c183761324ae6567acaa70	gi|2452630836|ref|NC_071876.1|	99.134	2.30e-111	231	Ctenodiscus crispatus	starfish	Ctenodiscus crispatus
14d00dc593c183761324ae6567acaa70	gi|2843360756|gb|PQ424523.1|	79.699	5.69e-13	133	Glabraster antarctica	starfish	Glabraster antarctica
14d00dc593c183761324ae6567acaa70	gi|2647705888|gb|PP118494.1|	96.000	9.51e-11	50	Astroblepus sp.	ray-finned fishes	Astroblepus sp.
14d00dc593c183761324ae6567acaa70	gi|2591482202|ref|NC_083180.1|	94.340	3.42e-10	53	Ophidion muraenolepis	ray-finned fishes	blackedge cusk
14d00dc593c183761324ae6567acaa70	gi|2647705911|gb|PP118517.1|	94.000	4.43e-09	50	Astroblepus verai	ray-finned fishes	Astroblepus verai
52bac44128201cffe274ab99e9c31961	gi|3053320529|gb|PX070008.1|	100.000	7.23e-101	206	Merluccius bilinearis	ray-finned fishes	silver hake
52bac44128201cffe274ab99e9c31961	gi|2571476436|gb|OR499725.1|	99.515	3.36e-99	206	Merluccius bilinearis	ray-finned fishes	silver hake
52bac44128201cffe274ab99e9c31961	gi|3211598001|gb|PZ091031.1|	99.515	3.36e-99	206	Merluccius bilinearis	ray-finned fishes	silver hake
52bac44128201cffe274ab99e9c31961	gi|3211597805|gb|PZ091017.1|	99.515	3.36e-99	206	Merluccius bilinearis	ray-finned fishes	silver hake
52bac44128201cffe274ab99e9c31961	gi|3211597665|gb|PZ091007.1|	99.029	5.63e-97	206	Merluccius bilinearis	ray-finned fishes	silver hake
106d02bf39b25fe53ab3da58ed951a52	gi|2987591825|gb|PV691872.1|	100.000	2.58e-100	205	Citharichthys arctifrons	ray-finned fishes	Gulf Stream flounder
106d02bf39b25fe53ab3da58ed951a52	gi|2987591727|gb|PV691865.1|	100.000	2.58e-100	205	Citharichthys arctifrons	ray-finned fishes	Gulf Stream flounder
106d02bf39b25fe53ab3da58ed951a52	gi|3157076626|gb|PX939998.1|	100.000	2.58e-100	205	Citharichthys arctifrons	ray-finned fishes	Gulf Stream flounder
106d02bf39b25fe53ab3da58ed951a52	gi|2587933576|ref|NC_083038.1|	99.512	1.20e-98	205	Citharichthys arctifrons	ray-finned fishes	Gulf Stream flounder
106d02bf39b25fe53ab3da58ed951a52	gi|1788585354|gb|MN883203.1|	100.000	7.24e-96	197	Citharichthys arctifrons	ray-finned fishes	Gulf Stream flounder
ef478bb695fc2118d9079ab337153b05	gi|2812967780|gb|PQ284207.1|	100.000	7.23e-101	206	Salmo salar	ray-finned fishes	Atlantic salmon
ef478bb695fc2118d9079ab337153b05	gi|378554491|gb|JQ390055.1|	100.000	7.23e-101	206	Salmo salar	ray-finned fishes	Atlantic salmon
ef478bb695fc2118d9079ab337153b05	gi|2812967668|gb|PQ284199.1|	98.544	7.28e-96	206	Salmo salar	ray-finned fishes	Atlantic salmon
ef478bb695fc2118d9079ab337153b05	gi|2812967640|gb|PQ284197.1|	98.544	7.28e-96	206	Salmo salar	ray-finned fishes	Atlantic salmon
ef478bb695fc2118d9079ab337153b05	gi|2812967626|gb|PQ284196.1|	98.544	7.28e-96	206	Salmo salar	ray-finned fishes	Atlantic salmon
bf27599b72dae5999c1d04ff7bb7aa7e	gi|1790179280|dbj|LC493903.1|	100.000	2.58e-100	205	Anarhichas denticulatus	ray-finned fishes	northern wolffish
bf27599b72dae5999c1d04ff7bb7aa7e	gi|1790179266|dbj|LC493902.1|	100.000	2.58e-100	205	Anarhichas lupus	ray-finned fishes	Atlantic wolffish
bf27599b72dae5999c1d04ff7bb7aa7e	gi|1084353640|gb|KX118041.1|	100.000	2.58e-100	205	Anarhichas denticulatus	ray-finned fishes	northern wolffish
bf27599b72dae5999c1d04ff7bb7aa7e	gi|1084353626|gb|KX118040.1|	100.000	2.58e-100	205	Anarhichas denticulatus	ray-finned fishes	northern wolffish
bf27599b72dae5999c1d04ff7bb7aa7e	gi|1084353612|gb|KX118039.1|	100.000	2.58e-100	205	Anarhichas denticulatus	ray-finned fishes	northern wolffish
07eebcc8f9775fa378277c7ce4b421d1	gi|985566975|dbj|LC091642.1|	99.398	5.69e-77	166	Cyclothone microdon	ray-finned fishes	veiled anglemouth
07eebcc8f9775fa378277c7ce4b421d1	gi|2333440936|gb|OP863133.1|	99.398	5.69e-77	166	Cyclothone microdon	ray-finned fishes	veiled anglemouth
07eebcc8f9775fa378277c7ce4b421d1	gi|2647786640|dbj|LC794224.1|	92.571	7.51e-61	175	Cyclothone pseudopallida	ray-finned fishes	slender bristlemouth
07eebcc8f9775fa378277c7ce4b421d1	gi|1096114368|dbj|LC193334.1|	92.727	5.85e-57	165	Cyclothone pseudopallida	ray-finned fishes	slender bristlemouth
07eebcc8f9775fa378277c7ce4b421d1	gi|2647786639|dbj|LC794223.1|	87.255	2.72e-55	204	Cyclothone atraria	ray-finned fishes	deep-water bristlemouth
f04dcaf2f2f1dd150ac70eb50835ef77	gi|1347730035|ref|NC_037017.1|	100.000	1.58e-102	209	Alosa aestivalis	ray-finned fishes	blueback shad
f04dcaf2f2f1dd150ac70eb50835ef77	gi|2325478470|gb|OM736861.1|	100.000	1.58e-102	209	Alosa aestivalis	ray-finned fishes	blueback shad
f04dcaf2f2f1dd150ac70eb50835ef77	gi|1935001742|gb|MT667245.1|	100.000	1.58e-102	209	Alosa aestivalis	ray-finned fishes	blueback shad
f04dcaf2f2f1dd150ac70eb50835ef77	gi|3045382200|ref|XR_012981633.1|	99.522	7.36e-101	209	Alosa pseudoharengus	ray-finned fishes	alewife
f04dcaf2f2f1dd150ac70eb50835ef77	gi|3045372580|ref|XR_012990294.1|	99.522	7.36e-101	209	Alosa pseudoharengus	ray-finned fishes	alewife
b06c0a79e45ae0d9395b925bf32a8731	gi|2811641124|emb|OZ185479.1|	99.517	9.40e-100	207	Leucopleurus acutus	whales & dolphins	Atlantic white-sided dolphin
b06c0a79e45ae0d9395b925bf32a8731	gi|1904804563|ref|NC_050265.1|	99.517	9.40e-100	207	Leucopleurus acutus	whales & dolphins	Atlantic white-sided dolphin
b06c0a79e45ae0d9395b925bf32a8731	gi|470233273|ref|NC_020696.1|	98.551	2.04e-96	207	Cephalorhynchus heavisidii	whales & dolphins	Heaviside's dolphin
b06c0a79e45ae0d9395b925bf32a8731	gi|1605131483|gb|MH992390.1|	98.068	9.47e-95	207	Sagmatias obliquidens	whales & dolphins	Pacific white-sided dolphin
b06c0a79e45ae0d9395b925bf32a8731	gi|1215852987|ref|NC_035426.1|	98.068	9.47e-95	207	Sagmatias obliquidens	whales & dolphins	Pacific white-sided dolphin
3601f3cdcbf2ded065197421042c435b	gi|1798183348|emb|LR745847.1|	99.010	2.59e-95	202	Asterias rubens	starfish	European starfish
3601f3cdcbf2ded065197421042c435b	gi|2567033648|gb|OR473298.1|	94.554	2.64e-80	202	Asterias amurensis	starfish	Northern Pacific seastar
3601f3cdcbf2ded065197421042c435b	gi|2582205361|gb|CP134956.1|	94.554	2.64e-80	202	Asterias amurensis	starfish	Northern Pacific seastar
3601f3cdcbf2ded065197421042c435b	gi|2582205361|gb|CP134956.1|	97.059	8.00e-21	68	Asterias amurensis	starfish	Northern Pacific seastar
3601f3cdcbf2ded065197421042c435b	gi|2499155095|gb|OP747303.1|	94.554	2.64e-80	202	Asterias amurensis	starfish	Northern Pacific seastar
3601f3cdcbf2ded065197421042c435b	gi|2499155067|gb|OP747301.1|	94.554	2.64e-80	202	Asterias amurensis	starfish	Northern Pacific seastar
5739f8c14ae1d709d9492e2c65861ad4	gi|3053320543|gb|PX070009.1|	100.000	7.23e-101	206	Hippoglossina oblonga	ray-finned fishes	American fourspot flounder
5739f8c14ae1d709d9492e2c65861ad4	gi|2987591713|gb|PV691864.1|	100.000	7.23e-101	206	Hippoglossina oblonga	ray-finned fishes	American fourspot flounder
5739f8c14ae1d709d9492e2c65861ad4	gi|2580281830|gb|OP056997.2|	100.000	7.23e-101	206	Hippoglossina oblonga	ray-finned fishes	American fourspot flounder
5739f8c14ae1d709d9492e2c65861ad4	gi|2987591741|gb|PV691866.1|	99.515	3.36e-99	206	Hippoglossina oblonga	ray-finned fishes	American fourspot flounder
5739f8c14ae1d709d9492e2c65861ad4	gi|1515576539|gb|MH377824.1|	100.000	2.02e-96	198	Hippoglossina oblonga	ray-finned fishes	American fourspot flounder
9caa466bf222d2e8a14cfce1a2f064db	gi|3053320473|gb|PX070004.1|	99.522	7.36e-101	209	Brevoortia tyrannus	ray-finned fishes	Atlantic menhaden
9caa466bf222d2e8a14cfce1a2f064db	gi|3053320445|gb|PX070002.1|	99.522	7.36e-101	209	Brevoortia tyrannus	ray-finned fishes	Atlantic menhaden
9caa466bf222d2e8a14cfce1a2f064db	gi|3053320431|gb|PX070001.1|	99.522	7.36e-101	209	Brevoortia tyrannus	ray-finned fishes	Atlantic menhaden
9caa466bf222d2e8a14cfce1a2f064db	gi|2579851516|gb|OR577203.1|	99.522	7.36e-101	209	Brevoortia patronus	ray-finned fishes	Gulf menhaden
9caa466bf222d2e8a14cfce1a2f064db	gi|2282237323|gb|OP154163.1|	99.522	7.36e-101	209	Brevoortia patronus	ray-finned fishes	Gulf menhaden
cf71acaf31a9ad38eee51e34b691ef8d	gi|2891888040|gb|PP467801.1|	100.000	5.56e-97	199	Scomberesox saurus	ray-finned fishes	Scomberesox saurus
cf71acaf31a9ad38eee51e34b691ef8d	gi|2580316241|gb|OR575551.1|	98.039	4.33e-93	204	Cololabis saira	ray-finned fishes	Pacific saury
cf71acaf31a9ad38eee51e34b691ef8d	gi|16357079|ref|NC_003183.1|	98.039	4.33e-93	204	Cololabis saira	ray-finned fishes	Pacific saury
cf71acaf31a9ad38eee51e34b691ef8d	gi|2486668737|gb|OQ819310.1|	99.471	9.37e-90	189	Scomberesox saurus	ray-finned fishes	Scomberesox saurus
cf71acaf31a9ad38eee51e34b691ef8d	gi|985563190|dbj|LC091873.1|	97.619	4.45e-73	168	Cololabis saira	ray-finned fishes	Pacific saury
982a26438e40ade8454a41f7b62fcd6c	gi|2882954833|gb|PQ858633.1|	99.020	2.00e-96	204	Sebastes mentella	ray-finned fishes	deepwater redfish
982a26438e40ade8454a41f7b62fcd6c	gi|2882954819|gb|PQ858632.1|	99.020	2.00e-96	204	Sebastes mentella	ray-finned fishes	deepwater redfish
982a26438e40ade8454a41f7b62fcd6c	gi|2882954805|gb|PQ858631.1|	99.020	2.00e-96	204	Sebastes fasciatus	ray-finned fishes	Acadian redfish
982a26438e40ade8454a41f7b62fcd6c	gi|2882954791|gb|PQ858630.1|	99.020	2.00e-96	204	Sebastes fasciatus	ray-finned fishes	Acadian redfish
982a26438e40ade8454a41f7b62fcd6c	gi|2882954777|gb|PQ858629.1|	99.020	2.00e-96	204	Sebastes fasciatus	ray-finned fishes	Acadian redfish
09bcfa088072a008087c7531ba3166f7	gi|3053320641|gb|PX070016.1|	99.519	2.63e-100	208	Clupea harengus	ray-finned fishes	Atlantic herring
09bcfa088072a008087c7531ba3166f7	gi|1799624616|gb|MN122931.1|	99.519	2.63e-100	208	Clupea harengus	ray-finned fishes	Atlantic herring
09bcfa088072a008087c7531ba3166f7	gi|1517391475|gb|MH194498.2|	99.519	2.63e-100	208	Clupea harengus	ray-finned fishes	Atlantic herring
09bcfa088072a008087c7531ba3166f7	gi|2018537065|gb|MW818226.1|	99.519	2.63e-100	208	Clupea harengus	ray-finned fishes	Atlantic herring
09bcfa088072a008087c7531ba3166f7	gi|2018537050|gb|MW818211.1|	99.519	2.63e-100	208	Clupea harengus	ray-finned fishes	Atlantic herring
6e26f8c5054068e86fcdb21694cbff50	gi|2259493815|emb|OW836641.1|	79.787	9.06e-47	282	uncultured fungus	fungi	uncultured fungus
6e26f8c5054068e86fcdb21694cbff50	gi|2259493659|emb|OW836558.1|	79.371	1.17e-45	286	uncultured fungus	fungi	uncultured fungus
6e26f8c5054068e86fcdb21694cbff50	gi|2259393484|emb|OW837426.1|	79.851	5.45e-44	268	uncultured fungus	fungi	uncultured fungus
6e26f8c5054068e86fcdb21694cbff50	gi|1279124608|gb|MF807895.1|	100.000	1.24e-05	35	Nidirana pleuraden	frogs & toads	Yunnan pond frog
6e26f8c5054068e86fcdb21694cbff50	gi|1279124607|gb|MF807894.1|	100.000	1.24e-05	35	Nidirana pleuraden	frogs & toads	Yunnan pond frog
7834f8231319f621bea6c66f8128060d	gi|1358104137|gb|MF409246.1|	99.515	3.36e-99	206	Megaptera novaeangliae	whales & dolphins	humpback whale
7834f8231319f621bea6c66f8128060d	gi|2710387203|gb|PP475430.1|	99.029	1.56e-97	206	Megaptera novaeangliae	whales & dolphins	humpback whale
7834f8231319f621bea6c66f8128060d	gi|62184326|ref|NC_006927.1|	99.029	1.56e-97	206	Megaptera novaeangliae	whales & dolphins	humpback whale
7834f8231319f621bea6c66f8128060d	gi|12700648|gb|AY012141.1|	99.029	1.56e-97	206	Megaptera novaeangliae	whales & dolphins	humpback whale
7834f8231319f621bea6c66f8128060d	gi|1778222898|gb|MN124685.1|	95.631	7.38e-86	206	Balaena mysticetus	whales & dolphins	bowhead whale
d34a085f389b7dbba58948498d071721	gi|3157072500|gb|PX940802.1|	100.000	9.24e-100	204	Pholis gunnellus	ray-finned fishes	rock gunnel
d34a085f389b7dbba58948498d071721	gi|3139206395|gb|PX740294.1|	100.000	9.24e-100	204	Pholis gunnellus	ray-finned fishes	rock gunnel
d34a085f389b7dbba58948498d071721	gi|2504556390|dbj|LC385123.2|	99.510	4.30e-98	204	Pholis crassispina	ray-finned fishes	Pholis crassispina
d34a085f389b7dbba58948498d071721	gi|2504556286|dbj|LC767263.1|	99.510	4.30e-98	204	Pholis crassispina	ray-finned fishes	Pholis crassispina
d34a085f389b7dbba58948498d071721	gi|2314982022|ref|NC_066932.1|	99.510	4.30e-98	204	Pholis ornata	ray-finned fishes	saddleback gunnel
5690d91cf7a7a19e7fa7a90afbaad5a8	gi|62146628|emb|AJ628371.1|	82.895	2.55e-05	76	Caluromys philander	marsupials	bare-tailed woolly opossum
5690d91cf7a7a19e7fa7a90afbaad5a8	gi|3084544444|emb|OZ345433.1|	100.000	9.19e-05	33	Sarpa salpa	ray-finned fishes	Sarpa salpa
5690d91cf7a7a19e7fa7a90afbaad5a8	gi|1829776404|ref|NC_046913.1|	100.000	9.19e-05	33	Hypsignathus monstrosus	bats	Hammer-headed fruit bat
5690d91cf7a7a19e7fa7a90afbaad5a8	gi|3064604077|gb|PX416269.1|	100.000	9.19e-05	33	Hypomasticus despaxi	ray-finned fishes	Hypomasticus despaxi
5690d91cf7a7a19e7fa7a90afbaad5a8	gi|3064604076|gb|PX416268.1|	100.000	9.19e-05	33	Hypomasticus despaxi	ray-finned fishes	Hypomasticus despaxi
8ced17105fc61acd01ac1d3788351fc3	gi|529539159|gb|JX982298.1|	87.671	2.51e-11	73	Hemigrammocharax ocellicauda	ray-finned fishes	Hemigrammocharax ocellicauda
8ced17105fc61acd01ac1d3788351fc3	gi|2591502567|gb|OR552098.1|	86.486	3.25e-10	74	Erimystax harryi	ray-finned fishes	Erimystax harryi
8ced17105fc61acd01ac1d3788351fc3	gi|435857065|ref|NC_020042.1|	86.486	3.25e-10	74	Coreius heterodon	ray-finned fishes	Coreius heterodon
8ced17105fc61acd01ac1d3788351fc3	gi|435855878|ref|NC_020005.1|	91.525	3.25e-10	59	Rasbora steineri	ray-finned fishes	Chinese rasbora
8ced17105fc61acd01ac1d3788351fc3	gi|3064604279|gb|PX416471.1|	90.164	1.17e-09	61	Loricaria cataphracta	ray-finned fishes	Loricaria cataphracta
38c93b3627e13ff589455070519e3cce	gi|2994821483|gb|PV670481.1|	99.510	4.30e-98	204	Helicolenus dactylopterus	ray-finned fishes	Helicolenus dactylopterus
38c93b3627e13ff589455070519e3cce	gi|2937559502|gb|PV357918.1|	99.510	4.30e-98	204	Helicolenus dactylopterus	ray-finned fishes	Helicolenus dactylopterus
38c93b3627e13ff589455070519e3cce	gi|2637386860|dbj|LC732519.2|	99.020	2.00e-96	204	Helicolenus hilgendorfi	ray-finned fishes	Helicolenus hilgendorfi
38c93b3627e13ff589455070519e3cce	gi|2623420263|dbj|LC787726.1|	99.020	2.00e-96	204	Helicolenus hilgendorfi	ray-finned fishes	Helicolenus hilgendorfi
38c93b3627e13ff589455070519e3cce	gi|2318877555|dbj|LC732518.1|	99.020	2.00e-96	204	Helicolenus hilgendorfi	ray-finned fishes	Helicolenus hilgendorfi
13f4d9dde413e88f6d67f99a8141847c	gi|270267462|ref|NC_013566.1|	100.000	1.58e-102	209	Alepocephalus australis	ray-finned fishes	small scaled brown slickhead
13f4d9dde413e88f6d67f99a8141847c	gi|270267434|ref|NC_013564.1|	100.000	1.58e-102	209	Alepocephalus agassizii	ray-finned fishes	Agassiz' slickhead
13f4d9dde413e88f6d67f99a8141847c	gi|270267550|ref|NC_013572.1|	99.522	7.36e-101	209	Alepocephalus umbriceps	ray-finned fishes	slickhead
13f4d9dde413e88f6d67f99a8141847c	gi|270267476|ref|NC_013567.1|	99.043	3.42e-99	209	Alepocephalus bairdii	ray-finned fishes	Alepocephalus bairdii
13f4d9dde413e88f6d67f99a8141847c	gi|28894766|ref|NC_004590.1|	98.565	1.59e-97	209	Alepocephalus tenebrosus	ray-finned fishes	California slickhead
1135d0527b49f9da7d2b5ab0c9cf7dfb	gi|3024664543|gb|PV919170.1|	98.630	4.65e-103	219	Lamna nasus	sharks & rays	Lamna nasus
1135d0527b49f9da7d2b5ab0c9cf7dfb	gi|1150149431|ref|NC_033911.1|	98.630	4.65e-103	219	Lamna nasus	sharks & rays	Lamna nasus
1135d0527b49f9da7d2b5ab0c9cf7dfb	gi|2119742818|gb|MF150045.1|	98.630	4.65e-103	219	Lamna nasus	sharks & rays	Lamna nasus
1135d0527b49f9da7d2b5ab0c9cf7dfb	gi|1871283157|gb|MT410902.1|	98.630	4.65e-103	219	Lamna nasus	sharks & rays	Lamna nasus
1135d0527b49f9da7d2b5ab0c9cf7dfb	gi|37722034|gb|AY147896.1|	98.630	4.65e-103	219	Lamna nasus	sharks & rays	Lamna nasus
c04558930019951a63cfa8325044f365	gi|2936169399|gb|PV339940.1|	99.078	1.28e-103	217	Bathyraja spinicauda	sharks & rays	spinetail ray
c04558930019951a63cfa8325044f365	gi|2587926705|ref|NC_082799.1|	98.618	5.95e-102	217	Bathyraja aleutica	sharks & rays	Aleutian skate
c04558930019951a63cfa8325044f365	gi|2778402837|gb|OR832172.1|	98.157	2.77e-100	217	Bathyraja sp. j BL-2024	sharks & rays	Bathyraja sp. j BL-2024
c04558930019951a63cfa8325044f365	gi|1418586018|ref|NC_037977.1|	98.157	2.77e-100	217	Bathyraja richardsoni	sharks & rays	Richardson's ray
c04558930019951a63cfa8325044f365	gi|1418585990|ref|NC_037975.1|	98.157	2.77e-100	217	Bathyraja maccaini	sharks & rays	McCain's skate
ee6e410e1d3de2617d399d9203ce3e76	gi|2232175652|gb|MZ702702.1|	79.358	1.45e-28	218	Paulasterias sp. SS-2022	starfish	Paulasterias sp. SS-2022
ee6e410e1d3de2617d399d9203ce3e76	gi|2248512696|ref|NC_063787.1|	77.273	8.76e-21	220	Coscinasterias acutispina	starfish	Coscinasterias acutispina
ee6e410e1d3de2617d399d9203ce3e76	gi|2987896797|gb|PV535852.1|	76.923	1.13e-19	221	Coscinasterias muricata	starfish	Coscinasterias muricata
ee6e410e1d3de2617d399d9203ce3e76	gi|2843360896|gb|PQ424533.1|	75.000	1.91e-12	220	Smilasterias triremis	starfish	Smilasterias triremis
ee6e410e1d3de2617d399d9203ce3e76	gi|39753108|gb|AY370702.1|	94.444	2.47e-11	54	Meridiastra calcar	starfish	Meridiastra calcar
9df7948512518145dc3c927f0dc04957	gi|2994718560|gb|PV651716.1|	98.618	5.95e-102	217	Leucoraja erinaceus	sharks & rays	little skate
9df7948512518145dc3c927f0dc04957	gi|2994718546|gb|PV651715.1|	98.618	5.95e-102	217	Leucoraja erinaceus	sharks & rays	little skate
9df7948512518145dc3c927f0dc04957	gi|359422108|ref|NC_016429.1|	98.618	5.95e-102	217	Leucoraja erinaceus	sharks & rays	little skate
9df7948512518145dc3c927f0dc04957	gi|3139220381|gb|PX754809.1|	98.618	5.95e-102	217	Leucoraja erinaceus	sharks & rays	little skate
9df7948512518145dc3c927f0dc04957	gi|3157076766|gb|PX940008.1|	98.157	2.77e-100	217	Leucoraja ocellata	sharks & rays	winter skate
d3c19c5970bcd655e21405098842d8ba	gi|700275268|gb|KM096986.1|	99.083	3.57e-104	218	Cetorhinus maximus	sharks & rays	Cetorhinus maximus
d3c19c5970bcd655e21405098842d8ba	gi|700275170|gb|KM096979.1|	99.083	3.57e-104	218	Cetorhinus maximus	sharks & rays	Cetorhinus maximus
d3c19c5970bcd655e21405098842d8ba	gi|700275114|gb|KM096975.1|	99.083	3.57e-104	218	Cetorhinus maximus	sharks & rays	Cetorhinus maximus
d3c19c5970bcd655e21405098842d8ba	gi|700275100|gb|KM096974.1|	99.083	3.57e-104	218	Cetorhinus maximus	sharks & rays	Cetorhinus maximus
d3c19c5970bcd655e21405098842d8ba	gi|586946454|gb|KF991387.1|	98.624	1.66e-102	218	Cetorhinus maximus	sharks & rays	Cetorhinus maximus
e1dd6b4eb69e9bf1cdc89df264f25d31	gi|3033174382|gb|PQ344743.1|	100.000	1.33e-08	40	Ctenomys nattereri	rodents	Natterer's tuco-tuco
e1dd6b4eb69e9bf1cdc89df264f25d31	gi|3033174354|gb|PQ344741.1|	100.000	1.33e-08	40	Ctenomys sp.	rodents	Ctenomys sp.
e1dd6b4eb69e9bf1cdc89df264f25d31	gi|1464230501|gb|MH182628.1|	100.000	1.33e-08	40	Myocastor coypus	rodents	nutria
e1dd6b4eb69e9bf1cdc89df264f25d31	gi|1241931724|ref|NC_035866.1|	100.000	1.33e-08	40	Myocastor coypus	rodents	nutria
e1dd6b4eb69e9bf1cdc89df264f25d31	gi|2647781559|emb|OY997604.1|	100.000	1.33e-08	40	Phalacrocorax carbo	birds	great cormorant
b27f5cb12ec0926a9debd24b40001fdd	gi|1798183348|emb|LR745847.1|	94.059	1.23e-78	202	Asterias rubens	starfish	European starfish
b27f5cb12ec0926a9debd24b40001fdd	gi|2567033648|gb|OR473298.1|	92.574	1.24e-73	202	Asterias amurensis	starfish	Northern Pacific seastar
b27f5cb12ec0926a9debd24b40001fdd	gi|2582205361|gb|CP134956.1|	92.574	1.24e-73	202	Asterias amurensis	starfish	Northern Pacific seastar
b27f5cb12ec0926a9debd24b40001fdd	gi|2582205361|gb|CP134956.1|	96.721	6.23e-17	61	Asterias amurensis	starfish	Northern Pacific seastar
b27f5cb12ec0926a9debd24b40001fdd	gi|2499155095|gb|OP747303.1|	92.574	1.24e-73	202	Asterias amurensis	starfish	Northern Pacific seastar
b27f5cb12ec0926a9debd24b40001fdd	gi|2499155067|gb|OP747301.1|	92.574	1.24e-73	202	Asterias amurensis	starfish	Northern Pacific seastar
7068458612b74153e61ffab5641b0d4b	gi|1693290266|ref|NC_042741.1|	88.177	1.62e-57	203	Pisaster ochraceus	starfish	purple sea star
7068458612b74153e61ffab5641b0d4b	gi|726972397|ref|NC_025766.1|	85.714	9.80e-50	203	Aphelasterias japonica	starfish	Aphelasterias japonica
7068458612b74153e61ffab5641b0d4b	gi|2567033649|gb|OR473299.1|	82.126	5.98e-37	207	Marthasterias glacialis	starfish	spiny starfish
7068458612b74153e61ffab5641b0d4b	gi|2076208768|emb|OU452241.1|	82.126	5.98e-37	207	Marthasterias glacialis	starfish	spiny starfish
7068458612b74153e61ffab5641b0d4b	gi|2499155081|gb|OP747302.1|	81.281	1.00e-34	203	Asterias amurensis	starfish	Northern Pacific seastar
45f0e52dffa9474543af60cce96cd38f	gi|1543384086|ref|NG_016607.2|	99.515	3.36e-99	206	Homo sapiens	primates	human
45f0e52dffa9474543af60cce96cd38f	gi|300192914|ref|NG_023304.1|	99.515	3.36e-99	206	Homo sapiens	primates	human
45f0e52dffa9474543af60cce96cd38f	gi|211906306|gb|EU822920.1|	99.515	3.36e-99	206	Homo sapiens	primates	human
45f0e52dffa9474543af60cce96cd38f	gi|23396211|gb|AC008434.5|	99.515	3.36e-99	206	Homo sapiens	primates	human
45f0e52dffa9474543af60cce96cd38f	gi|2158836149|ref|NG_077777.1|	99.505	5.63e-97	202	Homo sapiens	primates	human
c1f357eec341b158b464d3e8c9988123	gi|3053320641|gb|PX070016.1|	99.519	2.63e-100	208	Clupea harengus	ray-finned fishes	Atlantic herring
c1f357eec341b158b464d3e8c9988123	gi|1799624616|gb|MN122931.1|	99.519	2.63e-100	208	Clupea harengus	ray-finned fishes	Atlantic herring
c1f357eec341b158b464d3e8c9988123	gi|1517391475|gb|MH194498.2|	99.519	2.63e-100	208	Clupea harengus	ray-finned fishes	Atlantic herring
c1f357eec341b158b464d3e8c9988123	gi|2018537065|gb|MW818226.1|	99.519	2.63e-100	208	Clupea harengus	ray-finned fishes	Atlantic herring
c1f357eec341b158b464d3e8c9988123	gi|2018537050|gb|MW818211.1|	99.519	2.63e-100	208	Clupea harengus	ray-finned fishes	Atlantic herring
3ec6b85565d4421e90bd5643d52b9f49	gi|2989059657|gb|PV710554.1|	99.512	1.20e-98	205	Ammodytes dubius	ray-finned fishes	northern sand lance
3ec6b85565d4421e90bd5643d52b9f49	gi|959122927|ref|NC_028530.1|	99.512	1.20e-98	205	Ammodytes americanus	ray-finned fishes	American sand lance
3ec6b85565d4421e90bd5643d52b9f49	gi|2989059643|gb|PV710553.1|	99.024	5.59e-97	205	Ammodytes dubius	ray-finned fishes	northern sand lance
3ec6b85565d4421e90bd5643d52b9f49	gi|2989059629|gb|PV710552.1|	99.024	5.59e-97	205	Ammodytes dubius	ray-finned fishes	northern sand lance
3ec6b85565d4421e90bd5643d52b9f49	gi|2949335892|gb|PV423377.1|	99.024	5.59e-97	205	Ammodytes dubius	ray-finned fishes	northern sand lance
62a6a155f055a056a90929b6aa25f30e	gi|270267522|ref|NC_013570.1|	100.000	1.58e-102	209	Alepocephalus productus	ray-finned fishes	smalleye smooth-head
62a6a155f055a056a90929b6aa25f30e	gi|270267550|ref|NC_013572.1|	98.086	7.41e-96	209	Alepocephalus umbriceps	ray-finned fishes	slickhead
62a6a155f055a056a90929b6aa25f30e	gi|270267462|ref|NC_013566.1|	97.608	3.45e-94	209	Alepocephalus australis	ray-finned fishes	small scaled brown slickhead
62a6a155f055a056a90929b6aa25f30e	gi|270267434|ref|NC_013564.1|	97.608	3.45e-94	209	Alepocephalus agassizii	ray-finned fishes	Agassiz' slickhead
62a6a155f055a056a90929b6aa25f30e	gi|28894766|ref|NC_004590.1|	97.129	1.60e-92	209	Alepocephalus tenebrosus	ray-finned fishes	California slickhead
c5dbe784053df1b6dc010b923f9c28da	gi|1832296295|gb|MN181405.1|	99.512	1.20e-98	205	Canis lupus familiaris	carnivores	dog
c5dbe784053df1b6dc010b923f9c28da	gi|1832296281|gb|MN181404.1|	99.512	1.20e-98	205	Canis lupus familiaris	carnivores	dog
c5dbe784053df1b6dc010b923f9c28da	gi|1827515233|gb|MN699631.1|	99.512	1.20e-98	205	Canis lupus familiaris	carnivores	dog
c5dbe784053df1b6dc010b923f9c28da	gi|1827515191|gb|MN699628.1|	99.512	1.20e-98	205	Canis lupus familiaris	carnivores	dog
c5dbe784053df1b6dc010b923f9c28da	gi|1827515163|gb|MN699626.1|	99.512	1.20e-98	205	Canis lupus familiaris	carnivores	dog
587c8049fb877eb6bba9fbeea111edc8	gi|1798183348|emb|LR745847.1|	99.010	2.59e-95	202	Asterias rubens	starfish	European starfish
587c8049fb877eb6bba9fbeea111edc8	gi|2567033648|gb|OR473298.1|	95.545	1.22e-83	202	Asterias amurensis	starfish	Northern Pacific seastar
587c8049fb877eb6bba9fbeea111edc8	gi|2582205361|gb|CP134956.1|	95.545	1.22e-83	202	Asterias amurensis	starfish	Northern Pacific seastar
587c8049fb877eb6bba9fbeea111edc8	gi|2582205361|gb|CP134956.1|	97.059	8.00e-21	68	Asterias amurensis	starfish	Northern Pacific seastar
587c8049fb877eb6bba9fbeea111edc8	gi|2499155095|gb|OP747303.1|	95.545	1.22e-83	202	Asterias amurensis	starfish	Northern Pacific seastar
587c8049fb877eb6bba9fbeea111edc8	gi|2499155067|gb|OP747301.1|	95.545	1.22e-83	202	Asterias amurensis	starfish	Northern Pacific seastar
fe136f5b2fdacd8e473d3537b15a33d6	gi|2580278148|gb|OP057030.2|	100.000	7.23e-101	206	Mola mola	ray-finned fishes	ocean sunfish
fe136f5b2fdacd8e473d3537b15a33d6	gi|3139210479|gb|PX740841.1|	100.000	7.23e-101	206	Mola mola	ray-finned fishes	ocean sunfish
fe136f5b2fdacd8e473d3537b15a33d6	gi|56684241|gb|AY700259.1|	100.000	7.23e-101	206	Mola mola	ray-finned fishes	ocean sunfish
fe136f5b2fdacd8e473d3537b15a33d6	gi|56684240|gb|AY700258.1|	100.000	7.23e-101	206	Mola mola	ray-finned fishes	ocean sunfish
fe136f5b2fdacd8e473d3537b15a33d6	gi|2891888099|gb|PP467872.1|	100.000	1.21e-98	202	Mola mola	ray-finned fishes	ocean sunfish
d034f9d9dc8a79d7a929e4f30210a21f	gi|1798183348|emb|LR745847.1|	99.010	2.59e-95	202	Asterias rubens	starfish	European starfish
d034f9d9dc8a79d7a929e4f30210a21f	gi|2567033648|gb|OR473298.1|	94.554	2.64e-80	202	Asterias amurensis	starfish	Northern Pacific seastar
d034f9d9dc8a79d7a929e4f30210a21f	gi|2582205361|gb|CP134956.1|	94.554	2.64e-80	202	Asterias amurensis	starfish	Northern Pacific seastar
d034f9d9dc8a79d7a929e4f30210a21f	gi|2582205361|gb|CP134956.1|	97.059	8.00e-21	68	Asterias amurensis	starfish	Northern Pacific seastar
d034f9d9dc8a79d7a929e4f30210a21f	gi|2499155095|gb|OP747303.1|	94.554	2.64e-80	202	Asterias amurensis	starfish	Northern Pacific seastar
d034f9d9dc8a79d7a929e4f30210a21f	gi|2499155067|gb|OP747301.1|	94.554	2.64e-80	202	Asterias amurensis	starfish	Northern Pacific seastar
deca720b45182ddb5ae34c3b8c5aaa7e	gi|3157076766|gb|PX940008.1|	98.157	2.77e-100	217	Leucoraja ocellata	sharks & rays	winter skate
deca720b45182ddb5ae34c3b8c5aaa7e	gi|126095396|gb|EF081262.1|	98.157	2.77e-100	217	Malacoraja kreffti	sharks & rays	Krefft's ray
deca720b45182ddb5ae34c3b8c5aaa7e	gi|2994718560|gb|PV651716.1|	97.696	1.29e-98	217	Leucoraja erinaceus	sharks & rays	little skate
deca720b45182ddb5ae34c3b8c5aaa7e	gi|2994718546|gb|PV651715.1|	97.696	1.29e-98	217	Leucoraja erinaceus	sharks & rays	little skate
deca720b45182ddb5ae34c3b8c5aaa7e	gi|359422108|ref|NC_016429.1|	97.696	1.29e-98	217	Leucoraja erinaceus	sharks & rays	little skate
19c3f16bf1044d02890057e9dce88d16	gi|1825511885|gb|MT103914.1|	99.512	1.20e-98	205	Hippoglossoides platessoides	ray-finned fishes	American plaice
19c3f16bf1044d02890057e9dce88d16	gi|1799624449|gb|MN122825.1|	99.512	1.20e-98	205	Hippoglossoides platessoides	ray-finned fishes	American plaice
19c3f16bf1044d02890057e9dce88d16	gi|2995380200|gb|PV748024.1|	99.512	1.20e-98	205	Hippoglossoides elassodon	ray-finned fishes	flathead sole
19c3f16bf1044d02890057e9dce88d16	gi|2587926775|ref|NC_082804.1|	99.512	1.20e-98	205	Hippoglossoides elassodon	ray-finned fishes	flathead sole
19c3f16bf1044d02890057e9dce88d16	gi|2587926284|ref|NC_082769.1|	99.512	1.20e-98	205	Hippoglossoides robustus	ray-finned fishes	Bering flounder
45622523162a67a1b8dd38abd980375f	gi|2994737912|gb|PV656772.1|	99.515	3.36e-99	206	Melanogrammus aeglefinus	ray-finned fishes	haddock
45622523162a67a1b8dd38abd980375f	gi|2994737898|gb|PV656771.1|	99.515	3.36e-99	206	Melanogrammus aeglefinus	ray-finned fishes	haddock
45622523162a67a1b8dd38abd980375f	gi|2994737884|gb|PV656770.1|	99.515	3.36e-99	206	Melanogrammus aeglefinus	ray-finned fishes	haddock
45622523162a67a1b8dd38abd980375f	gi|124377065|emb|AM489717.1|	99.515	3.36e-99	206	Melanogrammus aeglefinus	ray-finned fishes	haddock
45622523162a67a1b8dd38abd980375f	gi|94481723|gb|DQ356942.1|	99.515	3.36e-99	206	Melanogrammus aeglefinus	ray-finned fishes	haddock
3dcc3a41e9a5255b850c2f44f1547f5e	gi|1798183348|emb|LR745847.1|	99.010	2.59e-95	202	Asterias rubens	starfish	European starfish
3dcc3a41e9a5255b850c2f44f1547f5e	gi|2567033648|gb|OR473298.1|	94.554	2.64e-80	202	Asterias amurensis	starfish	Northern Pacific seastar
3dcc3a41e9a5255b850c2f44f1547f5e	gi|2582205361|gb|CP134956.1|	94.554	2.64e-80	202	Asterias amurensis	starfish	Northern Pacific seastar
3dcc3a41e9a5255b850c2f44f1547f5e	gi|2582205361|gb|CP134956.1|	95.588	3.72e-19	68	Asterias amurensis	starfish	Northern Pacific seastar
3dcc3a41e9a5255b850c2f44f1547f5e	gi|2499155095|gb|OP747303.1|	94.554	2.64e-80	202	Asterias amurensis	starfish	Northern Pacific seastar
3dcc3a41e9a5255b850c2f44f1547f5e	gi|2499155067|gb|OP747301.1|	94.554	2.64e-80	202	Asterias amurensis	starfish	Northern Pacific seastar
c6fad095ba7a56d2aafe915ba0f8b02e	gi|270267378|ref|NC_013560.1|	100.000	7.23e-101	206	Narcetes stomias	ray-finned fishes	blackhead salmon
c6fad095ba7a56d2aafe915ba0f8b02e	gi|270267550|ref|NC_013572.1|	95.215	9.55e-85	209	Alepocephalus umbriceps	ray-finned fishes	slickhead
c6fad095ba7a56d2aafe915ba0f8b02e	gi|192293708|ref|NC_011017.1|	95.215	9.55e-85	209	Bathytroctes microlepis	ray-finned fishes	smallscale smooth-head
c6fad095ba7a56d2aafe915ba0f8b02e	gi|270267522|ref|NC_013570.1|	94.737	4.44e-83	209	Alepocephalus productus	ray-finned fishes	smalleye smooth-head
c6fad095ba7a56d2aafe915ba0f8b02e	gi|270267462|ref|NC_013566.1|	94.737	4.44e-83	209	Alepocephalus australis	ray-finned fishes	small scaled brown slickhead
f0a1d2bbd387e4d220d571a07d511b2f	gi|2571476436|gb|OR499725.1|	99.515	3.36e-99	206	Merluccius bilinearis	ray-finned fishes	silver hake
f0a1d2bbd387e4d220d571a07d511b2f	gi|3211598001|gb|PZ091031.1|	99.515	3.36e-99	206	Merluccius bilinearis	ray-finned fishes	silver hake
f0a1d2bbd387e4d220d571a07d511b2f	gi|3211597805|gb|PZ091017.1|	99.515	3.36e-99	206	Merluccius bilinearis	ray-finned fishes	silver hake
f0a1d2bbd387e4d220d571a07d511b2f	gi|3053320529|gb|PX070008.1|	99.029	1.56e-97	206	Merluccius bilinearis	ray-finned fishes	silver hake
f0a1d2bbd387e4d220d571a07d511b2f	gi|3211597665|gb|PZ091007.1|	99.029	5.63e-97	206	Merluccius bilinearis	ray-finned fishes	silver hake
5df064991ac49e013b6e90d064c2754c	gi|2259492687|emb|OW835210.1|	95.070	3.79e-120	284	uncultured fungus	fungi	uncultured fungus
5df064991ac49e013b6e90d064c2754c	gi|2259141778|emb|OW834522.1|	94.366	8.20e-117	284	uncultured fungus	fungi	uncultured fungus
5df064991ac49e013b6e90d064c2754c	gi|2259392349|emb|OW837222.1|	89.085	8.50e-92	284	uncultured fungus	fungi	uncultured fungus
5df064991ac49e013b6e90d064c2754c	gi|2259140839|emb|OW834139.1|	88.811	1.10e-90	286	uncultured fungus	fungi	uncultured fungus
5df064991ac49e013b6e90d064c2754c	gi|2259142013|emb|OW834713.1|	86.861	6.71e-78	274	uncultured fungus	fungi	uncultured fungus
4c27d62e85c6dd04a5fc6bbbedc10291	gi|2587926677|ref|NC_082797.1|	99.517	9.40e-100	207	Artediellus pacificus	ray-finned fishes	Artediellus pacificus
4c27d62e85c6dd04a5fc6bbbedc10291	gi|1825511878|gb|MT103908.1|	99.034	4.38e-98	207	Artediellus uncinatus	ray-finned fishes	Arctic hookear sculpin
4c27d62e85c6dd04a5fc6bbbedc10291	gi|1825511877|gb|MT103907.1|	99.034	4.38e-98	207	Artediellus uncinatus	ray-finned fishes	Arctic hookear sculpin
4c27d62e85c6dd04a5fc6bbbedc10291	gi|1825511876|gb|MT103906.1|	99.034	4.38e-98	207	Artediellus uncinatus	ray-finned fishes	Arctic hookear sculpin
4c27d62e85c6dd04a5fc6bbbedc10291	gi|2753596301|dbj|LC823739.1|	98.551	7.32e-96	207	Artediellus sp. HUMZ:166735	ray-finned fishes	Artediellus sp. HUMZ:166735
a3df4f96d9810285b21c3c66613aec82	gi|426259359|gb|KC193687.1|	100.000	5.65e-102	208	Clupea harengus	ray-finned fishes	Atlantic herring
a3df4f96d9810285b21c3c66613aec82	gi|3053320641|gb|PX070016.1|	99.519	2.63e-100	208	Clupea harengus	ray-finned fishes	Atlantic herring
a3df4f96d9810285b21c3c66613aec82	gi|1799624616|gb|MN122931.1|	99.519	2.63e-100	208	Clupea harengus	ray-finned fishes	Atlantic herring
a3df4f96d9810285b21c3c66613aec82	gi|1517391475|gb|MH194498.2|	99.519	2.63e-100	208	Clupea harengus	ray-finned fishes	Atlantic herring
a3df4f96d9810285b21c3c66613aec82	gi|2018537065|gb|MW818226.1|	99.519	2.63e-100	208	Clupea harengus	ray-finned fishes	Atlantic herring
f5bed8510f919adc5c6aec3a67b46d74	gi|1790179515|dbj|LC493920.1|	100.000	2.58e-100	205	Lumpenus lampretaeformis	ray-finned fishes	snakeblenny
f5bed8510f919adc5c6aec3a67b46d74	gi|3157077340|gb|PX940049.1|	100.000	2.58e-100	205	Lumpenus lampretaeformis	ray-finned fishes	snakeblenny
f5bed8510f919adc5c6aec3a67b46d74	gi|2580315351|gb|OR582694.1|	99.512	1.20e-98	205	Lumpenus fabricii	ray-finned fishes	slender eelblenny
f5bed8510f919adc5c6aec3a67b46d74	gi|902686493|ref|NC_027588.1|	99.512	1.20e-98	205	Leptoclinus maculatus	ray-finned fishes	Leptoclinus maculatus
f5bed8510f919adc5c6aec3a67b46d74	gi|1896498891|gb|MT410893.1|	99.512	1.20e-98	205	Lumpenus lampretaeformis	ray-finned fishes	snakeblenny
d75a85ace2f986f46c4d4f9d5b0cff10	gi|3053321187|gb|PX070055.1|	99.087	9.99e-105	219	Centroscyllium nigrum	sharks & rays	combtooth dogfish
d75a85ace2f986f46c4d4f9d5b0cff10	gi|300677001|gb|GU130634.1|	99.087	9.99e-105	219	Centroscyllium fabricii	sharks & rays	black dogfish
d75a85ace2f986f46c4d4f9d5b0cff10	gi|3157076444|gb|PX939985.1|	98.630	4.65e-103	219	Centroscyllium nigrum	sharks & rays	combtooth dogfish
d75a85ace2f986f46c4d4f9d5b0cff10	gi|3157076430|gb|PX939984.1|	98.630	4.65e-103	219	Centroscyllium nigrum	sharks & rays	combtooth dogfish
d75a85ace2f986f46c4d4f9d5b0cff10	gi|3157076472|gb|PX939987.1|	98.174	2.16e-101	219	Centroscyllium nigrum	sharks & rays	combtooth dogfish
48409e9688564ef3224e499d2aefea9c	gi|3045382200|ref|XR_012981633.1|	100.000	1.58e-102	209	Alosa pseudoharengus	ray-finned fishes	alewife
48409e9688564ef3224e499d2aefea9c	gi|3045372580|ref|XR_012990294.1|	100.000	1.58e-102	209	Alosa pseudoharengus	ray-finned fishes	alewife
48409e9688564ef3224e499d2aefea9c	gi|3045372579|ref|XR_012990293.1|	100.000	1.58e-102	209	Alosa pseudoharengus	ray-finned fishes	alewife
48409e9688564ef3224e499d2aefea9c	gi|2987982364|gb|PV624612.1|	100.000	1.58e-102	209	Alosa pseudoharengus	ray-finned fishes	alewife
48409e9688564ef3224e499d2aefea9c	gi|2987982028|gb|PV624588.1|	100.000	1.58e-102	209	Alosa pseudoharengus	ray-finned fishes	alewife
112641fb91a8a0cd6e03e4a254c1db5c	gi|930854782|dbj|AP012952.1|	99.517	9.40e-100	207	Argentina silus	ray-finned fishes	greater argentine
112641fb91a8a0cd6e03e4a254c1db5c	gi|2510678348|emb|OX637390.1|	97.183	4.41e-93	213	Argentina silus	ray-finned fishes	greater argentine
112641fb91a8a0cd6e03e4a254c1db5c	gi|1561111650|dbj|LC458380.1|	99.415	9.67e-80	171	Argentina silus	ray-finned fishes	greater argentine
112641fb91a8a0cd6e03e4a254c1db5c	gi|2989749779|gb|PV642267.1|	92.754	7.53e-76	207	Argentina striata	ray-finned fishes	striated argentine
112641fb91a8a0cd6e03e4a254c1db5c	gi|2989749751|gb|PV642265.1|	92.754	7.53e-76	207	Argentina striata	ray-finned fishes	striated argentine
2ceecb696bc55e9cb2a15e6ba951e824	gi|2989059657|gb|PV710554.1|	99.512	1.20e-98	205	Ammodytes dubius	ray-finned fishes	northern sand lance
2ceecb696bc55e9cb2a15e6ba951e824	gi|959122927|ref|NC_028530.1|	99.512	1.20e-98	205	Ammodytes americanus	ray-finned fishes	American sand lance
2ceecb696bc55e9cb2a15e6ba951e824	gi|2989059643|gb|PV710553.1|	99.024	5.59e-97	205	Ammodytes dubius	ray-finned fishes	northern sand lance
2ceecb696bc55e9cb2a15e6ba951e824	gi|2989059629|gb|PV710552.1|	99.024	5.59e-97	205	Ammodytes dubius	ray-finned fishes	northern sand lance
2ceecb696bc55e9cb2a15e6ba951e824	gi|2949335892|gb|PV423377.1|	99.024	5.59e-97	205	Ammodytes dubius	ray-finned fishes	northern sand lance
0df822f8b5828683620588b4010819c2	gi|1790179294|dbj|LC493904.1|	100.000	2.58e-100	205	Leptoclinus maculatus	ray-finned fishes	Leptoclinus maculatus
0df822f8b5828683620588b4010819c2	gi|1898139782|gb|MT410903.1|	99.512	1.20e-98	205	Leptoclinus maculatus	ray-finned fishes	Leptoclinus maculatus
0df822f8b5828683620588b4010819c2	gi|2192928254|ref|NC_060630.1|	99.024	5.59e-97	205	Anisarchus medius	ray-finned fishes	stout eelblenny
0df822f8b5828683620588b4010819c2	gi|2580315295|gb|OR582690.1|	98.537	2.60e-95	205	Zaprora silenus	ray-finned fishes	Zaprora silenus
0df822f8b5828683620588b4010819c2	gi|2228970450|ref|NC_062697.1|	98.537	2.60e-95	205	Stichaeopsis nevelskoi	ray-finned fishes	Stichaeopsis nevelskoi
ebe189c6ef12e2b8eda73cbe7a9078e1	gi|2499294728|emb|OX465372.1|	99.034	4.38e-98	207	Balaenoptera acutorostrata	whales & dolphins	minke whale
ebe189c6ef12e2b8eda73cbe7a9078e1	gi|1878254304|gb|MT410935.1|	99.034	4.38e-98	207	Balaenoptera acutorostrata	whales & dolphins	minke whale
ebe189c6ef12e2b8eda73cbe7a9078e1	gi|62086594|dbj|AP006468.1|	99.034	4.38e-98	207	Balaenoptera acutorostrata	whales & dolphins	minke whale
ebe189c6ef12e2b8eda73cbe7a9078e1	gi|38707492|ref|NC_005271.1|	99.034	4.38e-98	207	Balaenoptera acutorostrata	whales & dolphins	minke whale
ebe189c6ef12e2b8eda73cbe7a9078e1	gi|62184354|ref|NC_006926.1|	97.585	4.41e-93	207	Balaenoptera bonaerensis	whales & dolphins	Antarctic minke whale
03bb9f4a53c4e4c2d5c70092b1acb6a2	gi|3053320641|gb|PX070016.1|	99.519	2.63e-100	208	Clupea harengus	ray-finned fishes	Atlantic herring
03bb9f4a53c4e4c2d5c70092b1acb6a2	gi|1799624616|gb|MN122931.1|	99.519	2.63e-100	208	Clupea harengus	ray-finned fishes	Atlantic herring
03bb9f4a53c4e4c2d5c70092b1acb6a2	gi|1517391475|gb|MH194498.2|	99.519	2.63e-100	208	Clupea harengus	ray-finned fishes	Atlantic herring
03bb9f4a53c4e4c2d5c70092b1acb6a2	gi|2018537065|gb|MW818226.1|	99.519	2.63e-100	208	Clupea harengus	ray-finned fishes	Atlantic herring
03bb9f4a53c4e4c2d5c70092b1acb6a2	gi|2018537050|gb|MW818211.1|	99.519	2.63e-100	208	Clupea harengus	ray-finned fishes	Atlantic herring
bef83d0e836016e614f33f0d3af366fb	gi|1798183348|emb|LR745847.1|	98.515	1.20e-93	202	Asterias rubens	starfish	European starfish
bef83d0e836016e614f33f0d3af366fb	gi|2567033648|gb|OR473298.1|	94.059	1.23e-78	202	Asterias amurensis	starfish	Northern Pacific seastar
bef83d0e836016e614f33f0d3af366fb	gi|2582205361|gb|CP134956.1|	94.059	1.23e-78	202	Asterias amurensis	starfish	Northern Pacific seastar
bef83d0e836016e614f33f0d3af366fb	gi|2582205361|gb|CP134956.1|	95.588	3.72e-19	68	Asterias amurensis	starfish	Northern Pacific seastar
bef83d0e836016e614f33f0d3af366fb	gi|2499155095|gb|OP747303.1|	94.059	1.23e-78	202	Asterias amurensis	starfish	Northern Pacific seastar
bef83d0e836016e614f33f0d3af366fb	gi|2499155067|gb|OP747301.1|	94.059	1.23e-78	202	Asterias amurensis	starfish	Northern Pacific seastar
a992e96b78d1e28a207bba1427ed16e9	gi|2891888095|gb|PP467868.1|	98.049	1.24e-93	205	Notoscopelus elongatus kroyeri	ray-finned fishes	Notoscopelus elongatus kroyeri
a992e96b78d1e28a207bba1427ed16e9	gi|441416238|dbj|AP012262.1|	95.238	7.51e-86	210	Notoscopelus elongatus kroyeri	ray-finned fishes	Notoscopelus elongatus kroyeri
a992e96b78d1e28a207bba1427ed16e9	gi|1918447655|dbj|LC579057.1|	99.422	7.57e-81	173	Notoscopelus elongatus	ray-finned fishes	Notoscopelus elongatus
a992e96b78d1e28a207bba1427ed16e9	gi|2591482314|ref|NC_083188.1|	91.388	1.65e-72	209	Notoscopelus resplendens	ray-finned fishes	patchwork lampfish
a992e96b78d1e28a207bba1427ed16e9	gi|2188777025|dbj|LC681797.1|	91.388	1.65e-72	209	Notoscopelus sp. HUMZ:222547	ray-finned fishes	Notoscopelus sp. HUMZ:222547
9396d247b906a88b14b7fef6c00f5f92	gi|2689257709|gb|OR813050.1|	99.078	1.28e-103	217	Amblyraja radiata	sharks & rays	thorny skate
9396d247b906a88b14b7fef6c00f5f92	gi|2689255637|gb|OR812902.1|	99.078	1.28e-103	217	Amblyraja radiata	sharks & rays	thorny skate
9396d247b906a88b14b7fef6c00f5f92	gi|2689252669|gb|OR812690.1|	99.078	1.28e-103	217	Amblyraja radiata	sharks & rays	thorny skate
9396d247b906a88b14b7fef6c00f5f92	gi|2689252655|gb|OR812689.1|	99.078	1.28e-103	217	Amblyraja radiata	sharks & rays	thorny skate
9396d247b906a88b14b7fef6c00f5f92	gi|2689252641|gb|OR812688.1|	99.078	1.28e-103	217	Amblyraja radiata	sharks & rays	thorny skate
229254c572266cc413c92561adb5d99e	gi|2259493815|emb|OW836641.1|	79.078	1.96e-43	282	uncultured fungus	fungi	uncultured fungus
229254c572266cc413c92561adb5d99e	gi|2259493659|emb|OW836558.1|	78.671	2.54e-42	286	uncultured fungus	fungi	uncultured fungus
229254c572266cc413c92561adb5d99e	gi|2259393484|emb|OW837426.1|	79.104	1.18e-40	268	uncultured fungus	fungi	uncultured fungus
229254c572266cc413c92561adb5d99e	gi|1279124608|gb|MF807895.1|	100.000	1.24e-05	35	Nidirana pleuraden	frogs & toads	Yunnan pond frog
229254c572266cc413c92561adb5d99e	gi|1279124607|gb|MF807894.1|	100.000	1.24e-05	35	Nidirana pleuraden	frogs & toads	Yunnan pond frog
3485b847293f0c6724ff2630fc163d5f	gi|1824664091|ref|NC_046485.1|	100.000	9.31e-05	33	Hydrictis maculicollis	carnivores	Spotted-necked otter
3485b847293f0c6724ff2630fc163d5f	gi|1824664077|ref|NC_046484.1|	100.000	9.31e-05	33	Aonyx capensis	carnivores	African clawless otter
3485b847293f0c6724ff2630fc163d5f	gi|3035062583|emb|OZ291576.1|	100.000	9.31e-05	33	Rangifer tarandus	even-toed ungulates & whales	reindeer
3485b847293f0c6724ff2630fc163d5f	gi|3034439884|emb|OZ289199.1|	100.000	9.31e-05	33	Rangifer tarandus	even-toed ungulates & whales	reindeer
3485b847293f0c6724ff2630fc163d5f	gi|1771909800|dbj|LC094961.1|	100.000	9.31e-05	33	Lutra lutra	carnivores	Eurasian river otter
7348011282beed8932ccb9fcb23bd427	gi|3057011267|gb|PX273140.1|	99.517	9.40e-100	207	Homo sapiens	primates	human
7348011282beed8932ccb9fcb23bd427	gi|1850794460|gb|MG660556.1|	99.517	9.40e-100	207	Homo sapiens	primates	human
7348011282beed8932ccb9fcb23bd427	gi|1844479930|gb|MN046508.1|	99.517	9.40e-100	207	Homo sapiens	primates	human
7348011282beed8932ccb9fcb23bd427	gi|1844479538|gb|MN046480.1|	99.517	9.40e-100	207	Homo sapiens	primates	human
7348011282beed8932ccb9fcb23bd427	gi|1844479258|gb|MN046460.1|	99.517	9.40e-100	207	Homo sapiens	primates	human
60638b8a60d82481dca28dfff331a68c	gi|3053320641|gb|PX070016.1|	99.038	1.22e-98	208	Clupea harengus	ray-finned fishes	Atlantic herring
60638b8a60d82481dca28dfff331a68c	gi|1799624616|gb|MN122931.1|	99.038	1.22e-98	208	Clupea harengus	ray-finned fishes	Atlantic herring
60638b8a60d82481dca28dfff331a68c	gi|2922399197|gb|PV221278.1|	99.038	1.22e-98	208	Clupea pallasii	ray-finned fishes	Pacific herring
60638b8a60d82481dca28dfff331a68c	gi|1517391475|gb|MH194498.2|	99.038	1.22e-98	208	Clupea harengus	ray-finned fishes	Atlantic herring
60638b8a60d82481dca28dfff331a68c	gi|2018537065|gb|MW818226.1|	99.038	1.22e-98	208	Clupea harengus	ray-finned fishes	Atlantic herring
2785a2783f314fc035025bd4b4392412	gi|2994737870|gb|PV656769.1|	99.517	9.40e-100	207	Urophycis chuss	ray-finned fishes	red hake
2785a2783f314fc035025bd4b4392412	gi|2580283387|gb|OP057106.2|	99.517	9.40e-100	207	Urophycis chuss	ray-finned fishes	red hake
2785a2783f314fc035025bd4b4392412	gi|1825511901|gb|MT103927.1|	94.737	4.47e-83	209	Urophycis tenuis	ray-finned fishes	white hake
2785a2783f314fc035025bd4b4392412	gi|3178764840|emb|OZ408611.1|	94.231	2.08e-81	208	Phycis phycis	ray-finned fishes	Phycis phycis
2785a2783f314fc035025bd4b4392412	gi|2715332411|ref|NC_088031.1|	93.780	9.67e-80	209	Urophycis brasiliensis	ray-finned fishes	Brazilian codling
313c822c4583c1ec15188e4dd194814c	gi|2113041159|gb|MW591919.1|	98.980	5.40e-92	196	Pteraster militaris	starfish	Pteraster militaris
313c822c4583c1ec15188e4dd194814c	gi|1088482927|ref|NC_031613.1|	90.476	2.18e-11	63	Chagunius chagunio	ray-finned fishes	Chagunius chagunio
313c822c4583c1ec15188e4dd194814c	gi|3106073841|gb|PX503671.1|	92.982	7.82e-11	57	Gymnodiptychus integrigymnatus	ray-finned fishes	Gymnodiptychus integrigymnatus
313c822c4583c1ec15188e4dd194814c	gi|333236123|ref|NC_015527.1|	92.857	7.82e-11	56	Rasbora daniconius	ray-finned fishes	slender rasbora
313c822c4583c1ec15188e4dd194814c	gi|90296376|gb|DQ283207.1|	92.857	7.82e-11	56	Choerophryne sp. ABTC 47720	frogs & toads	Choerophryne sp. ABTC 47720
c893ec049f354cd9900edf778b5acca2	gi|2994737912|gb|PV656772.1|	99.515	3.36e-99	206	Melanogrammus aeglefinus	ray-finned fishes	haddock
c893ec049f354cd9900edf778b5acca2	gi|2994737898|gb|PV656771.1|	99.515	3.36e-99	206	Melanogrammus aeglefinus	ray-finned fishes	haddock
c893ec049f354cd9900edf778b5acca2	gi|2994737884|gb|PV656770.1|	99.515	3.36e-99	206	Melanogrammus aeglefinus	ray-finned fishes	haddock
c893ec049f354cd9900edf778b5acca2	gi|124377065|emb|AM489717.1|	99.515	3.36e-99	206	Melanogrammus aeglefinus	ray-finned fishes	haddock
c893ec049f354cd9900edf778b5acca2	gi|94481723|gb|DQ356942.1|	99.515	3.36e-99	206	Melanogrammus aeglefinus	ray-finned fishes	haddock
76dea93bfa86c9956703c3a92c75aabb	gi|3057012779|gb|PX273248.1|	99.519	2.63e-100	208	Homo sapiens	primates	human
76dea93bfa86c9956703c3a92c75aabb	gi|3057012737|gb|PX273245.1|	99.519	2.63e-100	208	Homo sapiens	primates	human
76dea93bfa86c9956703c3a92c75aabb	gi|3057002797|gb|PX272535.1|	99.519	2.63e-100	208	Homo sapiens	primates	human
76dea93bfa86c9956703c3a92c75aabb	gi|3057002783|gb|PX272534.1|	99.519	2.63e-100	208	Homo sapiens	primates	human
76dea93bfa86c9956703c3a92c75aabb	gi|3057002251|gb|PX272496.1|	99.519	2.63e-100	208	Homo sapiens	primates	human
d14e5159f3c91372d211cad8264716af	gi|2994737912|gb|PV656772.1|	99.515	3.36e-99	206	Melanogrammus aeglefinus	ray-finned fishes	haddock
d14e5159f3c91372d211cad8264716af	gi|2994737898|gb|PV656771.1|	99.515	3.36e-99	206	Melanogrammus aeglefinus	ray-finned fishes	haddock
d14e5159f3c91372d211cad8264716af	gi|2994737884|gb|PV656770.1|	99.515	3.36e-99	206	Melanogrammus aeglefinus	ray-finned fishes	haddock
d14e5159f3c91372d211cad8264716af	gi|124377065|emb|AM489717.1|	99.515	3.36e-99	206	Melanogrammus aeglefinus	ray-finned fishes	haddock
d14e5159f3c91372d211cad8264716af	gi|94481723|gb|DQ356942.1|	99.515	3.36e-99	206	Melanogrammus aeglefinus	ray-finned fishes	haddock
f229715b6c3df3396aecddb9bf046a6a	gi|2591482342|ref|NC_083190.1|	92.271	9.86e-75	207	Sclerasterias satsumana	starfish	Sclerasterias satsumana
f229715b6c3df3396aecddb9bf046a6a	gi|726972397|ref|NC_025766.1|	82.297	4.82e-38	209	Aphelasterias japonica	starfish	Aphelasterias japonica
f229715b6c3df3396aecddb9bf046a6a	gi|1693290266|ref|NC_042741.1|	81.643	2.24e-36	207	Pisaster ochraceus	starfish	purple sea star
f229715b6c3df3396aecddb9bf046a6a	gi|1798183348|emb|LR745847.1|	79.327	4.89e-28	208	Asterias rubens	starfish	European starfish
f229715b6c3df3396aecddb9bf046a6a	gi|2499155081|gb|OP747302.1|	78.947	2.27e-26	209	Asterias amurensis	starfish	Northern Pacific seastar
becfe5c500edc37e2720cbec3cf9be61	gi|2248499876|ref|NC_063523.1|	98.544	7.28e-96	206	Brosme brosme	ray-finned fishes	Brosme brosme
becfe5c500edc37e2720cbec3cf9be61	gi|2119746849|gb|MZ329990.1|	98.544	7.28e-96	206	Brosme brosme	ray-finned fishes	Brosme brosme
becfe5c500edc37e2720cbec3cf9be61	gi|14485460|emb|AJ315617.1|	98.942	4.41e-88	189	Brosme brosme	ray-finned fishes	Brosme brosme
becfe5c500edc37e2720cbec3cf9be61	gi|700587773|gb|KM201364.1|	95.631	7.38e-86	206	Lota lota	ray-finned fishes	burbot
becfe5c500edc37e2720cbec3cf9be61	gi|697994615|gb|KM363244.1|	95.631	7.38e-86	206	Lota lota	ray-finned fishes	burbot
db5badcf1bac6808a4924f927976a9c2	gi|300676991|gb|GU130624.1|	97.235	5.99e-97	217	Scymnodon ringens	sharks & rays	knifetooth dogfish
db5badcf1bac6808a4924f927976a9c2	gi|2949335864|gb|PV423375.1|	95.392	1.01e-89	217	Centroscymnus coelolepis	sharks & rays	Portuguese dogfish
db5badcf1bac6808a4924f927976a9c2	gi|300676989|gb|GU130622.1|	95.392	1.01e-89	217	Centroscymnus owstoni	sharks & rays	roughskin dogfish
db5badcf1bac6808a4924f927976a9c2	gi|300676990|gb|GU130623.1|	94.931	4.70e-88	217	Proscymnodon plunketi	sharks & rays	Plunket shark
db5badcf1bac6808a4924f927976a9c2	gi|2519784395|ref|NC_077648.1|	94.470	6.08e-87	217	Oxynotus paradoxus	sharks & rays	sailfin roughshark
50099b32ce194cbe3ef29ff19e0309a4	gi|2580316710|gb|OR575619.1|	100.000	2.02e-101	207	Phycis chesteri	ray-finned fishes	Phycis chesteri
50099b32ce194cbe3ef29ff19e0309a4	gi|3157077354|gb|PX940050.1|	100.000	2.02e-101	207	Phycis chesteri	ray-finned fishes	Phycis chesteri
50099b32ce194cbe3ef29ff19e0309a4	gi|2927769136|gb|PV267379.1|	98.558	2.04e-96	208	Phycis blennoides	ray-finned fishes	Phycis blennoides
50099b32ce194cbe3ef29ff19e0309a4	gi|3178764840|emb|OZ408611.1|	98.068	9.47e-95	207	Phycis phycis	ray-finned fishes	Phycis phycis
50099b32ce194cbe3ef29ff19e0309a4	gi|14485504|emb|AJ315627.1|	98.429	5.74e-87	191	Phycis blennoides	ray-finned fishes	Phycis blennoides
247ed1f8e91fcbea923276a19bc674e6	gi|2882179697|gb|PQ858033.1|	97.143	0.001	35	Rana dalmatina	frogs & toads	agile frog
247ed1f8e91fcbea923276a19bc674e6	gi|1642524534|ref|NC_042226.1|	97.143	0.001	35	Rana temporaria	frogs & toads	common frog
247ed1f8e91fcbea923276a19bc674e6	gi|2869360573|gb|PQ758684.1|	97.143	0.001	35	Rana italica	frogs & toads	Rana italica
290317b5841169e884196fa88b74d8d4	gi|405779052|gb|JX242937.1|	100.000	7.23e-101	206	Nemichthys curvirostris	ray-finned fishes	spotted snipe eel
290317b5841169e884196fa88b74d8d4	gi|1918448016|dbj|LC579418.1|	100.000	7.23e-101	206	Nemichthys curvirostris	ray-finned fishes	spotted snipe eel
290317b5841169e884196fa88b74d8d4	gi|2174708199|dbj|LC669506.1|	97.087	7.33e-91	206	Nemichthys scolopaceus	ray-finned fishes	slender snipe eel
290317b5841169e884196fa88b74d8d4	gi|280978307|ref|NC_013620.1|	97.087	7.33e-91	206	Nemichthys scolopaceus	ray-finned fishes	slender snipe eel
290317b5841169e884196fa88b74d8d4	gi|22347496|gb|AF417330.1|	97.087	7.33e-91	206	Nemichthys scolopaceus	ray-finned fishes	slender snipe eel
7d8123a6c0210008a77adfb64f82f1de	gi|1693290266|ref|NC_042741.1|	88.614	3.45e-59	202	Pisaster ochraceus	starfish	purple sea star
7d8123a6c0210008a77adfb64f82f1de	gi|726972397|ref|NC_025766.1|	86.207	7.53e-51	203	Aphelasterias japonica	starfish	Aphelasterias japonica
7d8123a6c0210008a77adfb64f82f1de	gi|2567033649|gb|OR473299.1|	82.927	2.75e-40	205	Marthasterias glacialis	starfish	spiny starfish
7d8123a6c0210008a77adfb64f82f1de	gi|2076208768|emb|OU452241.1|	82.927	2.75e-40	205	Marthasterias glacialis	starfish	spiny starfish
7d8123a6c0210008a77adfb64f82f1de	gi|2499155081|gb|OP747302.1|	81.773	7.69e-36	203	Asterias amurensis	starfish	Northern Pacific seastar
8af0dd2175137edff4f826c130723957	gi|2882954833|gb|PQ858633.1|	99.020	2.00e-96	204	Sebastes mentella	ray-finned fishes	deepwater redfish
8af0dd2175137edff4f826c130723957	gi|2882954819|gb|PQ858632.1|	99.020	2.00e-96	204	Sebastes mentella	ray-finned fishes	deepwater redfish
8af0dd2175137edff4f826c130723957	gi|2882954805|gb|PQ858631.1|	99.020	2.00e-96	204	Sebastes fasciatus	ray-finned fishes	Acadian redfish
8af0dd2175137edff4f826c130723957	gi|2882954791|gb|PQ858630.1|	99.020	2.00e-96	204	Sebastes fasciatus	ray-finned fishes	Acadian redfish
8af0dd2175137edff4f826c130723957	gi|2882954777|gb|PQ858629.1|	99.020	2.00e-96	204	Sebastes fasciatus	ray-finned fishes	Acadian redfish
16365e8a4567d13fe2a74b4ecce92a7a	gi|261263618|gb|GQ288511.1|	95.610	2.67e-85	205	Psilaster cassiope	starfish	Psilaster cassiope
16365e8a4567d13fe2a74b4ecce92a7a	gi|2843360854|gb|PQ424530.1|	93.204	5.82e-77	206	Psilaster charcoti	starfish	Psilaster charcoti
16365e8a4567d13fe2a74b4ecce92a7a	gi|2174708225|dbj|LC669532.1|	92.308	1.38e-08	52	Hydrolagus mitsukurii	chimaeras	spookfish
16365e8a4567d13fe2a74b4ecce92a7a	gi|2018125215|ref|NC_053831.1|	92.308	1.38e-08	52	Hydrolagus mirabilis	chimaeras	large-eyed rabbitfish
16365e8a4567d13fe2a74b4ecce92a7a	gi|374675188|gb|JN703261.1|	92.308	1.38e-08	52	Hydrolagus africanus	chimaeras	African chimaera
4d8bde8f68fe79905d91489240448d0d	gi|2663409611|emb|OZ004778.1|	97.238	1.06e-78	181	Phocoena phocoena	whales & dolphins	harbor porpoise
4d8bde8f68fe79905d91489240448d0d	gi|2663409611|emb|OZ004778.1|	79.141	6.95e-16	163	Phocoena phocoena	whales & dolphins	harbor porpoise
4d8bde8f68fe79905d91489240448d0d	gi|2862966474|emb|OZ205431.1|	91.358	1.42e-52	162	Mesoplodon mirus	whales & dolphins	True's beaked whale
4d8bde8f68fe79905d91489240448d0d	gi|3137637082|emb|OZ388172.1|	90.741	1.84e-51	162	Physeter macrocephalus	whales & dolphins	sperm whale
4d8bde8f68fe79905d91489240448d0d	gi|3137637082|emb|OZ388172.1|	80.864	3.19e-24	162	Physeter macrocephalus	whales & dolphins	sperm whale
4d8bde8f68fe79905d91489240448d0d	gi|3137637082|emb|OZ388172.1|	79.630	6.90e-21	162	Physeter macrocephalus	whales & dolphins	sperm whale
4d8bde8f68fe79905d91489240448d0d	gi|3137637082|emb|OZ388172.1|	79.012	3.21e-19	162	Physeter macrocephalus	whales & dolphins	sperm whale
4d8bde8f68fe79905d91489240448d0d	gi|2740296129|emb|OZ071514.1|	90.741	6.62e-51	162	Mesoplodon bidens	whales & dolphins	Sowerby's beaked whale
4d8bde8f68fe79905d91489240448d0d	gi|2472109529|emb|OX457071.1|	90.741	6.62e-51	162	Hyperoodon ampullatus	whales & dolphins	northern bottlenose whale
c1ee2f04b375d3ae72f444492f8b3e15	gi|2591482342|ref|NC_083190.1|	92.271	9.86e-75	207	Sclerasterias satsumana	starfish	Sclerasterias satsumana
c1ee2f04b375d3ae72f444492f8b3e15	gi|1693290266|ref|NC_042741.1|	80.676	4.85e-33	207	Pisaster ochraceus	starfish	purple sea star
c1ee2f04b375d3ae72f444492f8b3e15	gi|2499155081|gb|OP747302.1|	77.990	4.92e-23	209	Asterias amurensis	starfish	Northern Pacific seastar
c1ee2f04b375d3ae72f444492f8b3e15	gi|2567033648|gb|OR473298.1|	77.512	2.29e-21	209	Asterias amurensis	starfish	Northern Pacific seastar
c1ee2f04b375d3ae72f444492f8b3e15	gi|2582205361|gb|CP134956.1|	77.512	2.29e-21	209	Asterias amurensis	starfish	Northern Pacific seastar
aac41245f56116e58bde960672a0d14b	gi|1251775573|gb|MF947452.1|	78.519	3.20e-10	135	Plenaster craigi	sponges	Plenaster craigi
aac41245f56116e58bde960672a0d14b	gi|1835269738|gb|MN917497.1|	83.784	3.22e-05	74	Paratelmatobius cardosoi	frogs & toads	Paratelmatobius cardosoi
aac41245f56116e58bde960672a0d14b	gi|2064684336|dbj|LC640023.1|	93.182	1.16e-04	44	Paraplagusia japonica	ray-finned fishes	black cow-tongue
aac41245f56116e58bde960672a0d14b	gi|511347697|ref|NC_021376.1|	93.182	1.16e-04	44	Paraplagusia japonica	ray-finned fishes	black cow-tongue
aac41245f56116e58bde960672a0d14b	gi|1918448007|dbj|LC579409.1|	93.182	1.16e-04	44	Paraplagusia japonica	ray-finned fishes	black cow-tongue
51b48cb08ab85e56e0093b92e74a5b5c	gi|2624850277|gb|OR886108.1|	97.619	3.51e-94	210	Freyella sp. 4 RZ-2023	starfish	Freyella sp. 4 RZ-2023
51b48cb08ab85e56e0093b92e74a5b5c	gi|2624850276|gb|OR886107.1|	97.143	1.63e-92	210	Freyella sp. 4 RZ-2023	starfish	Freyella sp. 4 RZ-2023
51b48cb08ab85e56e0093b92e74a5b5c	gi|2624850321|gb|OR886152.1|	96.667	2.73e-90	210	Freyella mutabila	starfish	Freyella mutabila
51b48cb08ab85e56e0093b92e74a5b5c	gi|2624850298|gb|OR886129.1|	96.209	3.53e-89	211	Freyella sp. 3 RZ-2023	starfish	Freyella sp. 3 RZ-2023
51b48cb08ab85e56e0093b92e74a5b5c	gi|2567033676|gb|OR473326.1|	95.775	1.27e-88	213	Freyella cf. fragilissima	starfish	Freyella cf. fragilissima
ddb620ba3a77dc5d5427ae25b7cb3733	gi|2843360896|gb|PQ424533.1|	85.096	1.02e-49	208	Smilasterias triremis	starfish	Smilasterias triremis
ddb620ba3a77dc5d5427ae25b7cb3733	gi|2843360770|gb|PQ424524.1|	79.048	1.76e-27	210	Granaster nutrix	starfish	Granaster nutrix
ddb620ba3a77dc5d5427ae25b7cb3733	gi|2232175652|gb|MZ702702.1|	77.512	1.77e-22	209	Paulasterias sp. SS-2022	starfish	Paulasterias sp. SS-2022
ddb620ba3a77dc5d5427ae25b7cb3733	gi|90018506|gb|DQ377826.1|	77.295	6.37e-22	207	Stichaster australis	starfish	Stichaster australis
ddb620ba3a77dc5d5427ae25b7cb3733	gi|2987896797|gb|PV535852.1|	76.636	1.38e-18	214	Coscinasterias muricata	starfish	Coscinasterias muricata
766e87bd79f3a30ccdd2cf77f125b45a	gi|382928388|gb|JF898688.1|	97.436	7.44e-06	39	Cheirocerus eques	ray-finned fishes	Cheirocerus eques
766e87bd79f3a30ccdd2cf77f125b45a	gi|2576354261|gb|OR542300.1|	100.000	2.68e-05	34	Conger cinereus	ray-finned fishes	longfin African conger
766e87bd79f3a30ccdd2cf77f125b45a	gi|2708104151|gb|PP576110.1|	100.000	2.68e-05	34	Conger cinereus	ray-finned fishes	longfin African conger
766e87bd79f3a30ccdd2cf77f125b45a	gi|3108862307|dbj|LC901976.1|	100.000	9.63e-05	33	Gnathopogon caerulescens	ray-finned fishes	Gnathopogon caerulescens
766e87bd79f3a30ccdd2cf77f125b45a	gi|3108862306|dbj|LC901975.1|	100.000	9.63e-05	33	Gnathopogon caerulescens	ray-finned fishes	Gnathopogon caerulescens
0ac779374786e22eb590d3c41159c025	gi|2698751178|gb|PP492856.1|	85.185	2.87e-10	81	Parapercis pulchella	ray-finned fishes	harlequin sandsmelt
0ac779374786e22eb590d3c41159c025	gi|2174708416|dbj|LC552461.2|	85.185	2.87e-10	81	Parapercis pulchella	ray-finned fishes	harlequin sandsmelt
0ac779374786e22eb590d3c41159c025	gi|3248864470|gb|PZ137313.1|	85.185	2.87e-10	81	Parapercis pulchella	ray-finned fishes	harlequin sandsmelt
0ac779374786e22eb590d3c41159c025	gi|1189408146|gb|KY815341.1|	95.745	3.71e-09	47	Terelabrus rubrovittatus	ray-finned fishes	Terelabrus rubrovittatus
0ac779374786e22eb590d3c41159c025	gi|2967563626|gb|PV590091.1|	84.416	1.33e-08	77	Polydactylus quadrifilis	ray-finned fishes	Polydactylus quadrifilis
2b17e456b0f54e0280725ae81a597db4	gi|2591482342|ref|NC_083190.1|	92.271	9.86e-75	207	Sclerasterias satsumana	starfish	Sclerasterias satsumana
2b17e456b0f54e0280725ae81a597db4	gi|1693290266|ref|NC_042741.1|	80.676	4.85e-33	207	Pisaster ochraceus	starfish	purple sea star
2b17e456b0f54e0280725ae81a597db4	gi|2499155081|gb|OP747302.1|	78.571	1.06e-24	210	Asterias amurensis	starfish	Northern Pacific seastar
2b17e456b0f54e0280725ae81a597db4	gi|2567033648|gb|OR473298.1|	78.095	4.92e-23	210	Asterias amurensis	starfish	Northern Pacific seastar
2b17e456b0f54e0280725ae81a597db4	gi|2582205361|gb|CP134956.1|	78.095	4.92e-23	210	Asterias amurensis	starfish	Northern Pacific seastar
7524dd07e1a79881be68080be5fc3c9a	gi|1358104137|gb|MF409246.1|	99.029	1.56e-97	206	Megaptera novaeangliae	whales & dolphins	humpback whale
7524dd07e1a79881be68080be5fc3c9a	gi|2710387203|gb|PP475430.1|	98.544	7.28e-96	206	Megaptera novaeangliae	whales & dolphins	humpback whale
7524dd07e1a79881be68080be5fc3c9a	gi|62184326|ref|NC_006927.1|	98.544	7.28e-96	206	Megaptera novaeangliae	whales & dolphins	humpback whale
7524dd07e1a79881be68080be5fc3c9a	gi|12700648|gb|AY012141.1|	98.544	7.28e-96	206	Megaptera novaeangliae	whales & dolphins	humpback whale
7524dd07e1a79881be68080be5fc3c9a	gi|1778222898|gb|MN124685.1|	95.146	3.43e-84	206	Balaena mysticetus	whales & dolphins	bowhead whale
54659584a429daf37e36111d463c2b1e	gi|295809473|emb|FN674024.1|	99.515	3.36e-99	206	Homo sapiens	primates	human
54659584a429daf37e36111d463c2b1e	gi|16304268|gb|AC021914.7|	99.029	1.56e-97	206	Homo sapiens	primates	human
54659584a429daf37e36111d463c2b1e	gi|2694501978|ref|XM_003818159.5|	97.573	1.58e-92	206	Pan paniscus	primates	pygmy chimpanzee
54659584a429daf37e36111d463c2b1e	gi|1543384086|ref|NG_016607.2|	97.087	7.33e-91	206	Homo sapiens	primates	human
54659584a429daf37e36111d463c2b1e	gi|300192914|ref|NG_023304.1|	97.087	7.33e-91	206	Homo sapiens	primates	human
8ee902580426ee8efc6dfeea7bf06a59	gi|2571476436|gb|OR499725.1|	99.515	3.36e-99	206	Merluccius bilinearis	ray-finned fishes	silver hake
8ee902580426ee8efc6dfeea7bf06a59	gi|3211598001|gb|PZ091031.1|	99.515	3.36e-99	206	Merluccius bilinearis	ray-finned fishes	silver hake
8ee902580426ee8efc6dfeea7bf06a59	gi|3211597805|gb|PZ091017.1|	99.515	3.36e-99	206	Merluccius bilinearis	ray-finned fishes	silver hake
8ee902580426ee8efc6dfeea7bf06a59	gi|3053320529|gb|PX070008.1|	99.029	1.56e-97	206	Merluccius bilinearis	ray-finned fishes	silver hake
8ee902580426ee8efc6dfeea7bf06a59	gi|3211597665|gb|PZ091007.1|	99.029	5.63e-97	206	Merluccius bilinearis	ray-finned fishes	silver hake
6af02bb995e4ebae96e50d7a4c08c6fa	gi|2989059657|gb|PV710554.1|	99.512	1.20e-98	205	Ammodytes dubius	ray-finned fishes	northern sand lance
6af02bb995e4ebae96e50d7a4c08c6fa	gi|959122927|ref|NC_028530.1|	99.512	1.20e-98	205	Ammodytes americanus	ray-finned fishes	American sand lance
6af02bb995e4ebae96e50d7a4c08c6fa	gi|2989059643|gb|PV710553.1|	99.024	5.59e-97	205	Ammodytes dubius	ray-finned fishes	northern sand lance
6af02bb995e4ebae96e50d7a4c08c6fa	gi|2989059629|gb|PV710552.1|	99.024	5.59e-97	205	Ammodytes dubius	ray-finned fishes	northern sand lance
6af02bb995e4ebae96e50d7a4c08c6fa	gi|2949335892|gb|PV423377.1|	99.024	5.59e-97	205	Ammodytes dubius	ray-finned fishes	northern sand lance
067a0dfa547b7ce51f8515ef9e71b27f	gi|2930385713|gb|MK617317.1|	78.505	1.87e-06	107	Benthodytes gosarsi	sea cucumbers	Benthodytes gosarsi
067a0dfa547b7ce51f8515ef9e71b27f	gi|2882179697|gb|PQ858033.1|	97.143	0.001	35	Rana dalmatina	frogs & toads	agile frog
067a0dfa547b7ce51f8515ef9e71b27f	gi|1642524534|ref|NC_042226.1|	97.143	0.001	35	Rana temporaria	frogs & toads	common frog
067a0dfa547b7ce51f8515ef9e71b27f	gi|2869360573|gb|PQ758684.1|	97.143	0.001	35	Rana italica	frogs & toads	Rana italica
067a0dfa547b7ce51f8515ef9e71b27f	gi|1583106462|ref|NC_040968.1|	77.064	0.001	109	Benthodytes marianensis	sea cucumbers	Benthodytes marianensis
797452542193655b7026fb1d2fe1671f	gi|2700651528|gb|PP032999.1|	100.000	2.02e-101	207	Priacanthus arenatus	ray-finned fishes	Atlantic bigeye
797452542193655b7026fb1d2fe1671f	gi|2587933002|ref|NC_082997.1|	100.000	2.02e-101	207	Priacanthus arenatus	ray-finned fishes	Atlantic bigeye
797452542193655b7026fb1d2fe1671f	gi|3211597889|gb|PZ091023.1|	100.000	2.02e-101	207	Priacanthus arenatus	ray-finned fishes	Atlantic bigeye
797452542193655b7026fb1d2fe1671f	gi|2936083953|gb|PV350484.1|	100.000	3.38e-99	203	Priacanthus arenatus	ray-finned fishes	Atlantic bigeye
797452542193655b7026fb1d2fe1671f	gi|2936084017|gb|PV350548.1|	100.000	1.22e-98	202	Priacanthus arenatus	ray-finned fishes	Atlantic bigeye
9b6dd5422863ecdb3c46f968c371c3c6	gi|1829764069|ref|NC_046684.1|	98.157	2.77e-100	217	Dipturus batis	sharks & rays	blue skate
9b6dd5422863ecdb3c46f968c371c3c6	gi|586598295|gb|KF962934.1|	98.157	2.77e-100	217	Dipturus argentinensis	sharks & rays	Argentine skate
9b6dd5422863ecdb3c46f968c371c3c6	gi|1394333080|gb|MF278981.1|	98.157	2.77e-100	217	Dipturus innominatus	sharks & rays	Dipturus innominatus
9b6dd5422863ecdb3c46f968c371c3c6	gi|1394332884|gb|MF278967.1|	98.157	2.77e-100	217	Zearaja maugeana	sharks & rays	Port Davey skate
9b6dd5422863ecdb3c46f968c371c3c6	gi|1418585864|ref|NC_037966.1|	98.157	2.77e-100	217	Zearaja maugeana	sharks & rays	Port Davey skate
1974cad5711b8b096b4fd84bb2c6461f	gi|2994737912|gb|PV656772.1|	99.515	3.36e-99	206	Melanogrammus aeglefinus	ray-finned fishes	haddock
1974cad5711b8b096b4fd84bb2c6461f	gi|2994737898|gb|PV656771.1|	99.515	3.36e-99	206	Melanogrammus aeglefinus	ray-finned fishes	haddock
1974cad5711b8b096b4fd84bb2c6461f	gi|2994737884|gb|PV656770.1|	99.515	3.36e-99	206	Melanogrammus aeglefinus	ray-finned fishes	haddock
1974cad5711b8b096b4fd84bb2c6461f	gi|124377065|emb|AM489717.1|	99.515	3.36e-99	206	Melanogrammus aeglefinus	ray-finned fishes	haddock
1974cad5711b8b096b4fd84bb2c6461f	gi|94481723|gb|DQ356942.1|	99.515	3.36e-99	206	Melanogrammus aeglefinus	ray-finned fishes	haddock
3682ce4fd0a2faa126a3697a2e227b55	gi|726972397|ref|NC_025766.1|	95.545	1.22e-83	202	Aphelasterias japonica	starfish	Aphelasterias japonica
3682ce4fd0a2faa126a3697a2e227b55	gi|2499155081|gb|OP747302.1|	84.804	5.97e-47	204	Asterias amurensis	starfish	Northern Pacific seastar
3682ce4fd0a2faa126a3697a2e227b55	gi|1693290266|ref|NC_042741.1|	84.653	2.15e-46	202	Pisaster ochraceus	starfish	purple sea star
3682ce4fd0a2faa126a3697a2e227b55	gi|1798183348|emb|LR745847.1|	84.314	2.78e-45	204	Asterias rubens	starfish	European starfish
3682ce4fd0a2faa126a3697a2e227b55	gi|2567033648|gb|OR473298.1|	84.314	2.78e-45	204	Asterias amurensis	starfish	Northern Pacific seastar
c47b691ec55304c481ff963937822825	gi|224472336|gb|FJ171787.1|	99.522	7.44e-101	209	Astropecten alligator	starfish	Astropecten alligator
c47b691ec55304c481ff963937822825	gi|224472335|gb|FJ171786.1|	99.522	7.44e-101	209	Astropecten americanus	starfish	Astropecten americanus
c47b691ec55304c481ff963937822825	gi|224472337|gb|FJ171788.1|	95.714	5.88e-87	210	Astropecten comptus	starfish	Astropecten comptus
c47b691ec55304c481ff963937822825	gi|224472339|gb|FJ171790.1|	95.238	2.73e-85	210	Astropecten comptus	starfish	Astropecten comptus
c47b691ec55304c481ff963937822825	gi|224472338|gb|FJ171789.1|	95.238	2.73e-85	210	Astropecten nitidus	starfish	Astropecten nitidus
84721d535237c15c5585eaa816e90178	gi|1131390202|gb|KX925518.1|	100.000	7.23e-101	206	Scomberomorus concolor	ray-finned fishes	Monterey Spanish mackerel
84721d535237c15c5585eaa816e90178	gi|1134942684|ref|NC_033531.1|	100.000	7.23e-101	206	Scomberomorus concolor	ray-finned fishes	Monterey Spanish mackerel
84721d535237c15c5585eaa816e90178	gi|1150148547|ref|NC_033887.1|	99.029	1.56e-97	206	Scomberomorus sierra	ray-finned fishes	Pacific sierra
84721d535237c15c5585eaa816e90178	gi|2991367683|gb|PV720023.1|	98.544	7.28e-96	206	Scomberomorus maculatus	ray-finned fishes	Spanish mackerel
84721d535237c15c5585eaa816e90178	gi|2715332232|ref|NC_088025.1|	98.544	7.28e-96	206	Scomberomorus brasiliensis	ray-finned fishes	Serra Spanish mackerel
84628cfd5e43beb8d0d1200145afdb9f	gi|2580278162|gb|OP057031.2|	99.512	1.20e-98	205	Xiphias gladius	ray-finned fishes	swordfish
84628cfd5e43beb8d0d1200145afdb9f	gi|2309725946|gb|OP537859.1|	99.512	1.20e-98	205	Xiphias gladius	ray-finned fishes	swordfish
84628cfd5e43beb8d0d1200145afdb9f	gi|542132237|dbj|AP006036.1|	99.512	1.20e-98	205	Xiphias gladius	ray-finned fishes	swordfish
84628cfd5e43beb8d0d1200145afdb9f	gi|229918859|ref|NC_012677.1|	99.512	1.20e-98	205	Xiphias gladius	ray-finned fishes	swordfish
84628cfd5e43beb8d0d1200145afdb9f	gi|114148946|gb|DQ854646.1|	99.512	1.20e-98	205	Xiphias gladius	ray-finned fishes	swordfish
ce913f12f02fd21eeaec8bcd435f4fcb	gi|2208847187|gb|ON000318.1|	99.029	1.56e-97	206	Benthosema glaciale	ray-finned fishes	Benthosema glaciale
ce913f12f02fd21eeaec8bcd435f4fcb	gi|443089676|dbj|AB648909.1|	99.034	1.56e-97	207	Protomyctophum arcticum	ray-finned fishes	Arctic telescope
ce913f12f02fd21eeaec8bcd435f4fcb	gi|2497635878|gb|OQ883850.1|	98.824	1.61e-77	170	Benthosema glaciale	ray-finned fishes	Benthosema glaciale
ce913f12f02fd21eeaec8bcd435f4fcb	gi|441416266|dbj|AP012264.1|	93.237	1.61e-77	207	Benthosema glaciale	ray-finned fishes	Benthosema glaciale
ce913f12f02fd21eeaec8bcd435f4fcb	gi|1918447656|dbj|LC579058.1|	98.830	1.61e-77	171	Protomyctophum arcticum	ray-finned fishes	Arctic telescope
939e51c6716d7df21f3fc46b326fd0c2	gi|1693290266|ref|NC_042741.1|	88.614	3.45e-59	202	Pisaster ochraceus	starfish	purple sea star
939e51c6716d7df21f3fc46b326fd0c2	gi|726972397|ref|NC_025766.1|	86.207	7.53e-51	203	Aphelasterias japonica	starfish	Aphelasterias japonica
939e51c6716d7df21f3fc46b326fd0c2	gi|2567033649|gb|OR473299.1|	82.927	2.75e-40	205	Marthasterias glacialis	starfish	spiny starfish
939e51c6716d7df21f3fc46b326fd0c2	gi|2076208768|emb|OU452241.1|	82.927	2.75e-40	205	Marthasterias glacialis	starfish	spiny starfish
939e51c6716d7df21f3fc46b326fd0c2	gi|2499155081|gb|OP747302.1|	81.773	7.69e-36	203	Asterias amurensis	starfish	Northern Pacific seastar
c5ac60d2ad80224cde92199533ff41d4	gi|2989059657|gb|PV710554.1|	99.512	1.20e-98	205	Ammodytes dubius	ray-finned fishes	northern sand lance
c5ac60d2ad80224cde92199533ff41d4	gi|959122927|ref|NC_028530.1|	99.512	1.20e-98	205	Ammodytes americanus	ray-finned fishes	American sand lance
c5ac60d2ad80224cde92199533ff41d4	gi|2989059643|gb|PV710553.1|	99.024	5.59e-97	205	Ammodytes dubius	ray-finned fishes	northern sand lance
c5ac60d2ad80224cde92199533ff41d4	gi|2989059629|gb|PV710552.1|	99.024	5.59e-97	205	Ammodytes dubius	ray-finned fishes	northern sand lance
c5ac60d2ad80224cde92199533ff41d4	gi|2949335892|gb|PV423377.1|	99.024	5.59e-97	205	Ammodytes dubius	ray-finned fishes	northern sand lance
30c7b701ccfef3f90f4ee04fc4c72153	gi|2989059643|gb|PV710553.1|	99.512	1.20e-98	205	Ammodytes dubius	ray-finned fishes	northern sand lance
30c7b701ccfef3f90f4ee04fc4c72153	gi|2989059629|gb|PV710552.1|	99.512	1.20e-98	205	Ammodytes dubius	ray-finned fishes	northern sand lance
30c7b701ccfef3f90f4ee04fc4c72153	gi|2949335892|gb|PV423377.1|	99.512	1.20e-98	205	Ammodytes dubius	ray-finned fishes	northern sand lance
30c7b701ccfef3f90f4ee04fc4c72153	gi|959122913|ref|NC_028529.1|	99.512	1.20e-98	205	Ammodytes dubius	ray-finned fishes	northern sand lance
30c7b701ccfef3f90f4ee04fc4c72153	gi|2989059657|gb|PV710554.1|	99.024	5.59e-97	205	Ammodytes dubius	ray-finned fishes	northern sand lance
6b09af5794bf8ac817950e1c6f539b32	gi|930854782|dbj|AP012952.1|	99.034	4.38e-98	207	Argentina silus	ray-finned fishes	greater argentine
6b09af5794bf8ac817950e1c6f539b32	gi|2510678348|emb|OX637390.1|	96.714	2.05e-91	213	Argentina silus	ray-finned fishes	greater argentine
6b09af5794bf8ac817950e1c6f539b32	gi|1561111650|dbj|LC458380.1|	98.830	4.50e-78	171	Argentina silus	ray-finned fishes	greater argentine
6b09af5794bf8ac817950e1c6f539b32	gi|3053321131|gb|PX070051.1|	92.308	9.74e-75	208	Argentina georgei	ray-finned fishes	Argentina georgei
6b09af5794bf8ac817950e1c6f539b32	gi|2953472324|gb|PV460852.1|	92.308	9.74e-75	208	Argentina georgei	ray-finned fishes	Argentina georgei
dd852bf739b2e3fc0348be63d2929eb8	gi|1693290266|ref|NC_042741.1|	89.109	7.42e-61	202	Pisaster ochraceus	starfish	purple sea star
dd852bf739b2e3fc0348be63d2929eb8	gi|726972397|ref|NC_025766.1|	86.700	1.62e-52	203	Aphelasterias japonica	starfish	Aphelasterias japonica
dd852bf739b2e3fc0348be63d2929eb8	gi|2567033649|gb|OR473299.1|	83.415	5.90e-42	205	Marthasterias glacialis	starfish	spiny starfish
dd852bf739b2e3fc0348be63d2929eb8	gi|2076208768|emb|OU452241.1|	83.415	5.90e-42	205	Marthasterias glacialis	starfish	spiny starfish
dd852bf739b2e3fc0348be63d2929eb8	gi|2499155081|gb|OP747302.1|	82.266	1.65e-37	203	Asterias amurensis	starfish	Northern Pacific seastar
a0748654dea0d76b7caf39add8c7049f	gi|2452630836|ref|NC_071876.1|	97.835	8.27e-106	231	Ctenodiscus crispatus	starfish	Ctenodiscus crispatus
a0748654dea0d76b7caf39add8c7049f	gi|2843360756|gb|PQ424523.1|	78.947	2.63e-11	133	Glabraster antarctica	starfish	Glabraster antarctica
a0748654dea0d76b7caf39add8c7049f	gi|2647705888|gb|PP118494.1|	96.000	9.46e-11	50	Astroblepus sp.	ray-finned fishes	Astroblepus sp.
a0748654dea0d76b7caf39add8c7049f	gi|2591482202|ref|NC_083180.1|	94.340	3.40e-10	53	Ophidion muraenolepis	ray-finned fishes	blackedge cusk
a0748654dea0d76b7caf39add8c7049f	gi|2647705911|gb|PP118517.1|	94.000	4.40e-09	50	Astroblepus verai	ray-finned fishes	Astroblepus verai
61b970067615b659562df23a0b762c16	gi|2989059643|gb|PV710553.1|	99.512	1.20e-98	205	Ammodytes dubius	ray-finned fishes	northern sand lance
61b970067615b659562df23a0b762c16	gi|2989059629|gb|PV710552.1|	99.512	1.20e-98	205	Ammodytes dubius	ray-finned fishes	northern sand lance
61b970067615b659562df23a0b762c16	gi|2949335892|gb|PV423377.1|	99.512	1.20e-98	205	Ammodytes dubius	ray-finned fishes	northern sand lance
61b970067615b659562df23a0b762c16	gi|959122913|ref|NC_028529.1|	99.512	1.20e-98	205	Ammodytes dubius	ray-finned fishes	northern sand lance
61b970067615b659562df23a0b762c16	gi|2989059657|gb|PV710554.1|	99.024	5.59e-97	205	Ammodytes dubius	ray-finned fishes	northern sand lance
396902c0bf8220ebed3023b24c7aecf3	gi|1825511888|gb|MT103916.1|	99.512	1.20e-98	205	Myzopsetta ferruginea	ray-finned fishes	yellowtail flounder
396902c0bf8220ebed3023b24c7aecf3	gi|2745580202|gb|PP928767.1|	99.512	1.20e-98	205	Platichthys flesus	ray-finned fishes	European flounder
396902c0bf8220ebed3023b24c7aecf3	gi|2587926480|ref|NC_082783.1|	99.512	1.20e-98	205	Liopsetta glacialis	ray-finned fishes	Arctic flounder
396902c0bf8220ebed3023b24c7aecf3	gi|2577880658|ref|NC_082285.1|	99.512	1.20e-98	205	Platichthys stellatus x Verasper variegatus	ray-finned fishes	Platichthys stellatus x Verasper variegatus
396902c0bf8220ebed3023b24c7aecf3	gi|2524645126|ref|NC_080271.1|	99.512	1.20e-98	205	Platichthys stellatus x (Kareius bicoloratus x Platichthys stellatus)	ray-finned fishes	Platichthys stellatus x (Kareius bicoloratus x Platichthys stellatus)
1df61a650a78e89f8f43a288733cd32b	gi|3075515200|emb|OZ337939.1|	91.304	9.25e-05	46	Tadarida teniotis	bats	European free-tailed bat
1df61a650a78e89f8f43a288733cd32b	gi|3075444922|emb|OZ337966.1|	91.304	9.25e-05	46	Tadarida teniotis	bats	European free-tailed bat
1df61a650a78e89f8f43a288733cd32b	gi|1002162463|ref|NC_029384.1|	91.111	3.33e-04	45	Ninox scutulata	birds	Ninox scutulata
1df61a650a78e89f8f43a288733cd32b	gi|2156568083|dbj|LC661314.1|	91.111	3.33e-04	45	Coelorinchus kamoharai	ray-finned fishes	Kamohara grenadier
1df61a650a78e89f8f43a288733cd32b	gi|2156568082|dbj|LC661313.1|	91.111	3.33e-04	45	Coelorinchus kamoharai	ray-finned fishes	Kamohara grenadier
920c4b01ac5cc200ea93ac8fe8c218fc	gi|2891888095|gb|PP467868.1|	97.561	5.77e-92	205	Notoscopelus elongatus kroyeri	ray-finned fishes	Notoscopelus elongatus kroyeri
920c4b01ac5cc200ea93ac8fe8c218fc	gi|441416238|dbj|AP012262.1|	94.762	3.50e-84	210	Notoscopelus elongatus kroyeri	ray-finned fishes	Notoscopelus elongatus kroyeri
920c4b01ac5cc200ea93ac8fe8c218fc	gi|1918447655|dbj|LC579057.1|	98.844	3.52e-79	173	Notoscopelus elongatus	ray-finned fishes	Notoscopelus elongatus
920c4b01ac5cc200ea93ac8fe8c218fc	gi|2591482314|ref|NC_083188.1|	90.909	7.67e-71	209	Notoscopelus resplendens	ray-finned fishes	patchwork lampfish
920c4b01ac5cc200ea93ac8fe8c218fc	gi|2188777025|dbj|LC681797.1|	90.909	7.67e-71	209	Notoscopelus sp. HUMZ:222547	ray-finned fishes	Notoscopelus sp. HUMZ:222547
b284017d870d5f7424c70bb41aeba60d	gi|1832296267|gb|MN181403.1|	99.512	1.20e-98	205	Canis lupus familiaris	carnivores	dog
b284017d870d5f7424c70bb41aeba60d	gi|1480117475|gb|MH105047.1|	99.512	1.20e-98	205	Canis lupus familiaris	carnivores	dog
b284017d870d5f7424c70bb41aeba60d	gi|1406948051|gb|KY798513.1|	99.512	1.20e-98	205	Canis lupus familiaris	carnivores	dog
b284017d870d5f7424c70bb41aeba60d	gi|1028335929|gb|KU291082.1|	99.512	1.20e-98	205	Canis lupus familiaris	carnivores	dog
b284017d870d5f7424c70bb41aeba60d	gi|1028335873|gb|KU291078.1|	99.512	1.20e-98	205	Canis lupus familiaris	carnivores	dog
92d2086c0612778a7928eb6ff52d429f	gi|2591482342|ref|NC_083190.1|	92.271	9.86e-75	207	Sclerasterias satsumana	starfish	Sclerasterias satsumana
92d2086c0612778a7928eb6ff52d429f	gi|1693290266|ref|NC_042741.1|	81.159	1.04e-34	207	Pisaster ochraceus	starfish	purple sea star
92d2086c0612778a7928eb6ff52d429f	gi|2499155081|gb|OP747302.1|	78.947	2.27e-26	209	Asterias amurensis	starfish	Northern Pacific seastar
92d2086c0612778a7928eb6ff52d429f	gi|2567033648|gb|OR473298.1|	78.469	1.06e-24	209	Asterias amurensis	starfish	Northern Pacific seastar
92d2086c0612778a7928eb6ff52d429f	gi|2582205361|gb|CP134956.1|	78.469	1.06e-24	209	Asterias amurensis	starfish	Northern Pacific seastar
093e93973b8eb640c9f27e38d0ff3caa	gi|1358104081|gb|MF409242.1|	99.515	3.36e-99	206	Balaenoptera musculus	whales & dolphins	blue whale
093e93973b8eb640c9f27e38d0ff3caa	gi|2635771306|gb|ON257888.1|	99.515	3.36e-99	206	Balaenoptera musculus	whales & dolphins	blue whale
093e93973b8eb640c9f27e38d0ff3caa	gi|2635771292|gb|ON257887.1|	99.515	3.36e-99	206	Balaenoptera musculus	whales & dolphins	blue whale
093e93973b8eb640c9f27e38d0ff3caa	gi|2635771278|gb|ON257886.1|	99.515	3.36e-99	206	Balaenoptera musculus	whales & dolphins	blue whale
093e93973b8eb640c9f27e38d0ff3caa	gi|2635771614|gb|ON257910.1|	99.029	1.56e-97	206	Balaenoptera musculus	whales & dolphins	blue whale
24c83754b0e1840083e25be004a3bafa	gi|700275296|gb|KM096988.1|	99.078	1.28e-103	217	Cetorhinus maximus	sharks & rays	Cetorhinus maximus
24c83754b0e1840083e25be004a3bafa	gi|700275198|gb|KM096981.1|	99.078	1.28e-103	217	Cetorhinus maximus	sharks & rays	Cetorhinus maximus
24c83754b0e1840083e25be004a3bafa	gi|700275030|gb|KM096969.1|	99.078	1.28e-103	217	Cetorhinus maximus	sharks & rays	Cetorhinus maximus
24c83754b0e1840083e25be004a3bafa	gi|586946454|gb|KF991387.1|	98.165	2.77e-100	218	Cetorhinus maximus	sharks & rays	Cetorhinus maximus
24c83754b0e1840083e25be004a3bafa	gi|2750968131|emb|OZ077486.1|	98.165	2.77e-100	218	Cetorhinus maximus	sharks & rays	Cetorhinus maximus
ff3a8d8c0d4d8817e42f956074f11f1e	gi|2689257695|gb|OR813049.1|	98.157	2.77e-100	217	Amblyraja radiata	sharks & rays	thorny skate
ff3a8d8c0d4d8817e42f956074f11f1e	gi|2689257681|gb|OR813048.1|	98.157	2.77e-100	217	Amblyraja radiata	sharks & rays	thorny skate
ff3a8d8c0d4d8817e42f956074f11f1e	gi|2689257667|gb|OR813047.1|	98.157	2.77e-100	217	Amblyraja radiata	sharks & rays	thorny skate
ff3a8d8c0d4d8817e42f956074f11f1e	gi|2689257653|gb|OR813046.1|	98.157	2.77e-100	217	Amblyraja radiata	sharks & rays	thorny skate
ff3a8d8c0d4d8817e42f956074f11f1e	gi|2689257639|gb|OR813045.1|	98.157	2.77e-100	217	Amblyraja radiata	sharks & rays	thorny skate
5dd40fa34bc2d28823f11dd3af94692a	gi|1798183348|emb|LR745847.1|	99.010	2.59e-95	202	Asterias rubens	starfish	European starfish
5dd40fa34bc2d28823f11dd3af94692a	gi|2567033648|gb|OR473298.1|	94.554	2.64e-80	202	Asterias amurensis	starfish	Northern Pacific seastar
5dd40fa34bc2d28823f11dd3af94692a	gi|2582205361|gb|CP134956.1|	94.554	2.64e-80	202	Asterias amurensis	starfish	Northern Pacific seastar
5dd40fa34bc2d28823f11dd3af94692a	gi|2499155095|gb|OP747303.1|	94.554	2.64e-80	202	Asterias amurensis	starfish	Northern Pacific seastar
5dd40fa34bc2d28823f11dd3af94692a	gi|2499155067|gb|OP747301.1|	94.554	2.64e-80	202	Asterias amurensis	starfish	Northern Pacific seastar
309b9d372f18b2f3412d4144c9f47178	gi|2591887110|ref|NC_083222.1|	99.517	9.40e-100	207	Globicephala melas	whales & dolphins	long-finned pilot whale
309b9d372f18b2f3412d4144c9f47178	gi|326370250|gb|JF339972.1|	99.517	9.40e-100	207	Globicephala melas	whales & dolphins	long-finned pilot whale
309b9d372f18b2f3412d4144c9f47178	gi|294679529|gb|HM060334.1|	99.517	9.40e-100	207	Globicephala melas	whales & dolphins	long-finned pilot whale
309b9d372f18b2f3412d4144c9f47178	gi|1624685187|gb|MK790782.1|	99.034	4.38e-98	207	Globicephala macrorhynchus	whales & dolphins	short-finned pilot whale
309b9d372f18b2f3412d4144c9f47178	gi|1624685173|gb|MK790781.1|	99.034	4.38e-98	207	Globicephala macrorhynchus	whales & dolphins	short-finned pilot whale
9c694aba3984ba591050027cdee5c5e3	gi|2248499876|ref|NC_063523.1|	99.029	1.56e-97	206	Brosme brosme	ray-finned fishes	Brosme brosme
9c694aba3984ba591050027cdee5c5e3	gi|2119746849|gb|MZ329990.1|	99.029	1.56e-97	206	Brosme brosme	ray-finned fishes	Brosme brosme
9c694aba3984ba591050027cdee5c5e3	gi|14485460|emb|AJ315617.1|	99.471	9.48e-90	189	Brosme brosme	ray-finned fishes	Brosme brosme
9c694aba3984ba591050027cdee5c5e3	gi|700587773|gb|KM201364.1|	96.117	1.59e-87	206	Lota lota	ray-finned fishes	burbot
9c694aba3984ba591050027cdee5c5e3	gi|697994615|gb|KM363244.1|	96.117	1.59e-87	206	Lota lota	ray-finned fishes	burbot
fd1e8b0a3b45d53cb84be83d96799336	gi|2926901907|gb|PP375181.1|	99.517	9.40e-100	207	Delphinus delphis	whales & dolphins	saddleback dolphin
fd1e8b0a3b45d53cb84be83d96799336	gi|2926901893|gb|PP375180.1|	99.517	9.40e-100	207	Delphinus delphis	whales & dolphins	saddleback dolphin
fd1e8b0a3b45d53cb84be83d96799336	gi|2926901879|gb|PP375179.1|	99.517	9.40e-100	207	Delphinus delphis	whales & dolphins	saddleback dolphin
fd1e8b0a3b45d53cb84be83d96799336	gi|2926901431|gb|PP375147.1|	99.517	9.40e-100	207	Delphinus delphis	whales & dolphins	saddleback dolphin
fd1e8b0a3b45d53cb84be83d96799336	gi|2926901417|gb|PP375146.1|	99.517	9.40e-100	207	Delphinus delphis	whales & dolphins	saddleback dolphin
065051d852161194234b3de00b054778	gi|2811641124|emb|OZ185479.1|	99.034	4.38e-98	207	Leucopleurus acutus	whales & dolphins	Atlantic white-sided dolphin
065051d852161194234b3de00b054778	gi|1904804563|ref|NC_050265.1|	99.034	4.38e-98	207	Leucopleurus acutus	whales & dolphins	Atlantic white-sided dolphin
065051d852161194234b3de00b054778	gi|470233273|ref|NC_020696.1|	98.068	9.47e-95	207	Cephalorhynchus heavisidii	whales & dolphins	Heaviside's dolphin
065051d852161194234b3de00b054778	gi|1605131483|gb|MH992390.1|	97.585	4.41e-93	207	Sagmatias obliquidens	whales & dolphins	Pacific white-sided dolphin
065051d852161194234b3de00b054778	gi|1215852987|ref|NC_035426.1|	97.585	4.41e-93	207	Sagmatias obliquidens	whales & dolphins	Pacific white-sided dolphin
319ffc72e7086588861a49be231fdcaf	gi|1540304408|gb|MH688244.1|	93.023	1.60e-04	43	Aperioptus gracilentus	ray-finned fishes	Aperioptus gracilentus
319ffc72e7086588861a49be231fdcaf	gi|2329468051|gb|OP056813.1|	93.023	1.60e-04	43	Bathygobius geminatus	ray-finned fishes	twin-spotted frillfin
319ffc72e7086588861a49be231fdcaf	gi|2426930353|dbj|LC049831.2|	93.023	1.60e-04	43	Rhinogobius rong	ray-finned fishes	Rhinogobius rong
319ffc72e7086588861a49be231fdcaf	gi|751868327|ref|NC_026284.1|	93.023	1.60e-04	43	Pelotretis flavilatus	ray-finned fishes	southern lemon sole
319ffc72e7086588861a49be231fdcaf	gi|2064684336|dbj|LC640023.1|	93.023	1.60e-04	43	Paraplagusia japonica	ray-finned fishes	black cow-tongue
397c987d6b9f58aa45c10c12e9d29897	gi|441415945|dbj|AP012241.1|	99.519	2.63e-100	208	Lampanyctus macdonaldi	ray-finned fishes	rakery beaconlamp
397c987d6b9f58aa45c10c12e9d29897	gi|2891888094|gb|PP467867.1|	98.030	1.59e-92	203	Lampanyctus crocodilus	ray-finned fishes	jewel lanternfish
397c987d6b9f58aa45c10c12e9d29897	gi|441416183|dbj|AP012258.1|	97.115	2.06e-91	208	Lampanyctus crocodilus	ray-finned fishes	jewel lanternfish
397c987d6b9f58aa45c10c12e9d29897	gi|2717525663|dbj|LC811634.1|	96.154	1.24e-88	208	Lampanyctus jordani	ray-finned fishes	brokenline lanternfish
397c987d6b9f58aa45c10c12e9d29897	gi|2580278524|gb|OP057083.2|	96.154	1.24e-88	208	Lampanyctus bristori	ray-finned fishes	Lampanyctus bristori
7fabbf83d8f62aa2f2195f4dddb28ea5	gi|2994737912|gb|PV656772.1|	99.515	3.36e-99	206	Melanogrammus aeglefinus	ray-finned fishes	haddock
7fabbf83d8f62aa2f2195f4dddb28ea5	gi|2994737898|gb|PV656771.1|	99.515	3.36e-99	206	Melanogrammus aeglefinus	ray-finned fishes	haddock
7fabbf83d8f62aa2f2195f4dddb28ea5	gi|2994737884|gb|PV656770.1|	99.515	3.36e-99	206	Melanogrammus aeglefinus	ray-finned fishes	haddock
7fabbf83d8f62aa2f2195f4dddb28ea5	gi|124377065|emb|AM489717.1|	99.515	3.36e-99	206	Melanogrammus aeglefinus	ray-finned fishes	haddock
7fabbf83d8f62aa2f2195f4dddb28ea5	gi|94481723|gb|DQ356942.1|	99.515	3.36e-99	206	Melanogrammus aeglefinus	ray-finned fishes	haddock
c7c1ef0b2f3c5e21775c63ee89a532aa	gi|3057003021|gb|PX272551.1|	99.517	9.40e-100	207	Homo sapiens	primates	human
c7c1ef0b2f3c5e21775c63ee89a532aa	gi|1850795762|gb|MG660791.1|	99.517	9.40e-100	207	Homo sapiens	primates	human
c7c1ef0b2f3c5e21775c63ee89a532aa	gi|3061388610|gb|PX366909.1|	99.517	9.40e-100	207	Homo sapiens	primates	human
c7c1ef0b2f3c5e21775c63ee89a532aa	gi|1710307677|gb|MN150712.1|	99.517	9.40e-100	207	Homo sapiens	primates	human
c7c1ef0b2f3c5e21775c63ee89a532aa	gi|2903183870|gb|PV067318.1|	99.517	9.40e-100	207	Homo sapiens	primates	human
a83401657bcc2415124d913ea950a81d	gi|1798183348|emb|LR745847.1|	99.010	2.59e-95	202	Asterias rubens	starfish	European starfish
a83401657bcc2415124d913ea950a81d	gi|2567033648|gb|OR473298.1|	94.554	2.64e-80	202	Asterias amurensis	starfish	Northern Pacific seastar
a83401657bcc2415124d913ea950a81d	gi|2582205361|gb|CP134956.1|	94.554	2.64e-80	202	Asterias amurensis	starfish	Northern Pacific seastar
a83401657bcc2415124d913ea950a81d	gi|2582205361|gb|CP134956.1|	97.059	8.00e-21	68	Asterias amurensis	starfish	Northern Pacific seastar
a83401657bcc2415124d913ea950a81d	gi|2499155095|gb|OP747303.1|	94.554	2.64e-80	202	Asterias amurensis	starfish	Northern Pacific seastar
a83401657bcc2415124d913ea950a81d	gi|2499155067|gb|OP747301.1|	94.554	2.64e-80	202	Asterias amurensis	starfish	Northern Pacific seastar
72d4075a444a31b50be031822ce1f0bf	gi|529539159|gb|JX982298.1|	87.671	2.52e-11	73	Hemigrammocharax ocellicauda	ray-finned fishes	Hemigrammocharax ocellicauda
72d4075a444a31b50be031822ce1f0bf	gi|2591502567|gb|OR552098.1|	86.486	3.27e-10	74	Erimystax harryi	ray-finned fishes	Erimystax harryi
72d4075a444a31b50be031822ce1f0bf	gi|435857065|ref|NC_020042.1|	86.486	3.27e-10	74	Coreius heterodon	ray-finned fishes	Coreius heterodon
72d4075a444a31b50be031822ce1f0bf	gi|435855878|ref|NC_020005.1|	91.525	3.27e-10	59	Rasbora steineri	ray-finned fishes	Chinese rasbora
72d4075a444a31b50be031822ce1f0bf	gi|3064604279|gb|PX416471.1|	90.164	1.17e-09	61	Loricaria cataphracta	ray-finned fishes	Loricaria cataphracta
a799e8f2f890367ff0b18db6bca51513	gi|3057000066|gb|PX272339.1|	99.034	4.38e-98	207	Homo sapiens	primates	human
a799e8f2f890367ff0b18db6bca51513	gi|2956673962|gb|PV521805.1|	99.034	4.38e-98	207	Homo sapiens	primates	human
a799e8f2f890367ff0b18db6bca51513	gi|3065318004|gb|PX402893.1|	99.034	4.38e-98	207	Homo sapiens	primates	human
a799e8f2f890367ff0b18db6bca51513	gi|3065317990|gb|PX402892.1|	99.034	4.38e-98	207	Homo sapiens	primates	human
a799e8f2f890367ff0b18db6bca51513	gi|3065317976|gb|PX402891.1|	99.034	4.38e-98	207	Homo sapiens	primates	human
837fa050cf17d7e93480a583386d6fe6	gi|1863136117|ref|NC_049151.1|	100.000	4.77e-08	39	Dentex hypselosomus	ray-finned fishes	Dentex hypselosomus
837fa050cf17d7e93480a583386d6fe6	gi|1848841257|gb|MT180469.1|	100.000	4.77e-08	39	Podargus ocellatus	birds	Podargus ocellatus
837fa050cf17d7e93480a583386d6fe6	gi|1848841244|gb|MT180468.1|	100.000	4.77e-08	39	Podargus ocellatus	birds	Podargus ocellatus
837fa050cf17d7e93480a583386d6fe6	gi|1848841231|gb|MT180467.1|	100.000	4.77e-08	39	Podargus papuensis	birds	Podargus papuensis
837fa050cf17d7e93480a583386d6fe6	gi|1848841218|gb|MT180466.1|	100.000	4.77e-08	39	Podargus strigoides	birds	tawny frogmouth
ac80a6fe8d6afe50b97eeeae16b8e248	gi|1798183348|emb|LR745847.1|	98.515	1.20e-93	202	Asterias rubens	starfish	European starfish
ac80a6fe8d6afe50b97eeeae16b8e248	gi|2567033648|gb|OR473298.1|	95.050	5.68e-82	202	Asterias amurensis	starfish	Northern Pacific seastar
ac80a6fe8d6afe50b97eeeae16b8e248	gi|2582205361|gb|CP134956.1|	95.050	5.68e-82	202	Asterias amurensis	starfish	Northern Pacific seastar
ac80a6fe8d6afe50b97eeeae16b8e248	gi|2582205361|gb|CP134956.1|	95.588	3.72e-19	68	Asterias amurensis	starfish	Northern Pacific seastar
ac80a6fe8d6afe50b97eeeae16b8e248	gi|2499155095|gb|OP747303.1|	95.050	5.68e-82	202	Asterias amurensis	starfish	Northern Pacific seastar
ac80a6fe8d6afe50b97eeeae16b8e248	gi|2499155067|gb|OP747301.1|	95.050	5.68e-82	202	Asterias amurensis	starfish	Northern Pacific seastar
707f5e2a87ed3124433965a178be0697	gi|1561759576|gb|MG837549.1|	99.512	1.20e-98	205	Sus scrofa	even-toed ungulates & whales	pig
707f5e2a87ed3124433965a178be0697	gi|1374427572|gb|MF143597.1|	99.512	1.20e-98	205	Sus scrofa	even-toed ungulates & whales	pig
707f5e2a87ed3124433965a178be0697	gi|2727911276|gb|PP763982.1|	99.512	1.20e-98	205	Sus scrofa	even-toed ungulates & whales	pig
707f5e2a87ed3124433965a178be0697	gi|2727911262|gb|PP763981.1|	99.512	1.20e-98	205	Sus scrofa	even-toed ungulates & whales	pig
707f5e2a87ed3124433965a178be0697	gi|2727911248|gb|PP763980.1|	99.512	1.20e-98	205	Sus scrofa	even-toed ungulates & whales	pig
40c4867221192cd47e8185d9c7c5e6f4	gi|1543384086|ref|NG_016607.2|	99.029	1.56e-97	206	Homo sapiens	primates	human
40c4867221192cd47e8185d9c7c5e6f4	gi|300192914|ref|NG_023304.1|	99.029	1.56e-97	206	Homo sapiens	primates	human
40c4867221192cd47e8185d9c7c5e6f4	gi|211906306|gb|EU822920.1|	99.029	1.56e-97	206	Homo sapiens	primates	human
40c4867221192cd47e8185d9c7c5e6f4	gi|23396211|gb|AC008434.5|	99.029	1.56e-97	206	Homo sapiens	primates	human
40c4867221192cd47e8185d9c7c5e6f4	gi|2158836149|ref|NG_077777.1|	99.010	2.62e-95	202	Homo sapiens	primates	human
4fd5cb7ab6c4e0b1ff764774e5bd30c4	gi|2994718532|gb|PV651714.1|	98.618	5.95e-102	217	Squalus acanthias	sharks & rays	spiny dogfish
4fd5cb7ab6c4e0b1ff764774e5bd30c4	gi|3211614248|gb|PZ086324.1|	98.618	5.95e-102	217	Squalus suckleyi	sharks & rays	Puget Sound dogfish
4fd5cb7ab6c4e0b1ff764774e5bd30c4	gi|3139203272|gb|PX718978.1|	98.618	5.95e-102	217	Squalus acanthias	sharks & rays	spiny dogfish
4fd5cb7ab6c4e0b1ff764774e5bd30c4	gi|5835708|ref|NC_002012.1|	98.618	5.95e-102	217	Squalus acanthias	sharks & rays	spiny dogfish
4fd5cb7ab6c4e0b1ff764774e5bd30c4	gi|1515576520|gb|MH377805.1|	98.529	1.00e-94	204	Squalus acanthias	sharks & rays	spiny dogfish
e4e8aeed872c44934982dcbb376a79b8	gi|1798183348|emb|LR745847.1|	99.010	2.59e-95	202	Asterias rubens	starfish	European starfish
e4e8aeed872c44934982dcbb376a79b8	gi|2567033648|gb|OR473298.1|	94.554	2.64e-80	202	Asterias amurensis	starfish	Northern Pacific seastar
e4e8aeed872c44934982dcbb376a79b8	gi|2582205361|gb|CP134956.1|	94.554	2.64e-80	202	Asterias amurensis	starfish	Northern Pacific seastar
e4e8aeed872c44934982dcbb376a79b8	gi|2582205361|gb|CP134956.1|	97.059	8.00e-21	68	Asterias amurensis	starfish	Northern Pacific seastar
e4e8aeed872c44934982dcbb376a79b8	gi|2499155095|gb|OP747303.1|	94.554	2.64e-80	202	Asterias amurensis	starfish	Northern Pacific seastar
e4e8aeed872c44934982dcbb376a79b8	gi|2499155067|gb|OP747301.1|	94.554	2.64e-80	202	Asterias amurensis	starfish	Northern Pacific seastar
c13dcce99b8ff4319a066de81f7b8b67	gi|2259492687|emb|OW835210.1|	95.423	8.15e-122	284	uncultured fungus	fungi	uncultured fungus
c13dcce99b8ff4319a066de81f7b8b67	gi|2259141778|emb|OW834522.1|	94.718	1.76e-118	284	uncultured fungus	fungi	uncultured fungus
c13dcce99b8ff4319a066de81f7b8b67	gi|2259392349|emb|OW837222.1|	89.437	1.83e-93	284	uncultured fungus	fungi	uncultured fungus
c13dcce99b8ff4319a066de81f7b8b67	gi|2259140839|emb|OW834139.1|	88.811	1.10e-90	286	uncultured fungus	fungi	uncultured fungus
c13dcce99b8ff4319a066de81f7b8b67	gi|2259142013|emb|OW834713.1|	87.226	1.44e-79	274	uncultured fungus	fungi	uncultured fungus
cfafaddc86306aa8b72ad69ce991da1e	gi|441415945|dbj|AP012241.1|	99.038	1.22e-98	208	Lampanyctus macdonaldi	ray-finned fishes	rakery beaconlamp
cfafaddc86306aa8b72ad69ce991da1e	gi|2891888094|gb|PP467867.1|	98.522	3.43e-94	203	Lampanyctus crocodilus	ray-finned fishes	jewel lanternfish
cfafaddc86306aa8b72ad69ce991da1e	gi|441416183|dbj|AP012258.1|	97.596	4.43e-93	208	Lampanyctus crocodilus	ray-finned fishes	jewel lanternfish
cfafaddc86306aa8b72ad69ce991da1e	gi|2717525663|dbj|LC811634.1|	96.635	2.67e-90	208	Lampanyctus jordani	ray-finned fishes	brokenline lanternfish
cfafaddc86306aa8b72ad69ce991da1e	gi|2580278524|gb|OP057083.2|	96.635	2.67e-90	208	Lampanyctus bristori	ray-finned fishes	Lampanyctus bristori
332b8ad3b63c9759d4510c0c7a7eb49d	gi|2843360742|gb|PQ424522.1|	91.209	2.38e-60	182	Crossaster sp.	starfish	Crossaster sp.
332b8ad3b63c9759d4510c0c7a7eb49d	gi|2577858807|ref|NC_081981.1|	91.160	2.38e-60	181	Crossaster japonicus	starfish	Crossaster japonicus
332b8ad3b63c9759d4510c0c7a7eb49d	gi|1999117732|ref|NC_053361.1|	90.761	1.11e-58	184	Crossaster papposus	starfish	Crossaster papposus
332b8ad3b63c9759d4510c0c7a7eb49d	gi|261263608|gb|GQ288501.1|	90.659	1.11e-58	182	Solaster caribbaeus	starfish	Solaster caribbaeus
332b8ad3b63c9759d4510c0c7a7eb49d	gi|261263609|gb|GQ288502.1|	92.262	3.98e-58	168	Crossaster borealis	starfish	Crossaster borealis
a8b742552931d8732eb2991f68908a44	gi|3057012387|gb|PX273220.1|	99.517	9.40e-100	207	Homo sapiens	primates	human
a8b742552931d8732eb2991f68908a44	gi|3057010357|gb|PX273075.1|	99.517	9.40e-100	207	Homo sapiens	primates	human
a8b742552931d8732eb2991f68908a44	gi|3057010091|gb|PX273056.1|	99.517	9.40e-100	207	Homo sapiens	primates	human
a8b742552931d8732eb2991f68908a44	gi|3057009979|gb|PX273048.1|	99.517	9.40e-100	207	Homo sapiens	primates	human
a8b742552931d8732eb2991f68908a44	gi|3057009811|gb|PX273036.1|	99.517	9.40e-100	207	Homo sapiens	primates	human
1ae183e72ad5939b834612d89c2372fe	gi|261263611|gb|GQ288504.1|	95.930	2.41e-70	172	Lophaster furcilliger	starfish	Lophaster furcilliger
1ae183e72ad5939b834612d89c2372fe	gi|261263582|gb|GQ288475.1|	95.349	1.12e-68	172	Lophaster furcilliger	starfish	Lophaster furcilliger
1ae183e72ad5939b834612d89c2372fe	gi|2577858807|ref|NC_081981.1|	89.247	8.85e-55	186	Crossaster japonicus	starfish	Crossaster japonicus
1ae183e72ad5939b834612d89c2372fe	gi|2843360742|gb|PQ424522.1|	87.166	4.15e-48	187	Crossaster sp.	starfish	Crossaster sp.
1ae183e72ad5939b834612d89c2372fe	gi|261263608|gb|GQ288501.1|	86.772	1.93e-46	189	Solaster caribbaeus	starfish	Solaster caribbaeus
157ae08963cc1cb947aa728bc12bbce1	gi|1825511885|gb|MT103914.1|	99.512	1.20e-98	205	Hippoglossoides platessoides	ray-finned fishes	American plaice
157ae08963cc1cb947aa728bc12bbce1	gi|1799624449|gb|MN122825.1|	99.512	1.20e-98	205	Hippoglossoides platessoides	ray-finned fishes	American plaice
157ae08963cc1cb947aa728bc12bbce1	gi|2995380200|gb|PV748024.1|	99.512	1.20e-98	205	Hippoglossoides elassodon	ray-finned fishes	flathead sole
157ae08963cc1cb947aa728bc12bbce1	gi|2587926775|ref|NC_082804.1|	99.512	1.20e-98	205	Hippoglossoides elassodon	ray-finned fishes	flathead sole
157ae08963cc1cb947aa728bc12bbce1	gi|2587926284|ref|NC_082769.1|	99.512	1.20e-98	205	Hippoglossoides robustus	ray-finned fishes	Bering flounder
fce6add7e860bb77105251981c6c19d8	gi|2989059657|gb|PV710554.1|	99.512	1.20e-98	205	Ammodytes dubius	ray-finned fishes	northern sand lance
fce6add7e860bb77105251981c6c19d8	gi|959122927|ref|NC_028530.1|	99.512	1.20e-98	205	Ammodytes americanus	ray-finned fishes	American sand lance
fce6add7e860bb77105251981c6c19d8	gi|2989059643|gb|PV710553.1|	99.024	5.59e-97	205	Ammodytes dubius	ray-finned fishes	northern sand lance
fce6add7e860bb77105251981c6c19d8	gi|2989059629|gb|PV710552.1|	99.024	5.59e-97	205	Ammodytes dubius	ray-finned fishes	northern sand lance
fce6add7e860bb77105251981c6c19d8	gi|2949335892|gb|PV423377.1|	99.024	5.59e-97	205	Ammodytes dubius	ray-finned fishes	northern sand lance
7530f700eefda8ce4dcfc6b9c51c1443	gi|2882179697|gb|PQ858033.1|	97.143	0.001	35	Rana dalmatina	frogs & toads	agile frog
7530f700eefda8ce4dcfc6b9c51c1443	gi|1642524534|ref|NC_042226.1|	97.143	0.001	35	Rana temporaria	frogs & toads	common frog
7530f700eefda8ce4dcfc6b9c51c1443	gi|2869360573|gb|PQ758684.1|	97.143	0.001	35	Rana italica	frogs & toads	Rana italica
bcc2d9155d9f1e64157a306c554af372	gi|2259493168|emb|OW836098.1|	90.909	3.01e-101	286	uncultured fungus	fungi	uncultured fungus
bcc2d9155d9f1e64157a306c554af372	gi|2259139526|emb|OW833740.1|	89.510	1.83e-93	286	uncultured fungus	fungi	uncultured fungus
bcc2d9155d9f1e64157a306c554af372	gi|2604803856|emb|OY751556.1|	89.474	1.83e-93	285	Caenorhabditis doughertyi	nematodes	Caenorhabditis doughertyi
bcc2d9155d9f1e64157a306c554af372	gi|2259408387|emb|OW840528.1|	89.003	6.57e-93	291	uncultured fungus	fungi	uncultured fungus
bcc2d9155d9f1e64157a306c554af372	gi|2259494369|emb|OW836709.1|	89.123	2.36e-92	285	uncultured fungus	fungi	uncultured fungus
78194cc32439e1f7967caaa9b5d89085	gi|2994737870|gb|PV656769.1|	99.034	4.38e-98	207	Urophycis chuss	ray-finned fishes	red hake
78194cc32439e1f7967caaa9b5d89085	gi|2580283387|gb|OP057106.2|	99.034	4.38e-98	207	Urophycis chuss	ray-finned fishes	red hake
78194cc32439e1f7967caaa9b5d89085	gi|1825511901|gb|MT103927.1|	94.258	2.08e-81	209	Urophycis tenuis	ray-finned fishes	white hake
78194cc32439e1f7967caaa9b5d89085	gi|3178764840|emb|OZ408611.1|	93.750	9.67e-80	208	Phycis phycis	ray-finned fishes	Phycis phycis
78194cc32439e1f7967caaa9b5d89085	gi|2715332411|ref|NC_088031.1|	93.301	4.50e-78	209	Urophycis brasiliensis	ray-finned fishes	Brazilian codling
86a3ffc3b19b14a3326505aac73aa1df	gi|1540304408|gb|MH688244.1|	93.023	1.60e-04	43	Aperioptus gracilentus	ray-finned fishes	Aperioptus gracilentus
86a3ffc3b19b14a3326505aac73aa1df	gi|2064684336|dbj|LC640023.1|	93.023	1.60e-04	43	Paraplagusia japonica	ray-finned fishes	black cow-tongue
86a3ffc3b19b14a3326505aac73aa1df	gi|511347697|ref|NC_021376.1|	93.023	1.60e-04	43	Paraplagusia japonica	ray-finned fishes	black cow-tongue
86a3ffc3b19b14a3326505aac73aa1df	gi|1918448007|dbj|LC579409.1|	93.023	1.60e-04	43	Paraplagusia japonica	ray-finned fishes	black cow-tongue
86a3ffc3b19b14a3326505aac73aa1df	gi|169665021|gb|EU341086.1|	97.143	5.75e-04	35	Anodonthyla rouxae	frogs & toads	Madagascar climbing frog
c2af543f3551e547178c1f919cea054d	gi|2989059657|gb|PV710554.1|	99.512	1.20e-98	205	Ammodytes dubius	ray-finned fishes	northern sand lance
c2af543f3551e547178c1f919cea054d	gi|959122927|ref|NC_028530.1|	99.512	1.20e-98	205	Ammodytes americanus	ray-finned fishes	American sand lance
c2af543f3551e547178c1f919cea054d	gi|2989059643|gb|PV710553.1|	99.024	5.59e-97	205	Ammodytes dubius	ray-finned fishes	northern sand lance
c2af543f3551e547178c1f919cea054d	gi|2989059629|gb|PV710552.1|	99.024	5.59e-97	205	Ammodytes dubius	ray-finned fishes	northern sand lance
c2af543f3551e547178c1f919cea054d	gi|2949335892|gb|PV423377.1|	99.024	5.59e-97	205	Ammodytes dubius	ray-finned fishes	northern sand lance
5ed627e2f57a764883f20dc79d1b07fb	gi|2580278316|gb|OP057049.2|	90.000	1.30e-08	60	Xanthichthys mento	ray-finned fishes	redtail triggerfish
5ed627e2f57a764883f20dc79d1b07fb	gi|2329468204|gb|OP056966.1|	90.000	1.30e-08	60	Xanthichthys ringens	ray-finned fishes	Sargassum triggerfish
5ed627e2f57a764883f20dc79d1b07fb	gi|1041013947|gb|KT600987.1|	90.000	1.30e-08	60	Xanthichthys ringens	ray-finned fishes	Sargassum triggerfish
5ed627e2f57a764883f20dc79d1b07fb	gi|1041013946|gb|KT600986.1|	90.000	1.30e-08	60	Xanthichthys mento	ray-finned fishes	redtail triggerfish
5ed627e2f57a764883f20dc79d1b07fb	gi|1041013945|gb|KT600985.1|	90.000	1.30e-08	60	Xanthichthys auromarginatus	ray-finned fishes	guilded triggerfish
ee589eb9a31fe7151f085b753f871e51	gi|2994737870|gb|PV656769.1|	99.517	9.40e-100	207	Urophycis chuss	ray-finned fishes	red hake
ee589eb9a31fe7151f085b753f871e51	gi|2580283387|gb|OP057106.2|	99.517	9.40e-100	207	Urophycis chuss	ray-finned fishes	red hake
ee589eb9a31fe7151f085b753f871e51	gi|1825511901|gb|MT103927.1|	94.737	4.47e-83	209	Urophycis tenuis	ray-finned fishes	white hake
ee589eb9a31fe7151f085b753f871e51	gi|3178764840|emb|OZ408611.1|	94.231	2.08e-81	208	Phycis phycis	ray-finned fishes	Phycis phycis
ee589eb9a31fe7151f085b753f871e51	gi|2715332411|ref|NC_088031.1|	93.780	9.67e-80	209	Urophycis brasiliensis	ray-finned fishes	Brazilian codling
f7c5392a7f3b4f2fea3b79e3f69c406d	gi|2591482342|ref|NC_083190.1|	92.271	9.86e-75	207	Sclerasterias satsumana	starfish	Sclerasterias satsumana
f7c5392a7f3b4f2fea3b79e3f69c406d	gi|1693290266|ref|NC_042741.1|	80.676	4.85e-33	207	Pisaster ochraceus	starfish	purple sea star
f7c5392a7f3b4f2fea3b79e3f69c406d	gi|2499155081|gb|OP747302.1|	78.469	1.06e-24	209	Asterias amurensis	starfish	Northern Pacific seastar
f7c5392a7f3b4f2fea3b79e3f69c406d	gi|2567033648|gb|OR473298.1|	77.990	4.92e-23	209	Asterias amurensis	starfish	Northern Pacific seastar
f7c5392a7f3b4f2fea3b79e3f69c406d	gi|2582205361|gb|CP134956.1|	77.990	4.92e-23	209	Asterias amurensis	starfish	Northern Pacific seastar
ad46fbc2244b1eec49e65da4375037b0	gi|1540304408|gb|MH688244.1|	95.349	3.42e-06	43	Aperioptus gracilentus	ray-finned fishes	Aperioptus gracilentus
ad46fbc2244b1eec49e65da4375037b0	gi|2064684336|dbj|LC640023.1|	95.349	3.42e-06	43	Paraplagusia japonica	ray-finned fishes	black cow-tongue
ad46fbc2244b1eec49e65da4375037b0	gi|511347697|ref|NC_021376.1|	95.349	3.42e-06	43	Paraplagusia japonica	ray-finned fishes	black cow-tongue
ad46fbc2244b1eec49e65da4375037b0	gi|1918448007|dbj|LC579409.1|	95.349	3.42e-06	43	Paraplagusia japonica	ray-finned fishes	black cow-tongue
ad46fbc2244b1eec49e65da4375037b0	gi|1835269738|gb|MN917497.1|	93.023	1.59e-04	43	Paratelmatobius cardosoi	frogs & toads	Paratelmatobius cardosoi
6a834692739b079307fe82c02480f086	gi|2882954833|gb|PQ858633.1|	99.020	2.00e-96	204	Sebastes mentella	ray-finned fishes	deepwater redfish
6a834692739b079307fe82c02480f086	gi|2882954819|gb|PQ858632.1|	99.020	2.00e-96	204	Sebastes mentella	ray-finned fishes	deepwater redfish
6a834692739b079307fe82c02480f086	gi|2882954805|gb|PQ858631.1|	99.020	2.00e-96	204	Sebastes fasciatus	ray-finned fishes	Acadian redfish
6a834692739b079307fe82c02480f086	gi|2882954791|gb|PQ858630.1|	99.020	2.00e-96	204	Sebastes fasciatus	ray-finned fishes	Acadian redfish
6a834692739b079307fe82c02480f086	gi|2882954777|gb|PQ858629.1|	99.020	2.00e-96	204	Sebastes fasciatus	ray-finned fishes	Acadian redfish
987f09f608a448c6f7702dafafb6c926	gi|3053320473|gb|PX070004.1|	99.043	3.42e-99	209	Brevoortia tyrannus	ray-finned fishes	Atlantic menhaden
987f09f608a448c6f7702dafafb6c926	gi|3053320445|gb|PX070002.1|	99.043	3.42e-99	209	Brevoortia tyrannus	ray-finned fishes	Atlantic menhaden
987f09f608a448c6f7702dafafb6c926	gi|3053320431|gb|PX070001.1|	99.043	3.42e-99	209	Brevoortia tyrannus	ray-finned fishes	Atlantic menhaden
987f09f608a448c6f7702dafafb6c926	gi|2579851516|gb|OR577203.1|	99.043	3.42e-99	209	Brevoortia patronus	ray-finned fishes	Gulf menhaden
987f09f608a448c6f7702dafafb6c926	gi|2282237323|gb|OP154163.1|	99.043	3.42e-99	209	Brevoortia patronus	ray-finned fishes	Gulf menhaden
141fcbb29e8e166c371dcffd656d339c	gi|2994718532|gb|PV651714.1|	98.618	5.95e-102	217	Squalus acanthias	sharks & rays	spiny dogfish
141fcbb29e8e166c371dcffd656d339c	gi|3211614248|gb|PZ086324.1|	98.618	5.95e-102	217	Squalus suckleyi	sharks & rays	Puget Sound dogfish
141fcbb29e8e166c371dcffd656d339c	gi|3139203272|gb|PX718978.1|	98.618	5.95e-102	217	Squalus acanthias	sharks & rays	spiny dogfish
141fcbb29e8e166c371dcffd656d339c	gi|5835708|ref|NC_002012.1|	98.618	5.95e-102	217	Squalus acanthias	sharks & rays	spiny dogfish
141fcbb29e8e166c371dcffd656d339c	gi|1515576520|gb|MH377805.1|	98.529	1.00e-94	204	Squalus acanthias	sharks & rays	spiny dogfish
6d031dfc0e5ad4b9b6a6f19dab954808	gi|1609530226|gb|MK266753.1|	85.714	2.55e-05	63	Sphaenorhynchus prasinus	frogs & toads	Sphaenorhynchus prasinus
6d031dfc0e5ad4b9b6a6f19dab954808	gi|1609530225|gb|MK266752.1|	85.714	2.55e-05	63	Sphaenorhynchus prasinus	frogs & toads	Sphaenorhynchus prasinus
6d031dfc0e5ad4b9b6a6f19dab954808	gi|1484645101|gb|MH004345.1|	85.714	2.55e-05	63	Sphaenorhynchus prasinus	frogs & toads	Sphaenorhynchus prasinus
6d031dfc0e5ad4b9b6a6f19dab954808	gi|3084544444|emb|OZ345433.1|	100.000	9.19e-05	33	Sarpa salpa	ray-finned fishes	Sarpa salpa
6d031dfc0e5ad4b9b6a6f19dab954808	gi|1829776404|ref|NC_046913.1|	100.000	9.19e-05	33	Hypsignathus monstrosus	bats	Hammer-headed fruit bat
abf285ba6717cf21d3d1ac3e4369afbc	gi|2875989892|gb|PQ827084.1|	99.510	4.30e-98	204	Phoca groenlandica	carnivores	harp seal
abf285ba6717cf21d3d1ac3e4369afbc	gi|2875989878|gb|PQ827083.1|	99.510	4.30e-98	204	Phoca groenlandica	carnivores	harp seal
abf285ba6717cf21d3d1ac3e4369afbc	gi|2875989864|gb|PQ827082.1|	99.510	4.30e-98	204	Phoca groenlandica	carnivores	harp seal
abf285ba6717cf21d3d1ac3e4369afbc	gi|2875989850|gb|PQ827081.1|	99.510	4.30e-98	204	Phoca groenlandica	carnivores	harp seal
abf285ba6717cf21d3d1ac3e4369afbc	gi|2875989836|gb|PQ827080.1|	99.510	4.30e-98	204	Phoca groenlandica	carnivores	harp seal
c4a2eb34df5df5e7d63a7fc7716f4f59	gi|959121905|ref|NC_028501.1|	100.000	3.08e-04	32	Bradypus variegatus	placentals	Brown-throated sloth
c4a2eb34df5df5e7d63a7fc7716f4f59	gi|537392358|gb|KF185030.1|	100.000	3.08e-04	32	Nidirana lini	frogs & toads	Nidirana lini
c4a2eb34df5df5e7d63a7fc7716f4f59	gi|125744588|gb|EF405917.1|	100.000	3.08e-04	32	Bradypus tridactylus	placentals	Pale-throated sloth
c4a2eb34df5df5e7d63a7fc7716f4f59	gi|125744587|gb|EF405916.1|	100.000	3.08e-04	32	Bradypus variegatus	placentals	Brown-throated sloth
c4a2eb34df5df5e7d63a7fc7716f4f59	gi|61660076|gb|AY960979.1|	100.000	3.08e-04	32	Bradypus variegatus	placentals	Brown-throated sloth
4e85d100d38914ba1fb43ec61a6e0e28	gi|1693290266|ref|NC_042741.1|	89.109	7.42e-61	202	Pisaster ochraceus	starfish	purple sea star
4e85d100d38914ba1fb43ec61a6e0e28	gi|726972397|ref|NC_025766.1|	86.700	1.62e-52	203	Aphelasterias japonica	starfish	Aphelasterias japonica
4e85d100d38914ba1fb43ec61a6e0e28	gi|2567033649|gb|OR473299.1|	82.927	2.75e-40	205	Marthasterias glacialis	starfish	spiny starfish
4e85d100d38914ba1fb43ec61a6e0e28	gi|2076208768|emb|OU452241.1|	82.927	2.75e-40	205	Marthasterias glacialis	starfish	spiny starfish
4e85d100d38914ba1fb43ec61a6e0e28	gi|2499155081|gb|OP747302.1|	82.266	1.65e-37	203	Asterias amurensis	starfish	Northern Pacific seastar
7e8ac710cad781658b5db8cbd26d9db2	gi|2571476436|gb|OR499725.1|	99.515	3.36e-99	206	Merluccius bilinearis	ray-finned fishes	silver hake
7e8ac710cad781658b5db8cbd26d9db2	gi|3211598001|gb|PZ091031.1|	99.515	3.36e-99	206	Merluccius bilinearis	ray-finned fishes	silver hake
7e8ac710cad781658b5db8cbd26d9db2	gi|3211597805|gb|PZ091017.1|	99.515	3.36e-99	206	Merluccius bilinearis	ray-finned fishes	silver hake
7e8ac710cad781658b5db8cbd26d9db2	gi|3053320529|gb|PX070008.1|	99.029	1.56e-97	206	Merluccius bilinearis	ray-finned fishes	silver hake
7e8ac710cad781658b5db8cbd26d9db2	gi|3211597665|gb|PZ091007.1|	99.029	5.63e-97	206	Merluccius bilinearis	ray-finned fishes	silver hake
00f3d4d44563ca524088fc1daaabbad7	gi|426259905|gb|KC193726.1|	100.000	5.65e-102	208	Clupea harengus	ray-finned fishes	Atlantic herring
00f3d4d44563ca524088fc1daaabbad7	gi|3053320641|gb|PX070016.1|	99.519	2.63e-100	208	Clupea harengus	ray-finned fishes	Atlantic herring
00f3d4d44563ca524088fc1daaabbad7	gi|1799624616|gb|MN122931.1|	99.519	2.63e-100	208	Clupea harengus	ray-finned fishes	Atlantic herring
00f3d4d44563ca524088fc1daaabbad7	gi|1517391475|gb|MH194498.2|	99.519	2.63e-100	208	Clupea harengus	ray-finned fishes	Atlantic herring
00f3d4d44563ca524088fc1daaabbad7	gi|2018537065|gb|MW818226.1|	99.519	2.63e-100	208	Clupea harengus	ray-finned fishes	Atlantic herring
8c946bef6aa75ed6d0532f9264c80528	gi|2624850272|gb|OR886103.1|	99.522	7.44e-101	209	Brisinga hirsuta	starfish	Brisinga hirsuta
8c946bef6aa75ed6d0532f9264c80528	gi|2567033712|gb|OR473362.1|	99.522	7.44e-101	209	Brisinga hirsuta	starfish	Brisinga hirsuta
8c946bef6aa75ed6d0532f9264c80528	gi|1998493449|gb|MN879480.2|	99.522	7.44e-101	209	Brisinga sp. 2 RSIOAS023	starfish	Brisinga sp. 2 RSIOAS023
8c946bef6aa75ed6d0532f9264c80528	gi|2624850305|gb|OR886136.1|	99.043	3.46e-99	209	Brisinga hirsuta	starfish	Brisinga hirsuta
8c946bef6aa75ed6d0532f9264c80528	gi|2567033718|gb|OR473368.1|	99.043	3.46e-99	209	Brisinga hirsuta	starfish	Brisinga hirsuta
8889bf68cd29a4fbc43b02f49fc2a734	gi|1693290266|ref|NC_042741.1|	87.624	7.48e-56	202	Pisaster ochraceus	starfish	purple sea star
8889bf68cd29a4fbc43b02f49fc2a734	gi|726972397|ref|NC_025766.1|	84.729	7.58e-46	203	Aphelasterias japonica	starfish	Aphelasterias japonica
8889bf68cd29a4fbc43b02f49fc2a734	gi|2567033649|gb|OR473299.1|	81.463	2.77e-35	205	Marthasterias glacialis	starfish	spiny starfish
8889bf68cd29a4fbc43b02f49fc2a734	gi|2076208768|emb|OU452241.1|	81.463	2.77e-35	205	Marthasterias glacialis	starfish	spiny starfish
8889bf68cd29a4fbc43b02f49fc2a734	gi|2499155081|gb|OP747302.1|	80.976	1.66e-32	205	Asterias amurensis	starfish	Northern Pacific seastar
2ac4e1218fc309e5750bb5718de379f2	gi|2064684336|dbj|LC640023.1|	95.349	3.38e-06	43	Paraplagusia japonica	ray-finned fishes	black cow-tongue
2ac4e1218fc309e5750bb5718de379f2	gi|511347697|ref|NC_021376.1|	95.349	3.38e-06	43	Paraplagusia japonica	ray-finned fishes	black cow-tongue
2ac4e1218fc309e5750bb5718de379f2	gi|1918448007|dbj|LC579409.1|	95.349	3.38e-06	43	Paraplagusia japonica	ray-finned fishes	black cow-tongue
2ac4e1218fc309e5750bb5718de379f2	gi|1540304408|gb|MH688244.1|	93.023	1.57e-04	43	Aperioptus gracilentus	ray-finned fishes	Aperioptus gracilentus
2ac4e1218fc309e5750bb5718de379f2	gi|2329468051|gb|OP056813.1|	93.023	1.57e-04	43	Bathygobius geminatus	ray-finned fishes	twin-spotted frillfin
f37c3f185b490358f63d694f877d7e7c	gi|571431828|gb|KC747671.1|	100.000	3.12e-04	32	Styloctenium wallacei	bats	Sulawesi stripe-faced fruit bat
f37c3f185b490358f63d694f877d7e7c	gi|571431827|gb|KC747670.1|	100.000	3.12e-04	32	Thoopterus nigrescens	bats	swift fruit bat
f37c3f185b490358f63d694f877d7e7c	gi|2167950074|emb|OV277463.1|	100.000	3.12e-04	32	Meles meles	carnivores	Eurasian badger
f37c3f185b490358f63d694f877d7e7c	gi|349733690|gb|JN398194.1|	100.000	3.12e-04	32	Styloctenium mindorense	bats	Mindoro stripe-faced fruit bat
f37c3f185b490358f63d694f877d7e7c	gi|7339798|gb|AF173598.1|AF173598	100.000	3.12e-04	32	Anthracothorax nigricollis	birds	black-throated mango
ffa46925e2005dbcf5bbc3b5b0db010d	gi|3139220199|gb|PX754796.1|	100.000	9.24e-100	204	Stomias boa	ray-finned fishes	scaly dragonfis
ffa46925e2005dbcf5bbc3b5b0db010d	gi|2988655360|gb|PV704610.1|	99.510	4.30e-98	204	Stomias boa	ray-finned fishes	scaly dragonfis
ffa46925e2005dbcf5bbc3b5b0db010d	gi|2892981674|emb|OZ220344.1|	99.020	2.00e-96	204	Leuciscus leuciscus	ray-finned fishes	common dace
ffa46925e2005dbcf5bbc3b5b0db010d	gi|1369124604|ref|NC_037248.1|	98.529	9.31e-95	204	Stomias atriventer	ray-finned fishes	Stomias atriventer
ffa46925e2005dbcf5bbc3b5b0db010d	gi|2580283079|gb|OP056980.2|	97.549	2.01e-91	204	Stomias affinis	ray-finned fishes	honeycomb scaly dragonfish
0dc69ab193f781d5f1bb70b5d838d81a	gi|2248499876|ref|NC_063523.1|	99.515	3.36e-99	206	Brosme brosme	ray-finned fishes	Brosme brosme
0dc69ab193f781d5f1bb70b5d838d81a	gi|2119746849|gb|MZ329990.1|	99.515	3.36e-99	206	Brosme brosme	ray-finned fishes	Brosme brosme
0dc69ab193f781d5f1bb70b5d838d81a	gi|14485460|emb|AJ315617.1|	100.000	2.04e-91	189	Brosme brosme	ray-finned fishes	Brosme brosme
0dc69ab193f781d5f1bb70b5d838d81a	gi|1919560125|ref|NC_050740.1|	96.135	1.59e-87	207	Molva dypterygia	ray-finned fishes	blue ling
0dc69ab193f781d5f1bb70b5d838d81a	gi|700587773|gb|KM201364.1|	95.631	7.38e-86	206	Lota lota	ray-finned fishes	burbot
187bff6ae302441df8b62c702fdd78dc	gi|1540304408|gb|MH688244.1|	93.023	1.60e-04	43	Aperioptus gracilentus	ray-finned fishes	Aperioptus gracilentus
187bff6ae302441df8b62c702fdd78dc	gi|2064684336|dbj|LC640023.1|	93.023	1.60e-04	43	Paraplagusia japonica	ray-finned fishes	black cow-tongue
187bff6ae302441df8b62c702fdd78dc	gi|511347697|ref|NC_021376.1|	93.023	1.60e-04	43	Paraplagusia japonica	ray-finned fishes	black cow-tongue
187bff6ae302441df8b62c702fdd78dc	gi|1918448007|dbj|LC579409.1|	93.023	1.60e-04	43	Paraplagusia japonica	ray-finned fishes	black cow-tongue
187bff6ae302441df8b62c702fdd78dc	gi|169665021|gb|EU341086.1|	97.143	5.75e-04	35	Anodonthyla rouxae	frogs & toads	Madagascar climbing frog
26a38bc321c44a44d0183b555ba310f3	gi|1693290266|ref|NC_042741.1|	88.614	3.45e-59	202	Pisaster ochraceus	starfish	purple sea star
26a38bc321c44a44d0183b555ba310f3	gi|726972397|ref|NC_025766.1|	86.207	7.53e-51	203	Aphelasterias japonica	starfish	Aphelasterias japonica
26a38bc321c44a44d0183b555ba310f3	gi|2567033649|gb|OR473299.1|	82.927	2.75e-40	205	Marthasterias glacialis	starfish	spiny starfish
26a38bc321c44a44d0183b555ba310f3	gi|2076208768|emb|OU452241.1|	82.927	2.75e-40	205	Marthasterias glacialis	starfish	spiny starfish
26a38bc321c44a44d0183b555ba310f3	gi|2499155081|gb|OP747302.1|	81.773	7.69e-36	203	Asterias amurensis	starfish	Northern Pacific seastar
d8cce80b751c1500147638b3ceaf796b	gi|1609530226|gb|MK266753.1|	85.714	2.55e-05	63	Sphaenorhynchus prasinus	frogs & toads	Sphaenorhynchus prasinus
d8cce80b751c1500147638b3ceaf796b	gi|1609530225|gb|MK266752.1|	85.714	2.55e-05	63	Sphaenorhynchus prasinus	frogs & toads	Sphaenorhynchus prasinus
d8cce80b751c1500147638b3ceaf796b	gi|1484645101|gb|MH004345.1|	85.714	2.55e-05	63	Sphaenorhynchus prasinus	frogs & toads	Sphaenorhynchus prasinus
d8cce80b751c1500147638b3ceaf796b	gi|3084544444|emb|OZ345433.1|	100.000	9.19e-05	33	Sarpa salpa	ray-finned fishes	Sarpa salpa
d8cce80b751c1500147638b3ceaf796b	gi|1829776404|ref|NC_046913.1|	100.000	9.19e-05	33	Hypsignathus monstrosus	bats	Hammer-headed fruit bat
8dc0b928d23948a721da56ed2c2698bf	gi|2663409607|emb|OZ004775.1|	99.515	3.36e-99	206	Phocoena phocoena	whales & dolphins	harbor porpoise
8dc0b928d23948a721da56ed2c2698bf	gi|2663409607|emb|OZ004775.1|	89.320	3.53e-64	206	Phocoena phocoena	whales & dolphins	harbor porpoise
8dc0b928d23948a721da56ed2c2698bf	gi|1919136304|gb|MT948080.1|	97.101	7.33e-91	207	Phocoena dioptrica	whales & dolphins	spectacled porpoise
8dc0b928d23948a721da56ed2c2698bf	gi|1919136290|gb|MT948079.1|	97.101	7.33e-91	207	Phocoena dioptrica	whales & dolphins	spectacled porpoise
8dc0b928d23948a721da56ed2c2698bf	gi|2018121348|ref|NC_053752.1|	97.101	7.33e-91	207	Phocoena dioptrica	whales & dolphins	spectacled porpoise
8dc0b928d23948a721da56ed2c2698bf	gi|2154999075|gb|MZ772968.1|	96.602	3.41e-89	206	Phocoena sinus	whales & dolphins	vaquita
ee4f6715ccd848dbfbddf81e19fe2e7a	gi|2994718532|gb|PV651714.1|	98.618	5.95e-102	217	Squalus acanthias	sharks & rays	spiny dogfish
ee4f6715ccd848dbfbddf81e19fe2e7a	gi|3211614248|gb|PZ086324.1|	98.618	5.95e-102	217	Squalus suckleyi	sharks & rays	Puget Sound dogfish
ee4f6715ccd848dbfbddf81e19fe2e7a	gi|3139203272|gb|PX718978.1|	98.618	5.95e-102	217	Squalus acanthias	sharks & rays	spiny dogfish
ee4f6715ccd848dbfbddf81e19fe2e7a	gi|5835708|ref|NC_002012.1|	98.618	5.95e-102	217	Squalus acanthias	sharks & rays	spiny dogfish
ee4f6715ccd848dbfbddf81e19fe2e7a	gi|1515576520|gb|MH377805.1|	98.529	1.00e-94	204	Squalus acanthias	sharks & rays	spiny dogfish
b3d8232951b87afc2c84ce9769e4d26e	gi|2571476436|gb|OR499725.1|	99.029	1.56e-97	206	Merluccius bilinearis	ray-finned fishes	silver hake
b3d8232951b87afc2c84ce9769e4d26e	gi|3211598001|gb|PZ091031.1|	99.029	1.56e-97	206	Merluccius bilinearis	ray-finned fishes	silver hake
b3d8232951b87afc2c84ce9769e4d26e	gi|3211597805|gb|PZ091017.1|	99.029	1.56e-97	206	Merluccius bilinearis	ray-finned fishes	silver hake
b3d8232951b87afc2c84ce9769e4d26e	gi|3053320529|gb|PX070008.1|	98.544	7.28e-96	206	Merluccius bilinearis	ray-finned fishes	silver hake
b3d8232951b87afc2c84ce9769e4d26e	gi|3211597665|gb|PZ091007.1|	98.544	2.62e-95	206	Merluccius bilinearis	ray-finned fishes	silver hake
43075d92ed9f71ddbfcf80fa9d2cf5f5	gi|1798183348|emb|LR745847.1|	98.020	5.60e-92	202	Asterias rubens	starfish	European starfish
43075d92ed9f71ddbfcf80fa9d2cf5f5	gi|2567033648|gb|OR473298.1|	94.554	2.64e-80	202	Asterias amurensis	starfish	Northern Pacific seastar
43075d92ed9f71ddbfcf80fa9d2cf5f5	gi|2582205361|gb|CP134956.1|	94.554	2.64e-80	202	Asterias amurensis	starfish	Northern Pacific seastar
43075d92ed9f71ddbfcf80fa9d2cf5f5	gi|2582205361|gb|CP134956.1|	95.588	3.72e-19	68	Asterias amurensis	starfish	Northern Pacific seastar
43075d92ed9f71ddbfcf80fa9d2cf5f5	gi|2499155095|gb|OP747303.1|	94.554	2.64e-80	202	Asterias amurensis	starfish	Northern Pacific seastar
43075d92ed9f71ddbfcf80fa9d2cf5f5	gi|2499155067|gb|OP747301.1|	94.554	2.64e-80	202	Asterias amurensis	starfish	Northern Pacific seastar
0ed7fc8760b5c34546e2caa852b5d2d6	gi|1798183348|emb|LR745847.1|	99.010	2.59e-95	202	Asterias rubens	starfish	European starfish
0ed7fc8760b5c34546e2caa852b5d2d6	gi|2567033648|gb|OR473298.1|	94.554	2.64e-80	202	Asterias amurensis	starfish	Northern Pacific seastar
0ed7fc8760b5c34546e2caa852b5d2d6	gi|2582205361|gb|CP134956.1|	94.554	2.64e-80	202	Asterias amurensis	starfish	Northern Pacific seastar
0ed7fc8760b5c34546e2caa852b5d2d6	gi|2582205361|gb|CP134956.1|	97.059	8.00e-21	68	Asterias amurensis	starfish	Northern Pacific seastar
0ed7fc8760b5c34546e2caa852b5d2d6	gi|2499155095|gb|OP747303.1|	94.554	2.64e-80	202	Asterias amurensis	starfish	Northern Pacific seastar
0ed7fc8760b5c34546e2caa852b5d2d6	gi|2499155067|gb|OP747301.1|	94.554	2.64e-80	202	Asterias amurensis	starfish	Northern Pacific seastar
4158dfb9e35163d6610c7a7b4686c2a3	gi|426260563|gb|KC193773.1|	99.519	2.63e-100	208	Clupea harengus	ray-finned fishes	Atlantic herring
4158dfb9e35163d6610c7a7b4686c2a3	gi|426259961|gb|KC193730.1|	99.519	2.63e-100	208	Clupea harengus	ray-finned fishes	Atlantic herring
4158dfb9e35163d6610c7a7b4686c2a3	gi|3053320641|gb|PX070016.1|	99.038	1.22e-98	208	Clupea harengus	ray-finned fishes	Atlantic herring
4158dfb9e35163d6610c7a7b4686c2a3	gi|1799624616|gb|MN122931.1|	99.038	1.22e-98	208	Clupea harengus	ray-finned fishes	Atlantic herring
4158dfb9e35163d6610c7a7b4686c2a3	gi|1517391475|gb|MH194498.2|	99.038	1.22e-98	208	Clupea harengus	ray-finned fishes	Atlantic herring
ee9995ede3d64199b5c722b04e60555a	gi|2987591825|gb|PV691872.1|	99.024	5.59e-97	205	Citharichthys arctifrons	ray-finned fishes	Gulf Stream flounder
ee9995ede3d64199b5c722b04e60555a	gi|2987591727|gb|PV691865.1|	99.024	5.59e-97	205	Citharichthys arctifrons	ray-finned fishes	Gulf Stream flounder
ee9995ede3d64199b5c722b04e60555a	gi|3157076626|gb|PX939998.1|	99.024	5.59e-97	205	Citharichthys arctifrons	ray-finned fishes	Gulf Stream flounder
ee9995ede3d64199b5c722b04e60555a	gi|2587933576|ref|NC_083038.1|	98.537	2.60e-95	205	Citharichthys arctifrons	ray-finned fishes	Gulf Stream flounder
ee9995ede3d64199b5c722b04e60555a	gi|1788585354|gb|MN883203.1|	98.985	1.57e-92	197	Citharichthys arctifrons	ray-finned fishes	Gulf Stream flounder
1ffda0c19a92a30e3fc0cdc93d35a181	gi|2882954833|gb|PQ858633.1|	99.020	2.00e-96	204	Sebastes mentella	ray-finned fishes	deepwater redfish
1ffda0c19a92a30e3fc0cdc93d35a181	gi|2882954819|gb|PQ858632.1|	99.020	2.00e-96	204	Sebastes mentella	ray-finned fishes	deepwater redfish
1ffda0c19a92a30e3fc0cdc93d35a181	gi|2882954805|gb|PQ858631.1|	99.020	2.00e-96	204	Sebastes fasciatus	ray-finned fishes	Acadian redfish
1ffda0c19a92a30e3fc0cdc93d35a181	gi|2882954791|gb|PQ858630.1|	99.020	2.00e-96	204	Sebastes fasciatus	ray-finned fishes	Acadian redfish
1ffda0c19a92a30e3fc0cdc93d35a181	gi|2882954777|gb|PQ858629.1|	99.020	2.00e-96	204	Sebastes fasciatus	ray-finned fishes	Acadian redfish
97c38467950c91aabe3fd86f89fac183	gi|2714808902|gb|PP620836.1|	98.624	1.66e-102	218	Petromyzon marinus	lampreys	sea lamprey
97c38467950c91aabe3fd86f89fac183	gi|2048073018|gb|MW856857.1|	98.624	1.66e-102	218	Petromyzon marinus	lampreys	sea lamprey
97c38467950c91aabe3fd86f89fac183	gi|5835065|ref|NC_001626.1|	98.624	1.66e-102	218	Petromyzon marinus	lampreys	sea lamprey
97c38467950c91aabe3fd86f89fac183	gi|3038619471|ref|XR_012932469.1|	98.165	7.74e-101	218	Petromyzon marinus	lampreys	sea lamprey
97c38467950c91aabe3fd86f89fac183	gi|3064795859|dbj|LC875829.1|	95.872	6.07e-92	218	Lethenteron hattai	lampreys	southern Japanese brook lamprey
aa890d62db1d98c0c8930fe33f318dc8	gi|1798183348|emb|LR745847.1|	99.010	2.59e-95	202	Asterias rubens	starfish	European starfish
aa890d62db1d98c0c8930fe33f318dc8	gi|2567033648|gb|OR473298.1|	94.554	2.64e-80	202	Asterias amurensis	starfish	Northern Pacific seastar
aa890d62db1d98c0c8930fe33f318dc8	gi|2582205361|gb|CP134956.1|	94.554	2.64e-80	202	Asterias amurensis	starfish	Northern Pacific seastar
aa890d62db1d98c0c8930fe33f318dc8	gi|2582205361|gb|CP134956.1|	97.059	8.00e-21	68	Asterias amurensis	starfish	Northern Pacific seastar
aa890d62db1d98c0c8930fe33f318dc8	gi|2499155095|gb|OP747303.1|	94.554	2.64e-80	202	Asterias amurensis	starfish	Northern Pacific seastar
aa890d62db1d98c0c8930fe33f318dc8	gi|2499155067|gb|OP747301.1|	94.554	2.64e-80	202	Asterias amurensis	starfish	Northern Pacific seastar
79859a5b6daed1e2f80304f2b96e15b5	gi|3057012933|gb|PX273259.1|	99.034	4.38e-98	207	Homo sapiens	primates	human
79859a5b6daed1e2f80304f2b96e15b5	gi|3057012919|gb|PX273258.1|	99.034	4.38e-98	207	Homo sapiens	primates	human
79859a5b6daed1e2f80304f2b96e15b5	gi|3057012905|gb|PX273257.1|	99.034	4.38e-98	207	Homo sapiens	primates	human
79859a5b6daed1e2f80304f2b96e15b5	gi|3057012891|gb|PX273256.1|	99.034	4.38e-98	207	Homo sapiens	primates	human
79859a5b6daed1e2f80304f2b96e15b5	gi|3057012877|gb|PX273255.1|	99.034	4.38e-98	207	Homo sapiens	primates	human
6af657ff1e942c603a2acf6bdf7fa0fa	gi|2949214765|gb|PV276249.1|	99.515	3.36e-99	206	Tautogolabrus adspersus	ray-finned fishes	cunner
6af657ff1e942c603a2acf6bdf7fa0fa	gi|2095925523|gb|OK172578.1|	99.515	3.36e-99	206	Tautogolabrus adspersus	ray-finned fishes	cunner
6af657ff1e942c603a2acf6bdf7fa0fa	gi|2030285394|gb|MW630161.1|	99.515	3.36e-99	206	Tautogolabrus adspersus	ray-finned fishes	cunner
6af657ff1e942c603a2acf6bdf7fa0fa	gi|3157077158|gb|PX940036.1|	99.515	3.36e-99	206	Tautogolabrus adspersus	ray-finned fishes	cunner
6af657ff1e942c603a2acf6bdf7fa0fa	gi|33569528|gb|AY279649.1|	99.515	3.36e-99	206	Tautogolabrus adspersus	ray-finned fishes	cunner
4ce39ea48b854966a6eafef5dd03a0e7	gi|2989059657|gb|PV710554.1|	99.512	1.20e-98	205	Ammodytes dubius	ray-finned fishes	northern sand lance
4ce39ea48b854966a6eafef5dd03a0e7	gi|959122927|ref|NC_028530.1|	99.512	1.20e-98	205	Ammodytes americanus	ray-finned fishes	American sand lance
4ce39ea48b854966a6eafef5dd03a0e7	gi|2989059643|gb|PV710553.1|	99.024	5.59e-97	205	Ammodytes dubius	ray-finned fishes	northern sand lance
4ce39ea48b854966a6eafef5dd03a0e7	gi|2989059629|gb|PV710552.1|	99.024	5.59e-97	205	Ammodytes dubius	ray-finned fishes	northern sand lance
4ce39ea48b854966a6eafef5dd03a0e7	gi|2949335892|gb|PV423377.1|	99.024	5.59e-97	205	Ammodytes dubius	ray-finned fishes	northern sand lance
4d8ea97f1423fc1b922b1d7c3e8184a8	gi|2591482342|ref|NC_083190.1|	92.271	9.86e-75	207	Sclerasterias satsumana	starfish	Sclerasterias satsumana
4d8ea97f1423fc1b922b1d7c3e8184a8	gi|1693290266|ref|NC_042741.1|	80.676	4.85e-33	207	Pisaster ochraceus	starfish	purple sea star
4d8ea97f1423fc1b922b1d7c3e8184a8	gi|2499155081|gb|OP747302.1|	78.095	4.92e-23	210	Asterias amurensis	starfish	Northern Pacific seastar
4d8ea97f1423fc1b922b1d7c3e8184a8	gi|2567033648|gb|OR473298.1|	77.619	2.29e-21	210	Asterias amurensis	starfish	Northern Pacific seastar
4d8ea97f1423fc1b922b1d7c3e8184a8	gi|2582205361|gb|CP134956.1|	77.619	2.29e-21	210	Asterias amurensis	starfish	Northern Pacific seastar
0b322063f67bfc640da9351f2b2604dd	gi|3057012933|gb|PX273259.1|	99.034	4.38e-98	207	Homo sapiens	primates	human
0b322063f67bfc640da9351f2b2604dd	gi|3057012919|gb|PX273258.1|	99.034	4.38e-98	207	Homo sapiens	primates	human
0b322063f67bfc640da9351f2b2604dd	gi|3057012905|gb|PX273257.1|	99.034	4.38e-98	207	Homo sapiens	primates	human
0b322063f67bfc640da9351f2b2604dd	gi|3057012891|gb|PX273256.1|	99.034	4.38e-98	207	Homo sapiens	primates	human
0b322063f67bfc640da9351f2b2604dd	gi|3057012877|gb|PX273255.1|	99.034	4.38e-98	207	Homo sapiens	primates	human
d429bc3173c9b52fedff3e07ef92d66e	gi|3053320641|gb|PX070016.1|	99.038	1.22e-98	208	Clupea harengus	ray-finned fishes	Atlantic herring
d429bc3173c9b52fedff3e07ef92d66e	gi|1799624616|gb|MN122931.1|	99.038	1.22e-98	208	Clupea harengus	ray-finned fishes	Atlantic herring
d429bc3173c9b52fedff3e07ef92d66e	gi|1517391475|gb|MH194498.2|	99.038	1.22e-98	208	Clupea harengus	ray-finned fishes	Atlantic herring
d429bc3173c9b52fedff3e07ef92d66e	gi|2018537065|gb|MW818226.1|	99.038	1.22e-98	208	Clupea harengus	ray-finned fishes	Atlantic herring
d429bc3173c9b52fedff3e07ef92d66e	gi|2018537050|gb|MW818211.1|	99.038	1.22e-98	208	Clupea harengus	ray-finned fishes	Atlantic herring
ba0338a28fdff690b63bc6f36af4e010	gi|2259493815|emb|OW836641.1|	78.723	9.12e-42	282	uncultured fungus	fungi	uncultured fungus
ba0338a28fdff690b63bc6f36af4e010	gi|2259493659|emb|OW836558.1|	78.322	1.18e-40	286	uncultured fungus	fungi	uncultured fungus
ba0338a28fdff690b63bc6f36af4e010	gi|2259393484|emb|OW837426.1|	78.731	5.49e-39	268	uncultured fungus	fungi	uncultured fungus
ba0338a28fdff690b63bc6f36af4e010	gi|1279124608|gb|MF807895.1|	100.000	1.24e-05	35	Nidirana pleuraden	frogs & toads	Yunnan pond frog
ba0338a28fdff690b63bc6f36af4e010	gi|1279124607|gb|MF807894.1|	100.000	1.24e-05	35	Nidirana pleuraden	frogs & toads	Yunnan pond frog
dcd4a83e6bce3a2731723b0b7ccb806e	gi|1540304408|gb|MH688244.1|	93.023	1.60e-04	43	Aperioptus gracilentus	ray-finned fishes	Aperioptus gracilentus
dcd4a83e6bce3a2731723b0b7ccb806e	gi|2064684336|dbj|LC640023.1|	93.023	1.60e-04	43	Paraplagusia japonica	ray-finned fishes	black cow-tongue
dcd4a83e6bce3a2731723b0b7ccb806e	gi|511347697|ref|NC_021376.1|	93.023	1.60e-04	43	Paraplagusia japonica	ray-finned fishes	black cow-tongue
dcd4a83e6bce3a2731723b0b7ccb806e	gi|1918448007|dbj|LC579409.1|	93.023	1.60e-04	43	Paraplagusia japonica	ray-finned fishes	black cow-tongue
dcd4a83e6bce3a2731723b0b7ccb806e	gi|169665021|gb|EU341086.1|	97.143	5.75e-04	35	Anodonthyla rouxae	frogs & toads	Madagascar climbing frog
a72fb41b34c4ebc2f97efaf44dbe6a9b	gi|2259493815|emb|OW836641.1|	80.142	1.95e-48	282	uncultured fungus	fungi	uncultured fungus
a72fb41b34c4ebc2f97efaf44dbe6a9b	gi|2259493659|emb|OW836558.1|	79.720	2.52e-47	286	uncultured fungus	fungi	uncultured fungus
a72fb41b34c4ebc2f97efaf44dbe6a9b	gi|2259393484|emb|OW837426.1|	80.224	1.17e-45	268	uncultured fungus	fungi	uncultured fungus
a72fb41b34c4ebc2f97efaf44dbe6a9b	gi|1279124608|gb|MF807895.1|	100.000	1.24e-05	35	Nidirana pleuraden	frogs & toads	Yunnan pond frog
a72fb41b34c4ebc2f97efaf44dbe6a9b	gi|1279124607|gb|MF807894.1|	100.000	1.24e-05	35	Nidirana pleuraden	frogs & toads	Yunnan pond frog
9d837e82956b5b9b76c1dc3fa778dc9d	gi|2259493815|emb|OW836641.1|	79.433	4.21e-45	282	uncultured fungus	fungi	uncultured fungus
9d837e82956b5b9b76c1dc3fa778dc9d	gi|2259493659|emb|OW836558.1|	79.021	5.45e-44	286	uncultured fungus	fungi	uncultured fungus
9d837e82956b5b9b76c1dc3fa778dc9d	gi|2259393484|emb|OW837426.1|	79.478	2.54e-42	268	uncultured fungus	fungi	uncultured fungus
9d837e82956b5b9b76c1dc3fa778dc9d	gi|1279124608|gb|MF807895.1|	100.000	1.24e-05	35	Nidirana pleuraden	frogs & toads	Yunnan pond frog
9d837e82956b5b9b76c1dc3fa778dc9d	gi|1279124607|gb|MF807894.1|	100.000	1.24e-05	35	Nidirana pleuraden	frogs & toads	Yunnan pond frog
02f387a7d59efeb0552058f4fe8bbfc0	gi|3053320641|gb|PX070016.1|	99.519	2.63e-100	208	Clupea harengus	ray-finned fishes	Atlantic herring
02f387a7d59efeb0552058f4fe8bbfc0	gi|1799624616|gb|MN122931.1|	99.519	2.63e-100	208	Clupea harengus	ray-finned fishes	Atlantic herring
02f387a7d59efeb0552058f4fe8bbfc0	gi|1517391475|gb|MH194498.2|	99.519	2.63e-100	208	Clupea harengus	ray-finned fishes	Atlantic herring
02f387a7d59efeb0552058f4fe8bbfc0	gi|2018537065|gb|MW818226.1|	99.519	2.63e-100	208	Clupea harengus	ray-finned fishes	Atlantic herring
02f387a7d59efeb0552058f4fe8bbfc0	gi|2018537050|gb|MW818211.1|	99.519	2.63e-100	208	Clupea harengus	ray-finned fishes	Atlantic herring
0878e953b276135d6cd622b8428054cb	gi|2452630836|ref|NC_071876.1|	99.134	2.30e-111	231	Ctenodiscus crispatus	starfish	Ctenodiscus crispatus
0878e953b276135d6cd622b8428054cb	gi|2843360756|gb|PQ424523.1|	79.699	5.69e-13	133	Glabraster antarctica	starfish	Glabraster antarctica
0878e953b276135d6cd622b8428054cb	gi|1859640762|gb|MN937193.1|	90.323	3.42e-10	62	Jaydia carinatus	ray-finned fishes	ocellate cardinalfish
0878e953b276135d6cd622b8428054cb	gi|2192920336|ref|NC_060473.1|	90.323	3.42e-10	62	Jaydia carinatus	ray-finned fishes	ocellate cardinalfish
0878e953b276135d6cd622b8428054cb	gi|1774969958|dbj|AP019317.1|	95.833	1.23e-09	48	Callogobius okinawae	ray-finned fishes	Callogobius okinawae
b5c73cf3827f3bb28114eca7614bd0c6	gi|3108440172|gb|PQ389137.1|	99.515	3.36e-99	206	Sus scrofa	even-toed ungulates & whales	pig
b5c73cf3827f3bb28114eca7614bd0c6	gi|3108440144|gb|PQ389135.1|	99.515	3.36e-99	206	Sus scrofa	even-toed ungulates & whales	pig
b5c73cf3827f3bb28114eca7614bd0c6	gi|3108440131|gb|PQ389134.1|	99.515	3.36e-99	206	Sus scrofa	even-toed ungulates & whales	pig
b5c73cf3827f3bb28114eca7614bd0c6	gi|3108440118|gb|PQ389133.1|	99.515	3.36e-99	206	Sus scrofa	even-toed ungulates & whales	pig
b5c73cf3827f3bb28114eca7614bd0c6	gi|3108440105|gb|PQ389132.1|	99.515	3.36e-99	206	Sus scrofa	even-toed ungulates & whales	pig
dc88e1d65255318b2c185a738d678c26	gi|1799624491|gb|MN122853.1|	99.512	1.20e-98	205	Scomber scombrus	ray-finned fishes	Atlantic mackerel
dc88e1d65255318b2c185a738d678c26	gi|2626245879|emb|OY829942.1|	99.512	1.20e-98	205	Scomber scombrus	ray-finned fishes	Atlantic mackerel
dc88e1d65255318b2c185a738d678c26	gi|2018537119|gb|MW818280.1|	99.512	1.20e-98	205	Scomber scombrus	ray-finned fishes	Atlantic mackerel
dc88e1d65255318b2c185a738d678c26	gi|2018537108|gb|MW818269.1|	99.512	1.20e-98	205	Scomber scombrus	ray-finned fishes	Atlantic mackerel
dc88e1d65255318b2c185a738d678c26	gi|55376093|ref|NC_006398.1|	99.512	1.20e-98	205	Scomber scombrus	ray-finned fishes	Atlantic mackerel
f89a61d86a78f448e70742328efe2144	gi|2591482342|ref|NC_083190.1|	92.271	9.86e-75	207	Sclerasterias satsumana	starfish	Sclerasterias satsumana
f89a61d86a78f448e70742328efe2144	gi|1693290266|ref|NC_042741.1|	81.159	1.04e-34	207	Pisaster ochraceus	starfish	purple sea star
f89a61d86a78f448e70742328efe2144	gi|2499155081|gb|OP747302.1|	78.469	1.06e-24	209	Asterias amurensis	starfish	Northern Pacific seastar
f89a61d86a78f448e70742328efe2144	gi|2567033648|gb|OR473298.1|	77.990	4.92e-23	209	Asterias amurensis	starfish	Northern Pacific seastar
f89a61d86a78f448e70742328efe2144	gi|2582205361|gb|CP134956.1|	77.990	4.92e-23	209	Asterias amurensis	starfish	Northern Pacific seastar
1d413d3bbe8b0e766dcca65cd6a9c5a5	gi|2373974889|gb|OP035223.1|	95.652	4.19e-08	46	Onuxodon fowleri	ray-finned fishes	Onuxodon fowleri
1d413d3bbe8b0e766dcca65cd6a9c5a5	gi|1009080598|gb|KU681351.1|	95.652	4.19e-08	46	Onuxodon fowleri	ray-finned fishes	Onuxodon fowleri
1d413d3bbe8b0e766dcca65cd6a9c5a5	gi|429536700|gb|KC136518.1|	95.652	4.19e-08	46	Girella fimbriata	ray-finned fishes	caramel drummer
1d413d3bbe8b0e766dcca65cd6a9c5a5	gi|429536698|gb|KC136517.1|	95.652	4.19e-08	46	Girella nebulosa	ray-finned fishes	Rapanui nibbler
1d413d3bbe8b0e766dcca65cd6a9c5a5	gi|308095959|gb|HQ167138.1|	95.556	1.51e-07	45	Platysaurus cf. intermedius	lizards & snakes	Platysaurus cf. intermedius
d3062b42cf06331fc465f220346fb594	gi|2259493815|emb|OW836641.1|	79.787	9.06e-47	282	uncultured fungus	fungi	uncultured fungus
d3062b42cf06331fc465f220346fb594	gi|2259493659|emb|OW836558.1|	79.371	1.17e-45	286	uncultured fungus	fungi	uncultured fungus
d3062b42cf06331fc465f220346fb594	gi|2259393484|emb|OW837426.1|	79.851	5.45e-44	268	uncultured fungus	fungi	uncultured fungus
d3062b42cf06331fc465f220346fb594	gi|1279124608|gb|MF807895.1|	100.000	1.24e-05	35	Nidirana pleuraden	frogs & toads	Yunnan pond frog
d3062b42cf06331fc465f220346fb594	gi|1279124607|gb|MF807894.1|	100.000	1.24e-05	35	Nidirana pleuraden	frogs & toads	Yunnan pond frog
fa1c1392878d8cc2607f4d00c1385eaf	gi|3057012933|gb|PX273259.1|	99.034	4.38e-98	207	Homo sapiens	primates	human
fa1c1392878d8cc2607f4d00c1385eaf	gi|3057012919|gb|PX273258.1|	99.034	4.38e-98	207	Homo sapiens	primates	human
fa1c1392878d8cc2607f4d00c1385eaf	gi|3057012905|gb|PX273257.1|	99.034	4.38e-98	207	Homo sapiens	primates	human
fa1c1392878d8cc2607f4d00c1385eaf	gi|3057012891|gb|PX273256.1|	99.034	4.38e-98	207	Homo sapiens	primates	human
fa1c1392878d8cc2607f4d00c1385eaf	gi|3057012877|gb|PX273255.1|	99.034	4.38e-98	207	Homo sapiens	primates	human
bc1de3bb62325346e149712566bb55d2	gi|2018537049|gb|MW818210.1|	99.519	2.63e-100	208	Clupea harengus	ray-finned fishes	Atlantic herring
bc1de3bb62325346e149712566bb55d2	gi|426260451|gb|KC193765.1|	99.519	2.63e-100	208	Clupea harengus	ray-finned fishes	Atlantic herring
bc1de3bb62325346e149712566bb55d2	gi|426260367|gb|KC193759.1|	99.519	2.63e-100	208	Clupea harengus	ray-finned fishes	Atlantic herring
bc1de3bb62325346e149712566bb55d2	gi|426260199|gb|KC193747.1|	99.519	2.63e-100	208	Clupea harengus	ray-finned fishes	Atlantic herring
bc1de3bb62325346e149712566bb55d2	gi|426260059|gb|KC193737.1|	99.519	2.63e-100	208	Clupea harengus	ray-finned fishes	Atlantic herring
0a15b2b3e433c0127f78ed51a5686ef0	gi|2949214765|gb|PV276249.1|	99.515	3.36e-99	206	Tautogolabrus adspersus	ray-finned fishes	cunner
0a15b2b3e433c0127f78ed51a5686ef0	gi|2095925523|gb|OK172578.1|	99.515	3.36e-99	206	Tautogolabrus adspersus	ray-finned fishes	cunner
0a15b2b3e433c0127f78ed51a5686ef0	gi|2030285394|gb|MW630161.1|	99.515	3.36e-99	206	Tautogolabrus adspersus	ray-finned fishes	cunner
0a15b2b3e433c0127f78ed51a5686ef0	gi|3157077158|gb|PX940036.1|	99.515	3.36e-99	206	Tautogolabrus adspersus	ray-finned fishes	cunner
0a15b2b3e433c0127f78ed51a5686ef0	gi|33569528|gb|AY279649.1|	99.515	3.36e-99	206	Tautogolabrus adspersus	ray-finned fishes	cunner
dc91f72a9bf6fc87dbc01f0a2036d18e	gi|1530719472|gb|MH120431.1|	99.517	9.40e-100	207	Homo sapiens	primates	human
dc91f72a9bf6fc87dbc01f0a2036d18e	gi|1208989536|gb|KY671054.1|	99.517	9.40e-100	207	Homo sapiens	primates	human
dc91f72a9bf6fc87dbc01f0a2036d18e	gi|1341387300|gb|MG646267.1|	99.517	9.40e-100	207	Homo sapiens	primates	human
dc91f72a9bf6fc87dbc01f0a2036d18e	gi|1104578840|gb|KX456947.1|	99.517	9.40e-100	207	Homo sapiens	primates	human
dc91f72a9bf6fc87dbc01f0a2036d18e	gi|2442315995|gb|OP718236.1|	99.517	9.40e-100	207	Homo sapiens	primates	human
d937a2f52c4da8f5b27b8d6c584b88f0	gi|1798183348|emb|LR745847.1|	99.010	2.59e-95	202	Asterias rubens	starfish	European starfish
d937a2f52c4da8f5b27b8d6c584b88f0	gi|2567033648|gb|OR473298.1|	94.554	2.64e-80	202	Asterias amurensis	starfish	Northern Pacific seastar
d937a2f52c4da8f5b27b8d6c584b88f0	gi|2582205361|gb|CP134956.1|	94.554	2.64e-80	202	Asterias amurensis	starfish	Northern Pacific seastar
d937a2f52c4da8f5b27b8d6c584b88f0	gi|2582205361|gb|CP134956.1|	97.059	8.00e-21	68	Asterias amurensis	starfish	Northern Pacific seastar
d937a2f52c4da8f5b27b8d6c584b88f0	gi|2499155095|gb|OP747303.1|	94.554	2.64e-80	202	Asterias amurensis	starfish	Northern Pacific seastar
d937a2f52c4da8f5b27b8d6c584b88f0	gi|2499155067|gb|OP747301.1|	94.554	2.64e-80	202	Asterias amurensis	starfish	Northern Pacific seastar
0d45c2818b213d189a9a2461a42939ea	gi|3053320473|gb|PX070004.1|	99.522	7.36e-101	209	Brevoortia tyrannus	ray-finned fishes	Atlantic menhaden
0d45c2818b213d189a9a2461a42939ea	gi|3053320445|gb|PX070002.1|	99.522	7.36e-101	209	Brevoortia tyrannus	ray-finned fishes	Atlantic menhaden
0d45c2818b213d189a9a2461a42939ea	gi|3053320431|gb|PX070001.1|	99.522	7.36e-101	209	Brevoortia tyrannus	ray-finned fishes	Atlantic menhaden
0d45c2818b213d189a9a2461a42939ea	gi|2579851516|gb|OR577203.1|	99.522	7.36e-101	209	Brevoortia patronus	ray-finned fishes	Gulf menhaden
0d45c2818b213d189a9a2461a42939ea	gi|2422575726|gb|OQ198733.1|	99.522	7.36e-101	209	Brevoortia gunteri	ray-finned fishes	finescale menhaden
13dd6fb5b227d5ad6e70c3b106696300	gi|2994737912|gb|PV656772.1|	99.029	1.56e-97	206	Melanogrammus aeglefinus	ray-finned fishes	haddock
13dd6fb5b227d5ad6e70c3b106696300	gi|2994737898|gb|PV656771.1|	99.029	1.56e-97	206	Melanogrammus aeglefinus	ray-finned fishes	haddock
13dd6fb5b227d5ad6e70c3b106696300	gi|2994737884|gb|PV656770.1|	99.029	1.56e-97	206	Melanogrammus aeglefinus	ray-finned fishes	haddock
13dd6fb5b227d5ad6e70c3b106696300	gi|124377065|emb|AM489717.1|	99.029	1.56e-97	206	Melanogrammus aeglefinus	ray-finned fishes	haddock
13dd6fb5b227d5ad6e70c3b106696300	gi|94481723|gb|DQ356942.1|	99.029	1.56e-97	206	Melanogrammus aeglefinus	ray-finned fishes	haddock
4a2c04632c33d20a0228d5cd9c0cd4a4	gi|1693290266|ref|NC_042741.1|	89.604	1.60e-62	202	Pisaster ochraceus	starfish	purple sea star
4a2c04632c33d20a0228d5cd9c0cd4a4	gi|726972397|ref|NC_025766.1|	86.207	7.53e-51	203	Aphelasterias japonica	starfish	Aphelasterias japonica
4a2c04632c33d20a0228d5cd9c0cd4a4	gi|2567033649|gb|OR473299.1|	82.927	2.75e-40	205	Marthasterias glacialis	starfish	spiny starfish
4a2c04632c33d20a0228d5cd9c0cd4a4	gi|2076208768|emb|OU452241.1|	82.927	2.75e-40	205	Marthasterias glacialis	starfish	spiny starfish
4a2c04632c33d20a0228d5cd9c0cd4a4	gi|2499155081|gb|OP747302.1|	82.759	3.55e-39	203	Asterias amurensis	starfish	Northern Pacific seastar
78115e7d1af626f37d056dc7867d12e9	gi|1790179376|dbj|LC493910.1|	99.020	2.00e-96	204	Sebastes mentella	ray-finned fishes	deepwater redfish
78115e7d1af626f37d056dc7867d12e9	gi|2882954847|gb|PQ858634.1|	99.020	2.00e-96	204	Sebastes mentella	ray-finned fishes	deepwater redfish
78115e7d1af626f37d056dc7867d12e9	gi|3042815862|gb|PX119169.1|	98.529	9.31e-95	204	Sebastes paucispinis	ray-finned fishes	bocaccio
78115e7d1af626f37d056dc7867d12e9	gi|3042815848|gb|PX119168.1|	98.529	9.31e-95	204	Sebastes paucispinis	ray-finned fishes	bocaccio
78115e7d1af626f37d056dc7867d12e9	gi|3042815806|gb|PX119165.1|	98.529	9.31e-95	204	Sebastes brevispinis	ray-finned fishes	silvergray rockfish
9c8ae4f129711123c88d13f576c2cf8b	gi|2994718532|gb|PV651714.1|	98.618	5.95e-102	217	Squalus acanthias	sharks & rays	spiny dogfish
9c8ae4f129711123c88d13f576c2cf8b	gi|3211614248|gb|PZ086324.1|	98.618	5.95e-102	217	Squalus suckleyi	sharks & rays	Puget Sound dogfish
9c8ae4f129711123c88d13f576c2cf8b	gi|3139203272|gb|PX718978.1|	98.618	5.95e-102	217	Squalus acanthias	sharks & rays	spiny dogfish
9c8ae4f129711123c88d13f576c2cf8b	gi|5835708|ref|NC_002012.1|	98.618	5.95e-102	217	Squalus acanthias	sharks & rays	spiny dogfish
9c8ae4f129711123c88d13f576c2cf8b	gi|1515576520|gb|MH377805.1|	98.529	1.00e-94	204	Squalus acanthias	sharks & rays	spiny dogfish
a53a976254397989cfa899eac129f946	gi|1798183348|emb|LR745847.1|	99.010	2.59e-95	202	Asterias rubens	starfish	European starfish
a53a976254397989cfa899eac129f946	gi|2567033648|gb|OR473298.1|	95.545	1.22e-83	202	Asterias amurensis	starfish	Northern Pacific seastar
a53a976254397989cfa899eac129f946	gi|2582205361|gb|CP134956.1|	95.545	1.22e-83	202	Asterias amurensis	starfish	Northern Pacific seastar
a53a976254397989cfa899eac129f946	gi|2582205361|gb|CP134956.1|	97.059	8.00e-21	68	Asterias amurensis	starfish	Northern Pacific seastar
a53a976254397989cfa899eac129f946	gi|2499155095|gb|OP747303.1|	95.545	1.22e-83	202	Asterias amurensis	starfish	Northern Pacific seastar
a53a976254397989cfa899eac129f946	gi|2499155067|gb|OP747301.1|	95.545	1.22e-83	202	Asterias amurensis	starfish	Northern Pacific seastar
f9f9b70c9bf7bc0b8f64bbec8d01261b	gi|2882954833|gb|PQ858633.1|	99.020	2.00e-96	204	Sebastes mentella	ray-finned fishes	deepwater redfish
f9f9b70c9bf7bc0b8f64bbec8d01261b	gi|2882954819|gb|PQ858632.1|	99.020	2.00e-96	204	Sebastes mentella	ray-finned fishes	deepwater redfish
f9f9b70c9bf7bc0b8f64bbec8d01261b	gi|2882954805|gb|PQ858631.1|	99.020	2.00e-96	204	Sebastes fasciatus	ray-finned fishes	Acadian redfish
f9f9b70c9bf7bc0b8f64bbec8d01261b	gi|2882954791|gb|PQ858630.1|	99.020	2.00e-96	204	Sebastes fasciatus	ray-finned fishes	Acadian redfish
f9f9b70c9bf7bc0b8f64bbec8d01261b	gi|2882954777|gb|PQ858629.1|	99.020	2.00e-96	204	Sebastes fasciatus	ray-finned fishes	Acadian redfish
1a5da4dea5a50df184b476c702612afd	gi|2882954833|gb|PQ858633.1|	99.020	2.00e-96	204	Sebastes mentella	ray-finned fishes	deepwater redfish
1a5da4dea5a50df184b476c702612afd	gi|2882954819|gb|PQ858632.1|	99.020	2.00e-96	204	Sebastes mentella	ray-finned fishes	deepwater redfish
1a5da4dea5a50df184b476c702612afd	gi|2882954805|gb|PQ858631.1|	99.020	2.00e-96	204	Sebastes fasciatus	ray-finned fishes	Acadian redfish
1a5da4dea5a50df184b476c702612afd	gi|2882954791|gb|PQ858630.1|	99.020	2.00e-96	204	Sebastes fasciatus	ray-finned fishes	Acadian redfish
1a5da4dea5a50df184b476c702612afd	gi|2882954777|gb|PQ858629.1|	99.020	2.00e-96	204	Sebastes fasciatus	ray-finned fishes	Acadian redfish
33360498d5511683d4faf4cfabaecc9c	gi|2989059657|gb|PV710554.1|	99.512	1.20e-98	205	Ammodytes dubius	ray-finned fishes	northern sand lance
33360498d5511683d4faf4cfabaecc9c	gi|959122927|ref|NC_028530.1|	99.512	1.20e-98	205	Ammodytes americanus	ray-finned fishes	American sand lance
33360498d5511683d4faf4cfabaecc9c	gi|2989059643|gb|PV710553.1|	99.024	5.59e-97	205	Ammodytes dubius	ray-finned fishes	northern sand lance
33360498d5511683d4faf4cfabaecc9c	gi|2989059629|gb|PV710552.1|	99.024	5.59e-97	205	Ammodytes dubius	ray-finned fishes	northern sand lance
33360498d5511683d4faf4cfabaecc9c	gi|2949335892|gb|PV423377.1|	99.024	5.59e-97	205	Ammodytes dubius	ray-finned fishes	northern sand lance
4907c90d8ebc6dcbd4b559f1b69da724	gi|1798183348|emb|LR745847.1|	99.010	2.59e-95	202	Asterias rubens	starfish	European starfish
4907c90d8ebc6dcbd4b559f1b69da724	gi|2567033648|gb|OR473298.1|	94.554	2.64e-80	202	Asterias amurensis	starfish	Northern Pacific seastar
4907c90d8ebc6dcbd4b559f1b69da724	gi|2582205361|gb|CP134956.1|	94.554	2.64e-80	202	Asterias amurensis	starfish	Northern Pacific seastar
4907c90d8ebc6dcbd4b559f1b69da724	gi|2499155095|gb|OP747303.1|	94.554	2.64e-80	202	Asterias amurensis	starfish	Northern Pacific seastar
4907c90d8ebc6dcbd4b559f1b69da724	gi|2499155067|gb|OP747301.1|	94.554	2.64e-80	202	Asterias amurensis	starfish	Northern Pacific seastar
eb9070eada37a3453ab94b74fbf06c0d	gi|2994718532|gb|PV651714.1|	98.618	5.95e-102	217	Squalus acanthias	sharks & rays	spiny dogfish
eb9070eada37a3453ab94b74fbf06c0d	gi|3211614248|gb|PZ086324.1|	98.618	5.95e-102	217	Squalus suckleyi	sharks & rays	Puget Sound dogfish
eb9070eada37a3453ab94b74fbf06c0d	gi|3139203272|gb|PX718978.1|	98.618	5.95e-102	217	Squalus acanthias	sharks & rays	spiny dogfish
eb9070eada37a3453ab94b74fbf06c0d	gi|5835708|ref|NC_002012.1|	98.618	5.95e-102	217	Squalus acanthias	sharks & rays	spiny dogfish
eb9070eada37a3453ab94b74fbf06c0d	gi|1515576520|gb|MH377805.1|	98.529	1.00e-94	204	Squalus acanthias	sharks & rays	spiny dogfish
460cb60b805c6f76c9ced7c9c5fe5646	gi|1798183348|emb|LR745847.1|	99.010	2.59e-95	202	Asterias rubens	starfish	European starfish
460cb60b805c6f76c9ced7c9c5fe5646	gi|2567033648|gb|OR473298.1|	94.554	2.64e-80	202	Asterias amurensis	starfish	Northern Pacific seastar
460cb60b805c6f76c9ced7c9c5fe5646	gi|2582205361|gb|CP134956.1|	94.554	2.64e-80	202	Asterias amurensis	starfish	Northern Pacific seastar
460cb60b805c6f76c9ced7c9c5fe5646	gi|2582205361|gb|CP134956.1|	97.059	8.00e-21	68	Asterias amurensis	starfish	Northern Pacific seastar
460cb60b805c6f76c9ced7c9c5fe5646	gi|2499155095|gb|OP747303.1|	94.554	2.64e-80	202	Asterias amurensis	starfish	Northern Pacific seastar
460cb60b805c6f76c9ced7c9c5fe5646	gi|2499155067|gb|OP747301.1|	94.554	2.64e-80	202	Asterias amurensis	starfish	Northern Pacific seastar
50daec5329ba9f4ebaa3d1f0b09fd62e	gi|1540304408|gb|MH688244.1|	93.023	1.59e-04	43	Aperioptus gracilentus	ray-finned fishes	Aperioptus gracilentus
50daec5329ba9f4ebaa3d1f0b09fd62e	gi|2064684336|dbj|LC640023.1|	93.023	1.59e-04	43	Paraplagusia japonica	ray-finned fishes	black cow-tongue
50daec5329ba9f4ebaa3d1f0b09fd62e	gi|511347697|ref|NC_021376.1|	93.023	1.59e-04	43	Paraplagusia japonica	ray-finned fishes	black cow-tongue
50daec5329ba9f4ebaa3d1f0b09fd62e	gi|1918448007|dbj|LC579409.1|	93.023	1.59e-04	43	Paraplagusia japonica	ray-finned fishes	black cow-tongue
50daec5329ba9f4ebaa3d1f0b09fd62e	gi|169665021|gb|EU341086.1|	97.143	5.72e-04	35	Anodonthyla rouxae	frogs & toads	Madagascar climbing frog
8db3b70fc3af2bc503924e15988a648e	gi|2571476436|gb|OR499725.1|	99.515	3.36e-99	206	Merluccius bilinearis	ray-finned fishes	silver hake
8db3b70fc3af2bc503924e15988a648e	gi|3211598001|gb|PZ091031.1|	99.515	3.36e-99	206	Merluccius bilinearis	ray-finned fishes	silver hake
8db3b70fc3af2bc503924e15988a648e	gi|3211597805|gb|PZ091017.1|	99.515	3.36e-99	206	Merluccius bilinearis	ray-finned fishes	silver hake
8db3b70fc3af2bc503924e15988a648e	gi|3053320529|gb|PX070008.1|	99.029	1.56e-97	206	Merluccius bilinearis	ray-finned fishes	silver hake
8db3b70fc3af2bc503924e15988a648e	gi|3211597665|gb|PZ091007.1|	99.029	5.63e-97	206	Merluccius bilinearis	ray-finned fishes	silver hake
b68c3926d62fd99bb1ba2087145b564f	gi|1790179376|dbj|LC493910.1|	99.020	2.00e-96	204	Sebastes mentella	ray-finned fishes	deepwater redfish
b68c3926d62fd99bb1ba2087145b564f	gi|2882954847|gb|PQ858634.1|	99.020	2.00e-96	204	Sebastes mentella	ray-finned fishes	deepwater redfish
b68c3926d62fd99bb1ba2087145b564f	gi|3042815862|gb|PX119169.1|	98.529	9.31e-95	204	Sebastes paucispinis	ray-finned fishes	bocaccio
b68c3926d62fd99bb1ba2087145b564f	gi|3042815848|gb|PX119168.1|	98.529	9.31e-95	204	Sebastes paucispinis	ray-finned fishes	bocaccio
b68c3926d62fd99bb1ba2087145b564f	gi|3042815806|gb|PX119165.1|	98.529	9.31e-95	204	Sebastes brevispinis	ray-finned fishes	silvergray rockfish
2f1ad72b2e43ffa67a92a54be65e0d51	gi|2994737912|gb|PV656772.1|	99.515	3.36e-99	206	Melanogrammus aeglefinus	ray-finned fishes	haddock
2f1ad72b2e43ffa67a92a54be65e0d51	gi|2994737898|gb|PV656771.1|	99.515	3.36e-99	206	Melanogrammus aeglefinus	ray-finned fishes	haddock
2f1ad72b2e43ffa67a92a54be65e0d51	gi|2994737884|gb|PV656770.1|	99.515	3.36e-99	206	Melanogrammus aeglefinus	ray-finned fishes	haddock
2f1ad72b2e43ffa67a92a54be65e0d51	gi|124377065|emb|AM489717.1|	99.515	3.36e-99	206	Melanogrammus aeglefinus	ray-finned fishes	haddock
2f1ad72b2e43ffa67a92a54be65e0d51	gi|94481723|gb|DQ356942.1|	99.515	3.36e-99	206	Melanogrammus aeglefinus	ray-finned fishes	haddock
b09091fec47d936b7d89a2bb174c9cd5	gi|1825511896|gb|MT103923.1|	99.512	1.20e-98	205	Myoxocephalus octodecemspinosus	ray-finned fishes	longhorn sculpin
b09091fec47d936b7d89a2bb174c9cd5	gi|669175226|gb|KM057973.1|	99.512	1.20e-98	205	Myoxocephalus octodecemspinosus	ray-finned fishes	longhorn sculpin
b09091fec47d936b7d89a2bb174c9cd5	gi|3139176565|gb|PX704692.1|	99.024	5.59e-97	205	Myoxocephalus octodecemspinosus	ray-finned fishes	longhorn sculpin
b09091fec47d936b7d89a2bb174c9cd5	gi|2095925495|gb|OK172567.1|	98.537	2.60e-95	205	Myoxocephalus aenaeus	ray-finned fishes	grubby sculpin
b09091fec47d936b7d89a2bb174c9cd5	gi|3139171237|gb|PX560190.1|	98.537	2.60e-95	205	Myoxocephalus aenaeus	ray-finned fishes	grubby sculpin
9e36812659b1654e9d84f3cee06db28d	gi|2692953615|ref|NC_086796.1|	98.529	9.31e-95	204	Zoarces americanus	ray-finned fishes	ocean pout
9e36812659b1654e9d84f3cee06db28d	gi|3139203650|gb|PX719005.1|	98.529	9.31e-95	204	Zoarces americanus	ray-finned fishes	ocean pout
9e36812659b1654e9d84f3cee06db28d	gi|3139210563|gb|PX740847.1|	98.039	4.33e-93	204	Zoarces americanus	ray-finned fishes	ocean pout
9e36812659b1654e9d84f3cee06db28d	gi|2724829064|ref|NC_088490.1|	97.549	2.01e-91	204	Zoarces viviparus	ray-finned fishes	viviparous blenny
9e36812659b1654e9d84f3cee06db28d	gi|1788585388|gb|MN883214.1|	98.469	2.61e-90	196	Zoarces americanus	ray-finned fishes	ocean pout
92b5b92fd026e27bca175e17fee1012e	gi|70955980|gb|DQ112823.3|	99.517	9.40e-100	207	Homo sapiens	primates	human
92b5b92fd026e27bca175e17fee1012e	gi|3057012933|gb|PX273259.1|	99.034	4.38e-98	207	Homo sapiens	primates	human
92b5b92fd026e27bca175e17fee1012e	gi|3057012919|gb|PX273258.1|	99.034	4.38e-98	207	Homo sapiens	primates	human
92b5b92fd026e27bca175e17fee1012e	gi|3057012905|gb|PX273257.1|	99.034	4.38e-98	207	Homo sapiens	primates	human
92b5b92fd026e27bca175e17fee1012e	gi|3057012891|gb|PX273256.1|	99.034	4.38e-98	207	Homo sapiens	primates	human
b474dd1a53fdd00450679bdc8561fd0c	gi|2329468054|gb|OP056816.1|	97.436	1.88e-06	39	Stegastes variabilis	ray-finned fishes	cocoa damselfish
b474dd1a53fdd00450679bdc8561fd0c	gi|2183321022|dbj|LC672453.1|	97.436	1.88e-06	39	Neochela dadiburjori	ray-finned fishes	dadio
b474dd1a53fdd00450679bdc8561fd0c	gi|429509835|gb|JQ707061.1|	97.436	1.88e-06	39	Stegastes fuscus	ray-finned fishes	Brazilian damsel
b474dd1a53fdd00450679bdc8561fd0c	gi|239583876|gb|FJ616385.1|	97.436	1.88e-06	39	Stegastes diencaeus	ray-finned fishes	longfin damselfish
b474dd1a53fdd00450679bdc8561fd0c	gi|15054615|gb|AF285937.1|	97.436	1.88e-06	39	Stegastes adustus	ray-finned fishes	dusky damselfish
5398528868f5e9d00b7f565cf05691b2	gi|2580278316|gb|OP057049.2|	90.000	1.30e-08	60	Xanthichthys mento	ray-finned fishes	redtail triggerfish
5398528868f5e9d00b7f565cf05691b2	gi|2329468204|gb|OP056966.1|	90.000	1.30e-08	60	Xanthichthys ringens	ray-finned fishes	Sargassum triggerfish
5398528868f5e9d00b7f565cf05691b2	gi|1041013947|gb|KT600987.1|	90.000	1.30e-08	60	Xanthichthys ringens	ray-finned fishes	Sargassum triggerfish
5398528868f5e9d00b7f565cf05691b2	gi|1041013946|gb|KT600986.1|	90.000	1.30e-08	60	Xanthichthys mento	ray-finned fishes	redtail triggerfish
5398528868f5e9d00b7f565cf05691b2	gi|1041013945|gb|KT600985.1|	90.000	1.30e-08	60	Xanthichthys auromarginatus	ray-finned fishes	guilded triggerfish
7ccf8be6e325438b62f7b72d95e687cc	gi|1798183348|emb|LR745847.1|	99.010	2.59e-95	202	Asterias rubens	starfish	European starfish
7ccf8be6e325438b62f7b72d95e687cc	gi|2567033648|gb|OR473298.1|	94.554	2.64e-80	202	Asterias amurensis	starfish	Northern Pacific seastar
7ccf8be6e325438b62f7b72d95e687cc	gi|2582205361|gb|CP134956.1|	94.554	2.64e-80	202	Asterias amurensis	starfish	Northern Pacific seastar
7ccf8be6e325438b62f7b72d95e687cc	gi|2582205361|gb|CP134956.1|	97.059	8.00e-21	68	Asterias amurensis	starfish	Northern Pacific seastar
7ccf8be6e325438b62f7b72d95e687cc	gi|2499155095|gb|OP747303.1|	94.554	2.64e-80	202	Asterias amurensis	starfish	Northern Pacific seastar
7ccf8be6e325438b62f7b72d95e687cc	gi|2499155067|gb|OP747301.1|	94.554	2.64e-80	202	Asterias amurensis	starfish	Northern Pacific seastar
a85bb3c3b1253314f1530f9ac4d13a52	gi|2926901697|gb|PP375166.1|	99.517	9.40e-100	207	Delphinus delphis	whales & dolphins	saddleback dolphin
a85bb3c3b1253314f1530f9ac4d13a52	gi|2926901278|gb|PP375136.1|	99.517	9.40e-100	207	Delphinus delphis	whales & dolphins	saddleback dolphin
a85bb3c3b1253314f1530f9ac4d13a52	gi|2926901907|gb|PP375181.1|	99.034	4.38e-98	207	Delphinus delphis	whales & dolphins	saddleback dolphin
a85bb3c3b1253314f1530f9ac4d13a52	gi|2926901893|gb|PP375180.1|	99.034	4.38e-98	207	Delphinus delphis	whales & dolphins	saddleback dolphin
a85bb3c3b1253314f1530f9ac4d13a52	gi|2926901879|gb|PP375179.1|	99.034	4.38e-98	207	Delphinus delphis	whales & dolphins	saddleback dolphin
09fc09f1e1754d43850a6b4ed5fb974c	gi|2591482342|ref|NC_083190.1|	92.271	9.86e-75	207	Sclerasterias satsumana	starfish	Sclerasterias satsumana
09fc09f1e1754d43850a6b4ed5fb974c	gi|1693290266|ref|NC_042741.1|	80.676	4.85e-33	207	Pisaster ochraceus	starfish	purple sea star
09fc09f1e1754d43850a6b4ed5fb974c	gi|2499155081|gb|OP747302.1|	77.990	4.92e-23	209	Asterias amurensis	starfish	Northern Pacific seastar
09fc09f1e1754d43850a6b4ed5fb974c	gi|2567033648|gb|OR473298.1|	77.512	2.29e-21	209	Asterias amurensis	starfish	Northern Pacific seastar
09fc09f1e1754d43850a6b4ed5fb974c	gi|2582205361|gb|CP134956.1|	77.512	2.29e-21	209	Asterias amurensis	starfish	Northern Pacific seastar
eb0830f881b9aabe9af9740999b6052e	gi|3057012933|gb|PX273259.1|	99.034	4.38e-98	207	Homo sapiens	primates	human
eb0830f881b9aabe9af9740999b6052e	gi|3057012919|gb|PX273258.1|	99.034	4.38e-98	207	Homo sapiens	primates	human
eb0830f881b9aabe9af9740999b6052e	gi|3057012905|gb|PX273257.1|	99.034	4.38e-98	207	Homo sapiens	primates	human
eb0830f881b9aabe9af9740999b6052e	gi|3057012891|gb|PX273256.1|	99.034	4.38e-98	207	Homo sapiens	primates	human
eb0830f881b9aabe9af9740999b6052e	gi|3057012877|gb|PX273255.1|	99.034	4.38e-98	207	Homo sapiens	primates	human
f8f7f01b588c97d303fdafa917909429	gi|1999117732|ref|NC_053361.1|	98.352	1.39e-82	182	Crossaster papposus	starfish	Crossaster papposus
f8f7f01b588c97d303fdafa917909429	gi|2577858807|ref|NC_081981.1|	96.154	2.34e-75	182	Crossaster japonicus	starfish	Crossaster japonicus
f8f7f01b588c97d303fdafa917909429	gi|261263575|gb|GQ288468.1|	94.118	1.11e-63	170	Crossaster multispinus	starfish	Crossaster multispinus
f8f7f01b588c97d303fdafa917909429	gi|261263609|gb|GQ288502.1|	90.643	4.04e-53	171	Crossaster borealis	starfish	Crossaster borealis
f8f7f01b588c97d303fdafa917909429	gi|261263608|gb|GQ288501.1|	88.525	1.45e-52	183	Solaster caribbaeus	starfish	Solaster caribbaeus
98038d3a058eb78a834188864580d7c1	gi|2994718560|gb|PV651716.1|	98.157	2.77e-100	217	Leucoraja erinaceus	sharks & rays	little skate
98038d3a058eb78a834188864580d7c1	gi|2994718546|gb|PV651715.1|	98.157	2.77e-100	217	Leucoraja erinaceus	sharks & rays	little skate
98038d3a058eb78a834188864580d7c1	gi|359422108|ref|NC_016429.1|	98.157	2.77e-100	217	Leucoraja erinaceus	sharks & rays	little skate
98038d3a058eb78a834188864580d7c1	gi|3139220381|gb|PX754809.1|	98.157	2.77e-100	217	Leucoraja erinaceus	sharks & rays	little skate
98038d3a058eb78a834188864580d7c1	gi|3157076766|gb|PX940008.1|	97.696	1.29e-98	217	Leucoraja ocellata	sharks & rays	winter skate
9d2d44bf87ad7200643f69a5ea5e1de6	gi|1798183348|emb|LR745847.1|	99.010	2.59e-95	202	Asterias rubens	starfish	European starfish
9d2d44bf87ad7200643f69a5ea5e1de6	gi|2567033648|gb|OR473298.1|	94.554	2.64e-80	202	Asterias amurensis	starfish	Northern Pacific seastar
9d2d44bf87ad7200643f69a5ea5e1de6	gi|2582205361|gb|CP134956.1|	94.554	2.64e-80	202	Asterias amurensis	starfish	Northern Pacific seastar
9d2d44bf87ad7200643f69a5ea5e1de6	gi|2582205361|gb|CP134956.1|	97.059	8.00e-21	68	Asterias amurensis	starfish	Northern Pacific seastar
9d2d44bf87ad7200643f69a5ea5e1de6	gi|2499155095|gb|OP747303.1|	94.554	2.64e-80	202	Asterias amurensis	starfish	Northern Pacific seastar
9d2d44bf87ad7200643f69a5ea5e1de6	gi|2499155067|gb|OP747301.1|	94.554	2.64e-80	202	Asterias amurensis	starfish	Northern Pacific seastar
02aa1bb2293701f155424f7d31f68eb7	gi|322422606|ref|NC_015094.1|	99.515	3.36e-99	206	Pollachius virens	ray-finned fishes	saithe
02aa1bb2293701f155424f7d31f68eb7	gi|94481762|gb|DQ356945.1|	99.515	3.36e-99	206	Pollachius virens	ray-finned fishes	saithe
02aa1bb2293701f155424f7d31f68eb7	gi|2500156171|emb|OX465144.1|	99.029	1.56e-97	206	Pollachius pollachius	ray-finned fishes	pollack
02aa1bb2293701f155424f7d31f68eb7	gi|2018537086|gb|MW818247.1|	99.029	1.56e-97	206	Pollachius pollachius	ray-finned fishes	pollack
02aa1bb2293701f155424f7d31f68eb7	gi|2018537074|gb|MW818235.1|	99.029	1.56e-97	206	Pollachius pollachius	ray-finned fishes	pollack
43fced556da85bb52f713bb693456289	gi|2259493815|emb|OW836641.1|	80.496	4.19e-50	282	uncultured fungus	fungi	uncultured fungus
43fced556da85bb52f713bb693456289	gi|2259493659|emb|OW836558.1|	80.070	5.41e-49	286	uncultured fungus	fungi	uncultured fungus
43fced556da85bb52f713bb693456289	gi|2259393484|emb|OW837426.1|	80.597	2.52e-47	268	uncultured fungus	fungi	uncultured fungus
43fced556da85bb52f713bb693456289	gi|1279124608|gb|MF807895.1|	100.000	1.24e-05	35	Nidirana pleuraden	frogs & toads	Yunnan pond frog
43fced556da85bb52f713bb693456289	gi|1279124607|gb|MF807894.1|	100.000	1.24e-05	35	Nidirana pleuraden	frogs & toads	Yunnan pond frog
01607bf5a5a7b53111ca5f237e8dd9fd	gi|1798183348|emb|LR745847.1|	99.010	2.59e-95	202	Asterias rubens	starfish	European starfish
01607bf5a5a7b53111ca5f237e8dd9fd	gi|2567033648|gb|OR473298.1|	94.554	2.64e-80	202	Asterias amurensis	starfish	Northern Pacific seastar
01607bf5a5a7b53111ca5f237e8dd9fd	gi|2582205361|gb|CP134956.1|	94.554	2.64e-80	202	Asterias amurensis	starfish	Northern Pacific seastar
01607bf5a5a7b53111ca5f237e8dd9fd	gi|2582205361|gb|CP134956.1|	97.059	8.00e-21	68	Asterias amurensis	starfish	Northern Pacific seastar
01607bf5a5a7b53111ca5f237e8dd9fd	gi|2499155095|gb|OP747303.1|	94.554	2.64e-80	202	Asterias amurensis	starfish	Northern Pacific seastar
01607bf5a5a7b53111ca5f237e8dd9fd	gi|2499155067|gb|OP747301.1|	94.554	2.64e-80	202	Asterias amurensis	starfish	Northern Pacific seastar
5bc3bfea3d18c56a745a4fcee3a428e5	gi|270267522|ref|NC_013570.1|	99.522	7.36e-101	209	Alepocephalus productus	ray-finned fishes	smalleye smooth-head
5bc3bfea3d18c56a745a4fcee3a428e5	gi|270267550|ref|NC_013572.1|	97.608	3.45e-94	209	Alepocephalus umbriceps	ray-finned fishes	slickhead
5bc3bfea3d18c56a745a4fcee3a428e5	gi|270267462|ref|NC_013566.1|	97.129	1.60e-92	209	Alepocephalus australis	ray-finned fishes	small scaled brown slickhead
5bc3bfea3d18c56a745a4fcee3a428e5	gi|270267434|ref|NC_013564.1|	97.129	1.60e-92	209	Alepocephalus agassizii	ray-finned fishes	Agassiz' slickhead
5bc3bfea3d18c56a745a4fcee3a428e5	gi|28894766|ref|NC_004590.1|	96.651	7.46e-91	209	Alepocephalus tenebrosus	ray-finned fishes	California slickhead
e52609c47f8eaf80edf1c3fd78e246b9	gi|1358104137|gb|MF409246.1|	98.544	7.28e-96	206	Megaptera novaeangliae	whales & dolphins	humpback whale
e52609c47f8eaf80edf1c3fd78e246b9	gi|2710387203|gb|PP475430.1|	98.058	3.39e-94	206	Megaptera novaeangliae	whales & dolphins	humpback whale
e52609c47f8eaf80edf1c3fd78e246b9	gi|62184326|ref|NC_006927.1|	98.058	3.39e-94	206	Megaptera novaeangliae	whales & dolphins	humpback whale
e52609c47f8eaf80edf1c3fd78e246b9	gi|12700648|gb|AY012141.1|	98.058	3.39e-94	206	Megaptera novaeangliae	whales & dolphins	humpback whale
e52609c47f8eaf80edf1c3fd78e246b9	gi|1778222898|gb|MN124685.1|	94.660	1.60e-82	206	Balaena mysticetus	whales & dolphins	bowhead whale
e4d87797128215588075aa9494487a2b	gi|1798183348|emb|LR745847.1|	99.010	2.59e-95	202	Asterias rubens	starfish	European starfish
e4d87797128215588075aa9494487a2b	gi|2567033648|gb|OR473298.1|	94.554	2.64e-80	202	Asterias amurensis	starfish	Northern Pacific seastar
e4d87797128215588075aa9494487a2b	gi|2582205361|gb|CP134956.1|	94.554	2.64e-80	202	Asterias amurensis	starfish	Northern Pacific seastar
e4d87797128215588075aa9494487a2b	gi|2582205361|gb|CP134956.1|	97.059	8.00e-21	68	Asterias amurensis	starfish	Northern Pacific seastar
e4d87797128215588075aa9494487a2b	gi|2499155095|gb|OP747303.1|	94.554	2.64e-80	202	Asterias amurensis	starfish	Northern Pacific seastar
e4d87797128215588075aa9494487a2b	gi|2499155067|gb|OP747301.1|	94.554	2.64e-80	202	Asterias amurensis	starfish	Northern Pacific seastar
4577d44f075428c84d58e7a39d5bd67f	gi|3053320641|gb|PX070016.1|	99.519	2.63e-100	208	Clupea harengus	ray-finned fishes	Atlantic herring
4577d44f075428c84d58e7a39d5bd67f	gi|1799624616|gb|MN122931.1|	99.519	2.63e-100	208	Clupea harengus	ray-finned fishes	Atlantic herring
4577d44f075428c84d58e7a39d5bd67f	gi|1517391475|gb|MH194498.2|	99.519	2.63e-100	208	Clupea harengus	ray-finned fishes	Atlantic herring
4577d44f075428c84d58e7a39d5bd67f	gi|2018537065|gb|MW818226.1|	99.519	2.63e-100	208	Clupea harengus	ray-finned fishes	Atlantic herring
4577d44f075428c84d58e7a39d5bd67f	gi|2018537050|gb|MW818211.1|	99.519	2.63e-100	208	Clupea harengus	ray-finned fishes	Atlantic herring
bbdfe7429b3d0d611898bc596daad0f7	gi|3053320557|gb|PX070010.1|	99.512	1.20e-98	205	Hippoglossus hippoglossus	ray-finned fishes	Atlantic halibut
bbdfe7429b3d0d611898bc596daad0f7	gi|3053320515|gb|PX070007.1|	99.512	1.20e-98	205	Hippoglossus hippoglossus	ray-finned fishes	Atlantic halibut
bbdfe7429b3d0d611898bc596daad0f7	gi|2987591881|gb|PV691876.1|	99.512	1.20e-98	205	Hippoglossus hippoglossus	ray-finned fishes	Atlantic halibut
bbdfe7429b3d0d611898bc596daad0f7	gi|2987591867|gb|PV691875.1|	99.512	1.20e-98	205	Hippoglossus hippoglossus	ray-finned fishes	Atlantic halibut
bbdfe7429b3d0d611898bc596daad0f7	gi|2987591853|gb|PV691874.1|	99.512	1.20e-98	205	Hippoglossus hippoglossus	ray-finned fishes	Atlantic halibut
ac65b3a3ef583adda6ee6ebb51fb6b9d	gi|2248499876|ref|NC_063523.1|	98.058	3.39e-94	206	Brosme brosme	ray-finned fishes	Brosme brosme
ac65b3a3ef583adda6ee6ebb51fb6b9d	gi|2119746849|gb|MZ329990.1|	98.058	3.39e-94	206	Brosme brosme	ray-finned fishes	Brosme brosme
ac65b3a3ef583adda6ee6ebb51fb6b9d	gi|14485460|emb|AJ315617.1|	98.413	2.05e-86	189	Brosme brosme	ray-finned fishes	Brosme brosme
ac65b3a3ef583adda6ee6ebb51fb6b9d	gi|700587773|gb|KM201364.1|	95.146	3.43e-84	206	Lota lota	ray-finned fishes	burbot
ac65b3a3ef583adda6ee6ebb51fb6b9d	gi|697994615|gb|KM363244.1|	95.146	3.43e-84	206	Lota lota	ray-finned fishes	burbot
6e7bb328e99c7d5e014324b8d007da4f	gi|2721114511|dbj|LC812910.1|	96.618	3.43e-89	207	Bathylagus pacificus	ray-finned fishes	slender blacksmelt
6e7bb328e99c7d5e014324b8d007da4f	gi|28881955|ref|NC_004591.1|	94.203	7.48e-81	207	Lipolagus ochotensis	ray-finned fishes	eared blacksmelt
6e7bb328e99c7d5e014324b8d007da4f	gi|2587927806|ref|NC_082853.1|	93.269	4.50e-78	208	Nansenia crassa	ray-finned fishes	Nansenia crassa
6e7bb328e99c7d5e014324b8d007da4f	gi|2696849337|emb|OZ022359.1|	92.788	2.09e-76	208	Nansenia antarctica	ray-finned fishes	Nansenia antarctica
6e7bb328e99c7d5e014324b8d007da4f	gi|2696846453|emb|OZ022340.1|	92.344	9.74e-75	209	Nansenia antarctica	ray-finned fishes	Nansenia antarctica
dfb427b7a294b34cc85a83fe03776387	gi|2571476436|gb|OR499725.1|	99.029	5.59e-97	206	Merluccius bilinearis	ray-finned fishes	silver hake
dfb427b7a294b34cc85a83fe03776387	gi|3211598001|gb|PZ091031.1|	99.029	5.59e-97	206	Merluccius bilinearis	ray-finned fishes	silver hake
dfb427b7a294b34cc85a83fe03776387	gi|3211597805|gb|PZ091017.1|	99.029	5.59e-97	206	Merluccius bilinearis	ray-finned fishes	silver hake
dfb427b7a294b34cc85a83fe03776387	gi|3053320529|gb|PX070008.1|	98.544	2.60e-95	206	Merluccius bilinearis	ray-finned fishes	silver hake
dfb427b7a294b34cc85a83fe03776387	gi|3211597665|gb|PZ091007.1|	98.544	2.60e-95	206	Merluccius bilinearis	ray-finned fishes	silver hake
69dd2922757c769de88a139ddc860b84	gi|1798183348|emb|LR745847.1|	99.010	2.59e-95	202	Asterias rubens	starfish	European starfish
69dd2922757c769de88a139ddc860b84	gi|2567033648|gb|OR473298.1|	94.554	2.64e-80	202	Asterias amurensis	starfish	Northern Pacific seastar
69dd2922757c769de88a139ddc860b84	gi|2582205361|gb|CP134956.1|	94.554	2.64e-80	202	Asterias amurensis	starfish	Northern Pacific seastar
69dd2922757c769de88a139ddc860b84	gi|2582205361|gb|CP134956.1|	97.059	8.00e-21	68	Asterias amurensis	starfish	Northern Pacific seastar
69dd2922757c769de88a139ddc860b84	gi|2499155095|gb|OP747303.1|	94.554	2.64e-80	202	Asterias amurensis	starfish	Northern Pacific seastar
69dd2922757c769de88a139ddc860b84	gi|2499155067|gb|OP747301.1|	94.554	2.64e-80	202	Asterias amurensis	starfish	Northern Pacific seastar
34901ca094685d50f867a9b2e00caf67	gi|1693290266|ref|NC_042741.1|	88.614	3.45e-59	202	Pisaster ochraceus	starfish	purple sea star
34901ca094685d50f867a9b2e00caf67	gi|726972397|ref|NC_025766.1|	86.207	7.53e-51	203	Aphelasterias japonica	starfish	Aphelasterias japonica
34901ca094685d50f867a9b2e00caf67	gi|2567033649|gb|OR473299.1|	82.927	2.75e-40	205	Marthasterias glacialis	starfish	spiny starfish
34901ca094685d50f867a9b2e00caf67	gi|2076208768|emb|OU452241.1|	82.927	2.75e-40	205	Marthasterias glacialis	starfish	spiny starfish
34901ca094685d50f867a9b2e00caf67	gi|2499155081|gb|OP747302.1|	81.773	7.69e-36	203	Asterias amurensis	starfish	Northern Pacific seastar
0ab3251eab50a20685207f0826cfa76c	gi|1825511900|gb|MT103926.1|	99.512	1.20e-98	205	Triglops murrayi	ray-finned fishes	moustache sculpin
0ab3251eab50a20685207f0826cfa76c	gi|1790179336|dbj|LC493907.1|	99.024	5.59e-97	205	Triglops murrayi	ray-finned fishes	moustache sculpin
0ab3251eab50a20685207f0826cfa76c	gi|2587926634|ref|NC_082794.1|	99.024	5.59e-97	205	Triglops forficatus	ray-finned fishes	scissortail sculpin
0ab3251eab50a20685207f0826cfa76c	gi|2587926915|ref|NC_082814.1|	97.561	5.63e-92	205	Triglops pingelii	ray-finned fishes	ribbed sculpin
0ab3251eab50a20685207f0826cfa76c	gi|1812094745|ref|NC_045927.1|	95.610	2.64e-85	205	Gymnocanthus tricuspis	ray-finned fishes	Arctic staghorn sculpin
d084f6f384bb0dbbd4671e9fb07798d9	gi|2583762598|gb|ON117508.1|	95.789	1.14e-78	190	Iothia sp.	gastropods	Iothia sp.
d084f6f384bb0dbbd4671e9fb07798d9	gi|2583762612|gb|ON526992.1|	84.615	4.31e-43	195	Paralepetopsis sp.	gastropods	Paralepetopsis sp.
d084f6f384bb0dbbd4671e9fb07798d9	gi|2898668113|gb|PV054095.1|	88.333	5.86e-07	60	Ambystoma tigrinum	salamanders	tiger salamander
d084f6f384bb0dbbd4671e9fb07798d9	gi|770591935|gb|KP013120.1|	88.333	5.86e-07	60	Ambystoma mavortium stebbinsi	salamanders	Sonora tiger salamander
d084f6f384bb0dbbd4671e9fb07798d9	gi|725542191|gb|KM282397.1|	88.333	5.86e-07	60	Ambystoma mavortium stebbinsi	salamanders	Sonora tiger salamander
4f92ea5762bf088c6f64e17e1f72f646	gi|1825511880|gb|MT103910.1|	99.512	1.20e-98	205	Eumesogrammus praecisus	ray-finned fishes	fourline snakeblenny
4f92ea5762bf088c6f64e17e1f72f646	gi|1790179848|dbj|LC495485.1|	99.512	1.20e-98	205	Eumesogrammus praecisus	ray-finned fishes	fourline snakeblenny
4f92ea5762bf088c6f64e17e1f72f646	gi|1275605613|dbj|AP018419.1|	99.512	1.20e-98	205	Eumesogrammus praecisus	ray-finned fishes	fourline snakeblenny
4f92ea5762bf088c6f64e17e1f72f646	gi|3157076584|gb|PX939995.1|	99.512	1.20e-98	205	Ulvaria subbifurcata	ray-finned fishes	radiated shanny
4f92ea5762bf088c6f64e17e1f72f646	gi|2228970450|ref|NC_062697.1|	99.024	5.59e-97	205	Stichaeopsis nevelskoi	ray-finned fishes	Stichaeopsis nevelskoi
54193cb9431711916d4ac423d3cca1d2	gi|3047139134|gb|PV631332.1|	98.606	1.71e-138	287	Minidiscus trioculatus	diatoms	Minidiscus trioculatus
54193cb9431711916d4ac423d3cca1d2	gi|3047139134|gb|PV631332.1|	98.276	1.71e-138	290	Minidiscus trioculatus	diatoms	Minidiscus trioculatus
54193cb9431711916d4ac423d3cca1d2	gi|3047138849|gb|PV631330.1|	98.606	1.71e-138	287	Minidiscus spinulatus	diatoms	Minidiscus spinulatus
54193cb9431711916d4ac423d3cca1d2	gi|3047138849|gb|PV631330.1|	98.276	1.71e-138	290	Minidiscus spinulatus	diatoms	Minidiscus spinulatus
54193cb9431711916d4ac423d3cca1d2	gi|1132318935|gb|KX937904.1|	98.606	1.71e-138	287	uncultured marine eukaryote	eukaryotes	uncultured marine eukaryote
54193cb9431711916d4ac423d3cca1d2	gi|2328369080|ref|NC_067956.1|	98.606	1.71e-138	287	Minidiscus spinulatus	diatoms	Minidiscus spinulatus
54193cb9431711916d4ac423d3cca1d2	gi|2328369080|ref|NC_067956.1|	98.276	1.71e-138	290	Minidiscus spinulatus	diatoms	Minidiscus spinulatus
54193cb9431711916d4ac423d3cca1d2	gi|197359082|gb|FJ002231.1|	98.606	1.71e-138	287	Minidiscus trioculatus	diatoms	Minidiscus trioculatus
984a01a76b3fa823d833dabe871898f4	gi|2994737912|gb|PV656772.1|	99.515	3.36e-99	206	Melanogrammus aeglefinus	ray-finned fishes	haddock
984a01a76b3fa823d833dabe871898f4	gi|2994737898|gb|PV656771.1|	99.515	3.36e-99	206	Melanogrammus aeglefinus	ray-finned fishes	haddock
984a01a76b3fa823d833dabe871898f4	gi|2994737884|gb|PV656770.1|	99.515	3.36e-99	206	Melanogrammus aeglefinus	ray-finned fishes	haddock
984a01a76b3fa823d833dabe871898f4	gi|124377065|emb|AM489717.1|	99.515	3.36e-99	206	Melanogrammus aeglefinus	ray-finned fishes	haddock
984a01a76b3fa823d833dabe871898f4	gi|94481723|gb|DQ356942.1|	99.515	3.36e-99	206	Melanogrammus aeglefinus	ray-finned fishes	haddock
f3f37e623de6ba101f2497d505421348	gi|2994737912|gb|PV656772.1|	99.515	3.36e-99	206	Melanogrammus aeglefinus	ray-finned fishes	haddock
f3f37e623de6ba101f2497d505421348	gi|2994737898|gb|PV656771.1|	99.515	3.36e-99	206	Melanogrammus aeglefinus	ray-finned fishes	haddock
f3f37e623de6ba101f2497d505421348	gi|2994737884|gb|PV656770.1|	99.515	3.36e-99	206	Melanogrammus aeglefinus	ray-finned fishes	haddock
f3f37e623de6ba101f2497d505421348	gi|124377065|emb|AM489717.1|	99.515	3.36e-99	206	Melanogrammus aeglefinus	ray-finned fishes	haddock
f3f37e623de6ba101f2497d505421348	gi|94481723|gb|DQ356942.1|	99.515	3.36e-99	206	Melanogrammus aeglefinus	ray-finned fishes	haddock
b3cc9e9919e3c82f385e9a2ba4fd6d8c	gi|3053320641|gb|PX070016.1|	99.038	1.22e-98	208	Clupea harengus	ray-finned fishes	Atlantic herring
b3cc9e9919e3c82f385e9a2ba4fd6d8c	gi|1799624616|gb|MN122931.1|	99.038	1.22e-98	208	Clupea harengus	ray-finned fishes	Atlantic herring
b3cc9e9919e3c82f385e9a2ba4fd6d8c	gi|1517391475|gb|MH194498.2|	99.038	1.22e-98	208	Clupea harengus	ray-finned fishes	Atlantic herring
b3cc9e9919e3c82f385e9a2ba4fd6d8c	gi|2018537065|gb|MW818226.1|	99.038	1.22e-98	208	Clupea harengus	ray-finned fishes	Atlantic herring
b3cc9e9919e3c82f385e9a2ba4fd6d8c	gi|2018537050|gb|MW818211.1|	99.038	1.22e-98	208	Clupea harengus	ray-finned fishes	Atlantic herring
444a8d8b14e8dd7aab0f95b4df875904	gi|2259492687|emb|OW835210.1|	95.423	8.15e-122	284	uncultured fungus	fungi	uncultured fungus
444a8d8b14e8dd7aab0f95b4df875904	gi|2259141778|emb|OW834522.1|	94.014	3.82e-115	284	uncultured fungus	fungi	uncultured fungus
444a8d8b14e8dd7aab0f95b4df875904	gi|2259392349|emb|OW837222.1|	89.437	1.83e-93	284	uncultured fungus	fungi	uncultured fungus
444a8d8b14e8dd7aab0f95b4df875904	gi|2259140839|emb|OW834139.1|	88.462	5.12e-89	286	uncultured fungus	fungi	uncultured fungus
444a8d8b14e8dd7aab0f95b4df875904	gi|2259142013|emb|OW834713.1|	87.226	1.44e-79	274	uncultured fungus	fungi	uncultured fungus
e2182115f3be481f0c76cbeb123135eb	gi|1798183348|emb|LR745847.1|	98.515	1.20e-93	202	Asterias rubens	starfish	European starfish
e2182115f3be481f0c76cbeb123135eb	gi|2567033648|gb|OR473298.1|	94.059	1.23e-78	202	Asterias amurensis	starfish	Northern Pacific seastar
e2182115f3be481f0c76cbeb123135eb	gi|2582205361|gb|CP134956.1|	94.059	1.23e-78	202	Asterias amurensis	starfish	Northern Pacific seastar
e2182115f3be481f0c76cbeb123135eb	gi|2582205361|gb|CP134956.1|	95.588	3.72e-19	68	Asterias amurensis	starfish	Northern Pacific seastar
e2182115f3be481f0c76cbeb123135eb	gi|2499155095|gb|OP747303.1|	94.059	1.23e-78	202	Asterias amurensis	starfish	Northern Pacific seastar
e2182115f3be481f0c76cbeb123135eb	gi|2499155067|gb|OP747301.1|	94.059	1.23e-78	202	Asterias amurensis	starfish	Northern Pacific seastar
b613b175ed2912ed24d97a8637597680	gi|2452630836|ref|NC_071876.1|	99.134	2.30e-111	231	Ctenodiscus crispatus	starfish	Ctenodiscus crispatus
b613b175ed2912ed24d97a8637597680	gi|2843360756|gb|PQ424523.1|	79.699	5.69e-13	133	Glabraster antarctica	starfish	Glabraster antarctica
b613b175ed2912ed24d97a8637597680	gi|2647705888|gb|PP118494.1|	90.625	2.65e-11	64	Astroblepus sp.	ray-finned fishes	Astroblepus sp.
b613b175ed2912ed24d97a8637597680	gi|2591482202|ref|NC_083180.1|	94.340	3.42e-10	53	Ophidion muraenolepis	ray-finned fishes	blackedge cusk
b613b175ed2912ed24d97a8637597680	gi|2647705911|gb|PP118517.1|	89.062	1.23e-09	64	Astroblepus verai	ray-finned fishes	Astroblepus verai
89dd58f3967083ad52b8962fa1f67904	gi|1825511885|gb|MT103914.1|	99.024	5.59e-97	205	Hippoglossoides platessoides	ray-finned fishes	American plaice
89dd58f3967083ad52b8962fa1f67904	gi|1799624449|gb|MN122825.1|	99.024	5.59e-97	205	Hippoglossoides platessoides	ray-finned fishes	American plaice
89dd58f3967083ad52b8962fa1f67904	gi|2995380200|gb|PV748024.1|	99.024	5.59e-97	205	Hippoglossoides elassodon	ray-finned fishes	flathead sole
89dd58f3967083ad52b8962fa1f67904	gi|2587926775|ref|NC_082804.1|	99.024	5.59e-97	205	Hippoglossoides elassodon	ray-finned fishes	flathead sole
89dd58f3967083ad52b8962fa1f67904	gi|2587926284|ref|NC_082769.1|	99.024	5.59e-97	205	Hippoglossoides robustus	ray-finned fishes	Bering flounder
f79bd4672a1b5b5921307c605bd08f31	gi|1693290266|ref|NC_042741.1|	88.614	3.45e-59	202	Pisaster ochraceus	starfish	purple sea star
f79bd4672a1b5b5921307c605bd08f31	gi|726972397|ref|NC_025766.1|	86.765	1.62e-52	204	Aphelasterias japonica	starfish	Aphelasterias japonica
f79bd4672a1b5b5921307c605bd08f31	gi|2567033649|gb|OR473299.1|	82.927	2.75e-40	205	Marthasterias glacialis	starfish	spiny starfish
f79bd4672a1b5b5921307c605bd08f31	gi|2076208768|emb|OU452241.1|	82.927	2.75e-40	205	Marthasterias glacialis	starfish	spiny starfish
f79bd4672a1b5b5921307c605bd08f31	gi|2499155081|gb|OP747302.1|	82.843	3.55e-39	204	Asterias amurensis	starfish	Northern Pacific seastar
f48a909c26d37ee265082cc8f88d39f8	gi|985566975|dbj|LC091642.1|	98.795	2.65e-75	166	Cyclothone microdon	ray-finned fishes	veiled anglemouth
f48a909c26d37ee265082cc8f88d39f8	gi|2333440936|gb|OP863133.1|	98.795	2.65e-75	166	Cyclothone microdon	ray-finned fishes	veiled anglemouth
f48a909c26d37ee265082cc8f88d39f8	gi|2647786639|dbj|LC794223.1|	86.765	1.27e-53	204	Cyclothone atraria	ray-finned fishes	deep-water bristlemouth
f48a909c26d37ee265082cc8f88d39f8	gi|2891888104|gb|PP467879.1|	87.245	1.64e-52	196	Cyclothone microdon	ray-finned fishes	veiled anglemouth
f48a909c26d37ee265082cc8f88d39f8	gi|985567007|dbj|LC091674.1|	90.798	2.12e-51	163	Cyclothone kobayashii	ray-finned fishes	Cyclothone kobayashii
8b7e3e4f99ab025ec32aec7de7b62165	gi|2949214765|gb|PV276249.1|	99.515	3.36e-99	206	Tautogolabrus adspersus	ray-finned fishes	cunner
8b7e3e4f99ab025ec32aec7de7b62165	gi|2095925523|gb|OK172578.1|	99.515	3.36e-99	206	Tautogolabrus adspersus	ray-finned fishes	cunner
8b7e3e4f99ab025ec32aec7de7b62165	gi|2030285394|gb|MW630161.1|	99.515	3.36e-99	206	Tautogolabrus adspersus	ray-finned fishes	cunner
8b7e3e4f99ab025ec32aec7de7b62165	gi|3157077158|gb|PX940036.1|	99.515	3.36e-99	206	Tautogolabrus adspersus	ray-finned fishes	cunner
8b7e3e4f99ab025ec32aec7de7b62165	gi|33569528|gb|AY279649.1|	99.515	3.36e-99	206	Tautogolabrus adspersus	ray-finned fishes	cunner
988d8803887115012623fb8eaad3a35a	gi|1108489543|gb|KX857361.1|	99.517	9.40e-100	207	Stenella longirostris	whales & dolphins	spinner dolphin
988d8803887115012623fb8eaad3a35a	gi|1108489263|gb|KX857341.1|	99.517	9.40e-100	207	Stenella attenuata	whales & dolphins	bridled dolphin
988d8803887115012623fb8eaad3a35a	gi|1108488437|gb|KX857282.1|	99.517	9.40e-100	207	Stenella attenuata	whales & dolphins	bridled dolphin
988d8803887115012623fb8eaad3a35a	gi|2504581153|emb|OX596408.1|	99.517	9.40e-100	207	Stenella coeruleoalba	whales & dolphins	striped dolphin
988d8803887115012623fb8eaad3a35a	gi|2192927485|ref|NC_060611.1|	99.517	9.40e-100	207	Stenella clymene	whales & dolphins	Clymene dolphin
ca9f45a4ef27b664f1a019c1c0359fad	gi|1858625302|gb|MN849817.1|	99.517	9.40e-100	207	Homo sapiens	primates	human
ca9f45a4ef27b664f1a019c1c0359fad	gi|1858625274|gb|MN849815.1|	99.517	9.40e-100	207	Homo sapiens	primates	human
ca9f45a4ef27b664f1a019c1c0359fad	gi|3061387742|gb|PX366847.1|	99.517	9.40e-100	207	Homo sapiens	primates	human
ca9f45a4ef27b664f1a019c1c0359fad	gi|1020879952|gb|KT587469.1|	99.517	9.40e-100	207	Homo sapiens	primates	human
ca9f45a4ef27b664f1a019c1c0359fad	gi|1150577193|gb|KY408817.1|	99.517	9.40e-100	207	Homo sapiens	primates	human
0e53e54885b6abc9e7230ad826a84ac7	gi|2994718532|gb|PV651714.1|	98.618	5.95e-102	217	Squalus acanthias	sharks & rays	spiny dogfish
0e53e54885b6abc9e7230ad826a84ac7	gi|3211614248|gb|PZ086324.1|	98.618	5.95e-102	217	Squalus suckleyi	sharks & rays	Puget Sound dogfish
0e53e54885b6abc9e7230ad826a84ac7	gi|3139203272|gb|PX718978.1|	98.618	5.95e-102	217	Squalus acanthias	sharks & rays	spiny dogfish
0e53e54885b6abc9e7230ad826a84ac7	gi|5835708|ref|NC_002012.1|	98.618	5.95e-102	217	Squalus acanthias	sharks & rays	spiny dogfish
0e53e54885b6abc9e7230ad826a84ac7	gi|1515576520|gb|MH377805.1|	98.529	1.00e-94	204	Squalus acanthias	sharks & rays	spiny dogfish
d9ad3fab176fda28a466a152b0fd6481	gi|1790179280|dbj|LC493903.1|	99.512	1.20e-98	205	Anarhichas denticulatus	ray-finned fishes	northern wolffish
d9ad3fab176fda28a466a152b0fd6481	gi|1790179266|dbj|LC493902.1|	99.512	1.20e-98	205	Anarhichas lupus	ray-finned fishes	Atlantic wolffish
d9ad3fab176fda28a466a152b0fd6481	gi|1084353640|gb|KX118041.1|	99.512	1.20e-98	205	Anarhichas denticulatus	ray-finned fishes	northern wolffish
d9ad3fab176fda28a466a152b0fd6481	gi|1084353626|gb|KX118040.1|	99.512	1.20e-98	205	Anarhichas denticulatus	ray-finned fishes	northern wolffish
d9ad3fab176fda28a466a152b0fd6481	gi|1084353612|gb|KX118039.1|	99.512	1.20e-98	205	Anarhichas denticulatus	ray-finned fishes	northern wolffish
77f9264620774b96ef507c26d9cafc73	gi|2882179697|gb|PQ858033.1|	97.143	0.001	35	Rana dalmatina	frogs & toads	agile frog
77f9264620774b96ef507c26d9cafc73	gi|1642524534|ref|NC_042226.1|	97.143	0.001	35	Rana temporaria	frogs & toads	common frog
77f9264620774b96ef507c26d9cafc73	gi|2869360573|gb|PQ758684.1|	97.143	0.001	35	Rana italica	frogs & toads	Rana italica
5163bb35a6de7abc9f956daa622a1092	gi|2989059657|gb|PV710554.1|	99.512	1.20e-98	205	Ammodytes dubius	ray-finned fishes	northern sand lance
5163bb35a6de7abc9f956daa622a1092	gi|959122927|ref|NC_028530.1|	99.512	1.20e-98	205	Ammodytes americanus	ray-finned fishes	American sand lance
5163bb35a6de7abc9f956daa622a1092	gi|2989059643|gb|PV710553.1|	99.024	5.59e-97	205	Ammodytes dubius	ray-finned fishes	northern sand lance
5163bb35a6de7abc9f956daa622a1092	gi|2989059629|gb|PV710552.1|	99.024	5.59e-97	205	Ammodytes dubius	ray-finned fishes	northern sand lance
5163bb35a6de7abc9f956daa622a1092	gi|2949335892|gb|PV423377.1|	99.024	5.59e-97	205	Ammodytes dubius	ray-finned fishes	northern sand lance
18fe992d17968473dae92119a76e17f4	gi|2571476436|gb|OR499725.1|	99.515	3.36e-99	206	Merluccius bilinearis	ray-finned fishes	silver hake
18fe992d17968473dae92119a76e17f4	gi|3211598001|gb|PZ091031.1|	99.515	3.36e-99	206	Merluccius bilinearis	ray-finned fishes	silver hake
18fe992d17968473dae92119a76e17f4	gi|3211597805|gb|PZ091017.1|	99.515	3.36e-99	206	Merluccius bilinearis	ray-finned fishes	silver hake
18fe992d17968473dae92119a76e17f4	gi|3053320529|gb|PX070008.1|	99.029	1.56e-97	206	Merluccius bilinearis	ray-finned fishes	silver hake
18fe992d17968473dae92119a76e17f4	gi|3211597665|gb|PZ091007.1|	99.029	5.63e-97	206	Merluccius bilinearis	ray-finned fishes	silver hake
ee8abc1838d34fe1a0783971dce33161	gi|2591482342|ref|NC_083190.1|	92.271	9.86e-75	207	Sclerasterias satsumana	starfish	Sclerasterias satsumana
ee8abc1838d34fe1a0783971dce33161	gi|1693290266|ref|NC_042741.1|	80.676	4.85e-33	207	Pisaster ochraceus	starfish	purple sea star
ee8abc1838d34fe1a0783971dce33161	gi|2499155081|gb|OP747302.1|	77.990	4.92e-23	209	Asterias amurensis	starfish	Northern Pacific seastar
ee8abc1838d34fe1a0783971dce33161	gi|2567033648|gb|OR473298.1|	77.512	2.29e-21	209	Asterias amurensis	starfish	Northern Pacific seastar
ee8abc1838d34fe1a0783971dce33161	gi|2582205361|gb|CP134956.1|	77.512	2.29e-21	209	Asterias amurensis	starfish	Northern Pacific seastar
b1c7dd737388d4a7cff71988984187e1	gi|1693290266|ref|NC_042741.1|	88.614	3.45e-59	202	Pisaster ochraceus	starfish	purple sea star
b1c7dd737388d4a7cff71988984187e1	gi|726972397|ref|NC_025766.1|	86.207	7.53e-51	203	Aphelasterias japonica	starfish	Aphelasterias japonica
b1c7dd737388d4a7cff71988984187e1	gi|2567033649|gb|OR473299.1|	82.927	2.75e-40	205	Marthasterias glacialis	starfish	spiny starfish
b1c7dd737388d4a7cff71988984187e1	gi|2076208768|emb|OU452241.1|	82.927	2.75e-40	205	Marthasterias glacialis	starfish	spiny starfish
b1c7dd737388d4a7cff71988984187e1	gi|2499155081|gb|OP747302.1|	81.773	7.69e-36	203	Asterias amurensis	starfish	Northern Pacific seastar
6bff2670d73e9dfe34f8f58610bccdb2	gi|2994718532|gb|PV651714.1|	98.618	5.95e-102	217	Squalus acanthias	sharks & rays	spiny dogfish
6bff2670d73e9dfe34f8f58610bccdb2	gi|3211614248|gb|PZ086324.1|	98.618	5.95e-102	217	Squalus suckleyi	sharks & rays	Puget Sound dogfish
6bff2670d73e9dfe34f8f58610bccdb2	gi|3139203272|gb|PX718978.1|	98.618	5.95e-102	217	Squalus acanthias	sharks & rays	spiny dogfish
6bff2670d73e9dfe34f8f58610bccdb2	gi|5835708|ref|NC_002012.1|	98.618	5.95e-102	217	Squalus acanthias	sharks & rays	spiny dogfish
6bff2670d73e9dfe34f8f58610bccdb2	gi|1515576520|gb|MH377805.1|	98.529	1.00e-94	204	Squalus acanthias	sharks & rays	spiny dogfish
a511a00a6552df965f0a040ce3337e09	gi|3053320557|gb|PX070010.1|	99.512	1.20e-98	205	Hippoglossus hippoglossus	ray-finned fishes	Atlantic halibut
a511a00a6552df965f0a040ce3337e09	gi|3053320515|gb|PX070007.1|	99.512	1.20e-98	205	Hippoglossus hippoglossus	ray-finned fishes	Atlantic halibut
a511a00a6552df965f0a040ce3337e09	gi|2987591881|gb|PV691876.1|	99.512	1.20e-98	205	Hippoglossus hippoglossus	ray-finned fishes	Atlantic halibut
a511a00a6552df965f0a040ce3337e09	gi|2987591867|gb|PV691875.1|	99.512	1.20e-98	205	Hippoglossus hippoglossus	ray-finned fishes	Atlantic halibut
a511a00a6552df965f0a040ce3337e09	gi|2987591853|gb|PV691874.1|	99.512	1.20e-98	205	Hippoglossus hippoglossus	ray-finned fishes	Atlantic halibut
42b20775f0af48d030ac3d2dfad8fe02	gi|1798183348|emb|LR745847.1|	99.010	2.59e-95	202	Asterias rubens	starfish	European starfish
42b20775f0af48d030ac3d2dfad8fe02	gi|2567033648|gb|OR473298.1|	94.554	2.64e-80	202	Asterias amurensis	starfish	Northern Pacific seastar
42b20775f0af48d030ac3d2dfad8fe02	gi|2582205361|gb|CP134956.1|	94.554	2.64e-80	202	Asterias amurensis	starfish	Northern Pacific seastar
42b20775f0af48d030ac3d2dfad8fe02	gi|2582205361|gb|CP134956.1|	97.059	8.00e-21	68	Asterias amurensis	starfish	Northern Pacific seastar
42b20775f0af48d030ac3d2dfad8fe02	gi|2499155095|gb|OP747303.1|	94.554	2.64e-80	202	Asterias amurensis	starfish	Northern Pacific seastar
42b20775f0af48d030ac3d2dfad8fe02	gi|2499155067|gb|OP747301.1|	94.554	2.64e-80	202	Asterias amurensis	starfish	Northern Pacific seastar
3faed5e2d0da5dd4251dca98c107c73e	gi|2571476436|gb|OR499725.1|	99.515	3.36e-99	206	Merluccius bilinearis	ray-finned fishes	silver hake
3faed5e2d0da5dd4251dca98c107c73e	gi|3211598001|gb|PZ091031.1|	99.515	3.36e-99	206	Merluccius bilinearis	ray-finned fishes	silver hake
3faed5e2d0da5dd4251dca98c107c73e	gi|3211597805|gb|PZ091017.1|	99.515	3.36e-99	206	Merluccius bilinearis	ray-finned fishes	silver hake
3faed5e2d0da5dd4251dca98c107c73e	gi|3053320529|gb|PX070008.1|	99.029	1.56e-97	206	Merluccius bilinearis	ray-finned fishes	silver hake
3faed5e2d0da5dd4251dca98c107c73e	gi|3211597665|gb|PZ091007.1|	99.029	5.63e-97	206	Merluccius bilinearis	ray-finned fishes	silver hake
68bfc4323b1b4b916f70267df9af4c77	gi|405779052|gb|JX242937.1|	99.515	3.36e-99	206	Nemichthys curvirostris	ray-finned fishes	spotted snipe eel
68bfc4323b1b4b916f70267df9af4c77	gi|1918448016|dbj|LC579418.1|	99.515	3.36e-99	206	Nemichthys curvirostris	ray-finned fishes	spotted snipe eel
68bfc4323b1b4b916f70267df9af4c77	gi|2174708199|dbj|LC669506.1|	96.602	3.41e-89	206	Nemichthys scolopaceus	ray-finned fishes	slender snipe eel
68bfc4323b1b4b916f70267df9af4c77	gi|280978307|ref|NC_013620.1|	96.602	3.41e-89	206	Nemichthys scolopaceus	ray-finned fishes	slender snipe eel
68bfc4323b1b4b916f70267df9af4c77	gi|22347496|gb|AF417330.1|	96.602	3.41e-89	206	Nemichthys scolopaceus	ray-finned fishes	slender snipe eel
41c45f395d6273cdaed6a72b52a27bda	gi|1540304408|gb|MH688244.1|	93.023	1.60e-04	43	Aperioptus gracilentus	ray-finned fishes	Aperioptus gracilentus
41c45f395d6273cdaed6a72b52a27bda	gi|2064684336|dbj|LC640023.1|	93.023	1.60e-04	43	Paraplagusia japonica	ray-finned fishes	black cow-tongue
41c45f395d6273cdaed6a72b52a27bda	gi|511347697|ref|NC_021376.1|	93.023	1.60e-04	43	Paraplagusia japonica	ray-finned fishes	black cow-tongue
41c45f395d6273cdaed6a72b52a27bda	gi|1918448007|dbj|LC579409.1|	93.023	1.60e-04	43	Paraplagusia japonica	ray-finned fishes	black cow-tongue
41c45f395d6273cdaed6a72b52a27bda	gi|169665021|gb|EU341086.1|	97.143	5.75e-04	35	Anodonthyla rouxae	frogs & toads	Madagascar climbing frog
39e61ce27bc0f90282da3039209482eb	gi|2989059657|gb|PV710554.1|	99.512	1.20e-98	205	Ammodytes dubius	ray-finned fishes	northern sand lance
39e61ce27bc0f90282da3039209482eb	gi|959122927|ref|NC_028530.1|	99.512	1.20e-98	205	Ammodytes americanus	ray-finned fishes	American sand lance
39e61ce27bc0f90282da3039209482eb	gi|2989059643|gb|PV710553.1|	99.024	5.59e-97	205	Ammodytes dubius	ray-finned fishes	northern sand lance
39e61ce27bc0f90282da3039209482eb	gi|2989059629|gb|PV710552.1|	99.024	5.59e-97	205	Ammodytes dubius	ray-finned fishes	northern sand lance
39e61ce27bc0f90282da3039209482eb	gi|2949335892|gb|PV423377.1|	99.024	5.59e-97	205	Ammodytes dubius	ray-finned fishes	northern sand lance
13b799ebeacd59cfcf8d6066201ae8be	gi|2882954833|gb|PQ858633.1|	99.020	2.00e-96	204	Sebastes mentella	ray-finned fishes	deepwater redfish
13b799ebeacd59cfcf8d6066201ae8be	gi|2882954819|gb|PQ858632.1|	99.020	2.00e-96	204	Sebastes mentella	ray-finned fishes	deepwater redfish
13b799ebeacd59cfcf8d6066201ae8be	gi|2882954805|gb|PQ858631.1|	99.020	2.00e-96	204	Sebastes fasciatus	ray-finned fishes	Acadian redfish
13b799ebeacd59cfcf8d6066201ae8be	gi|2882954791|gb|PQ858630.1|	99.020	2.00e-96	204	Sebastes fasciatus	ray-finned fishes	Acadian redfish
13b799ebeacd59cfcf8d6066201ae8be	gi|2882954777|gb|PQ858629.1|	99.020	2.00e-96	204	Sebastes fasciatus	ray-finned fishes	Acadian redfish
20126e010d66ed280259daf2e379d025	gi|1786483301|gb|MK118167.1|	99.515	3.36e-99	206	Oneirodes bradburyae	ray-finned fishes	Oneirodes bradburyae
20126e010d66ed280259daf2e379d025	gi|289183105|ref|NC_013871.1|	97.087	2.64e-90	206	Oneirodes thompsoni	ray-finned fishes	Oneirodes thompsoni
20126e010d66ed280259daf2e379d025	gi|985563177|dbj|LC091860.1|	100.000	2.67e-80	169	Oneirodes macrosteus	ray-finned fishes	Oneirodes macrosteus
20126e010d66ed280259daf2e379d025	gi|1918447672|dbj|LC579074.1|	100.000	2.67e-80	169	Oneirodes macrosteus	ray-finned fishes	Oneirodes macrosteus
20126e010d66ed280259daf2e379d025	gi|2580283205|gb|OP057067.2|	93.689	1.24e-78	206	Chaenophryne longiceps	ray-finned fishes	can-opener smoothdream
deba3b033f7bbf45064e632db45c0c58	gi|2571476436|gb|OR499725.1|	99.515	3.36e-99	206	Merluccius bilinearis	ray-finned fishes	silver hake
deba3b033f7bbf45064e632db45c0c58	gi|3211598001|gb|PZ091031.1|	99.515	3.36e-99	206	Merluccius bilinearis	ray-finned fishes	silver hake
deba3b033f7bbf45064e632db45c0c58	gi|3211597805|gb|PZ091017.1|	99.515	3.36e-99	206	Merluccius bilinearis	ray-finned fishes	silver hake
deba3b033f7bbf45064e632db45c0c58	gi|3053320529|gb|PX070008.1|	99.029	1.56e-97	206	Merluccius bilinearis	ray-finned fishes	silver hake
deba3b033f7bbf45064e632db45c0c58	gi|3211597665|gb|PZ091007.1|	99.029	5.63e-97	206	Merluccius bilinearis	ray-finned fishes	silver hake
c87585377a058ccd32bf3cf934a0cd09	gi|1798183348|emb|LR745847.1|	99.010	2.59e-95	202	Asterias rubens	starfish	European starfish
c87585377a058ccd32bf3cf934a0cd09	gi|2567033648|gb|OR473298.1|	94.554	2.64e-80	202	Asterias amurensis	starfish	Northern Pacific seastar
c87585377a058ccd32bf3cf934a0cd09	gi|2582205361|gb|CP134956.1|	94.554	2.64e-80	202	Asterias amurensis	starfish	Northern Pacific seastar
c87585377a058ccd32bf3cf934a0cd09	gi|2582205361|gb|CP134956.1|	98.387	3.72e-19	62	Asterias amurensis	starfish	Northern Pacific seastar
c87585377a058ccd32bf3cf934a0cd09	gi|2499155095|gb|OP747303.1|	94.554	2.64e-80	202	Asterias amurensis	starfish	Northern Pacific seastar
c87585377a058ccd32bf3cf934a0cd09	gi|2499155067|gb|OP747301.1|	94.554	2.64e-80	202	Asterias amurensis	starfish	Northern Pacific seastar
a1a3e786a1e831f768605349573d3076	gi|1693290266|ref|NC_042741.1|	88.614	3.45e-59	202	Pisaster ochraceus	starfish	purple sea star
a1a3e786a1e831f768605349573d3076	gi|726972397|ref|NC_025766.1|	86.207	7.53e-51	203	Aphelasterias japonica	starfish	Aphelasterias japonica
a1a3e786a1e831f768605349573d3076	gi|2567033649|gb|OR473299.1|	82.927	2.75e-40	205	Marthasterias glacialis	starfish	spiny starfish
a1a3e786a1e831f768605349573d3076	gi|2076208768|emb|OU452241.1|	82.927	2.75e-40	205	Marthasterias glacialis	starfish	spiny starfish
a1a3e786a1e831f768605349573d3076	gi|2499155081|gb|OP747302.1|	81.773	7.69e-36	203	Asterias amurensis	starfish	Northern Pacific seastar
d51dc945cd22b476615cdc78b5c1a3bc	gi|3053320557|gb|PX070010.1|	99.512	1.20e-98	205	Hippoglossus hippoglossus	ray-finned fishes	Atlantic halibut
d51dc945cd22b476615cdc78b5c1a3bc	gi|3053320515|gb|PX070007.1|	99.512	1.20e-98	205	Hippoglossus hippoglossus	ray-finned fishes	Atlantic halibut
d51dc945cd22b476615cdc78b5c1a3bc	gi|2987591881|gb|PV691876.1|	99.512	1.20e-98	205	Hippoglossus hippoglossus	ray-finned fishes	Atlantic halibut
d51dc945cd22b476615cdc78b5c1a3bc	gi|2987591867|gb|PV691875.1|	99.512	1.20e-98	205	Hippoglossus hippoglossus	ray-finned fishes	Atlantic halibut
d51dc945cd22b476615cdc78b5c1a3bc	gi|2987591853|gb|PV691874.1|	99.512	1.20e-98	205	Hippoglossus hippoglossus	ray-finned fishes	Atlantic halibut
067f23540e51cddd3f54420860558109	gi|3053320641|gb|PX070016.1|	99.519	2.63e-100	208	Clupea harengus	ray-finned fishes	Atlantic herring
067f23540e51cddd3f54420860558109	gi|1799624616|gb|MN122931.1|	99.519	2.63e-100	208	Clupea harengus	ray-finned fishes	Atlantic herring
067f23540e51cddd3f54420860558109	gi|1517391475|gb|MH194498.2|	99.519	2.63e-100	208	Clupea harengus	ray-finned fishes	Atlantic herring
067f23540e51cddd3f54420860558109	gi|2018537065|gb|MW818226.1|	99.519	2.63e-100	208	Clupea harengus	ray-finned fishes	Atlantic herring
067f23540e51cddd3f54420860558109	gi|2018537050|gb|MW818211.1|	99.519	2.63e-100	208	Clupea harengus	ray-finned fishes	Atlantic herring
5735a677af27e65f636e1e16f95a6f7a	gi|1358104137|gb|MF409246.1|	99.029	1.56e-97	206	Megaptera novaeangliae	whales & dolphins	humpback whale
5735a677af27e65f636e1e16f95a6f7a	gi|2710387203|gb|PP475430.1|	98.544	7.28e-96	206	Megaptera novaeangliae	whales & dolphins	humpback whale
5735a677af27e65f636e1e16f95a6f7a	gi|62184326|ref|NC_006927.1|	98.544	7.28e-96	206	Megaptera novaeangliae	whales & dolphins	humpback whale
5735a677af27e65f636e1e16f95a6f7a	gi|12700648|gb|AY012141.1|	98.544	7.28e-96	206	Megaptera novaeangliae	whales & dolphins	humpback whale
5735a677af27e65f636e1e16f95a6f7a	gi|1778222898|gb|MN124685.1|	95.146	3.43e-84	206	Balaena mysticetus	whales & dolphins	bowhead whale
da2732676efc6fa8ff2a3bd020280f1f	gi|2989059657|gb|PV710554.1|	99.512	1.20e-98	205	Ammodytes dubius	ray-finned fishes	northern sand lance
da2732676efc6fa8ff2a3bd020280f1f	gi|959122927|ref|NC_028530.1|	99.512	1.20e-98	205	Ammodytes americanus	ray-finned fishes	American sand lance
da2732676efc6fa8ff2a3bd020280f1f	gi|2989059643|gb|PV710553.1|	99.024	5.59e-97	205	Ammodytes dubius	ray-finned fishes	northern sand lance
da2732676efc6fa8ff2a3bd020280f1f	gi|2989059629|gb|PV710552.1|	99.024	5.59e-97	205	Ammodytes dubius	ray-finned fishes	northern sand lance
da2732676efc6fa8ff2a3bd020280f1f	gi|2949335892|gb|PV423377.1|	99.024	5.59e-97	205	Ammodytes dubius	ray-finned fishes	northern sand lance
70231939f9e906a2d3b3c3c40b2b105d	gi|2571476436|gb|OR499725.1|	99.029	1.56e-97	206	Merluccius bilinearis	ray-finned fishes	silver hake
70231939f9e906a2d3b3c3c40b2b105d	gi|3211598001|gb|PZ091031.1|	99.029	1.56e-97	206	Merluccius bilinearis	ray-finned fishes	silver hake
70231939f9e906a2d3b3c3c40b2b105d	gi|3211597805|gb|PZ091017.1|	99.029	1.56e-97	206	Merluccius bilinearis	ray-finned fishes	silver hake
70231939f9e906a2d3b3c3c40b2b105d	gi|3053320529|gb|PX070008.1|	98.544	7.28e-96	206	Merluccius bilinearis	ray-finned fishes	silver hake
70231939f9e906a2d3b3c3c40b2b105d	gi|3211597665|gb|PZ091007.1|	98.544	2.62e-95	206	Merluccius bilinearis	ray-finned fishes	silver hake
1e3b4117be5b3a69a310919748525339	gi|1609530226|gb|MK266753.1|	85.714	2.55e-05	63	Sphaenorhynchus prasinus	frogs & toads	Sphaenorhynchus prasinus
1e3b4117be5b3a69a310919748525339	gi|1609530225|gb|MK266752.1|	85.714	2.55e-05	63	Sphaenorhynchus prasinus	frogs & toads	Sphaenorhynchus prasinus
1e3b4117be5b3a69a310919748525339	gi|1484645101|gb|MH004345.1|	85.714	2.55e-05	63	Sphaenorhynchus prasinus	frogs & toads	Sphaenorhynchus prasinus
1e3b4117be5b3a69a310919748525339	gi|62146628|emb|AJ628371.1|	82.895	2.55e-05	76	Caluromys philander	marsupials	bare-tailed woolly opossum
1e3b4117be5b3a69a310919748525339	gi|3084544444|emb|OZ345433.1|	100.000	9.19e-05	33	Sarpa salpa	ray-finned fishes	Sarpa salpa
f8db62336f5a147208d33bf455381ee9	gi|2882954833|gb|PQ858633.1|	99.020	2.00e-96	204	Sebastes mentella	ray-finned fishes	deepwater redfish
f8db62336f5a147208d33bf455381ee9	gi|2882954819|gb|PQ858632.1|	99.020	2.00e-96	204	Sebastes mentella	ray-finned fishes	deepwater redfish
f8db62336f5a147208d33bf455381ee9	gi|2882954805|gb|PQ858631.1|	99.020	2.00e-96	204	Sebastes fasciatus	ray-finned fishes	Acadian redfish
f8db62336f5a147208d33bf455381ee9	gi|2882954791|gb|PQ858630.1|	99.020	2.00e-96	204	Sebastes fasciatus	ray-finned fishes	Acadian redfish
f8db62336f5a147208d33bf455381ee9	gi|2882954777|gb|PQ858629.1|	99.020	2.00e-96	204	Sebastes fasciatus	ray-finned fishes	Acadian redfish
77012088a103f7dbdf834ecee50867bc	gi|2571476436|gb|OR499725.1|	99.029	5.59e-97	206	Merluccius bilinearis	ray-finned fishes	silver hake
77012088a103f7dbdf834ecee50867bc	gi|3211598001|gb|PZ091031.1|	99.029	5.59e-97	206	Merluccius bilinearis	ray-finned fishes	silver hake
77012088a103f7dbdf834ecee50867bc	gi|3211597805|gb|PZ091017.1|	99.029	5.59e-97	206	Merluccius bilinearis	ray-finned fishes	silver hake
77012088a103f7dbdf834ecee50867bc	gi|3053320529|gb|PX070008.1|	98.544	2.60e-95	206	Merluccius bilinearis	ray-finned fishes	silver hake
77012088a103f7dbdf834ecee50867bc	gi|3211597665|gb|PZ091007.1|	98.544	2.60e-95	206	Merluccius bilinearis	ray-finned fishes	silver hake
c4cfe56398c9d00df11ce05789cd091f	gi|1825511897|gb|MT103924.1|	99.512	1.20e-98	205	Pseudopleuronectes americanus	ray-finned fishes	winter flounder
c4cfe56398c9d00df11ce05789cd091f	gi|2987591699|gb|PV691863.1|	99.512	1.20e-98	205	Pseudopleuronectes americanus	ray-finned fishes	winter flounder
c4cfe56398c9d00df11ce05789cd091f	gi|2987591643|gb|PV691859.1|	99.512	1.20e-98	205	Pseudopleuronectes americanus	ray-finned fishes	winter flounder
c4cfe56398c9d00df11ce05789cd091f	gi|2579699234|ref|NC_082555.1|	99.512	1.20e-98	205	Pseudopleuronectes americanus	ray-finned fishes	winter flounder
c4cfe56398c9d00df11ce05789cd091f	gi|3139203370|gb|PX718985.1|	99.512	1.20e-98	205	Pseudopleuronectes americanus	ray-finned fishes	winter flounder
f4eef9d1e109aa0e6063605706e519de	gi|1798183348|emb|LR745847.1|	99.010	2.59e-95	202	Asterias rubens	starfish	European starfish
f4eef9d1e109aa0e6063605706e519de	gi|2567033648|gb|OR473298.1|	94.554	2.64e-80	202	Asterias amurensis	starfish	Northern Pacific seastar
f4eef9d1e109aa0e6063605706e519de	gi|2582205361|gb|CP134956.1|	94.554	2.64e-80	202	Asterias amurensis	starfish	Northern Pacific seastar
f4eef9d1e109aa0e6063605706e519de	gi|2582205361|gb|CP134956.1|	97.059	8.00e-21	68	Asterias amurensis	starfish	Northern Pacific seastar
f4eef9d1e109aa0e6063605706e519de	gi|2499155095|gb|OP747303.1|	94.554	2.64e-80	202	Asterias amurensis	starfish	Northern Pacific seastar
f4eef9d1e109aa0e6063605706e519de	gi|2499155067|gb|OP747301.1|	94.554	2.64e-80	202	Asterias amurensis	starfish	Northern Pacific seastar
71d9d978b4317b020985916ffdd640e0	gi|3057012933|gb|PX273259.1|	99.034	4.38e-98	207	Homo sapiens	primates	human
71d9d978b4317b020985916ffdd640e0	gi|3057012919|gb|PX273258.1|	99.034	4.38e-98	207	Homo sapiens	primates	human
71d9d978b4317b020985916ffdd640e0	gi|3057012905|gb|PX273257.1|	99.034	4.38e-98	207	Homo sapiens	primates	human
71d9d978b4317b020985916ffdd640e0	gi|3057012891|gb|PX273256.1|	99.034	4.38e-98	207	Homo sapiens	primates	human
71d9d978b4317b020985916ffdd640e0	gi|3057012877|gb|PX273255.1|	99.034	4.38e-98	207	Homo sapiens	primates	human
227832ee9a4a13ed527f0388a5936ade	gi|2989059657|gb|PV710554.1|	99.512	1.20e-98	205	Ammodytes dubius	ray-finned fishes	northern sand lance
227832ee9a4a13ed527f0388a5936ade	gi|959122927|ref|NC_028530.1|	99.512	1.20e-98	205	Ammodytes americanus	ray-finned fishes	American sand lance
227832ee9a4a13ed527f0388a5936ade	gi|2989059643|gb|PV710553.1|	99.024	5.59e-97	205	Ammodytes dubius	ray-finned fishes	northern sand lance
227832ee9a4a13ed527f0388a5936ade	gi|2989059629|gb|PV710552.1|	99.024	5.59e-97	205	Ammodytes dubius	ray-finned fishes	northern sand lance
227832ee9a4a13ed527f0388a5936ade	gi|2949335892|gb|PV423377.1|	99.024	5.59e-97	205	Ammodytes dubius	ray-finned fishes	northern sand lance
9c9fbfabe04c0e85b6a9509c087de48c	gi|2994737912|gb|PV656772.1|	99.515	3.36e-99	206	Melanogrammus aeglefinus	ray-finned fishes	haddock
9c9fbfabe04c0e85b6a9509c087de48c	gi|2994737898|gb|PV656771.1|	99.515	3.36e-99	206	Melanogrammus aeglefinus	ray-finned fishes	haddock
9c9fbfabe04c0e85b6a9509c087de48c	gi|2994737884|gb|PV656770.1|	99.515	3.36e-99	206	Melanogrammus aeglefinus	ray-finned fishes	haddock
9c9fbfabe04c0e85b6a9509c087de48c	gi|124377065|emb|AM489717.1|	99.515	3.36e-99	206	Melanogrammus aeglefinus	ray-finned fishes	haddock
9c9fbfabe04c0e85b6a9509c087de48c	gi|94481723|gb|DQ356942.1|	99.515	3.36e-99	206	Melanogrammus aeglefinus	ray-finned fishes	haddock
78e626484a762d86f5e86f7578c5acab	gi|1540304408|gb|MH688244.1|	93.023	1.60e-04	43	Aperioptus gracilentus	ray-finned fishes	Aperioptus gracilentus
78e626484a762d86f5e86f7578c5acab	gi|2064684336|dbj|LC640023.1|	93.023	1.60e-04	43	Paraplagusia japonica	ray-finned fishes	black cow-tongue
78e626484a762d86f5e86f7578c5acab	gi|511347697|ref|NC_021376.1|	93.023	1.60e-04	43	Paraplagusia japonica	ray-finned fishes	black cow-tongue
78e626484a762d86f5e86f7578c5acab	gi|1918448007|dbj|LC579409.1|	93.023	1.60e-04	43	Paraplagusia japonica	ray-finned fishes	black cow-tongue
78e626484a762d86f5e86f7578c5acab	gi|169665021|gb|EU341086.1|	97.143	5.75e-04	35	Anodonthyla rouxae	frogs & toads	Madagascar climbing frog
9fde8c4eb59afb01fa80c4a6150e3a2d	gi|1540304408|gb|MH688244.1|	95.349	3.45e-06	43	Aperioptus gracilentus	ray-finned fishes	Aperioptus gracilentus
9fde8c4eb59afb01fa80c4a6150e3a2d	gi|2064684336|dbj|LC640023.1|	95.349	3.45e-06	43	Paraplagusia japonica	ray-finned fishes	black cow-tongue
9fde8c4eb59afb01fa80c4a6150e3a2d	gi|511347697|ref|NC_021376.1|	95.349	3.45e-06	43	Paraplagusia japonica	ray-finned fishes	black cow-tongue
9fde8c4eb59afb01fa80c4a6150e3a2d	gi|1918448007|dbj|LC579409.1|	95.349	3.45e-06	43	Paraplagusia japonica	ray-finned fishes	black cow-tongue
9fde8c4eb59afb01fa80c4a6150e3a2d	gi|1835269738|gb|MN917497.1|	93.023	1.60e-04	43	Paratelmatobius cardosoi	frogs & toads	Paratelmatobius cardosoi
27b335b2785b5e23fee4dc2ec9ae9e8b	gi|1798183348|emb|LR745847.1|	98.515	1.20e-93	202	Asterias rubens	starfish	European starfish
27b335b2785b5e23fee4dc2ec9ae9e8b	gi|2567033648|gb|OR473298.1|	94.059	1.23e-78	202	Asterias amurensis	starfish	Northern Pacific seastar
27b335b2785b5e23fee4dc2ec9ae9e8b	gi|2582205361|gb|CP134956.1|	94.059	1.23e-78	202	Asterias amurensis	starfish	Northern Pacific seastar
27b335b2785b5e23fee4dc2ec9ae9e8b	gi|2499155095|gb|OP747303.1|	94.059	1.23e-78	202	Asterias amurensis	starfish	Northern Pacific seastar
27b335b2785b5e23fee4dc2ec9ae9e8b	gi|2499155067|gb|OP747301.1|	94.059	1.23e-78	202	Asterias amurensis	starfish	Northern Pacific seastar
82210438721acb1919a9656dede6f2b7	gi|2882954833|gb|PQ858633.1|	99.020	2.00e-96	204	Sebastes mentella	ray-finned fishes	deepwater redfish
82210438721acb1919a9656dede6f2b7	gi|2882954819|gb|PQ858632.1|	99.020	2.00e-96	204	Sebastes mentella	ray-finned fishes	deepwater redfish
82210438721acb1919a9656dede6f2b7	gi|2882954805|gb|PQ858631.1|	99.020	2.00e-96	204	Sebastes fasciatus	ray-finned fishes	Acadian redfish
82210438721acb1919a9656dede6f2b7	gi|2882954791|gb|PQ858630.1|	99.020	2.00e-96	204	Sebastes fasciatus	ray-finned fishes	Acadian redfish
82210438721acb1919a9656dede6f2b7	gi|2882954777|gb|PQ858629.1|	99.020	2.00e-96	204	Sebastes fasciatus	ray-finned fishes	Acadian redfish
612dbc99495bdd911588879d35ce4139	gi|2571476450|gb|OR499726.1|	99.515	3.36e-99	206	Merluccius albidus	ray-finned fishes	offshore hake
612dbc99495bdd911588879d35ce4139	gi|1788585394|gb|MN883216.1|	99.495	9.42e-95	198	Merluccius albidus	ray-finned fishes	offshore hake
612dbc99495bdd911588879d35ce4139	gi|1788585391|gb|MN883215.1|	99.495	9.42e-95	198	Merluccius albidus	ray-finned fishes	offshore hake
612dbc99495bdd911588879d35ce4139	gi|2715331780|ref|NC_088010.1|	96.117	5.71e-87	206	Merluccius hubbsi	ray-finned fishes	Argentine hake
612dbc99495bdd911588879d35ce4139	gi|2580316395|gb|OR575596.1|	95.631	7.38e-86	206	Merluccius angustimanus	ray-finned fishes	Panama hake
7c891fb8332f450bb1d8030ea3a41354	gi|2580278162|gb|OP057031.2|	99.512	1.20e-98	205	Xiphias gladius	ray-finned fishes	swordfish
7c891fb8332f450bb1d8030ea3a41354	gi|2309725946|gb|OP537859.1|	99.512	1.20e-98	205	Xiphias gladius	ray-finned fishes	swordfish
7c891fb8332f450bb1d8030ea3a41354	gi|542132237|dbj|AP006036.1|	99.512	1.20e-98	205	Xiphias gladius	ray-finned fishes	swordfish
7c891fb8332f450bb1d8030ea3a41354	gi|229918859|ref|NC_012677.1|	99.512	1.20e-98	205	Xiphias gladius	ray-finned fishes	swordfish
7c891fb8332f450bb1d8030ea3a41354	gi|114148946|gb|DQ854646.1|	99.512	1.20e-98	205	Xiphias gladius	ray-finned fishes	swordfish
391ed0c4e028948d9f46021d1368d270	gi|2591482342|ref|NC_083190.1|	92.271	9.86e-75	207	Sclerasterias satsumana	starfish	Sclerasterias satsumana
391ed0c4e028948d9f46021d1368d270	gi|1693290266|ref|NC_042741.1|	80.676	4.85e-33	207	Pisaster ochraceus	starfish	purple sea star
391ed0c4e028948d9f46021d1368d270	gi|2499155081|gb|OP747302.1|	77.990	4.92e-23	209	Asterias amurensis	starfish	Northern Pacific seastar
391ed0c4e028948d9f46021d1368d270	gi|2567033648|gb|OR473298.1|	77.512	2.29e-21	209	Asterias amurensis	starfish	Northern Pacific seastar
391ed0c4e028948d9f46021d1368d270	gi|2582205361|gb|CP134956.1|	77.512	2.29e-21	209	Asterias amurensis	starfish	Northern Pacific seastar
9668b3eca0612c5d18d6cc2c64248d70	gi|3053320641|gb|PX070016.1|	99.519	2.63e-100	208	Clupea harengus	ray-finned fishes	Atlantic herring
9668b3eca0612c5d18d6cc2c64248d70	gi|1799624616|gb|MN122931.1|	99.519	2.63e-100	208	Clupea harengus	ray-finned fishes	Atlantic herring
9668b3eca0612c5d18d6cc2c64248d70	gi|1517391475|gb|MH194498.2|	99.519	2.63e-100	208	Clupea harengus	ray-finned fishes	Atlantic herring
9668b3eca0612c5d18d6cc2c64248d70	gi|2018537065|gb|MW818226.1|	99.519	2.63e-100	208	Clupea harengus	ray-finned fishes	Atlantic herring
9668b3eca0612c5d18d6cc2c64248d70	gi|2018537050|gb|MW818211.1|	99.519	2.63e-100	208	Clupea harengus	ray-finned fishes	Atlantic herring
13808f7730e232415afb4a99b5d493f5	gi|2812967780|gb|PQ284207.1|	99.515	3.36e-99	206	Salmo salar	ray-finned fishes	Atlantic salmon
13808f7730e232415afb4a99b5d493f5	gi|378554491|gb|JQ390055.1|	99.515	3.36e-99	206	Salmo salar	ray-finned fishes	Atlantic salmon
13808f7730e232415afb4a99b5d493f5	gi|2812967668|gb|PQ284199.1|	98.058	3.39e-94	206	Salmo salar	ray-finned fishes	Atlantic salmon
13808f7730e232415afb4a99b5d493f5	gi|2812967640|gb|PQ284197.1|	98.058	3.39e-94	206	Salmo salar	ray-finned fishes	Atlantic salmon
13808f7730e232415afb4a99b5d493f5	gi|2812967626|gb|PQ284196.1|	98.058	3.39e-94	206	Salmo salar	ray-finned fishes	Atlantic salmon
101f8e3fd1cfce12f71f8fa909009536	gi|3053320641|gb|PX070016.1|	99.519	2.63e-100	208	Clupea harengus	ray-finned fishes	Atlantic herring
101f8e3fd1cfce12f71f8fa909009536	gi|1799624616|gb|MN122931.1|	99.519	2.63e-100	208	Clupea harengus	ray-finned fishes	Atlantic herring
101f8e3fd1cfce12f71f8fa909009536	gi|1517391475|gb|MH194498.2|	99.519	2.63e-100	208	Clupea harengus	ray-finned fishes	Atlantic herring
101f8e3fd1cfce12f71f8fa909009536	gi|2018537065|gb|MW818226.1|	99.519	2.63e-100	208	Clupea harengus	ray-finned fishes	Atlantic herring
101f8e3fd1cfce12f71f8fa909009536	gi|2018537050|gb|MW818211.1|	99.519	2.63e-100	208	Clupea harengus	ray-finned fishes	Atlantic herring
27775d22d0648a369253cc31823f2864	gi|1693290266|ref|NC_042741.1|	88.614	3.45e-59	202	Pisaster ochraceus	starfish	purple sea star
27775d22d0648a369253cc31823f2864	gi|726972397|ref|NC_025766.1|	86.207	7.53e-51	203	Aphelasterias japonica	starfish	Aphelasterias japonica
27775d22d0648a369253cc31823f2864	gi|2567033649|gb|OR473299.1|	82.927	2.75e-40	205	Marthasterias glacialis	starfish	spiny starfish
27775d22d0648a369253cc31823f2864	gi|2076208768|emb|OU452241.1|	82.927	2.75e-40	205	Marthasterias glacialis	starfish	spiny starfish
27775d22d0648a369253cc31823f2864	gi|2499155081|gb|OP747302.1|	81.773	7.69e-36	203	Asterias amurensis	starfish	Northern Pacific seastar
645429debe27f22787e5e75a27a205f8	gi|2248499876|ref|NC_063523.1|	99.515	3.36e-99	206	Brosme brosme	ray-finned fishes	Brosme brosme
645429debe27f22787e5e75a27a205f8	gi|2119746849|gb|MZ329990.1|	99.515	3.36e-99	206	Brosme brosme	ray-finned fishes	Brosme brosme
645429debe27f22787e5e75a27a205f8	gi|14485460|emb|AJ315617.1|	98.942	4.41e-88	189	Brosme brosme	ray-finned fishes	Brosme brosme
645429debe27f22787e5e75a27a205f8	gi|1919560125|ref|NC_050740.1|	95.169	3.43e-84	207	Molva dypterygia	ray-finned fishes	blue ling
645429debe27f22787e5e75a27a205f8	gi|700587773|gb|KM201364.1|	94.660	1.60e-82	206	Lota lota	ray-finned fishes	burbot
b60aaea833228d547a52d1a9b93a2fc7	gi|1798183348|emb|LR745847.1|	99.010	2.59e-95	202	Asterias rubens	starfish	European starfish
b60aaea833228d547a52d1a9b93a2fc7	gi|2567033648|gb|OR473298.1|	94.554	2.64e-80	202	Asterias amurensis	starfish	Northern Pacific seastar
b60aaea833228d547a52d1a9b93a2fc7	gi|2582205361|gb|CP134956.1|	94.554	2.64e-80	202	Asterias amurensis	starfish	Northern Pacific seastar
b60aaea833228d547a52d1a9b93a2fc7	gi|2582205361|gb|CP134956.1|	97.059	8.00e-21	68	Asterias amurensis	starfish	Northern Pacific seastar
b60aaea833228d547a52d1a9b93a2fc7	gi|2499155095|gb|OP747303.1|	94.554	2.64e-80	202	Asterias amurensis	starfish	Northern Pacific seastar
b60aaea833228d547a52d1a9b93a2fc7	gi|2499155067|gb|OP747301.1|	94.554	2.64e-80	202	Asterias amurensis	starfish	Northern Pacific seastar
79637e1c22608a16a98de0c5df4e0554	gi|56411076|gb|AY676868.1|	99.510	4.30e-98	204	Bos taurus	even-toed ungulates & whales	domestic cattle
79637e1c22608a16a98de0c5df4e0554	gi|1802566577|gb|MN714194.1|	99.020	2.00e-96	204	Bos taurus	even-toed ungulates & whales	domestic cattle
79637e1c22608a16a98de0c5df4e0554	gi|1802566563|gb|MN714193.1|	99.020	2.00e-96	204	Bos taurus	even-toed ungulates & whales	domestic cattle
79637e1c22608a16a98de0c5df4e0554	gi|1802566521|gb|MN714190.1|	99.020	2.00e-96	204	Bos taurus	even-toed ungulates & whales	domestic cattle
79637e1c22608a16a98de0c5df4e0554	gi|1802566437|gb|MN714184.1|	99.020	2.00e-96	204	Bos taurus	even-toed ungulates & whales	domestic cattle
ef954aa892a226157a79b043640c1dc2	gi|2994737912|gb|PV656772.1|	99.029	1.56e-97	206	Melanogrammus aeglefinus	ray-finned fishes	haddock
ef954aa892a226157a79b043640c1dc2	gi|2994737898|gb|PV656771.1|	99.029	1.56e-97	206	Melanogrammus aeglefinus	ray-finned fishes	haddock
ef954aa892a226157a79b043640c1dc2	gi|2994737884|gb|PV656770.1|	99.029	1.56e-97	206	Melanogrammus aeglefinus	ray-finned fishes	haddock
ef954aa892a226157a79b043640c1dc2	gi|124377065|emb|AM489717.1|	99.029	1.56e-97	206	Melanogrammus aeglefinus	ray-finned fishes	haddock
ef954aa892a226157a79b043640c1dc2	gi|94481723|gb|DQ356942.1|	99.029	1.56e-97	206	Melanogrammus aeglefinus	ray-finned fishes	haddock
0a9472cc4689edcf139ced5065840d15	gi|3057012933|gb|PX273259.1|	99.034	4.38e-98	207	Homo sapiens	primates	human
0a9472cc4689edcf139ced5065840d15	gi|3057012919|gb|PX273258.1|	99.034	4.38e-98	207	Homo sapiens	primates	human
0a9472cc4689edcf139ced5065840d15	gi|3057012905|gb|PX273257.1|	99.034	4.38e-98	207	Homo sapiens	primates	human
0a9472cc4689edcf139ced5065840d15	gi|3057012891|gb|PX273256.1|	99.034	4.38e-98	207	Homo sapiens	primates	human
0a9472cc4689edcf139ced5065840d15	gi|3057012877|gb|PX273255.1|	99.034	4.38e-98	207	Homo sapiens	primates	human
bfc3074cf42be432c0a0785d3c71615b	gi|2248499876|ref|NC_063523.1|	98.544	7.28e-96	206	Brosme brosme	ray-finned fishes	Brosme brosme
bfc3074cf42be432c0a0785d3c71615b	gi|2119746849|gb|MZ329990.1|	98.544	7.28e-96	206	Brosme brosme	ray-finned fishes	Brosme brosme
bfc3074cf42be432c0a0785d3c71615b	gi|14485460|emb|AJ315617.1|	98.942	4.41e-88	189	Brosme brosme	ray-finned fishes	Brosme brosme
bfc3074cf42be432c0a0785d3c71615b	gi|700587773|gb|KM201364.1|	95.631	7.38e-86	206	Lota lota	ray-finned fishes	burbot
bfc3074cf42be432c0a0785d3c71615b	gi|697994615|gb|KM363244.1|	95.631	7.38e-86	206	Lota lota	ray-finned fishes	burbot
b295949a950b6344a76c2a7d9a89bf8b	gi|1825511888|gb|MT103916.1|	99.024	5.59e-97	205	Myzopsetta ferruginea	ray-finned fishes	yellowtail flounder
b295949a950b6344a76c2a7d9a89bf8b	gi|2745580202|gb|PP928767.1|	99.024	5.59e-97	205	Platichthys flesus	ray-finned fishes	European flounder
b295949a950b6344a76c2a7d9a89bf8b	gi|2587926480|ref|NC_082783.1|	99.024	5.59e-97	205	Liopsetta glacialis	ray-finned fishes	Arctic flounder
b295949a950b6344a76c2a7d9a89bf8b	gi|2577880658|ref|NC_082285.1|	99.024	5.59e-97	205	Platichthys stellatus x Verasper variegatus	ray-finned fishes	Platichthys stellatus x Verasper variegatus
b295949a950b6344a76c2a7d9a89bf8b	gi|2524645126|ref|NC_080271.1|	99.024	5.59e-97	205	Platichthys stellatus x (Kareius bicoloratus x Platichthys stellatus)	ray-finned fishes	Platichthys stellatus x (Kareius bicoloratus x Platichthys stellatus)
e007dbb26cdc8daf1268e03236a0af51	gi|586946454|gb|KF991387.1|	98.624	1.66e-102	218	Cetorhinus maximus	sharks & rays	Cetorhinus maximus
e007dbb26cdc8daf1268e03236a0af51	gi|2750968131|emb|OZ077486.1|	98.624	1.66e-102	218	Cetorhinus maximus	sharks & rays	Cetorhinus maximus
e007dbb26cdc8daf1268e03236a0af51	gi|2576858446|gb|OR546235.1|	98.624	1.66e-102	218	Cetorhinus maximus	sharks & rays	Cetorhinus maximus
e007dbb26cdc8daf1268e03236a0af51	gi|700275310|gb|KM096989.1|	98.624	1.66e-102	218	Cetorhinus maximus	sharks & rays	Cetorhinus maximus
e007dbb26cdc8daf1268e03236a0af51	gi|700275282|gb|KM096987.1|	98.624	1.66e-102	218	Cetorhinus maximus	sharks & rays	Cetorhinus maximus
f8711672b092e51a846b8dec88f8d67b	gi|2192928254|ref|NC_060630.1|	99.512	1.20e-98	205	Anisarchus medius	ray-finned fishes	stout eelblenny
f8711672b092e51a846b8dec88f8d67b	gi|2216790233|gb|MT627596.1|	99.024	5.59e-97	205	Askoldia variegata	ray-finned fishes	Askoldia variegata
f8711672b092e51a846b8dec88f8d67b	gi|2228970367|ref|NC_062695.1|	99.024	5.59e-97	205	Askoldia variegata	ray-finned fishes	Askoldia variegata
f8711672b092e51a846b8dec88f8d67b	gi|1825511880|gb|MT103910.1|	98.537	2.60e-95	205	Eumesogrammus praecisus	ray-finned fishes	fourline snakeblenny
f8711672b092e51a846b8dec88f8d67b	gi|1812094577|ref|NC_045921.1|	98.537	2.60e-95	205	Opisthocentrus ocellatus	ray-finned fishes	Opisthocentrus ocellatus
b8953957692908d055d6e0bf22ad48d2	gi|1798183348|emb|LR745847.1|	99.010	2.59e-95	202	Asterias rubens	starfish	European starfish
b8953957692908d055d6e0bf22ad48d2	gi|2567033648|gb|OR473298.1|	94.554	2.64e-80	202	Asterias amurensis	starfish	Northern Pacific seastar
b8953957692908d055d6e0bf22ad48d2	gi|2582205361|gb|CP134956.1|	94.554	2.64e-80	202	Asterias amurensis	starfish	Northern Pacific seastar
b8953957692908d055d6e0bf22ad48d2	gi|2582205361|gb|CP134956.1|	97.059	8.00e-21	68	Asterias amurensis	starfish	Northern Pacific seastar
b8953957692908d055d6e0bf22ad48d2	gi|2499155095|gb|OP747303.1|	94.554	2.64e-80	202	Asterias amurensis	starfish	Northern Pacific seastar
b8953957692908d055d6e0bf22ad48d2	gi|2499155067|gb|OP747301.1|	94.554	2.64e-80	202	Asterias amurensis	starfish	Northern Pacific seastar
fb8192ece51f620f9068b3721b05d81b	gi|2689257695|gb|OR813049.1|	98.157	2.77e-100	217	Amblyraja radiata	sharks & rays	thorny skate
fb8192ece51f620f9068b3721b05d81b	gi|2689257681|gb|OR813048.1|	98.157	2.77e-100	217	Amblyraja radiata	sharks & rays	thorny skate
fb8192ece51f620f9068b3721b05d81b	gi|2689257667|gb|OR813047.1|	98.157	2.77e-100	217	Amblyraja radiata	sharks & rays	thorny skate
fb8192ece51f620f9068b3721b05d81b	gi|2689257653|gb|OR813046.1|	98.157	2.77e-100	217	Amblyraja radiata	sharks & rays	thorny skate
fb8192ece51f620f9068b3721b05d81b	gi|2689257639|gb|OR813045.1|	98.157	2.77e-100	217	Amblyraja radiata	sharks & rays	thorny skate
000d245835e47685cfc61cfcf5e6dd20	gi|3057012933|gb|PX273259.1|	99.034	4.38e-98	207	Homo sapiens	primates	human
000d245835e47685cfc61cfcf5e6dd20	gi|3057012919|gb|PX273258.1|	99.034	4.38e-98	207	Homo sapiens	primates	human
000d245835e47685cfc61cfcf5e6dd20	gi|3057012905|gb|PX273257.1|	99.034	4.38e-98	207	Homo sapiens	primates	human
000d245835e47685cfc61cfcf5e6dd20	gi|3057012891|gb|PX273256.1|	99.034	4.38e-98	207	Homo sapiens	primates	human
000d245835e47685cfc61cfcf5e6dd20	gi|3057012877|gb|PX273255.1|	99.034	4.38e-98	207	Homo sapiens	primates	human
014b8fbd39d6128d225b82e139dabd7b	gi|2259493815|emb|OW836641.1|	79.078	1.96e-43	282	uncultured fungus	fungi	uncultured fungus
014b8fbd39d6128d225b82e139dabd7b	gi|2259493659|emb|OW836558.1|	78.671	2.54e-42	286	uncultured fungus	fungi	uncultured fungus
014b8fbd39d6128d225b82e139dabd7b	gi|2259393484|emb|OW837426.1|	79.104	1.18e-40	268	uncultured fungus	fungi	uncultured fungus
014b8fbd39d6128d225b82e139dabd7b	gi|1279124608|gb|MF807895.1|	100.000	1.24e-05	35	Nidirana pleuraden	frogs & toads	Yunnan pond frog
014b8fbd39d6128d225b82e139dabd7b	gi|1279124607|gb|MF807894.1|	100.000	1.24e-05	35	Nidirana pleuraden	frogs & toads	Yunnan pond frog
2e3b37a723357bc3d8dff09a6bca261b	gi|2994718532|gb|PV651714.1|	98.618	5.95e-102	217	Squalus acanthias	sharks & rays	spiny dogfish
2e3b37a723357bc3d8dff09a6bca261b	gi|3211614248|gb|PZ086324.1|	98.618	5.95e-102	217	Squalus suckleyi	sharks & rays	Puget Sound dogfish
2e3b37a723357bc3d8dff09a6bca261b	gi|3139203272|gb|PX718978.1|	98.618	5.95e-102	217	Squalus acanthias	sharks & rays	spiny dogfish
2e3b37a723357bc3d8dff09a6bca261b	gi|5835708|ref|NC_002012.1|	98.618	5.95e-102	217	Squalus acanthias	sharks & rays	spiny dogfish
2e3b37a723357bc3d8dff09a6bca261b	gi|1515576520|gb|MH377805.1|	98.529	1.00e-94	204	Squalus acanthias	sharks & rays	spiny dogfish
2c2e54716a6bed52350dff19619888e5	gi|2994821483|gb|PV670481.1|	99.020	2.00e-96	204	Helicolenus dactylopterus	ray-finned fishes	Helicolenus dactylopterus
2c2e54716a6bed52350dff19619888e5	gi|2937559502|gb|PV357918.1|	99.020	2.00e-96	204	Helicolenus dactylopterus	ray-finned fishes	Helicolenus dactylopterus
2c2e54716a6bed52350dff19619888e5	gi|2637386860|dbj|LC732519.2|	98.529	9.31e-95	204	Helicolenus hilgendorfi	ray-finned fishes	Helicolenus hilgendorfi
2c2e54716a6bed52350dff19619888e5	gi|2623420263|dbj|LC787726.1|	98.529	9.31e-95	204	Helicolenus hilgendorfi	ray-finned fishes	Helicolenus hilgendorfi
2c2e54716a6bed52350dff19619888e5	gi|2318877555|dbj|LC732518.1|	98.529	9.31e-95	204	Helicolenus hilgendorfi	ray-finned fishes	Helicolenus hilgendorfi
236836e0ab6f7a078cf1adcd6cda7ec0	gi|2994718560|gb|PV651716.1|	98.618	5.95e-102	217	Leucoraja erinaceus	sharks & rays	little skate
236836e0ab6f7a078cf1adcd6cda7ec0	gi|2994718546|gb|PV651715.1|	98.618	5.95e-102	217	Leucoraja erinaceus	sharks & rays	little skate
236836e0ab6f7a078cf1adcd6cda7ec0	gi|359422108|ref|NC_016429.1|	98.618	5.95e-102	217	Leucoraja erinaceus	sharks & rays	little skate
236836e0ab6f7a078cf1adcd6cda7ec0	gi|3139220381|gb|PX754809.1|	98.618	5.95e-102	217	Leucoraja erinaceus	sharks & rays	little skate
236836e0ab6f7a078cf1adcd6cda7ec0	gi|3157076766|gb|PX940008.1|	98.157	2.77e-100	217	Leucoraja ocellata	sharks & rays	winter skate
8fcc3d433d5bba1fb81a531779e9559c	gi|1693290266|ref|NC_042741.1|	88.614	3.45e-59	202	Pisaster ochraceus	starfish	purple sea star
8fcc3d433d5bba1fb81a531779e9559c	gi|726972397|ref|NC_025766.1|	86.207	7.53e-51	203	Aphelasterias japonica	starfish	Aphelasterias japonica
8fcc3d433d5bba1fb81a531779e9559c	gi|2567033649|gb|OR473299.1|	82.927	2.75e-40	205	Marthasterias glacialis	starfish	spiny starfish
8fcc3d433d5bba1fb81a531779e9559c	gi|2076208768|emb|OU452241.1|	82.927	2.75e-40	205	Marthasterias glacialis	starfish	spiny starfish
8fcc3d433d5bba1fb81a531779e9559c	gi|2499155081|gb|OP747302.1|	81.773	7.69e-36	203	Asterias amurensis	starfish	Northern Pacific seastar
4d7ecf45e0b80a9590172bf78c8832d7	gi|1693290266|ref|NC_042741.1|	87.624	7.48e-56	202	Pisaster ochraceus	starfish	purple sea star
4d7ecf45e0b80a9590172bf78c8832d7	gi|726972397|ref|NC_025766.1|	85.222	1.63e-47	203	Aphelasterias japonica	starfish	Aphelasterias japonica
4d7ecf45e0b80a9590172bf78c8832d7	gi|2567033649|gb|OR473299.1|	81.463	2.77e-35	205	Marthasterias glacialis	starfish	spiny starfish
4d7ecf45e0b80a9590172bf78c8832d7	gi|2076208768|emb|OU452241.1|	81.463	2.77e-35	205	Marthasterias glacialis	starfish	spiny starfish
4d7ecf45e0b80a9590172bf78c8832d7	gi|2499155081|gb|OP747302.1|	80.296	7.75e-31	203	Asterias amurensis	starfish	Northern Pacific seastar
a2508fe69244ef26d97b32cddfdc20b3	gi|2329468054|gb|OP056816.1|	97.436	1.88e-06	39	Stegastes variabilis	ray-finned fishes	cocoa damselfish
a2508fe69244ef26d97b32cddfdc20b3	gi|2183321022|dbj|LC672453.1|	97.436	1.88e-06	39	Neochela dadiburjori	ray-finned fishes	dadio
a2508fe69244ef26d97b32cddfdc20b3	gi|429509835|gb|JQ707061.1|	97.436	1.88e-06	39	Stegastes fuscus	ray-finned fishes	Brazilian damsel
a2508fe69244ef26d97b32cddfdc20b3	gi|239583876|gb|FJ616385.1|	97.436	1.88e-06	39	Stegastes diencaeus	ray-finned fishes	longfin damselfish
a2508fe69244ef26d97b32cddfdc20b3	gi|15054615|gb|AF285937.1|	97.436	1.88e-06	39	Stegastes adustus	ray-finned fishes	dusky damselfish
56715ed1dd63349f06c210e177b159ec	gi|1825511885|gb|MT103914.1|	99.024	5.59e-97	205	Hippoglossoides platessoides	ray-finned fishes	American plaice
56715ed1dd63349f06c210e177b159ec	gi|1799624449|gb|MN122825.1|	99.024	5.59e-97	205	Hippoglossoides platessoides	ray-finned fishes	American plaice
56715ed1dd63349f06c210e177b159ec	gi|2995380200|gb|PV748024.1|	99.024	5.59e-97	205	Hippoglossoides elassodon	ray-finned fishes	flathead sole
56715ed1dd63349f06c210e177b159ec	gi|2587926775|ref|NC_082804.1|	99.024	5.59e-97	205	Hippoglossoides elassodon	ray-finned fishes	flathead sole
56715ed1dd63349f06c210e177b159ec	gi|2587926284|ref|NC_082769.1|	99.024	5.59e-97	205	Hippoglossoides robustus	ray-finned fishes	Bering flounder
1ab3a066a48b02222d358aadc8179ed1	gi|2259493815|emb|OW836641.1|	78.723	9.12e-42	282	uncultured fungus	fungi	uncultured fungus
1ab3a066a48b02222d358aadc8179ed1	gi|2259493659|emb|OW836558.1|	78.322	1.18e-40	286	uncultured fungus	fungi	uncultured fungus
1ab3a066a48b02222d358aadc8179ed1	gi|2259393484|emb|OW837426.1|	78.731	5.49e-39	268	uncultured fungus	fungi	uncultured fungus
1ab3a066a48b02222d358aadc8179ed1	gi|1279124608|gb|MF807895.1|	100.000	1.24e-05	35	Nidirana pleuraden	frogs & toads	Yunnan pond frog
1ab3a066a48b02222d358aadc8179ed1	gi|1279124607|gb|MF807894.1|	100.000	1.24e-05	35	Nidirana pleuraden	frogs & toads	Yunnan pond frog
2882dd9bef3599eabbf2c7953180db71	gi|1825511885|gb|MT103914.1|	99.512	1.20e-98	205	Hippoglossoides platessoides	ray-finned fishes	American plaice
2882dd9bef3599eabbf2c7953180db71	gi|1799624449|gb|MN122825.1|	99.512	1.20e-98	205	Hippoglossoides platessoides	ray-finned fishes	American plaice
2882dd9bef3599eabbf2c7953180db71	gi|2995380200|gb|PV748024.1|	99.512	1.20e-98	205	Hippoglossoides elassodon	ray-finned fishes	flathead sole
2882dd9bef3599eabbf2c7953180db71	gi|2587926775|ref|NC_082804.1|	99.512	1.20e-98	205	Hippoglossoides elassodon	ray-finned fishes	flathead sole
2882dd9bef3599eabbf2c7953180db71	gi|2587926284|ref|NC_082769.1|	99.512	1.20e-98	205	Hippoglossoides robustus	ray-finned fishes	Bering flounder
68901793a59b503a44172866eb1dea35	gi|1693290266|ref|NC_042741.1|	89.604	1.60e-62	202	Pisaster ochraceus	starfish	purple sea star
68901793a59b503a44172866eb1dea35	gi|726972397|ref|NC_025766.1|	86.207	7.53e-51	203	Aphelasterias japonica	starfish	Aphelasterias japonica
68901793a59b503a44172866eb1dea35	gi|2567033649|gb|OR473299.1|	82.927	2.75e-40	205	Marthasterias glacialis	starfish	spiny starfish
68901793a59b503a44172866eb1dea35	gi|2076208768|emb|OU452241.1|	82.927	2.75e-40	205	Marthasterias glacialis	starfish	spiny starfish
68901793a59b503a44172866eb1dea35	gi|2499155081|gb|OP747302.1|	81.773	7.69e-36	203	Asterias amurensis	starfish	Northern Pacific seastar
3c6380690cb96d1412e734325b580265	gi|2571476436|gb|OR499725.1|	99.515	3.36e-99	206	Merluccius bilinearis	ray-finned fishes	silver hake
3c6380690cb96d1412e734325b580265	gi|3211598001|gb|PZ091031.1|	99.515	3.36e-99	206	Merluccius bilinearis	ray-finned fishes	silver hake
3c6380690cb96d1412e734325b580265	gi|3211597805|gb|PZ091017.1|	99.515	3.36e-99	206	Merluccius bilinearis	ray-finned fishes	silver hake
3c6380690cb96d1412e734325b580265	gi|3053320529|gb|PX070008.1|	99.029	1.56e-97	206	Merluccius bilinearis	ray-finned fishes	silver hake
3c6380690cb96d1412e734325b580265	gi|3211597665|gb|PZ091007.1|	99.029	5.63e-97	206	Merluccius bilinearis	ray-finned fishes	silver hake
4380d4c2a28609d45fd1b65698d26116	gi|2580315087|gb|OR582675.1|	98.049	1.22e-93	205	Nezumia sclerorhynchus	ray-finned fishes	roughtip grenadier
4380d4c2a28609d45fd1b65698d26116	gi|2582032130|gb|OR603896.1|	96.585	4.41e-88	205	Nezumia convergens	ray-finned fishes	Peruvian grenadier
4380d4c2a28609d45fd1b65698d26116	gi|3139171153|gb|PX560184.1|	96.585	4.41e-88	205	Nezumia convergens	ray-finned fishes	Peruvian grenadier
4380d4c2a28609d45fd1b65698d26116	gi|2580316518|gb|OR575605.1|	95.610	9.55e-85	205	Nezumia stelgidolepis	ray-finned fishes	California grenadier
4380d4c2a28609d45fd1b65698d26116	gi|2580315018|gb|OR582670.1|	95.610	9.55e-85	205	Nezumia stelgidolepis	ray-finned fishes	California grenadier
bd677fbb739d21a8b28fa44de9498592	gi|3211598085|gb|PZ091037.1|	99.512	1.20e-98	205	Glyptocephalus cynoglossus	ray-finned fishes	witch
bd677fbb739d21a8b28fa44de9498592	gi|3211597819|gb|PZ091018.1|	99.512	1.20e-98	205	Glyptocephalus cynoglossus	ray-finned fishes	witch
bd677fbb739d21a8b28fa44de9498592	gi|2995380228|gb|PV748026.1|	99.024	5.59e-97	205	Microstomus pacificus	ray-finned fishes	Dover sole
bd677fbb739d21a8b28fa44de9498592	gi|2580316381|gb|OR575595.1|	99.024	5.59e-97	205	Glyptocephalus zachirus	ray-finned fishes	Rex sole
bd677fbb739d21a8b28fa44de9498592	gi|2571476590|gb|OR499736.1|	99.024	5.59e-97	205	Glyptocephalus zachirus	ray-finned fishes	Rex sole
9061e8dc4ea2bd2decf6dd1c826d6508	gi|381241164|gb|JQ703439.1|	99.517	9.40e-100	207	Homo sapiens	primates	human
9061e8dc4ea2bd2decf6dd1c826d6508	gi|3057012933|gb|PX273259.1|	99.034	4.38e-98	207	Homo sapiens	primates	human
9061e8dc4ea2bd2decf6dd1c826d6508	gi|3057012919|gb|PX273258.1|	99.034	4.38e-98	207	Homo sapiens	primates	human
9061e8dc4ea2bd2decf6dd1c826d6508	gi|3057012905|gb|PX273257.1|	99.034	4.38e-98	207	Homo sapiens	primates	human
9061e8dc4ea2bd2decf6dd1c826d6508	gi|3057012891|gb|PX273256.1|	99.034	4.38e-98	207	Homo sapiens	primates	human
88126566e134156c22b6383c9d5c461c	gi|2571476436|gb|OR499725.1|	99.515	3.36e-99	206	Merluccius bilinearis	ray-finned fishes	silver hake
88126566e134156c22b6383c9d5c461c	gi|3211598001|gb|PZ091031.1|	99.515	3.36e-99	206	Merluccius bilinearis	ray-finned fishes	silver hake
88126566e134156c22b6383c9d5c461c	gi|3211597805|gb|PZ091017.1|	99.515	3.36e-99	206	Merluccius bilinearis	ray-finned fishes	silver hake
88126566e134156c22b6383c9d5c461c	gi|3053320529|gb|PX070008.1|	99.029	1.56e-97	206	Merluccius bilinearis	ray-finned fishes	silver hake
88126566e134156c22b6383c9d5c461c	gi|3211597665|gb|PZ091007.1|	99.029	5.63e-97	206	Merluccius bilinearis	ray-finned fishes	silver hake
dc714be07728ad1a83165f8d15a58e80	gi|1799624491|gb|MN122853.1|	99.024	5.59e-97	205	Scomber scombrus	ray-finned fishes	Atlantic mackerel
dc714be07728ad1a83165f8d15a58e80	gi|2626245879|emb|OY829942.1|	99.024	5.59e-97	205	Scomber scombrus	ray-finned fishes	Atlantic mackerel
dc714be07728ad1a83165f8d15a58e80	gi|2018537119|gb|MW818280.1|	99.024	5.59e-97	205	Scomber scombrus	ray-finned fishes	Atlantic mackerel
dc714be07728ad1a83165f8d15a58e80	gi|2018537108|gb|MW818269.1|	99.024	5.59e-97	205	Scomber scombrus	ray-finned fishes	Atlantic mackerel
dc714be07728ad1a83165f8d15a58e80	gi|55376093|ref|NC_006398.1|	99.024	5.59e-97	205	Scomber scombrus	ray-finned fishes	Atlantic mackerel
a7112ab0bc36f1558598c51068acdb42	gi|2843360896|gb|PQ424533.1|	84.615	4.75e-48	208	Smilasterias triremis	starfish	Smilasterias triremis
a7112ab0bc36f1558598c51068acdb42	gi|2843360770|gb|PQ424524.1|	78.571	8.18e-26	210	Granaster nutrix	starfish	Granaster nutrix
a7112ab0bc36f1558598c51068acdb42	gi|2232175652|gb|MZ702702.1|	77.990	3.81e-24	209	Paulasterias sp. SS-2022	starfish	Paulasterias sp. SS-2022
a7112ab0bc36f1558598c51068acdb42	gi|2987896797|gb|PV535852.1|	77.103	2.96e-20	214	Coscinasterias muricata	starfish	Coscinasterias muricata
a7112ab0bc36f1558598c51068acdb42	gi|90018506|gb|DQ377826.1|	76.812	2.96e-20	207	Stichaster australis	starfish	Stichaster australis
6b9002cc1023acb2bcdb051154707465	gi|3053320641|gb|PX070016.1|	99.519	2.63e-100	208	Clupea harengus	ray-finned fishes	Atlantic herring
6b9002cc1023acb2bcdb051154707465	gi|1799624616|gb|MN122931.1|	99.519	2.63e-100	208	Clupea harengus	ray-finned fishes	Atlantic herring
6b9002cc1023acb2bcdb051154707465	gi|1517391475|gb|MH194498.2|	99.519	2.63e-100	208	Clupea harengus	ray-finned fishes	Atlantic herring
6b9002cc1023acb2bcdb051154707465	gi|2018537065|gb|MW818226.1|	99.519	2.63e-100	208	Clupea harengus	ray-finned fishes	Atlantic herring
6b9002cc1023acb2bcdb051154707465	gi|2018537050|gb|MW818211.1|	99.519	2.63e-100	208	Clupea harengus	ray-finned fishes	Atlantic herring
852941b142968da57725b14b0a44da5d	gi|1798183348|emb|LR745847.1|	98.515	1.20e-93	202	Asterias rubens	starfish	European starfish
852941b142968da57725b14b0a44da5d	gi|2567033648|gb|OR473298.1|	94.059	1.23e-78	202	Asterias amurensis	starfish	Northern Pacific seastar
852941b142968da57725b14b0a44da5d	gi|2582205361|gb|CP134956.1|	94.059	1.23e-78	202	Asterias amurensis	starfish	Northern Pacific seastar
852941b142968da57725b14b0a44da5d	gi|2499155095|gb|OP747303.1|	94.059	1.23e-78	202	Asterias amurensis	starfish	Northern Pacific seastar
852941b142968da57725b14b0a44da5d	gi|2499155067|gb|OP747301.1|	94.059	1.23e-78	202	Asterias amurensis	starfish	Northern Pacific seastar
a17b24058c5c666a3050aeaaf0c27550	gi|2591482342|ref|NC_083190.1|	92.271	9.86e-75	207	Sclerasterias satsumana	starfish	Sclerasterias satsumana
a17b24058c5c666a3050aeaaf0c27550	gi|1790179811|dbj|LC493940.1|	93.617	1.81e-07	47	Paraliparis sp. NSMT P92399	ray-finned fishes	Paraliparis sp. NSMT P92399
a17b24058c5c666a3050aeaaf0c27550	gi|1790179710|dbj|LC493934.1|	93.617	1.81e-07	47	Paraliparis dipterus	ray-finned fishes	Paraliparis dipterus
a17b24058c5c666a3050aeaaf0c27550	gi|1790179570|dbj|LC493924.1|	93.617	1.81e-07	47	Paraliparis meridionalis	ray-finned fishes	Paraliparis meridionalis
a17b24058c5c666a3050aeaaf0c27550	gi|1189408146|gb|KY815341.1|	93.617	1.81e-07	47	Terelabrus rubrovittatus	ray-finned fishes	Terelabrus rubrovittatus
7e2e688c21f6557bd461eb6d61301e7e	gi|2882954833|gb|PQ858633.1|	99.020	2.00e-96	204	Sebastes mentella	ray-finned fishes	deepwater redfish
7e2e688c21f6557bd461eb6d61301e7e	gi|2882954819|gb|PQ858632.1|	99.020	2.00e-96	204	Sebastes mentella	ray-finned fishes	deepwater redfish
7e2e688c21f6557bd461eb6d61301e7e	gi|2882954805|gb|PQ858631.1|	99.020	2.00e-96	204	Sebastes fasciatus	ray-finned fishes	Acadian redfish
7e2e688c21f6557bd461eb6d61301e7e	gi|2882954791|gb|PQ858630.1|	99.020	2.00e-96	204	Sebastes fasciatus	ray-finned fishes	Acadian redfish
7e2e688c21f6557bd461eb6d61301e7e	gi|2882954777|gb|PQ858629.1|	99.020	2.00e-96	204	Sebastes fasciatus	ray-finned fishes	Acadian redfish
2edb1f2e3c11aa0a58714658aaae48ba	gi|1825511885|gb|MT103914.1|	99.512	1.20e-98	205	Hippoglossoides platessoides	ray-finned fishes	American plaice
2edb1f2e3c11aa0a58714658aaae48ba	gi|1799624449|gb|MN122825.1|	99.512	1.20e-98	205	Hippoglossoides platessoides	ray-finned fishes	American plaice
2edb1f2e3c11aa0a58714658aaae48ba	gi|2995380200|gb|PV748024.1|	99.512	1.20e-98	205	Hippoglossoides elassodon	ray-finned fishes	flathead sole
2edb1f2e3c11aa0a58714658aaae48ba	gi|2587926775|ref|NC_082804.1|	99.512	1.20e-98	205	Hippoglossoides elassodon	ray-finned fishes	flathead sole
2edb1f2e3c11aa0a58714658aaae48ba	gi|2587926284|ref|NC_082769.1|	99.512	1.20e-98	205	Hippoglossoides robustus	ray-finned fishes	Bering flounder
70238102ef3660b1d3c697051231eb0f	gi|1799624477|gb|MN122852.1|	99.512	1.20e-98	205	Gadus morhua	ray-finned fishes	Atlantic cod
70238102ef3660b1d3c697051231eb0f	gi|1783586359|gb|MH035595.1|	99.512	1.20e-98	205	Gadus chalcogrammus	ray-finned fishes	walleye pollock
70238102ef3660b1d3c697051231eb0f	gi|1783586345|gb|MH035594.1|	99.512	1.20e-98	205	Gadus chalcogrammus	ray-finned fishes	walleye pollock
70238102ef3660b1d3c697051231eb0f	gi|1593084251|emb|LS999407.1|	99.512	1.20e-98	205	Gadus morhua	ray-finned fishes	Atlantic cod
70238102ef3660b1d3c697051231eb0f	gi|1593084237|emb|LS999106.1|	99.512	1.20e-98	205	Gadus morhua	ray-finned fishes	Atlantic cod
a555eb2dd3e49758a587d3a8084e5042	gi|2891888040|gb|PP467801.1|	99.497	2.59e-95	199	Scomberesox saurus	ray-finned fishes	Scomberesox saurus
a555eb2dd3e49758a587d3a8084e5042	gi|2580316241|gb|OR575551.1|	97.549	2.01e-91	204	Cololabis saira	ray-finned fishes	Pacific saury
a555eb2dd3e49758a587d3a8084e5042	gi|16357079|ref|NC_003183.1|	97.549	2.01e-91	204	Cololabis saira	ray-finned fishes	Pacific saury
a555eb2dd3e49758a587d3a8084e5042	gi|2486668737|gb|OQ819310.1|	98.942	4.36e-88	189	Scomberesox saurus	ray-finned fishes	Scomberesox saurus
a555eb2dd3e49758a587d3a8084e5042	gi|985563190|dbj|LC091873.1|	97.024	2.07e-71	168	Cololabis saira	ray-finned fishes	Pacific saury
124032c97f18e2d1aa06b0ae31fe6ce8	gi|2259493659|emb|OW836558.1|	77.622	2.55e-37	286	uncultured fungus	fungi	uncultured fungus
124032c97f18e2d1aa06b0ae31fe6ce8	gi|2259493815|emb|OW836641.1|	76.950	1.99e-33	282	uncultured fungus	fungi	uncultured fungus
124032c97f18e2d1aa06b0ae31fe6ce8	gi|2259393484|emb|OW837426.1|	76.866	1.20e-30	268	uncultured fungus	fungi	uncultured fungus
124032c97f18e2d1aa06b0ae31fe6ce8	gi|1279124608|gb|MF807895.1|	100.000	1.24e-05	35	Nidirana pleuraden	frogs & toads	Yunnan pond frog
124032c97f18e2d1aa06b0ae31fe6ce8	gi|1279124607|gb|MF807894.1|	100.000	1.24e-05	35	Nidirana pleuraden	frogs & toads	Yunnan pond frog
41326c9e26ae6fa8ad77e090b5927156	gi|3057012933|gb|PX273259.1|	99.034	4.38e-98	207	Homo sapiens	primates	human
41326c9e26ae6fa8ad77e090b5927156	gi|3057012919|gb|PX273258.1|	99.034	4.38e-98	207	Homo sapiens	primates	human
41326c9e26ae6fa8ad77e090b5927156	gi|3057012905|gb|PX273257.1|	99.034	4.38e-98	207	Homo sapiens	primates	human
41326c9e26ae6fa8ad77e090b5927156	gi|3057012891|gb|PX273256.1|	99.034	4.38e-98	207	Homo sapiens	primates	human
41326c9e26ae6fa8ad77e090b5927156	gi|3057012877|gb|PX273255.1|	99.034	4.38e-98	207	Homo sapiens	primates	human
c635f41424e5a2376f34d9b11fab06d9	gi|2591482342|ref|NC_083190.1|	92.271	9.86e-75	207	Sclerasterias satsumana	starfish	Sclerasterias satsumana
c635f41424e5a2376f34d9b11fab06d9	gi|1693290266|ref|NC_042741.1|	80.676	4.85e-33	207	Pisaster ochraceus	starfish	purple sea star
c635f41424e5a2376f34d9b11fab06d9	gi|2499155081|gb|OP747302.1|	77.990	4.92e-23	209	Asterias amurensis	starfish	Northern Pacific seastar
c635f41424e5a2376f34d9b11fab06d9	gi|2567033648|gb|OR473298.1|	77.512	2.29e-21	209	Asterias amurensis	starfish	Northern Pacific seastar
c635f41424e5a2376f34d9b11fab06d9	gi|2582205361|gb|CP134956.1|	77.512	2.29e-21	209	Asterias amurensis	starfish	Northern Pacific seastar
0f1bfe610a24aeb0857c155ede04ef2b	gi|1693290266|ref|NC_042741.1|	89.604	1.60e-62	202	Pisaster ochraceus	starfish	purple sea star
0f1bfe610a24aeb0857c155ede04ef2b	gi|726972397|ref|NC_025766.1|	87.192	3.48e-54	203	Aphelasterias japonica	starfish	Aphelasterias japonica
0f1bfe610a24aeb0857c155ede04ef2b	gi|2567033649|gb|OR473299.1|	83.902	1.27e-43	205	Marthasterias glacialis	starfish	spiny starfish
0f1bfe610a24aeb0857c155ede04ef2b	gi|2076208768|emb|OU452241.1|	83.902	1.27e-43	205	Marthasterias glacialis	starfish	spiny starfish
0f1bfe610a24aeb0857c155ede04ef2b	gi|2499155081|gb|OP747302.1|	82.759	3.55e-39	203	Asterias amurensis	starfish	Northern Pacific seastar
5d478720b281d248ba8a97143b52869f	gi|3053320529|gb|PX070008.1|	99.515	3.36e-99	206	Merluccius bilinearis	ray-finned fishes	silver hake
5d478720b281d248ba8a97143b52869f	gi|2571476436|gb|OR499725.1|	99.029	1.56e-97	206	Merluccius bilinearis	ray-finned fishes	silver hake
5d478720b281d248ba8a97143b52869f	gi|3211598001|gb|PZ091031.1|	99.029	1.56e-97	206	Merluccius bilinearis	ray-finned fishes	silver hake
5d478720b281d248ba8a97143b52869f	gi|3211597805|gb|PZ091017.1|	99.029	1.56e-97	206	Merluccius bilinearis	ray-finned fishes	silver hake
5d478720b281d248ba8a97143b52869f	gi|3211597665|gb|PZ091007.1|	99.029	5.63e-97	206	Merluccius bilinearis	ray-finned fishes	silver hake
bcba10ee4ef373268af7000588a78465	gi|2580278162|gb|OP057031.2|	99.024	5.59e-97	205	Xiphias gladius	ray-finned fishes	swordfish
bcba10ee4ef373268af7000588a78465	gi|2309725946|gb|OP537859.1|	99.024	5.59e-97	205	Xiphias gladius	ray-finned fishes	swordfish
bcba10ee4ef373268af7000588a78465	gi|542132237|dbj|AP006036.1|	99.024	5.59e-97	205	Xiphias gladius	ray-finned fishes	swordfish
bcba10ee4ef373268af7000588a78465	gi|229918859|ref|NC_012677.1|	99.024	5.59e-97	205	Xiphias gladius	ray-finned fishes	swordfish
bcba10ee4ef373268af7000588a78465	gi|114148946|gb|DQ854646.1|	99.024	5.59e-97	205	Xiphias gladius	ray-finned fishes	swordfish
ab2f9090c76755f51c19c7e9aa939c59	gi|1798183348|emb|LR745847.1|	99.010	2.59e-95	202	Asterias rubens	starfish	European starfish
ab2f9090c76755f51c19c7e9aa939c59	gi|2567033648|gb|OR473298.1|	94.554	2.64e-80	202	Asterias amurensis	starfish	Northern Pacific seastar
ab2f9090c76755f51c19c7e9aa939c59	gi|2582205361|gb|CP134956.1|	94.554	2.64e-80	202	Asterias amurensis	starfish	Northern Pacific seastar
ab2f9090c76755f51c19c7e9aa939c59	gi|2582205361|gb|CP134956.1|	97.059	8.00e-21	68	Asterias amurensis	starfish	Northern Pacific seastar
ab2f9090c76755f51c19c7e9aa939c59	gi|2499155095|gb|OP747303.1|	94.554	2.64e-80	202	Asterias amurensis	starfish	Northern Pacific seastar
ab2f9090c76755f51c19c7e9aa939c59	gi|2499155067|gb|OP747301.1|	94.554	2.64e-80	202	Asterias amurensis	starfish	Northern Pacific seastar
834a7b4af452282cb806778a754c91c1	gi|2591482342|ref|NC_083190.1|	92.271	9.86e-75	207	Sclerasterias satsumana	starfish	Sclerasterias satsumana
834a7b4af452282cb806778a754c91c1	gi|1693290266|ref|NC_042741.1|	80.676	4.85e-33	207	Pisaster ochraceus	starfish	purple sea star
834a7b4af452282cb806778a754c91c1	gi|2499155081|gb|OP747302.1|	77.990	4.92e-23	209	Asterias amurensis	starfish	Northern Pacific seastar
834a7b4af452282cb806778a754c91c1	gi|2567033648|gb|OR473298.1|	77.512	2.29e-21	209	Asterias amurensis	starfish	Northern Pacific seastar
834a7b4af452282cb806778a754c91c1	gi|2582205361|gb|CP134956.1|	77.512	2.29e-21	209	Asterias amurensis	starfish	Northern Pacific seastar
813485e964a8ed459aa3620a604de89f	gi|62146628|emb|AJ628371.1|	82.895	2.55e-05	76	Caluromys philander	marsupials	bare-tailed woolly opossum
813485e964a8ed459aa3620a604de89f	gi|3084544444|emb|OZ345433.1|	100.000	9.19e-05	33	Sarpa salpa	ray-finned fishes	Sarpa salpa
813485e964a8ed459aa3620a604de89f	gi|1829776404|ref|NC_046913.1|	100.000	9.19e-05	33	Hypsignathus monstrosus	bats	Hammer-headed fruit bat
813485e964a8ed459aa3620a604de89f	gi|3064604077|gb|PX416269.1|	100.000	9.19e-05	33	Hypomasticus despaxi	ray-finned fishes	Hypomasticus despaxi
813485e964a8ed459aa3620a604de89f	gi|3064604076|gb|PX416268.1|	100.000	9.19e-05	33	Hypomasticus despaxi	ray-finned fishes	Hypomasticus despaxi
f918facbe2e58cac6e4f967b3939a445	gi|2580315891|gb|OR581005.1|	99.517	9.40e-100	207	Paralepididae sp.	ray-finned fishes	Paralepididae sp.
f918facbe2e58cac6e4f967b3939a445	gi|2580315171|gb|OR582681.1|	99.517	9.40e-100	207	Paralepididae sp.	ray-finned fishes	Paralepididae sp.
f918facbe2e58cac6e4f967b3939a445	gi|3211598071|gb|PZ091036.1|	99.517	9.40e-100	207	Arctozenus risso	ray-finned fishes	ribbon barracudina
f918facbe2e58cac6e4f967b3939a445	gi|3211598043|gb|PZ091034.1|	99.517	9.40e-100	207	Arctozenus risso	ray-finned fishes	ribbon barracudina
f918facbe2e58cac6e4f967b3939a445	gi|3211597917|gb|PZ091025.1|	99.517	9.40e-100	207	Arctozenus risso	ray-finned fishes	ribbon barracudina
e60a4e4b35527d7124c3830f1f14bb58	gi|1241190816|gb|KY680997.1|	99.517	9.40e-100	207	Homo sapiens	primates	human
e60a4e4b35527d7124c3830f1f14bb58	gi|1241190802|gb|KY680996.1|	99.517	9.40e-100	207	Homo sapiens	primates	human
e60a4e4b35527d7124c3830f1f14bb58	gi|1241190788|gb|KY680995.1|	99.517	9.40e-100	207	Homo sapiens	primates	human
e60a4e4b35527d7124c3830f1f14bb58	gi|2647482982|gb|PP084174.1|	99.517	9.40e-100	207	Homo sapiens	primates	human
e60a4e4b35527d7124c3830f1f14bb58	gi|2133211270|gb|MZ397870.2|	99.517	9.40e-100	207	Homo sapiens	primates	human
0ee9af88235582a8bf4394100c34e295	gi|944274402|gb|KT305086.1|	76.027	9.28e-27	292	Trachelomonas hispida var. coronata	euglenoids	Trachelomonas hispida var. coronata
0ee9af88235582a8bf4394100c34e295	gi|2241131015|gb|ON561271.1|	76.027	9.28e-27	292	Trachelomonas hispida	euglenoids	Trachelomonas hispida
0ee9af88235582a8bf4394100c34e295	gi|169261470|gb|EU221513.1|	76.027	9.28e-27	292	Trachelomonas hispida	euglenoids	Trachelomonas hispida
0ee9af88235582a8bf4394100c34e295	gi|1418576929|ref|NC_037728.1|	80.702	7.33e-13	114	Melosira undulata	diatoms	Melosira undulata
0ee9af88235582a8bf4394100c34e295	gi|2838034601|gb|PQ496698.1|	87.324	1.23e-10	71	Jaagichlorella sp. HS-2024	green algae	Jaagichlorella sp. HS-2024
8f1dd1fc0811bb5f510cc394d2e86197	gi|1693290266|ref|NC_042741.1|	89.109	7.42e-61	202	Pisaster ochraceus	starfish	purple sea star
8f1dd1fc0811bb5f510cc394d2e86197	gi|726972397|ref|NC_025766.1|	86.207	7.53e-51	203	Aphelasterias japonica	starfish	Aphelasterias japonica
8f1dd1fc0811bb5f510cc394d2e86197	gi|2567033649|gb|OR473299.1|	83.902	1.27e-43	205	Marthasterias glacialis	starfish	spiny starfish
8f1dd1fc0811bb5f510cc394d2e86197	gi|2076208768|emb|OU452241.1|	83.902	1.27e-43	205	Marthasterias glacialis	starfish	spiny starfish
8f1dd1fc0811bb5f510cc394d2e86197	gi|2499155081|gb|OP747302.1|	82.266	1.65e-37	203	Asterias amurensis	starfish	Northern Pacific seastar
29adeadbb962f97601c0eda2486c2b94	gi|2994737912|gb|PV656772.1|	99.515	3.36e-99	206	Melanogrammus aeglefinus	ray-finned fishes	haddock
29adeadbb962f97601c0eda2486c2b94	gi|2994737898|gb|PV656771.1|	99.515	3.36e-99	206	Melanogrammus aeglefinus	ray-finned fishes	haddock
29adeadbb962f97601c0eda2486c2b94	gi|2994737884|gb|PV656770.1|	99.515	3.36e-99	206	Melanogrammus aeglefinus	ray-finned fishes	haddock
29adeadbb962f97601c0eda2486c2b94	gi|124377065|emb|AM489717.1|	99.515	3.36e-99	206	Melanogrammus aeglefinus	ray-finned fishes	haddock
29adeadbb962f97601c0eda2486c2b94	gi|94481723|gb|DQ356942.1|	99.515	3.36e-99	206	Melanogrammus aeglefinus	ray-finned fishes	haddock
3af67f30f4c8c458a9d76d1617792381	gi|2994718560|gb|PV651716.1|	98.157	2.77e-100	217	Leucoraja erinaceus	sharks & rays	little skate
3af67f30f4c8c458a9d76d1617792381	gi|2994718546|gb|PV651715.1|	98.157	2.77e-100	217	Leucoraja erinaceus	sharks & rays	little skate
3af67f30f4c8c458a9d76d1617792381	gi|359422108|ref|NC_016429.1|	98.157	2.77e-100	217	Leucoraja erinaceus	sharks & rays	little skate
3af67f30f4c8c458a9d76d1617792381	gi|3139220381|gb|PX754809.1|	98.157	2.77e-100	217	Leucoraja erinaceus	sharks & rays	little skate
3af67f30f4c8c458a9d76d1617792381	gi|3157076766|gb|PX940008.1|	97.696	1.29e-98	217	Leucoraja ocellata	sharks & rays	winter skate
2f117260ab185b92f99263d3468b6024	gi|2663409611|emb|OZ004778.1|	96.685	4.94e-77	181	Phocoena phocoena	whales & dolphins	harbor porpoise
2f117260ab185b92f99263d3468b6024	gi|2663409611|emb|OZ004778.1|	79.755	1.49e-17	163	Phocoena phocoena	whales & dolphins	harbor porpoise
2f117260ab185b92f99263d3468b6024	gi|2862966474|emb|OZ205431.1|	90.741	6.62e-51	162	Mesoplodon mirus	whales & dolphins	True's beaked whale
2f117260ab185b92f99263d3468b6024	gi|3137637082|emb|OZ388172.1|	90.123	8.56e-50	162	Physeter macrocephalus	whales & dolphins	sperm whale
2f117260ab185b92f99263d3468b6024	gi|3137637082|emb|OZ388172.1|	80.247	1.48e-22	162	Physeter macrocephalus	whales & dolphins	sperm whale
2f117260ab185b92f99263d3468b6024	gi|3137637082|emb|OZ388172.1|	79.012	3.21e-19	162	Physeter macrocephalus	whales & dolphins	sperm whale
2f117260ab185b92f99263d3468b6024	gi|3137637082|emb|OZ388172.1|	78.395	1.49e-17	162	Physeter macrocephalus	whales & dolphins	sperm whale
2f117260ab185b92f99263d3468b6024	gi|2740296129|emb|OZ071514.1|	90.123	3.08e-49	162	Mesoplodon bidens	whales & dolphins	Sowerby's beaked whale
2f117260ab185b92f99263d3468b6024	gi|2472109529|emb|OX457071.1|	90.123	3.08e-49	162	Hyperoodon ampullatus	whales & dolphins	northern bottlenose whale
f926c07221c89503fe6d92eeea495007	gi|1799624477|gb|MN122852.1|	99.512	1.20e-98	205	Gadus morhua	ray-finned fishes	Atlantic cod
f926c07221c89503fe6d92eeea495007	gi|1783586359|gb|MH035595.1|	99.512	1.20e-98	205	Gadus chalcogrammus	ray-finned fishes	walleye pollock
f926c07221c89503fe6d92eeea495007	gi|1783586345|gb|MH035594.1|	99.512	1.20e-98	205	Gadus chalcogrammus	ray-finned fishes	walleye pollock
f926c07221c89503fe6d92eeea495007	gi|1593084251|emb|LS999407.1|	99.512	1.20e-98	205	Gadus morhua	ray-finned fishes	Atlantic cod
f926c07221c89503fe6d92eeea495007	gi|1593084237|emb|LS999106.1|	99.512	1.20e-98	205	Gadus morhua	ray-finned fishes	Atlantic cod
7992361501b714bfea56ddd965393b1c	gi|1798183348|emb|LR745847.1|	99.010	2.59e-95	202	Asterias rubens	starfish	European starfish
7992361501b714bfea56ddd965393b1c	gi|2567033648|gb|OR473298.1|	94.554	2.64e-80	202	Asterias amurensis	starfish	Northern Pacific seastar
7992361501b714bfea56ddd965393b1c	gi|2582205361|gb|CP134956.1|	94.554	2.64e-80	202	Asterias amurensis	starfish	Northern Pacific seastar
7992361501b714bfea56ddd965393b1c	gi|2582205361|gb|CP134956.1|	97.059	8.00e-21	68	Asterias amurensis	starfish	Northern Pacific seastar
7992361501b714bfea56ddd965393b1c	gi|2499155095|gb|OP747303.1|	94.554	2.64e-80	202	Asterias amurensis	starfish	Northern Pacific seastar
7992361501b714bfea56ddd965393b1c	gi|2499155067|gb|OP747301.1|	94.554	2.64e-80	202	Asterias amurensis	starfish	Northern Pacific seastar
082f7778ea1c2f19df2529b28308445b	gi|3211598085|gb|PZ091037.1|	99.512	1.20e-98	205	Glyptocephalus cynoglossus	ray-finned fishes	witch
082f7778ea1c2f19df2529b28308445b	gi|3211597819|gb|PZ091018.1|	99.512	1.20e-98	205	Glyptocephalus cynoglossus	ray-finned fishes	witch
082f7778ea1c2f19df2529b28308445b	gi|2580316381|gb|OR575595.1|	99.024	5.59e-97	205	Glyptocephalus zachirus	ray-finned fishes	Rex sole
082f7778ea1c2f19df2529b28308445b	gi|2571476590|gb|OR499736.1|	99.024	5.59e-97	205	Glyptocephalus zachirus	ray-finned fishes	Rex sole
082f7778ea1c2f19df2529b28308445b	gi|1898137426|gb|MT410908.1|	99.024	5.59e-97	205	Glyptocephalus cynoglossus	ray-finned fishes	witch
85544a8ba01b8d21b61e88db9ff91e87	gi|2994737912|gb|PV656772.1|	99.515	3.36e-99	206	Melanogrammus aeglefinus	ray-finned fishes	haddock
85544a8ba01b8d21b61e88db9ff91e87	gi|2994737898|gb|PV656771.1|	99.515	3.36e-99	206	Melanogrammus aeglefinus	ray-finned fishes	haddock
85544a8ba01b8d21b61e88db9ff91e87	gi|2994737884|gb|PV656770.1|	99.515	3.36e-99	206	Melanogrammus aeglefinus	ray-finned fishes	haddock
85544a8ba01b8d21b61e88db9ff91e87	gi|124377065|emb|AM489717.1|	99.515	3.36e-99	206	Melanogrammus aeglefinus	ray-finned fishes	haddock
85544a8ba01b8d21b61e88db9ff91e87	gi|94481723|gb|DQ356942.1|	99.515	3.36e-99	206	Melanogrammus aeglefinus	ray-finned fishes	haddock
e0fb00d0fcbcf84d798735f462e94aa1	gi|3053320641|gb|PX070016.1|	99.519	2.63e-100	208	Clupea harengus	ray-finned fishes	Atlantic herring
e0fb00d0fcbcf84d798735f462e94aa1	gi|1799624616|gb|MN122931.1|	99.519	2.63e-100	208	Clupea harengus	ray-finned fishes	Atlantic herring
e0fb00d0fcbcf84d798735f462e94aa1	gi|1517391475|gb|MH194498.2|	99.519	2.63e-100	208	Clupea harengus	ray-finned fishes	Atlantic herring
e0fb00d0fcbcf84d798735f462e94aa1	gi|2018537065|gb|MW818226.1|	99.519	2.63e-100	208	Clupea harengus	ray-finned fishes	Atlantic herring
e0fb00d0fcbcf84d798735f462e94aa1	gi|2018537050|gb|MW818211.1|	99.519	2.63e-100	208	Clupea harengus	ray-finned fishes	Atlantic herring
8db18e784410b063cf6063f4ca5d67cc	gi|1798183348|emb|LR745847.1|	98.515	1.20e-93	202	Asterias rubens	starfish	European starfish
8db18e784410b063cf6063f4ca5d67cc	gi|2567033648|gb|OR473298.1|	94.059	1.23e-78	202	Asterias amurensis	starfish	Northern Pacific seastar
8db18e784410b063cf6063f4ca5d67cc	gi|2582205361|gb|CP134956.1|	94.059	1.23e-78	202	Asterias amurensis	starfish	Northern Pacific seastar
8db18e784410b063cf6063f4ca5d67cc	gi|2499155095|gb|OP747303.1|	94.059	1.23e-78	202	Asterias amurensis	starfish	Northern Pacific seastar
8db18e784410b063cf6063f4ca5d67cc	gi|2499155067|gb|OP747301.1|	94.059	1.23e-78	202	Asterias amurensis	starfish	Northern Pacific seastar
9aec95f370c6c7e1f9d2c08d07795495	gi|1786483301|gb|MK118167.1|	99.515	3.36e-99	206	Oneirodes bradburyae	ray-finned fishes	Oneirodes bradburyae
9aec95f370c6c7e1f9d2c08d07795495	gi|289183105|ref|NC_013871.1|	97.087	2.64e-90	206	Oneirodes thompsoni	ray-finned fishes	Oneirodes thompsoni
9aec95f370c6c7e1f9d2c08d07795495	gi|985563177|dbj|LC091860.1|	99.412	3.46e-79	170	Oneirodes macrosteus	ray-finned fishes	Oneirodes macrosteus
9aec95f370c6c7e1f9d2c08d07795495	gi|1918447672|dbj|LC579074.1|	99.412	3.46e-79	170	Oneirodes macrosteus	ray-finned fishes	Oneirodes macrosteus
9aec95f370c6c7e1f9d2c08d07795495	gi|2580283205|gb|OP057067.2|	93.689	1.24e-78	206	Chaenophryne longiceps	ray-finned fishes	can-opener smoothdream
ac1a340851233b6f4e655944f72abadd	gi|2994737912|gb|PV656772.1|	99.515	3.36e-99	206	Melanogrammus aeglefinus	ray-finned fishes	haddock
ac1a340851233b6f4e655944f72abadd	gi|2994737898|gb|PV656771.1|	99.515	3.36e-99	206	Melanogrammus aeglefinus	ray-finned fishes	haddock
ac1a340851233b6f4e655944f72abadd	gi|2994737884|gb|PV656770.1|	99.515	3.36e-99	206	Melanogrammus aeglefinus	ray-finned fishes	haddock
ac1a340851233b6f4e655944f72abadd	gi|124377065|emb|AM489717.1|	99.515	3.36e-99	206	Melanogrammus aeglefinus	ray-finned fishes	haddock
ac1a340851233b6f4e655944f72abadd	gi|94481723|gb|DQ356942.1|	99.515	3.36e-99	206	Melanogrammus aeglefinus	ray-finned fishes	haddock
5a38d13e68f2b807b545c409b0e59143	gi|1798183348|emb|LR745847.1|	98.515	1.20e-93	202	Asterias rubens	starfish	European starfish
5a38d13e68f2b807b545c409b0e59143	gi|2567033648|gb|OR473298.1|	94.059	1.23e-78	202	Asterias amurensis	starfish	Northern Pacific seastar
5a38d13e68f2b807b545c409b0e59143	gi|2582205361|gb|CP134956.1|	94.059	1.23e-78	202	Asterias amurensis	starfish	Northern Pacific seastar
5a38d13e68f2b807b545c409b0e59143	gi|2499155095|gb|OP747303.1|	94.059	1.23e-78	202	Asterias amurensis	starfish	Northern Pacific seastar
5a38d13e68f2b807b545c409b0e59143	gi|2499155067|gb|OP747301.1|	94.059	1.23e-78	202	Asterias amurensis	starfish	Northern Pacific seastar
bb3ab76ce075c9404acb7917ea4ab32a	gi|379317706|gb|JQ664521.1|	99.517	9.40e-100	207	Homo sapiens	primates	human
bb3ab76ce075c9404acb7917ea4ab32a	gi|310776031|gb|GU733718.1|	99.034	1.22e-98	207	Homo sapiens	primates	human
bb3ab76ce075c9404acb7917ea4ab32a	gi|3057012933|gb|PX273259.1|	99.034	4.38e-98	207	Homo sapiens	primates	human
bb3ab76ce075c9404acb7917ea4ab32a	gi|3057012919|gb|PX273258.1|	99.034	4.38e-98	207	Homo sapiens	primates	human
bb3ab76ce075c9404acb7917ea4ab32a	gi|3057012905|gb|PX273257.1|	99.034	4.38e-98	207	Homo sapiens	primates	human
3a26aba8baba06fd39bfb0af63f2adf9	gi|2994737870|gb|PV656769.1|	99.517	9.40e-100	207	Urophycis chuss	ray-finned fishes	red hake
3a26aba8baba06fd39bfb0af63f2adf9	gi|2580283387|gb|OP057106.2|	99.517	9.40e-100	207	Urophycis chuss	ray-finned fishes	red hake
3a26aba8baba06fd39bfb0af63f2adf9	gi|1825511901|gb|MT103927.1|	94.737	4.47e-83	209	Urophycis tenuis	ray-finned fishes	white hake
3a26aba8baba06fd39bfb0af63f2adf9	gi|3178764840|emb|OZ408611.1|	94.231	2.08e-81	208	Phycis phycis	ray-finned fishes	Phycis phycis
3a26aba8baba06fd39bfb0af63f2adf9	gi|2715332411|ref|NC_088031.1|	93.780	9.67e-80	209	Urophycis brasiliensis	ray-finned fishes	Brazilian codling
2215c738e20dd65289f1665414f94c1e	gi|62146628|emb|AJ628371.1|	82.895	2.55e-05	76	Caluromys philander	marsupials	bare-tailed woolly opossum
2215c738e20dd65289f1665414f94c1e	gi|3084544444|emb|OZ345433.1|	100.000	9.19e-05	33	Sarpa salpa	ray-finned fishes	Sarpa salpa
2215c738e20dd65289f1665414f94c1e	gi|1829776404|ref|NC_046913.1|	100.000	9.19e-05	33	Hypsignathus monstrosus	bats	Hammer-headed fruit bat
2215c738e20dd65289f1665414f94c1e	gi|3064604077|gb|PX416269.1|	100.000	9.19e-05	33	Hypomasticus despaxi	ray-finned fishes	Hypomasticus despaxi
2215c738e20dd65289f1665414f94c1e	gi|3064604076|gb|PX416268.1|	100.000	9.19e-05	33	Hypomasticus despaxi	ray-finned fishes	Hypomasticus despaxi
82537e70faf6adeab68b02b8ca244163	gi|224472336|gb|FJ171787.1|	99.043	3.46e-99	209	Astropecten alligator	starfish	Astropecten alligator
82537e70faf6adeab68b02b8ca244163	gi|224472335|gb|FJ171786.1|	99.043	3.46e-99	209	Astropecten americanus	starfish	Astropecten americanus
82537e70faf6adeab68b02b8ca244163	gi|224472337|gb|FJ171788.1|	95.238	2.73e-85	210	Astropecten comptus	starfish	Astropecten comptus
82537e70faf6adeab68b02b8ca244163	gi|224472339|gb|FJ171790.1|	94.787	1.27e-83	211	Astropecten comptus	starfish	Astropecten comptus
82537e70faf6adeab68b02b8ca244163	gi|224472338|gb|FJ171789.1|	94.787	1.27e-83	211	Astropecten nitidus	starfish	Astropecten nitidus
d329e9763c6c4bef1254c78b7f6e977b	gi|2994718560|gb|PV651716.1|	98.618	5.95e-102	217	Leucoraja erinaceus	sharks & rays	little skate
d329e9763c6c4bef1254c78b7f6e977b	gi|2994718546|gb|PV651715.1|	98.618	5.95e-102	217	Leucoraja erinaceus	sharks & rays	little skate
d329e9763c6c4bef1254c78b7f6e977b	gi|359422108|ref|NC_016429.1|	98.618	5.95e-102	217	Leucoraja erinaceus	sharks & rays	little skate
d329e9763c6c4bef1254c78b7f6e977b	gi|3139220381|gb|PX754809.1|	98.618	5.95e-102	217	Leucoraja erinaceus	sharks & rays	little skate
d329e9763c6c4bef1254c78b7f6e977b	gi|3157076766|gb|PX940008.1|	98.157	2.77e-100	217	Leucoraja ocellata	sharks & rays	winter skate
e40d43d043398846123f7b0bc237cff1	gi|1798183348|emb|LR745847.1|	98.515	1.20e-93	202	Asterias rubens	starfish	European starfish
e40d43d043398846123f7b0bc237cff1	gi|2567033648|gb|OR473298.1|	94.059	1.23e-78	202	Asterias amurensis	starfish	Northern Pacific seastar
e40d43d043398846123f7b0bc237cff1	gi|2582205361|gb|CP134956.1|	94.059	1.23e-78	202	Asterias amurensis	starfish	Northern Pacific seastar
e40d43d043398846123f7b0bc237cff1	gi|2582205361|gb|CP134956.1|	95.588	3.72e-19	68	Asterias amurensis	starfish	Northern Pacific seastar
e40d43d043398846123f7b0bc237cff1	gi|2499155095|gb|OP747303.1|	94.059	1.23e-78	202	Asterias amurensis	starfish	Northern Pacific seastar
e40d43d043398846123f7b0bc237cff1	gi|2499155067|gb|OP747301.1|	94.059	1.23e-78	202	Asterias amurensis	starfish	Northern Pacific seastar
4e16a51bb24072c3433d1df88bde48b4	gi|2259493659|emb|OW836558.1|	77.972	5.49e-39	286	uncultured fungus	fungi	uncultured fungus
4e16a51bb24072c3433d1df88bde48b4	gi|2259493815|emb|OW836641.1|	77.305	4.27e-35	282	uncultured fungus	fungi	uncultured fungus
4e16a51bb24072c3433d1df88bde48b4	gi|2259393484|emb|OW837426.1|	77.239	2.57e-32	268	uncultured fungus	fungi	uncultured fungus
4e16a51bb24072c3433d1df88bde48b4	gi|1279124608|gb|MF807895.1|	100.000	1.24e-05	35	Nidirana pleuraden	frogs & toads	Yunnan pond frog
4e16a51bb24072c3433d1df88bde48b4	gi|1279124607|gb|MF807894.1|	100.000	1.24e-05	35	Nidirana pleuraden	frogs & toads	Yunnan pond frog
9689a106a288b60c1ed270cb39e7a5ba	gi|1798183348|emb|LR745847.1|	98.515	1.20e-93	202	Asterias rubens	starfish	European starfish
9689a106a288b60c1ed270cb39e7a5ba	gi|2567033648|gb|OR473298.1|	94.059	1.23e-78	202	Asterias amurensis	starfish	Northern Pacific seastar
9689a106a288b60c1ed270cb39e7a5ba	gi|2582205361|gb|CP134956.1|	94.059	1.23e-78	202	Asterias amurensis	starfish	Northern Pacific seastar
9689a106a288b60c1ed270cb39e7a5ba	gi|2499155095|gb|OP747303.1|	94.059	1.23e-78	202	Asterias amurensis	starfish	Northern Pacific seastar
9689a106a288b60c1ed270cb39e7a5ba	gi|2499155067|gb|OP747301.1|	94.059	1.23e-78	202	Asterias amurensis	starfish	Northern Pacific seastar
6133ff1ddbb8dfb2ed083d81c5aa8b4c	gi|1798174185|gb|MN122882.1|	99.024	5.59e-97	205	Cyclopterus lumpus	ray-finned fishes	lumpfish
6133ff1ddbb8dfb2ed083d81c5aa8b4c	gi|2578658267|emb|OY735173.1|	99.024	5.59e-97	205	Cyclopterus lumpus	ray-finned fishes	lumpfish
6133ff1ddbb8dfb2ed083d81c5aa8b4c	gi|2424877622|ref|NC_069208.1|	99.024	5.59e-97	205	Cyclopterus lumpus	ray-finned fishes	lumpfish
6133ff1ddbb8dfb2ed083d81c5aa8b4c	gi|669175207|gb|KM057954.1|	99.024	5.59e-97	205	Cyclopterus lumpus	ray-finned fishes	lumpfish
6133ff1ddbb8dfb2ed083d81c5aa8b4c	gi|669175195|gb|KM057942.1|	97.561	5.63e-92	205	Aptocyclus ventricosus	ray-finned fishes	smooth lumpsucker
d18f1d4d80933d5f9949ef3c26616164	gi|2949214765|gb|PV276249.1|	99.515	3.36e-99	206	Tautogolabrus adspersus	ray-finned fishes	cunner
d18f1d4d80933d5f9949ef3c26616164	gi|2095925523|gb|OK172578.1|	99.515	3.36e-99	206	Tautogolabrus adspersus	ray-finned fishes	cunner
d18f1d4d80933d5f9949ef3c26616164	gi|2030285394|gb|MW630161.1|	99.515	3.36e-99	206	Tautogolabrus adspersus	ray-finned fishes	cunner
d18f1d4d80933d5f9949ef3c26616164	gi|3157077158|gb|PX940036.1|	99.515	3.36e-99	206	Tautogolabrus adspersus	ray-finned fishes	cunner
d18f1d4d80933d5f9949ef3c26616164	gi|33569528|gb|AY279649.1|	99.515	3.36e-99	206	Tautogolabrus adspersus	ray-finned fishes	cunner
03f23d51a4371fb286610b89fc9447a3	gi|2989059657|gb|PV710554.1|	99.512	1.20e-98	205	Ammodytes dubius	ray-finned fishes	northern sand lance
03f23d51a4371fb286610b89fc9447a3	gi|959122927|ref|NC_028530.1|	99.512	1.20e-98	205	Ammodytes americanus	ray-finned fishes	American sand lance
03f23d51a4371fb286610b89fc9447a3	gi|2989059643|gb|PV710553.1|	99.024	5.59e-97	205	Ammodytes dubius	ray-finned fishes	northern sand lance
03f23d51a4371fb286610b89fc9447a3	gi|2989059629|gb|PV710552.1|	99.024	5.59e-97	205	Ammodytes dubius	ray-finned fishes	northern sand lance
03f23d51a4371fb286610b89fc9447a3	gi|2949335892|gb|PV423377.1|	99.024	5.59e-97	205	Ammodytes dubius	ray-finned fishes	northern sand lance
c9d0eae1771fbeb35f0304186aa5a964	gi|586946454|gb|KF991387.1|	98.624	1.66e-102	218	Cetorhinus maximus	sharks & rays	Cetorhinus maximus
c9d0eae1771fbeb35f0304186aa5a964	gi|2750968131|emb|OZ077486.1|	98.624	1.66e-102	218	Cetorhinus maximus	sharks & rays	Cetorhinus maximus
c9d0eae1771fbeb35f0304186aa5a964	gi|2576858446|gb|OR546235.1|	98.624	1.66e-102	218	Cetorhinus maximus	sharks & rays	Cetorhinus maximus
c9d0eae1771fbeb35f0304186aa5a964	gi|700275310|gb|KM096989.1|	98.624	1.66e-102	218	Cetorhinus maximus	sharks & rays	Cetorhinus maximus
c9d0eae1771fbeb35f0304186aa5a964	gi|700275282|gb|KM096987.1|	98.624	1.66e-102	218	Cetorhinus maximus	sharks & rays	Cetorhinus maximus
1f840cc465222f904a1f2b11e33a0459	gi|2842131310|emb|OZ194986.1|	95.475	2.29e-91	221	Haliclona xena	sponges	Haliclona xena
1f840cc465222f904a1f2b11e33a0459	gi|164420950|ref|NC_010206.1|	94.570	1.38e-88	221	Callyspongia plicifera	sponges	azure vase sponge
1f840cc465222f904a1f2b11e33a0459	gi|2929347663|emb|OZ242247.1|	93.182	6.46e-82	220	Haplosclerida sp. GHC0000330	sponges	Haplosclerida sp. GHC0000330
1f840cc465222f904a1f2b11e33a0459	gi|3048263875|emb|OZ297959.1|	89.912	6.55e-72	228	Petrosia crassa	sponges	Petrosia crassa
1f840cc465222f904a1f2b11e33a0459	gi|2899163455|gb|PP464275.1|	90.498	6.55e-72	221	Haliclona sp. BKON-2565	sponges	Haliclona sp. BKON-2565
ea9c5be0bff2bdf3dde07e5ad8f65160	gi|297037241|gb|HM343646.1|	81.469	1.16e-55	286	uncultured eukaryote	eukaryotes	uncultured eukaryote
ea9c5be0bff2bdf3dde07e5ad8f65160	gi|404427683|gb|JQ516589.1|	80.420	3.24e-51	286	uncultured Chlorophyta	green algae	uncultured Chlorophyta
ea9c5be0bff2bdf3dde07e5ad8f65160	gi|404427682|gb|JQ516583.1|	80.420	3.24e-51	286	uncultured Chlorophyta	green algae	uncultured Chlorophyta
ea9c5be0bff2bdf3dde07e5ad8f65160	gi|404427678|gb|JQ516566.1|	80.420	3.24e-51	286	uncultured Chlorophyta	green algae	uncultured Chlorophyta
ea9c5be0bff2bdf3dde07e5ad8f65160	gi|1819288843|ref|NC_046005.1|	80.000	4.19e-50	290	Cladosiphon okamuranus	brown algae	Cladosiphon okamuranus
ea9c5be0bff2bdf3dde07e5ad8f65160	gi|1819288843|ref|NC_046005.1|	80.139	4.19e-50	287	Cladosiphon okamuranus	brown algae	Cladosiphon okamuranus
38486e33d084b1bd70236323a5fc0b7a	gi|2882954833|gb|PQ858633.1|	99.020	2.00e-96	204	Sebastes mentella	ray-finned fishes	deepwater redfish
38486e33d084b1bd70236323a5fc0b7a	gi|2882954819|gb|PQ858632.1|	99.020	2.00e-96	204	Sebastes mentella	ray-finned fishes	deepwater redfish
38486e33d084b1bd70236323a5fc0b7a	gi|2882954805|gb|PQ858631.1|	99.020	2.00e-96	204	Sebastes fasciatus	ray-finned fishes	Acadian redfish
38486e33d084b1bd70236323a5fc0b7a	gi|2882954791|gb|PQ858630.1|	99.020	2.00e-96	204	Sebastes fasciatus	ray-finned fishes	Acadian redfish
38486e33d084b1bd70236323a5fc0b7a	gi|2882954777|gb|PQ858629.1|	99.020	2.00e-96	204	Sebastes fasciatus	ray-finned fishes	Acadian redfish
e7eda957dabadd2484e5a908cd401f3f	gi|1693290266|ref|NC_042741.1|	88.614	3.45e-59	202	Pisaster ochraceus	starfish	purple sea star
e7eda957dabadd2484e5a908cd401f3f	gi|726972397|ref|NC_025766.1|	86.207	7.53e-51	203	Aphelasterias japonica	starfish	Aphelasterias japonica
e7eda957dabadd2484e5a908cd401f3f	gi|2567033649|gb|OR473299.1|	82.927	2.75e-40	205	Marthasterias glacialis	starfish	spiny starfish
e7eda957dabadd2484e5a908cd401f3f	gi|2076208768|emb|OU452241.1|	82.927	2.75e-40	205	Marthasterias glacialis	starfish	spiny starfish
e7eda957dabadd2484e5a908cd401f3f	gi|2499155081|gb|OP747302.1|	81.773	7.69e-36	203	Asterias amurensis	starfish	Northern Pacific seastar
380d914df964387440ac9c3dd0c821d9	gi|3053320641|gb|PX070016.1|	99.038	1.22e-98	208	Clupea harengus	ray-finned fishes	Atlantic herring
380d914df964387440ac9c3dd0c821d9	gi|1799624616|gb|MN122931.1|	99.038	1.22e-98	208	Clupea harengus	ray-finned fishes	Atlantic herring
380d914df964387440ac9c3dd0c821d9	gi|1517391475|gb|MH194498.2|	99.038	1.22e-98	208	Clupea harengus	ray-finned fishes	Atlantic herring
380d914df964387440ac9c3dd0c821d9	gi|2018537065|gb|MW818226.1|	99.038	1.22e-98	208	Clupea harengus	ray-finned fishes	Atlantic herring
380d914df964387440ac9c3dd0c821d9	gi|2018537050|gb|MW818211.1|	99.038	1.22e-98	208	Clupea harengus	ray-finned fishes	Atlantic herring
17bfcd9f9019e6b0f15a12df97d796a8	gi|1825511885|gb|MT103914.1|	99.512	1.20e-98	205	Hippoglossoides platessoides	ray-finned fishes	American plaice
17bfcd9f9019e6b0f15a12df97d796a8	gi|1799624449|gb|MN122825.1|	99.512	1.20e-98	205	Hippoglossoides platessoides	ray-finned fishes	American plaice
17bfcd9f9019e6b0f15a12df97d796a8	gi|2995380200|gb|PV748024.1|	99.512	1.20e-98	205	Hippoglossoides elassodon	ray-finned fishes	flathead sole
17bfcd9f9019e6b0f15a12df97d796a8	gi|2587926775|ref|NC_082804.1|	99.512	1.20e-98	205	Hippoglossoides elassodon	ray-finned fishes	flathead sole
17bfcd9f9019e6b0f15a12df97d796a8	gi|2587926284|ref|NC_082769.1|	99.512	1.20e-98	205	Hippoglossoides robustus	ray-finned fishes	Bering flounder
acc88d226826664a1235de620f685b81	gi|1798183348|emb|LR745847.1|	99.010	2.59e-95	202	Asterias rubens	starfish	European starfish
acc88d226826664a1235de620f685b81	gi|2567033648|gb|OR473298.1|	94.554	2.64e-80	202	Asterias amurensis	starfish	Northern Pacific seastar
acc88d226826664a1235de620f685b81	gi|2582205361|gb|CP134956.1|	94.554	2.64e-80	202	Asterias amurensis	starfish	Northern Pacific seastar
acc88d226826664a1235de620f685b81	gi|2582205361|gb|CP134956.1|	95.588	3.72e-19	68	Asterias amurensis	starfish	Northern Pacific seastar
acc88d226826664a1235de620f685b81	gi|2499155095|gb|OP747303.1|	94.554	2.64e-80	202	Asterias amurensis	starfish	Northern Pacific seastar
acc88d226826664a1235de620f685b81	gi|2499155067|gb|OP747301.1|	94.554	2.64e-80	202	Asterias amurensis	starfish	Northern Pacific seastar
c6baeff182658ec4132c5ab43f6f586e	gi|2882954833|gb|PQ858633.1|	99.020	2.00e-96	204	Sebastes mentella	ray-finned fishes	deepwater redfish
c6baeff182658ec4132c5ab43f6f586e	gi|2882954819|gb|PQ858632.1|	99.020	2.00e-96	204	Sebastes mentella	ray-finned fishes	deepwater redfish
c6baeff182658ec4132c5ab43f6f586e	gi|2882954805|gb|PQ858631.1|	99.020	2.00e-96	204	Sebastes fasciatus	ray-finned fishes	Acadian redfish
c6baeff182658ec4132c5ab43f6f586e	gi|2882954791|gb|PQ858630.1|	99.020	2.00e-96	204	Sebastes fasciatus	ray-finned fishes	Acadian redfish
c6baeff182658ec4132c5ab43f6f586e	gi|2882954777|gb|PQ858629.1|	99.020	2.00e-96	204	Sebastes fasciatus	ray-finned fishes	Acadian redfish
293e8cb1f9a5874c85878f322c9cbd58	gi|1790179362|dbj|LC493909.1|	99.020	2.00e-96	204	Sebastes viviparus	ray-finned fishes	Norway redfish
293e8cb1f9a5874c85878f322c9cbd58	gi|2882954833|gb|PQ858633.1|	99.020	2.00e-96	204	Sebastes mentella	ray-finned fishes	deepwater redfish
293e8cb1f9a5874c85878f322c9cbd58	gi|2882954819|gb|PQ858632.1|	99.020	2.00e-96	204	Sebastes mentella	ray-finned fishes	deepwater redfish
293e8cb1f9a5874c85878f322c9cbd58	gi|2882954805|gb|PQ858631.1|	99.020	2.00e-96	204	Sebastes fasciatus	ray-finned fishes	Acadian redfish
293e8cb1f9a5874c85878f322c9cbd58	gi|2882954791|gb|PQ858630.1|	99.020	2.00e-96	204	Sebastes fasciatus	ray-finned fishes	Acadian redfish
0825258657f29da1cdf7dc89930034fe	gi|3057011267|gb|PX273140.1|	99.034	4.38e-98	207	Homo sapiens	primates	human
0825258657f29da1cdf7dc89930034fe	gi|1850794460|gb|MG660556.1|	99.034	4.38e-98	207	Homo sapiens	primates	human
0825258657f29da1cdf7dc89930034fe	gi|1844479930|gb|MN046508.1|	99.034	4.38e-98	207	Homo sapiens	primates	human
0825258657f29da1cdf7dc89930034fe	gi|1844479538|gb|MN046480.1|	99.034	4.38e-98	207	Homo sapiens	primates	human
0825258657f29da1cdf7dc89930034fe	gi|1844479258|gb|MN046460.1|	99.034	4.38e-98	207	Homo sapiens	primates	human
ed493a7d2a0c160c4646465982b8667d	gi|1693290266|ref|NC_042741.1|	87.624	7.48e-56	202	Pisaster ochraceus	starfish	purple sea star
ed493a7d2a0c160c4646465982b8667d	gi|726972397|ref|NC_025766.1|	84.729	7.58e-46	203	Aphelasterias japonica	starfish	Aphelasterias japonica
ed493a7d2a0c160c4646465982b8667d	gi|2567033649|gb|OR473299.1|	81.463	2.77e-35	205	Marthasterias glacialis	starfish	spiny starfish
ed493a7d2a0c160c4646465982b8667d	gi|2076208768|emb|OU452241.1|	81.463	2.77e-35	205	Marthasterias glacialis	starfish	spiny starfish
ed493a7d2a0c160c4646465982b8667d	gi|2499155081|gb|OP747302.1|	80.296	7.75e-31	203	Asterias amurensis	starfish	Northern Pacific seastar
bfa677b0ab0f32511e6157813b6846c1	gi|2989059657|gb|PV710554.1|	99.512	1.20e-98	205	Ammodytes dubius	ray-finned fishes	northern sand lance
bfa677b0ab0f32511e6157813b6846c1	gi|959122927|ref|NC_028530.1|	99.512	1.20e-98	205	Ammodytes americanus	ray-finned fishes	American sand lance
bfa677b0ab0f32511e6157813b6846c1	gi|2989059643|gb|PV710553.1|	99.024	5.59e-97	205	Ammodytes dubius	ray-finned fishes	northern sand lance
bfa677b0ab0f32511e6157813b6846c1	gi|2989059629|gb|PV710552.1|	99.024	5.59e-97	205	Ammodytes dubius	ray-finned fishes	northern sand lance
bfa677b0ab0f32511e6157813b6846c1	gi|2949335892|gb|PV423377.1|	99.024	5.59e-97	205	Ammodytes dubius	ray-finned fishes	northern sand lance
899b640325c4ed62a25a702ae9758b7e	gi|1798183348|emb|LR745847.1|	99.010	2.59e-95	202	Asterias rubens	starfish	European starfish
899b640325c4ed62a25a702ae9758b7e	gi|2567033648|gb|OR473298.1|	94.554	2.64e-80	202	Asterias amurensis	starfish	Northern Pacific seastar
899b640325c4ed62a25a702ae9758b7e	gi|2582205361|gb|CP134956.1|	94.554	2.64e-80	202	Asterias amurensis	starfish	Northern Pacific seastar
899b640325c4ed62a25a702ae9758b7e	gi|2499155095|gb|OP747303.1|	94.554	2.64e-80	202	Asterias amurensis	starfish	Northern Pacific seastar
899b640325c4ed62a25a702ae9758b7e	gi|2499155067|gb|OP747301.1|	94.554	2.64e-80	202	Asterias amurensis	starfish	Northern Pacific seastar
69da6c8f4b482733c70853367ae12a00	gi|2624850272|gb|OR886103.1|	99.043	3.46e-99	209	Brisinga hirsuta	starfish	Brisinga hirsuta
69da6c8f4b482733c70853367ae12a00	gi|2567033712|gb|OR473362.1|	99.043	3.46e-99	209	Brisinga hirsuta	starfish	Brisinga hirsuta
69da6c8f4b482733c70853367ae12a00	gi|1998493449|gb|MN879480.2|	99.043	3.46e-99	209	Brisinga sp. 2 RSIOAS023	starfish	Brisinga sp. 2 RSIOAS023
69da6c8f4b482733c70853367ae12a00	gi|2624850305|gb|OR886136.1|	98.565	1.61e-97	209	Brisinga hirsuta	starfish	Brisinga hirsuta
69da6c8f4b482733c70853367ae12a00	gi|2567033718|gb|OR473368.1|	98.565	1.61e-97	209	Brisinga hirsuta	starfish	Brisinga hirsuta
cfa29a33fb6c33a70811478a15619cbd	gi|2692953615|ref|NC_086796.1|	98.529	9.31e-95	204	Zoarces americanus	ray-finned fishes	ocean pout
cfa29a33fb6c33a70811478a15619cbd	gi|3139203650|gb|PX719005.1|	98.529	9.31e-95	204	Zoarces americanus	ray-finned fishes	ocean pout
cfa29a33fb6c33a70811478a15619cbd	gi|3139210563|gb|PX740847.1|	98.039	4.33e-93	204	Zoarces americanus	ray-finned fishes	ocean pout
cfa29a33fb6c33a70811478a15619cbd	gi|2724829064|ref|NC_088490.1|	97.549	2.01e-91	204	Zoarces viviparus	ray-finned fishes	viviparous blenny
cfa29a33fb6c33a70811478a15619cbd	gi|1788585388|gb|MN883214.1|	98.469	2.61e-90	196	Zoarces americanus	ray-finned fishes	ocean pout
6484f625093d078124ff0ceaa66d3214	gi|1693290266|ref|NC_042741.1|	87.624	7.48e-56	202	Pisaster ochraceus	starfish	purple sea star
6484f625093d078124ff0ceaa66d3214	gi|726972397|ref|NC_025766.1|	84.729	7.58e-46	203	Aphelasterias japonica	starfish	Aphelasterias japonica
6484f625093d078124ff0ceaa66d3214	gi|2567033649|gb|OR473299.1|	81.463	2.77e-35	205	Marthasterias glacialis	starfish	spiny starfish
6484f625093d078124ff0ceaa66d3214	gi|2076208768|emb|OU452241.1|	81.463	2.77e-35	205	Marthasterias glacialis	starfish	spiny starfish
6484f625093d078124ff0ceaa66d3214	gi|2499155081|gb|OP747302.1|	80.296	7.75e-31	203	Asterias amurensis	starfish	Northern Pacific seastar
05f07168286c5773186db5c2ec665aed	gi|2571476436|gb|OR499725.1|	99.029	1.56e-97	206	Merluccius bilinearis	ray-finned fishes	silver hake
05f07168286c5773186db5c2ec665aed	gi|3211598001|gb|PZ091031.1|	99.029	1.56e-97	206	Merluccius bilinearis	ray-finned fishes	silver hake
05f07168286c5773186db5c2ec665aed	gi|3211597805|gb|PZ091017.1|	99.029	1.56e-97	206	Merluccius bilinearis	ray-finned fishes	silver hake
05f07168286c5773186db5c2ec665aed	gi|3053320529|gb|PX070008.1|	98.544	7.28e-96	206	Merluccius bilinearis	ray-finned fishes	silver hake
05f07168286c5773186db5c2ec665aed	gi|3211597665|gb|PZ091007.1|	98.544	2.62e-95	206	Merluccius bilinearis	ray-finned fishes	silver hake
9647e7078410955dcba4b232839b7272	gi|2571476436|gb|OR499725.1|	99.029	1.56e-97	206	Merluccius bilinearis	ray-finned fishes	silver hake
9647e7078410955dcba4b232839b7272	gi|3211598001|gb|PZ091031.1|	99.029	1.56e-97	206	Merluccius bilinearis	ray-finned fishes	silver hake
9647e7078410955dcba4b232839b7272	gi|3211597805|gb|PZ091017.1|	99.029	1.56e-97	206	Merluccius bilinearis	ray-finned fishes	silver hake
9647e7078410955dcba4b232839b7272	gi|3053320529|gb|PX070008.1|	98.544	7.28e-96	206	Merluccius bilinearis	ray-finned fishes	silver hake
9647e7078410955dcba4b232839b7272	gi|3211597665|gb|PZ091007.1|	98.544	2.62e-95	206	Merluccius bilinearis	ray-finned fishes	silver hake
6db799b74199b73bf192ca9359b531b4	gi|3057012933|gb|PX273259.1|	99.034	4.38e-98	207	Homo sapiens	primates	human
6db799b74199b73bf192ca9359b531b4	gi|3057012919|gb|PX273258.1|	99.034	4.38e-98	207	Homo sapiens	primates	human
6db799b74199b73bf192ca9359b531b4	gi|3057012905|gb|PX273257.1|	99.034	4.38e-98	207	Homo sapiens	primates	human
6db799b74199b73bf192ca9359b531b4	gi|3057012891|gb|PX273256.1|	99.034	4.38e-98	207	Homo sapiens	primates	human
6db799b74199b73bf192ca9359b531b4	gi|3057012877|gb|PX273255.1|	99.034	4.38e-98	207	Homo sapiens	primates	human
f93f581a76bb72f08716c103a95152cb	gi|2248499876|ref|NC_063523.1|	99.515	3.36e-99	206	Brosme brosme	ray-finned fishes	Brosme brosme
f93f581a76bb72f08716c103a95152cb	gi|2119746849|gb|MZ329990.1|	99.515	3.36e-99	206	Brosme brosme	ray-finned fishes	Brosme brosme
f93f581a76bb72f08716c103a95152cb	gi|14485460|emb|AJ315617.1|	98.942	4.41e-88	189	Brosme brosme	ray-finned fishes	Brosme brosme
f93f581a76bb72f08716c103a95152cb	gi|1919560125|ref|NC_050740.1|	95.169	3.43e-84	207	Molva dypterygia	ray-finned fishes	blue ling
f93f581a76bb72f08716c103a95152cb	gi|700587773|gb|KM201364.1|	94.660	1.60e-82	206	Lota lota	ray-finned fishes	burbot
a1eaabc59b12e4529f0b0b3e689b0652	gi|2571476436|gb|OR499725.1|	99.515	3.36e-99	206	Merluccius bilinearis	ray-finned fishes	silver hake
a1eaabc59b12e4529f0b0b3e689b0652	gi|3211598001|gb|PZ091031.1|	99.515	3.36e-99	206	Merluccius bilinearis	ray-finned fishes	silver hake
a1eaabc59b12e4529f0b0b3e689b0652	gi|3211597805|gb|PZ091017.1|	99.515	3.36e-99	206	Merluccius bilinearis	ray-finned fishes	silver hake
a1eaabc59b12e4529f0b0b3e689b0652	gi|3053320529|gb|PX070008.1|	99.029	1.56e-97	206	Merluccius bilinearis	ray-finned fishes	silver hake
a1eaabc59b12e4529f0b0b3e689b0652	gi|3211597665|gb|PZ091007.1|	99.029	5.63e-97	206	Merluccius bilinearis	ray-finned fishes	silver hake
bac4083b71d1035808bf82241772b9fe	gi|3053320641|gb|PX070016.1|	99.519	2.63e-100	208	Clupea harengus	ray-finned fishes	Atlantic herring
bac4083b71d1035808bf82241772b9fe	gi|1799624616|gb|MN122931.1|	99.519	2.63e-100	208	Clupea harengus	ray-finned fishes	Atlantic herring
bac4083b71d1035808bf82241772b9fe	gi|1517391475|gb|MH194498.2|	99.519	2.63e-100	208	Clupea harengus	ray-finned fishes	Atlantic herring
bac4083b71d1035808bf82241772b9fe	gi|2018537065|gb|MW818226.1|	99.519	2.63e-100	208	Clupea harengus	ray-finned fishes	Atlantic herring
bac4083b71d1035808bf82241772b9fe	gi|2018537050|gb|MW818211.1|	99.519	2.63e-100	208	Clupea harengus	ray-finned fishes	Atlantic herring
38c3d6f7c82fffee509e348844b35c16	gi|3057012933|gb|PX273259.1|	99.034	4.38e-98	207	Homo sapiens	primates	human
38c3d6f7c82fffee509e348844b35c16	gi|3057012919|gb|PX273258.1|	99.034	4.38e-98	207	Homo sapiens	primates	human
38c3d6f7c82fffee509e348844b35c16	gi|3057012905|gb|PX273257.1|	99.034	4.38e-98	207	Homo sapiens	primates	human
38c3d6f7c82fffee509e348844b35c16	gi|3057012891|gb|PX273256.1|	99.034	4.38e-98	207	Homo sapiens	primates	human
38c3d6f7c82fffee509e348844b35c16	gi|3057012877|gb|PX273255.1|	99.034	4.38e-98	207	Homo sapiens	primates	human
6d3521fea9b93bb009ce51b786237c1a	gi|2994737912|gb|PV656772.1|	99.029	1.56e-97	206	Melanogrammus aeglefinus	ray-finned fishes	haddock
6d3521fea9b93bb009ce51b786237c1a	gi|2994737898|gb|PV656771.1|	99.029	1.56e-97	206	Melanogrammus aeglefinus	ray-finned fishes	haddock
6d3521fea9b93bb009ce51b786237c1a	gi|2994737884|gb|PV656770.1|	99.029	1.56e-97	206	Melanogrammus aeglefinus	ray-finned fishes	haddock
6d3521fea9b93bb009ce51b786237c1a	gi|124377065|emb|AM489717.1|	99.029	1.56e-97	206	Melanogrammus aeglefinus	ray-finned fishes	haddock
6d3521fea9b93bb009ce51b786237c1a	gi|94481723|gb|DQ356942.1|	99.029	1.56e-97	206	Melanogrammus aeglefinus	ray-finned fishes	haddock
dbfa4c4e445fccc5c571250840a7f5d2	gi|2987981790|gb|PV624571.1|	100.000	7.23e-101	206	Microgadus tomcod	ray-finned fishes	Atlantic tomcod
dbfa4c4e445fccc5c571250840a7f5d2	gi|2987981776|gb|PV624570.1|	100.000	7.23e-101	206	Microgadus tomcod	ray-finned fishes	Atlantic tomcod
dbfa4c4e445fccc5c571250840a7f5d2	gi|2950156554|gb|PV446432.1|	100.000	7.23e-101	206	Microgadus tomcod	ray-finned fishes	Atlantic tomcod
dbfa4c4e445fccc5c571250840a7f5d2	gi|2938660446|gb|PV364860.1|	100.000	7.23e-101	206	Microgadus tomcod	ray-finned fishes	Atlantic tomcod
dbfa4c4e445fccc5c571250840a7f5d2	gi|2095925524|gb|OK172579.1|	99.515	3.36e-99	206	Microgadus tomcod	ray-finned fishes	Atlantic tomcod
b678a24c461760a9e38554e5773be218	gi|2882179697|gb|PQ858033.1|	97.143	0.001	35	Rana dalmatina	frogs & toads	agile frog
b678a24c461760a9e38554e5773be218	gi|1642524534|ref|NC_042226.1|	97.143	0.001	35	Rana temporaria	frogs & toads	common frog
b678a24c461760a9e38554e5773be218	gi|2869360573|gb|PQ758684.1|	97.143	0.001	35	Rana italica	frogs & toads	Rana italica
97acbcd584bb9f99b71c5d9d7634ee4a	gi|2692953615|ref|NC_086796.1|	98.529	9.31e-95	204	Zoarces americanus	ray-finned fishes	ocean pout
97acbcd584bb9f99b71c5d9d7634ee4a	gi|3139203650|gb|PX719005.1|	98.529	9.31e-95	204	Zoarces americanus	ray-finned fishes	ocean pout
97acbcd584bb9f99b71c5d9d7634ee4a	gi|3139210563|gb|PX740847.1|	98.039	4.33e-93	204	Zoarces americanus	ray-finned fishes	ocean pout
97acbcd584bb9f99b71c5d9d7634ee4a	gi|2724829064|ref|NC_088490.1|	97.549	2.01e-91	204	Zoarces viviparus	ray-finned fishes	viviparous blenny
97acbcd584bb9f99b71c5d9d7634ee4a	gi|1788585388|gb|MN883214.1|	98.469	2.61e-90	196	Zoarces americanus	ray-finned fishes	ocean pout
a3fb24ef924fb2d45a7f0bb606d36d61	gi|3053320585|gb|PX070012.1|	99.024	5.59e-97	205	Lophius americanus	ray-finned fishes	American anglerfish
a3fb24ef924fb2d45a7f0bb606d36d61	gi|2569352339|gb|OR482505.1|	99.024	5.59e-97	205	Lophius americanus	ray-finned fishes	American anglerfish
a3fb24ef924fb2d45a7f0bb606d36d61	gi|2569352297|gb|OR482502.1|	99.024	5.59e-97	205	Lophiidae sp.	ray-finned fishes	Lophiidae sp.
a3fb24ef924fb2d45a7f0bb606d36d61	gi|2569352269|gb|OR482500.1|	99.024	5.59e-97	205	Lophius americanus	ray-finned fishes	American anglerfish
a3fb24ef924fb2d45a7f0bb606d36d61	gi|2569351975|gb|OR482479.1|	99.024	5.59e-97	205	Lophius americanus	ray-finned fishes	American anglerfish
c714fb5d06dec61d614de7e84d29cf54	gi|2692953615|ref|NC_086796.1|	98.529	9.31e-95	204	Zoarces americanus	ray-finned fishes	ocean pout
c714fb5d06dec61d614de7e84d29cf54	gi|3139203650|gb|PX719005.1|	98.529	9.31e-95	204	Zoarces americanus	ray-finned fishes	ocean pout
c714fb5d06dec61d614de7e84d29cf54	gi|3139210563|gb|PX740847.1|	98.039	4.33e-93	204	Zoarces americanus	ray-finned fishes	ocean pout
c714fb5d06dec61d614de7e84d29cf54	gi|2724829064|ref|NC_088490.1|	97.549	2.01e-91	204	Zoarces viviparus	ray-finned fishes	viviparous blenny
c714fb5d06dec61d614de7e84d29cf54	gi|1788585388|gb|MN883214.1|	98.469	2.61e-90	196	Zoarces americanus	ray-finned fishes	ocean pout
57c6e250d11a49959a03ec2061a0d0df	gi|1798183348|emb|LR745847.1|	98.515	1.20e-93	202	Asterias rubens	starfish	European starfish
57c6e250d11a49959a03ec2061a0d0df	gi|2567033648|gb|OR473298.1|	94.059	1.23e-78	202	Asterias amurensis	starfish	Northern Pacific seastar
57c6e250d11a49959a03ec2061a0d0df	gi|2582205361|gb|CP134956.1|	94.059	1.23e-78	202	Asterias amurensis	starfish	Northern Pacific seastar
57c6e250d11a49959a03ec2061a0d0df	gi|2499155095|gb|OP747303.1|	94.059	1.23e-78	202	Asterias amurensis	starfish	Northern Pacific seastar
57c6e250d11a49959a03ec2061a0d0df	gi|2499155067|gb|OP747301.1|	94.059	1.23e-78	202	Asterias amurensis	starfish	Northern Pacific seastar
9fb8eece268863eb0faa562827fc6786	gi|1540304408|gb|MH688244.1|	95.349	3.45e-06	43	Aperioptus gracilentus	ray-finned fishes	Aperioptus gracilentus
9fb8eece268863eb0faa562827fc6786	gi|2064684336|dbj|LC640023.1|	95.349	3.45e-06	43	Paraplagusia japonica	ray-finned fishes	black cow-tongue
9fb8eece268863eb0faa562827fc6786	gi|511347697|ref|NC_021376.1|	95.349	3.45e-06	43	Paraplagusia japonica	ray-finned fishes	black cow-tongue
9fb8eece268863eb0faa562827fc6786	gi|1918448007|dbj|LC579409.1|	95.349	3.45e-06	43	Paraplagusia japonica	ray-finned fishes	black cow-tongue
9fb8eece268863eb0faa562827fc6786	gi|1835269738|gb|MN917497.1|	93.023	1.60e-04	43	Paratelmatobius cardosoi	frogs & toads	Paratelmatobius cardosoi
a0e4f30ef743a916e55abd8d2b142b6d	gi|2994737912|gb|PV656772.1|	99.029	1.56e-97	206	Melanogrammus aeglefinus	ray-finned fishes	haddock
a0e4f30ef743a916e55abd8d2b142b6d	gi|2994737898|gb|PV656771.1|	99.029	1.56e-97	206	Melanogrammus aeglefinus	ray-finned fishes	haddock
a0e4f30ef743a916e55abd8d2b142b6d	gi|2994737884|gb|PV656770.1|	99.029	1.56e-97	206	Melanogrammus aeglefinus	ray-finned fishes	haddock
a0e4f30ef743a916e55abd8d2b142b6d	gi|124377065|emb|AM489717.1|	99.029	1.56e-97	206	Melanogrammus aeglefinus	ray-finned fishes	haddock
a0e4f30ef743a916e55abd8d2b142b6d	gi|94481723|gb|DQ356942.1|	99.029	1.56e-97	206	Melanogrammus aeglefinus	ray-finned fishes	haddock
6a64d25d2e11167696487b33fa31cfe4	gi|3053320529|gb|PX070008.1|	99.515	3.36e-99	206	Merluccius bilinearis	ray-finned fishes	silver hake
6a64d25d2e11167696487b33fa31cfe4	gi|2571476436|gb|OR499725.1|	99.029	1.56e-97	206	Merluccius bilinearis	ray-finned fishes	silver hake
6a64d25d2e11167696487b33fa31cfe4	gi|3211598001|gb|PZ091031.1|	99.029	1.56e-97	206	Merluccius bilinearis	ray-finned fishes	silver hake
6a64d25d2e11167696487b33fa31cfe4	gi|3211597805|gb|PZ091017.1|	99.029	1.56e-97	206	Merluccius bilinearis	ray-finned fishes	silver hake
6a64d25d2e11167696487b33fa31cfe4	gi|3211597665|gb|PZ091007.1|	98.544	2.62e-95	206	Merluccius bilinearis	ray-finned fishes	silver hake
2aa85cd9cb4156de7a43b2ffd897d64c	gi|2738131772|gb|PP840325.1|	99.537	9.88e-105	216	Meleagris gallopavo	birds	turkey
2aa85cd9cb4156de7a43b2ffd897d64c	gi|2738131758|gb|PP840324.1|	99.537	9.88e-105	216	Meleagris gallopavo	birds	turkey
2aa85cd9cb4156de7a43b2ffd897d64c	gi|2738131576|gb|PP840311.1|	99.537	9.88e-105	216	Meleagris gallopavo	birds	turkey
2aa85cd9cb4156de7a43b2ffd897d64c	gi|2738131562|gb|PP840310.1|	99.537	9.88e-105	216	Meleagris gallopavo	birds	turkey
2aa85cd9cb4156de7a43b2ffd897d64c	gi|2738131548|gb|PP840309.1|	99.537	9.88e-105	216	Meleagris gallopavo	birds	turkey
457d130b21a7d5f85c06983f9072f140	gi|2882954833|gb|PQ858633.1|	98.529	9.31e-95	204	Sebastes mentella	ray-finned fishes	deepwater redfish
457d130b21a7d5f85c06983f9072f140	gi|2882954819|gb|PQ858632.1|	98.529	9.31e-95	204	Sebastes mentella	ray-finned fishes	deepwater redfish
457d130b21a7d5f85c06983f9072f140	gi|2882954805|gb|PQ858631.1|	98.529	9.31e-95	204	Sebastes fasciatus	ray-finned fishes	Acadian redfish
457d130b21a7d5f85c06983f9072f140	gi|2882954791|gb|PQ858630.1|	98.529	9.31e-95	204	Sebastes fasciatus	ray-finned fishes	Acadian redfish
457d130b21a7d5f85c06983f9072f140	gi|2882954777|gb|PQ858629.1|	98.529	9.31e-95	204	Sebastes fasciatus	ray-finned fishes	Acadian redfish
b2e7da8603d11574d5aa00db8b470344	gi|1798183348|emb|LR745847.1|	98.515	1.20e-93	202	Asterias rubens	starfish	European starfish
b2e7da8603d11574d5aa00db8b470344	gi|2567033648|gb|OR473298.1|	94.059	1.23e-78	202	Asterias amurensis	starfish	Northern Pacific seastar
b2e7da8603d11574d5aa00db8b470344	gi|2582205361|gb|CP134956.1|	94.059	1.23e-78	202	Asterias amurensis	starfish	Northern Pacific seastar
b2e7da8603d11574d5aa00db8b470344	gi|2582205361|gb|CP134956.1|	97.059	8.00e-21	68	Asterias amurensis	starfish	Northern Pacific seastar
b2e7da8603d11574d5aa00db8b470344	gi|2499155095|gb|OP747303.1|	94.059	1.23e-78	202	Asterias amurensis	starfish	Northern Pacific seastar
b2e7da8603d11574d5aa00db8b470344	gi|2499155067|gb|OP747301.1|	94.059	1.23e-78	202	Asterias amurensis	starfish	Northern Pacific seastar
bf6837f1ee28ae5801d6f59851a0c8b9	gi|3053320641|gb|PX070016.1|	99.519	2.63e-100	208	Clupea harengus	ray-finned fishes	Atlantic herring
bf6837f1ee28ae5801d6f59851a0c8b9	gi|1799624616|gb|MN122931.1|	99.519	2.63e-100	208	Clupea harengus	ray-finned fishes	Atlantic herring
bf6837f1ee28ae5801d6f59851a0c8b9	gi|1517391475|gb|MH194498.2|	99.519	2.63e-100	208	Clupea harengus	ray-finned fishes	Atlantic herring
bf6837f1ee28ae5801d6f59851a0c8b9	gi|2018537065|gb|MW818226.1|	99.519	2.63e-100	208	Clupea harengus	ray-finned fishes	Atlantic herring
bf6837f1ee28ae5801d6f59851a0c8b9	gi|2018537050|gb|MW818211.1|	99.519	2.63e-100	208	Clupea harengus	ray-finned fishes	Atlantic herring
c9c998473babf133b4640bc8dc372ed8	gi|3069041757|gb|PX427733.1|	99.535	3.54e-104	215	Gallus gallus	birds	chicken
c9c998473babf133b4640bc8dc372ed8	gi|1777393134|gb|MN013407.1|	99.535	3.54e-104	215	Gallus gallus gallus	birds	Gallus gallus gallus
c9c998473babf133b4640bc8dc372ed8	gi|3005406183|dbj|LC880097.1|	99.535	3.54e-104	215	Gallus gallus	birds	chicken
c9c998473babf133b4640bc8dc372ed8	gi|1760232343|gb|MK163563.1|	99.535	3.54e-104	215	Gallus gallus	birds	chicken
c9c998473babf133b4640bc8dc372ed8	gi|1760232329|gb|MK163562.1|	99.535	3.54e-104	215	Gallus gallus	birds	chicken
c39a1d62e37422783935a5a4e6cf035f	gi|3047138993|gb|PV631331.1|	98.606	1.71e-138	287	Mediolabrus comicus	diatoms	Mediolabrus comicus
c39a1d62e37422783935a5a4e6cf035f	gi|3047138993|gb|PV631331.1|	98.276	1.71e-138	290	Mediolabrus comicus	diatoms	Mediolabrus comicus
c39a1d62e37422783935a5a4e6cf035f	gi|1780184797|gb|MK372941.1|	98.606	1.71e-138	287	Skeletonema pseudocostatum	diatoms	Skeletonema pseudocostatum
c39a1d62e37422783935a5a4e6cf035f	gi|1780184797|gb|MK372941.1|	98.276	1.71e-138	290	Skeletonema pseudocostatum	diatoms	Skeletonema pseudocostatum
c39a1d62e37422783935a5a4e6cf035f	gi|1467220933|gb|MH818948.1|	98.606	1.71e-138	287	uncultured diatom	diatoms	uncultured diatom
c39a1d62e37422783935a5a4e6cf035f	gi|1467220931|gb|MH818946.1|	98.606	1.71e-138	287	uncultured diatom	diatoms	uncultured diatom
c39a1d62e37422783935a5a4e6cf035f	gi|1467220920|gb|MH818935.1|	98.606	1.71e-138	287	uncultured diatom	diatoms	uncultured diatom
6bce2c77b31875946231c53fa37d70d6	gi|3053320641|gb|PX070016.1|	99.519	2.63e-100	208	Clupea harengus	ray-finned fishes	Atlantic herring
6bce2c77b31875946231c53fa37d70d6	gi|1799624616|gb|MN122931.1|	99.519	2.63e-100	208	Clupea harengus	ray-finned fishes	Atlantic herring
6bce2c77b31875946231c53fa37d70d6	gi|1517391475|gb|MH194498.2|	99.519	2.63e-100	208	Clupea harengus	ray-finned fishes	Atlantic herring
6bce2c77b31875946231c53fa37d70d6	gi|2018537065|gb|MW818226.1|	99.519	2.63e-100	208	Clupea harengus	ray-finned fishes	Atlantic herring
6bce2c77b31875946231c53fa37d70d6	gi|2018537050|gb|MW818211.1|	99.519	2.63e-100	208	Clupea harengus	ray-finned fishes	Atlantic herring
12a1380a59c8ec1ad137f798291be25e	gi|2580315087|gb|OR582675.1|	98.049	1.22e-93	205	Nezumia sclerorhynchus	ray-finned fishes	roughtip grenadier
12a1380a59c8ec1ad137f798291be25e	gi|2582032130|gb|OR603896.1|	96.585	4.41e-88	205	Nezumia convergens	ray-finned fishes	Peruvian grenadier
12a1380a59c8ec1ad137f798291be25e	gi|3139171153|gb|PX560184.1|	96.585	4.41e-88	205	Nezumia convergens	ray-finned fishes	Peruvian grenadier
12a1380a59c8ec1ad137f798291be25e	gi|2580316518|gb|OR575605.1|	95.610	9.55e-85	205	Nezumia stelgidolepis	ray-finned fishes	California grenadier
12a1380a59c8ec1ad137f798291be25e	gi|2580315018|gb|OR582670.1|	95.610	9.55e-85	205	Nezumia stelgidolepis	ray-finned fishes	California grenadier
d9a37ca641b9d1653ea8fbe096743421	gi|1798183348|emb|LR745847.1|	99.010	2.59e-95	202	Asterias rubens	starfish	European starfish
d9a37ca641b9d1653ea8fbe096743421	gi|2567033648|gb|OR473298.1|	94.554	2.64e-80	202	Asterias amurensis	starfish	Northern Pacific seastar
d9a37ca641b9d1653ea8fbe096743421	gi|2582205361|gb|CP134956.1|	94.554	2.64e-80	202	Asterias amurensis	starfish	Northern Pacific seastar
d9a37ca641b9d1653ea8fbe096743421	gi|2582205361|gb|CP134956.1|	97.059	8.00e-21	68	Asterias amurensis	starfish	Northern Pacific seastar
d9a37ca641b9d1653ea8fbe096743421	gi|2499155095|gb|OP747303.1|	94.554	2.64e-80	202	Asterias amurensis	starfish	Northern Pacific seastar
d9a37ca641b9d1653ea8fbe096743421	gi|2499155067|gb|OP747301.1|	94.554	2.64e-80	202	Asterias amurensis	starfish	Northern Pacific seastar
6c315a08d6438ee9fd8edc6fc220a0ea	gi|1802566577|gb|MN714194.1|	99.020	2.00e-96	204	Bos taurus	even-toed ungulates & whales	domestic cattle
6c315a08d6438ee9fd8edc6fc220a0ea	gi|1802566563|gb|MN714193.1|	99.020	2.00e-96	204	Bos taurus	even-toed ungulates & whales	domestic cattle
6c315a08d6438ee9fd8edc6fc220a0ea	gi|1802566521|gb|MN714190.1|	99.020	2.00e-96	204	Bos taurus	even-toed ungulates & whales	domestic cattle
6c315a08d6438ee9fd8edc6fc220a0ea	gi|1802566437|gb|MN714184.1|	99.020	2.00e-96	204	Bos taurus	even-toed ungulates & whales	domestic cattle
6c315a08d6438ee9fd8edc6fc220a0ea	gi|1802566423|gb|MN714183.1|	99.020	2.00e-96	204	Bos taurus	even-toed ungulates & whales	domestic cattle
840cc593e8038049b9b371991bdeba7f	gi|2842131310|emb|OZ194986.1|	97.717	3.74e-99	219	Haliclona xena	sponges	Haliclona xena
840cc593e8038049b9b371991bdeba7f	gi|164420950|ref|NC_010206.1|	94.570	4.91e-88	221	Callyspongia plicifera	sponges	azure vase sponge
840cc593e8038049b9b371991bdeba7f	gi|2929347663|emb|OZ242247.1|	93.578	4.94e-83	218	Haplosclerida sp. GHC0000330	sponges	Haplosclerida sp. GHC0000330
840cc593e8038049b9b371991bdeba7f	gi|2899163455|gb|PP464275.1|	92.237	4.98e-78	219	Haliclona sp. BKON-2565	sponges	Haliclona sp. BKON-2565
840cc593e8038049b9b371991bdeba7f	gi|3048263875|emb|OZ297959.1|	90.351	5.01e-73	228	Petrosia crassa	sponges	Petrosia crassa
cac9cdf71011b89aa512009543957e33	gi|1321369517|dbj|AP006029.1|	97.436	1.95e-06	39	Schindleria praematura	ray-finned fishes	Schindler's fish
cac9cdf71011b89aa512009543957e33	gi|1131300794|gb|KX381500.1|	97.436	1.95e-06	39	Coendou melanurus	rodents	Coendou melanurus
cac9cdf71011b89aa512009543957e33	gi|2373974889|gb|OP035223.1|	93.478	1.95e-06	46	Onuxodon fowleri	ray-finned fishes	Onuxodon fowleri
cac9cdf71011b89aa512009543957e33	gi|1009080598|gb|KU681351.1|	93.478	1.95e-06	46	Onuxodon fowleri	ray-finned fishes	Onuxodon fowleri
cac9cdf71011b89aa512009543957e33	gi|429536700|gb|KC136518.1|	93.478	1.95e-06	46	Girella fimbriata	ray-finned fishes	caramel drummer
00cee69e61033a39f61dbcecdcac08f9	gi|1825511897|gb|MT103924.1|	99.512	1.20e-98	205	Pseudopleuronectes americanus	ray-finned fishes	winter flounder
00cee69e61033a39f61dbcecdcac08f9	gi|2987591699|gb|PV691863.1|	99.512	1.20e-98	205	Pseudopleuronectes americanus	ray-finned fishes	winter flounder
00cee69e61033a39f61dbcecdcac08f9	gi|2987591643|gb|PV691859.1|	99.512	1.20e-98	205	Pseudopleuronectes americanus	ray-finned fishes	winter flounder
00cee69e61033a39f61dbcecdcac08f9	gi|2579699234|ref|NC_082555.1|	99.512	1.20e-98	205	Pseudopleuronectes americanus	ray-finned fishes	winter flounder
00cee69e61033a39f61dbcecdcac08f9	gi|3139203370|gb|PX718985.1|	99.512	1.20e-98	205	Pseudopleuronectes americanus	ray-finned fishes	winter flounder
4d2e2ce81d30e3545574cad256220bd5	gi|2571476450|gb|OR499726.1|	99.515	3.36e-99	206	Merluccius albidus	ray-finned fishes	offshore hake
4d2e2ce81d30e3545574cad256220bd5	gi|1788585394|gb|MN883216.1|	99.495	9.42e-95	198	Merluccius albidus	ray-finned fishes	offshore hake
4d2e2ce81d30e3545574cad256220bd5	gi|1788585391|gb|MN883215.1|	99.495	9.42e-95	198	Merluccius albidus	ray-finned fishes	offshore hake
4d2e2ce81d30e3545574cad256220bd5	gi|2715331780|ref|NC_088010.1|	96.602	1.23e-88	206	Merluccius hubbsi	ray-finned fishes	Argentine hake
4d2e2ce81d30e3545574cad256220bd5	gi|2580316395|gb|OR575596.1|	95.631	7.38e-86	206	Merluccius angustimanus	ray-finned fishes	Panama hake
03eeadef93704159510b7576c8ef56d0	gi|1516075550|ref|XR_003433956.1|	95.631	7.38e-86	206	Sagmatias obliquidens	whales & dolphins	Pacific white-sided dolphin
03eeadef93704159510b7576c8ef56d0	gi|2280707910|ref|XR_007477650.1|	94.660	1.60e-82	206	Orcinus orca	whales & dolphins	killer whale
03eeadef93704159510b7576c8ef56d0	gi|2240249201|gb|MW645448.1|	91.262	7.54e-71	206	Mesoplodon grayi	whales & dolphins	Gray's beaked whale
03eeadef93704159510b7576c8ef56d0	gi|1229646286|gb|KF032864.2|	90.777	3.51e-69	206	Mesoplodon densirostris	whales & dolphins	Blainville's beaked whale
03eeadef93704159510b7576c8ef56d0	gi|1229646285|gb|KF032863.2|	90.777	3.51e-69	206	Mesoplodon densirostris	whales & dolphins	Blainville's beaked whale
fe06d27881ae18d8a1714ba08145cd41	gi|529539159|gb|JX982298.1|	87.671	2.51e-11	73	Hemigrammocharax ocellicauda	ray-finned fishes	Hemigrammocharax ocellicauda
fe06d27881ae18d8a1714ba08145cd41	gi|2591502567|gb|OR552098.1|	86.486	3.25e-10	74	Erimystax harryi	ray-finned fishes	Erimystax harryi
fe06d27881ae18d8a1714ba08145cd41	gi|435857065|ref|NC_020042.1|	86.486	3.25e-10	74	Coreius heterodon	ray-finned fishes	Coreius heterodon
fe06d27881ae18d8a1714ba08145cd41	gi|435855878|ref|NC_020005.1|	91.525	3.25e-10	59	Rasbora steineri	ray-finned fishes	Chinese rasbora
fe06d27881ae18d8a1714ba08145cd41	gi|3064604279|gb|PX416471.1|	90.164	1.17e-09	61	Loricaria cataphracta	ray-finned fishes	Loricaria cataphracta
a186ec02d072d4f0b7b7f7e3cb7468b4	gi|1609530226|gb|MK266753.1|	85.714	2.55e-05	63	Sphaenorhynchus prasinus	frogs & toads	Sphaenorhynchus prasinus
a186ec02d072d4f0b7b7f7e3cb7468b4	gi|1609530225|gb|MK266752.1|	85.714	2.55e-05	63	Sphaenorhynchus prasinus	frogs & toads	Sphaenorhynchus prasinus
a186ec02d072d4f0b7b7f7e3cb7468b4	gi|1484645101|gb|MH004345.1|	85.714	2.55e-05	63	Sphaenorhynchus prasinus	frogs & toads	Sphaenorhynchus prasinus
a186ec02d072d4f0b7b7f7e3cb7468b4	gi|62146628|emb|AJ628371.1|	82.895	2.55e-05	76	Caluromys philander	marsupials	bare-tailed woolly opossum
a186ec02d072d4f0b7b7f7e3cb7468b4	gi|3084544444|emb|OZ345433.1|	100.000	9.19e-05	33	Sarpa salpa	ray-finned fishes	Sarpa salpa
a06d67ae9c02d9c6fdb554bbc7313310	gi|1825511900|gb|MT103926.1|	99.512	1.20e-98	205	Triglops murrayi	ray-finned fishes	moustache sculpin
a06d67ae9c02d9c6fdb554bbc7313310	gi|1790179336|dbj|LC493907.1|	99.024	5.59e-97	205	Triglops murrayi	ray-finned fishes	moustache sculpin
a06d67ae9c02d9c6fdb554bbc7313310	gi|2587926634|ref|NC_082794.1|	99.024	5.59e-97	205	Triglops forficatus	ray-finned fishes	scissortail sculpin
a06d67ae9c02d9c6fdb554bbc7313310	gi|2587926915|ref|NC_082814.1|	97.561	5.63e-92	205	Triglops pingelii	ray-finned fishes	ribbed sculpin
a06d67ae9c02d9c6fdb554bbc7313310	gi|669175219|gb|KM057966.1|	96.585	1.22e-88	205	Icelus spiniger	ray-finned fishes	thorny sculpin
3a87dec322b96e31aa6e3771ebca1041	gi|62146628|emb|AJ628371.1|	82.895	2.55e-05	76	Caluromys philander	marsupials	bare-tailed woolly opossum
3a87dec322b96e31aa6e3771ebca1041	gi|3084544444|emb|OZ345433.1|	100.000	9.19e-05	33	Sarpa salpa	ray-finned fishes	Sarpa salpa
3a87dec322b96e31aa6e3771ebca1041	gi|1829776404|ref|NC_046913.1|	100.000	9.19e-05	33	Hypsignathus monstrosus	bats	Hammer-headed fruit bat
3a87dec322b96e31aa6e3771ebca1041	gi|3064604077|gb|PX416269.1|	100.000	9.19e-05	33	Hypomasticus despaxi	ray-finned fishes	Hypomasticus despaxi
3a87dec322b96e31aa6e3771ebca1041	gi|3064604076|gb|PX416268.1|	100.000	9.19e-05	33	Hypomasticus despaxi	ray-finned fishes	Hypomasticus despaxi
a11ba5adffc6078e227a89e590043d97	gi|1798183348|emb|LR745847.1|	99.010	2.59e-95	202	Asterias rubens	starfish	European starfish
a11ba5adffc6078e227a89e590043d97	gi|2567033648|gb|OR473298.1|	94.554	2.64e-80	202	Asterias amurensis	starfish	Northern Pacific seastar
a11ba5adffc6078e227a89e590043d97	gi|2582205361|gb|CP134956.1|	94.554	2.64e-80	202	Asterias amurensis	starfish	Northern Pacific seastar
a11ba5adffc6078e227a89e590043d97	gi|2582205361|gb|CP134956.1|	96.970	1.03e-19	66	Asterias amurensis	starfish	Northern Pacific seastar
a11ba5adffc6078e227a89e590043d97	gi|2499155095|gb|OP747303.1|	94.554	2.64e-80	202	Asterias amurensis	starfish	Northern Pacific seastar
a11ba5adffc6078e227a89e590043d97	gi|2499155067|gb|OP747301.1|	94.554	2.64e-80	202	Asterias amurensis	starfish	Northern Pacific seastar
fa6ed39e55ac7cbdb72ed55ca2796221	gi|426259625|gb|KC193706.1|	99.519	2.63e-100	208	Clupea harengus	ray-finned fishes	Atlantic herring
fa6ed39e55ac7cbdb72ed55ca2796221	gi|426259611|gb|KC193705.1|	99.519	2.63e-100	208	Clupea harengus	ray-finned fishes	Atlantic herring
fa6ed39e55ac7cbdb72ed55ca2796221	gi|148922558|ref|NC_009578.1|	99.519	2.63e-100	208	Clupea pallasii	ray-finned fishes	Pacific herring
fa6ed39e55ac7cbdb72ed55ca2796221	gi|3053320641|gb|PX070016.1|	99.038	1.22e-98	208	Clupea harengus	ray-finned fishes	Atlantic herring
fa6ed39e55ac7cbdb72ed55ca2796221	gi|1799624616|gb|MN122931.1|	99.038	1.22e-98	208	Clupea harengus	ray-finned fishes	Atlantic herring
3a9187e891b1e8e43499b77d1904dd3d	gi|1790179280|dbj|LC493903.1|	99.512	1.20e-98	205	Anarhichas denticulatus	ray-finned fishes	northern wolffish
3a9187e891b1e8e43499b77d1904dd3d	gi|1790179266|dbj|LC493902.1|	99.512	1.20e-98	205	Anarhichas lupus	ray-finned fishes	Atlantic wolffish
3a9187e891b1e8e43499b77d1904dd3d	gi|1084353640|gb|KX118041.1|	99.512	1.20e-98	205	Anarhichas denticulatus	ray-finned fishes	northern wolffish
3a9187e891b1e8e43499b77d1904dd3d	gi|1084353626|gb|KX118040.1|	99.512	1.20e-98	205	Anarhichas denticulatus	ray-finned fishes	northern wolffish
3a9187e891b1e8e43499b77d1904dd3d	gi|1084353612|gb|KX118039.1|	99.512	1.20e-98	205	Anarhichas denticulatus	ray-finned fishes	northern wolffish
1b668cde4e9df39004881bbc2ea3f64e	gi|426260563|gb|KC193773.1|	99.519	2.63e-100	208	Clupea harengus	ray-finned fishes	Atlantic herring
1b668cde4e9df39004881bbc2ea3f64e	gi|426259961|gb|KC193730.1|	99.519	2.63e-100	208	Clupea harengus	ray-finned fishes	Atlantic herring
1b668cde4e9df39004881bbc2ea3f64e	gi|3053320641|gb|PX070016.1|	99.038	1.22e-98	208	Clupea harengus	ray-finned fishes	Atlantic herring
1b668cde4e9df39004881bbc2ea3f64e	gi|1799624616|gb|MN122931.1|	99.038	1.22e-98	208	Clupea harengus	ray-finned fishes	Atlantic herring
1b668cde4e9df39004881bbc2ea3f64e	gi|1517391475|gb|MH194498.2|	99.038	1.22e-98	208	Clupea harengus	ray-finned fishes	Atlantic herring
63678e3cd344e2835841b32a1c3e1b18	gi|2192928254|ref|NC_060630.1|	99.512	1.20e-98	205	Anisarchus medius	ray-finned fishes	stout eelblenny
63678e3cd344e2835841b32a1c3e1b18	gi|2216790233|gb|MT627596.1|	99.024	5.59e-97	205	Askoldia variegata	ray-finned fishes	Askoldia variegata
63678e3cd344e2835841b32a1c3e1b18	gi|2228970367|ref|NC_062695.1|	99.024	5.59e-97	205	Askoldia variegata	ray-finned fishes	Askoldia variegata
63678e3cd344e2835841b32a1c3e1b18	gi|1825511880|gb|MT103910.1|	98.537	2.60e-95	205	Eumesogrammus praecisus	ray-finned fishes	fourline snakeblenny
63678e3cd344e2835841b32a1c3e1b18	gi|1812094577|ref|NC_045921.1|	98.537	2.60e-95	205	Opisthocentrus ocellatus	ray-finned fishes	Opisthocentrus ocellatus
86cc93a8889dabe1ae1e489ceac9cb15	gi|1693290266|ref|NC_042741.1|	88.119	1.61e-57	202	Pisaster ochraceus	starfish	purple sea star
86cc93a8889dabe1ae1e489ceac9cb15	gi|726972397|ref|NC_025766.1|	85.714	3.50e-49	203	Aphelasterias japonica	starfish	Aphelasterias japonica
86cc93a8889dabe1ae1e489ceac9cb15	gi|2567033649|gb|OR473299.1|	82.439	1.28e-38	205	Marthasterias glacialis	starfish	spiny starfish
86cc93a8889dabe1ae1e489ceac9cb15	gi|2076208768|emb|OU452241.1|	82.439	1.28e-38	205	Marthasterias glacialis	starfish	spiny starfish
86cc93a8889dabe1ae1e489ceac9cb15	gi|2499155081|gb|OP747302.1|	82.266	1.65e-37	203	Asterias amurensis	starfish	Northern Pacific seastar
ca66870ba3145d8ff24d4f0da00b8b0c	gi|2452630836|ref|NC_071876.1|	99.134	2.30e-111	231	Ctenodiscus crispatus	starfish	Ctenodiscus crispatus
ca66870ba3145d8ff24d4f0da00b8b0c	gi|2843360756|gb|PQ424523.1|	80.597	1.22e-14	134	Glabraster antarctica	starfish	Glabraster antarctica
ca66870ba3145d8ff24d4f0da00b8b0c	gi|2591482356|ref|NC_083191.1|	79.104	2.65e-11	134	Poraniopsis inflata	starfish	Poraniopsis inflata
ca66870ba3145d8ff24d4f0da00b8b0c	gi|2647705888|gb|PP118494.1|	90.476	9.51e-11	63	Astroblepus sp.	ray-finned fishes	Astroblepus sp.
ca66870ba3145d8ff24d4f0da00b8b0c	gi|2591482202|ref|NC_083180.1|	94.340	3.42e-10	53	Ophidion muraenolepis	ray-finned fishes	blackedge cusk
2eb9688dd4225e559d665b1625219dfa	gi|2571476436|gb|OR499725.1|	99.515	3.36e-99	206	Merluccius bilinearis	ray-finned fishes	silver hake
2eb9688dd4225e559d665b1625219dfa	gi|3211598001|gb|PZ091031.1|	99.515	3.36e-99	206	Merluccius bilinearis	ray-finned fishes	silver hake
2eb9688dd4225e559d665b1625219dfa	gi|3211597805|gb|PZ091017.1|	99.515	3.36e-99	206	Merluccius bilinearis	ray-finned fishes	silver hake
2eb9688dd4225e559d665b1625219dfa	gi|3053320529|gb|PX070008.1|	99.029	1.56e-97	206	Merluccius bilinearis	ray-finned fishes	silver hake
2eb9688dd4225e559d665b1625219dfa	gi|3211597665|gb|PZ091007.1|	99.029	5.63e-97	206	Merluccius bilinearis	ray-finned fishes	silver hake
eb2a04ec30ca2e468112eaf0559c57f6	gi|1540304408|gb|MH688244.1|	93.023	1.59e-04	43	Aperioptus gracilentus	ray-finned fishes	Aperioptus gracilentus
eb2a04ec30ca2e468112eaf0559c57f6	gi|2064684336|dbj|LC640023.1|	93.023	1.59e-04	43	Paraplagusia japonica	ray-finned fishes	black cow-tongue
eb2a04ec30ca2e468112eaf0559c57f6	gi|511347697|ref|NC_021376.1|	93.023	1.59e-04	43	Paraplagusia japonica	ray-finned fishes	black cow-tongue
eb2a04ec30ca2e468112eaf0559c57f6	gi|1918448007|dbj|LC579409.1|	93.023	1.59e-04	43	Paraplagusia japonica	ray-finned fishes	black cow-tongue
eb2a04ec30ca2e468112eaf0559c57f6	gi|169665021|gb|EU341086.1|	97.143	5.72e-04	35	Anodonthyla rouxae	frogs & toads	Madagascar climbing frog
aa228f098e2651460da6485d0f48412c	gi|2994737912|gb|PV656772.1|	99.515	3.36e-99	206	Melanogrammus aeglefinus	ray-finned fishes	haddock
aa228f098e2651460da6485d0f48412c	gi|2994737898|gb|PV656771.1|	99.515	3.36e-99	206	Melanogrammus aeglefinus	ray-finned fishes	haddock
aa228f098e2651460da6485d0f48412c	gi|2994737884|gb|PV656770.1|	99.515	3.36e-99	206	Melanogrammus aeglefinus	ray-finned fishes	haddock
aa228f098e2651460da6485d0f48412c	gi|124377065|emb|AM489717.1|	99.515	3.36e-99	206	Melanogrammus aeglefinus	ray-finned fishes	haddock
aa228f098e2651460da6485d0f48412c	gi|94481723|gb|DQ356942.1|	99.515	3.36e-99	206	Melanogrammus aeglefinus	ray-finned fishes	haddock
3c39be6a51dba3b570e9a36cee244726	gi|2259493815|emb|OW836641.1|	79.787	9.06e-47	282	uncultured fungus	fungi	uncultured fungus
3c39be6a51dba3b570e9a36cee244726	gi|2259493659|emb|OW836558.1|	79.371	1.17e-45	286	uncultured fungus	fungi	uncultured fungus
3c39be6a51dba3b570e9a36cee244726	gi|2259393484|emb|OW837426.1|	79.851	5.45e-44	268	uncultured fungus	fungi	uncultured fungus
3c39be6a51dba3b570e9a36cee244726	gi|1279124608|gb|MF807895.1|	100.000	1.24e-05	35	Nidirana pleuraden	frogs & toads	Yunnan pond frog
3c39be6a51dba3b570e9a36cee244726	gi|1279124607|gb|MF807894.1|	100.000	1.24e-05	35	Nidirana pleuraden	frogs & toads	Yunnan pond frog
396df82ce632cf122cfb58c6d5e6b033	gi|1540304408|gb|MH688244.1|	93.023	1.60e-04	43	Aperioptus gracilentus	ray-finned fishes	Aperioptus gracilentus
396df82ce632cf122cfb58c6d5e6b033	gi|2329468051|gb|OP056813.1|	93.023	1.60e-04	43	Bathygobius geminatus	ray-finned fishes	twin-spotted frillfin
396df82ce632cf122cfb58c6d5e6b033	gi|2426930353|dbj|LC049831.2|	93.023	1.60e-04	43	Rhinogobius rong	ray-finned fishes	Rhinogobius rong
396df82ce632cf122cfb58c6d5e6b033	gi|751868327|ref|NC_026284.1|	93.023	1.60e-04	43	Pelotretis flavilatus	ray-finned fishes	southern lemon sole
396df82ce632cf122cfb58c6d5e6b033	gi|2064684336|dbj|LC640023.1|	93.023	1.60e-04	43	Paraplagusia japonica	ray-finned fishes	black cow-tongue
880a9e8354b61e58d2692f17d42ad127	gi|2882179697|gb|PQ858033.1|	97.143	0.001	35	Rana dalmatina	frogs & toads	agile frog
880a9e8354b61e58d2692f17d42ad127	gi|1642524534|ref|NC_042226.1|	97.143	0.001	35	Rana temporaria	frogs & toads	common frog
880a9e8354b61e58d2692f17d42ad127	gi|2869360573|gb|PQ758684.1|	97.143	0.001	35	Rana italica	frogs & toads	Rana italica
2e35c3f1154f4a318c388cf28379c8ff	gi|2994718560|gb|PV651716.1|	98.618	5.95e-102	217	Leucoraja erinaceus	sharks & rays	little skate
2e35c3f1154f4a318c388cf28379c8ff	gi|2994718546|gb|PV651715.1|	98.618	5.95e-102	217	Leucoraja erinaceus	sharks & rays	little skate
2e35c3f1154f4a318c388cf28379c8ff	gi|359422108|ref|NC_016429.1|	98.618	5.95e-102	217	Leucoraja erinaceus	sharks & rays	little skate
2e35c3f1154f4a318c388cf28379c8ff	gi|3139220381|gb|PX754809.1|	98.618	5.95e-102	217	Leucoraja erinaceus	sharks & rays	little skate
2e35c3f1154f4a318c388cf28379c8ff	gi|3157076766|gb|PX940008.1|	98.157	2.77e-100	217	Leucoraja ocellata	sharks & rays	winter skate
fb46d5e41173c30955f520b24d9e7796	gi|2248499876|ref|NC_063523.1|	98.058	3.39e-94	206	Brosme brosme	ray-finned fishes	Brosme brosme
fb46d5e41173c30955f520b24d9e7796	gi|2119746849|gb|MZ329990.1|	98.058	3.39e-94	206	Brosme brosme	ray-finned fishes	Brosme brosme
fb46d5e41173c30955f520b24d9e7796	gi|14485460|emb|AJ315617.1|	98.413	2.05e-86	189	Brosme brosme	ray-finned fishes	Brosme brosme
fb46d5e41173c30955f520b24d9e7796	gi|700587773|gb|KM201364.1|	95.146	3.43e-84	206	Lota lota	ray-finned fishes	burbot
fb46d5e41173c30955f520b24d9e7796	gi|697994615|gb|KM363244.1|	95.146	3.43e-84	206	Lota lota	ray-finned fishes	burbot
38b0b9801cd76908129cf3fe7e32095f	gi|2994737870|gb|PV656769.1|	98.551	2.04e-96	207	Urophycis chuss	ray-finned fishes	red hake
38b0b9801cd76908129cf3fe7e32095f	gi|2580283387|gb|OP057106.2|	98.551	2.04e-96	207	Urophycis chuss	ray-finned fishes	red hake
38b0b9801cd76908129cf3fe7e32095f	gi|1825511901|gb|MT103927.1|	93.780	9.67e-80	209	Urophycis tenuis	ray-finned fishes	white hake
38b0b9801cd76908129cf3fe7e32095f	gi|3178764840|emb|OZ408611.1|	93.269	4.50e-78	208	Phycis phycis	ray-finned fishes	Phycis phycis
38b0b9801cd76908129cf3fe7e32095f	gi|2715332411|ref|NC_088031.1|	92.823	2.09e-76	209	Urophycis brasiliensis	ray-finned fishes	Brazilian codling
e123d89a7a1e908def9b4d97b521700e	gi|2259493815|emb|OW836641.1|	79.433	4.21e-45	282	uncultured fungus	fungi	uncultured fungus
e123d89a7a1e908def9b4d97b521700e	gi|2259493659|emb|OW836558.1|	79.021	5.45e-44	286	uncultured fungus	fungi	uncultured fungus
e123d89a7a1e908def9b4d97b521700e	gi|2259393484|emb|OW837426.1|	79.478	2.54e-42	268	uncultured fungus	fungi	uncultured fungus
e123d89a7a1e908def9b4d97b521700e	gi|1279124608|gb|MF807895.1|	100.000	1.24e-05	35	Nidirana pleuraden	frogs & toads	Yunnan pond frog
e123d89a7a1e908def9b4d97b521700e	gi|1279124607|gb|MF807894.1|	100.000	1.24e-05	35	Nidirana pleuraden	frogs & toads	Yunnan pond frog
cb7061472536091275ff11b6aa8710c2	gi|2994718532|gb|PV651714.1|	98.618	5.95e-102	217	Squalus acanthias	sharks & rays	spiny dogfish
cb7061472536091275ff11b6aa8710c2	gi|3211614248|gb|PZ086324.1|	98.618	5.95e-102	217	Squalus suckleyi	sharks & rays	Puget Sound dogfish
cb7061472536091275ff11b6aa8710c2	gi|3139203272|gb|PX718978.1|	98.618	5.95e-102	217	Squalus acanthias	sharks & rays	spiny dogfish
cb7061472536091275ff11b6aa8710c2	gi|5835708|ref|NC_002012.1|	98.618	5.95e-102	217	Squalus acanthias	sharks & rays	spiny dogfish
cb7061472536091275ff11b6aa8710c2	gi|1515576520|gb|MH377805.1|	98.529	1.00e-94	204	Squalus acanthias	sharks & rays	spiny dogfish
5351c1a8710d05b6521127c6085be243	gi|2591482342|ref|NC_083190.1|	92.271	9.86e-75	207	Sclerasterias satsumana	starfish	Sclerasterias satsumana
5351c1a8710d05b6521127c6085be243	gi|1693290266|ref|NC_042741.1|	80.676	4.85e-33	207	Pisaster ochraceus	starfish	purple sea star
5351c1a8710d05b6521127c6085be243	gi|2499155081|gb|OP747302.1|	77.990	4.92e-23	209	Asterias amurensis	starfish	Northern Pacific seastar
5351c1a8710d05b6521127c6085be243	gi|2567033648|gb|OR473298.1|	77.512	2.29e-21	209	Asterias amurensis	starfish	Northern Pacific seastar
5351c1a8710d05b6521127c6085be243	gi|2582205361|gb|CP134956.1|	77.512	2.29e-21	209	Asterias amurensis	starfish	Northern Pacific seastar
cb33bb1dc5f994dc30f0cff5420231e7	gi|2663409611|emb|OZ004778.1|	96.685	4.94e-77	181	Phocoena phocoena	whales & dolphins	harbor porpoise
cb33bb1dc5f994dc30f0cff5420231e7	gi|2663409611|emb|OZ004778.1|	78.528	3.23e-14	163	Phocoena phocoena	whales & dolphins	harbor porpoise
cb33bb1dc5f994dc30f0cff5420231e7	gi|2862966474|emb|OZ205431.1|	90.741	6.62e-51	162	Mesoplodon mirus	whales & dolphins	True's beaked whale
cb33bb1dc5f994dc30f0cff5420231e7	gi|2472109529|emb|OX457071.1|	90.741	6.62e-51	162	Hyperoodon ampullatus	whales & dolphins	northern bottlenose whale
cb33bb1dc5f994dc30f0cff5420231e7	gi|3137637082|emb|OZ388172.1|	90.123	8.56e-50	162	Physeter macrocephalus	whales & dolphins	sperm whale
cb33bb1dc5f994dc30f0cff5420231e7	gi|3137637082|emb|OZ388172.1|	80.247	1.48e-22	162	Physeter macrocephalus	whales & dolphins	sperm whale
cb33bb1dc5f994dc30f0cff5420231e7	gi|3137637082|emb|OZ388172.1|	79.012	3.21e-19	162	Physeter macrocephalus	whales & dolphins	sperm whale
cb33bb1dc5f994dc30f0cff5420231e7	gi|3137637082|emb|OZ388172.1|	78.395	1.49e-17	162	Physeter macrocephalus	whales & dolphins	sperm whale
cb33bb1dc5f994dc30f0cff5420231e7	gi|2740296129|emb|OZ071514.1|	90.123	3.08e-49	162	Mesoplodon bidens	whales & dolphins	Sowerby's beaked whale
52d93238f8e90dc90b35ba2b8ba9a70c	gi|1530726498|gb|MH981904.1|	99.517	9.40e-100	207	Homo sapiens	primates	human
52d93238f8e90dc90b35ba2b8ba9a70c	gi|807779353|gb|KP172348.1|	99.517	9.40e-100	207	Homo sapiens	primates	human
52d93238f8e90dc90b35ba2b8ba9a70c	gi|2059410646|gb|MW886151.2|	99.517	9.40e-100	207	Homo sapiens	primates	human
52d93238f8e90dc90b35ba2b8ba9a70c	gi|2030574269|gb|MW886207.1|	99.517	9.40e-100	207	Homo sapiens	primates	human
52d93238f8e90dc90b35ba2b8ba9a70c	gi|2030572883|gb|MW886108.1|	99.517	9.40e-100	207	Homo sapiens	primates	human
1f154221ad0eb8e8d6c7df8263e9038d	gi|1540304408|gb|MH688244.1|	95.349	3.42e-06	43	Aperioptus gracilentus	ray-finned fishes	Aperioptus gracilentus
1f154221ad0eb8e8d6c7df8263e9038d	gi|2064684336|dbj|LC640023.1|	95.349	3.42e-06	43	Paraplagusia japonica	ray-finned fishes	black cow-tongue
1f154221ad0eb8e8d6c7df8263e9038d	gi|511347697|ref|NC_021376.1|	95.349	3.42e-06	43	Paraplagusia japonica	ray-finned fishes	black cow-tongue
1f154221ad0eb8e8d6c7df8263e9038d	gi|1918448007|dbj|LC579409.1|	95.349	3.42e-06	43	Paraplagusia japonica	ray-finned fishes	black cow-tongue
1f154221ad0eb8e8d6c7df8263e9038d	gi|1835269738|gb|MN917497.1|	93.023	1.59e-04	43	Paratelmatobius cardosoi	frogs & toads	Paratelmatobius cardosoi
82f1af0f05194daf83923408b5d407eb	gi|2994737912|gb|PV656772.1|	99.515	3.36e-99	206	Melanogrammus aeglefinus	ray-finned fishes	haddock
82f1af0f05194daf83923408b5d407eb	gi|2994737898|gb|PV656771.1|	99.515	3.36e-99	206	Melanogrammus aeglefinus	ray-finned fishes	haddock
82f1af0f05194daf83923408b5d407eb	gi|2994737884|gb|PV656770.1|	99.515	3.36e-99	206	Melanogrammus aeglefinus	ray-finned fishes	haddock
82f1af0f05194daf83923408b5d407eb	gi|124377065|emb|AM489717.1|	99.515	3.36e-99	206	Melanogrammus aeglefinus	ray-finned fishes	haddock
82f1af0f05194daf83923408b5d407eb	gi|94481723|gb|DQ356942.1|	99.515	3.36e-99	206	Melanogrammus aeglefinus	ray-finned fishes	haddock
0f85e6ead0c1cd6ffbfe32c5961b4101	gi|1693290266|ref|NC_042741.1|	89.109	7.42e-61	202	Pisaster ochraceus	starfish	purple sea star
0f85e6ead0c1cd6ffbfe32c5961b4101	gi|726972397|ref|NC_025766.1|	87.192	3.48e-54	203	Aphelasterias japonica	starfish	Aphelasterias japonica
0f85e6ead0c1cd6ffbfe32c5961b4101	gi|2567033649|gb|OR473299.1|	83.902	1.27e-43	205	Marthasterias glacialis	starfish	spiny starfish
0f85e6ead0c1cd6ffbfe32c5961b4101	gi|2076208768|emb|OU452241.1|	83.902	1.27e-43	205	Marthasterias glacialis	starfish	spiny starfish
0f85e6ead0c1cd6ffbfe32c5961b4101	gi|2499155081|gb|OP747302.1|	82.759	3.55e-39	203	Asterias amurensis	starfish	Northern Pacific seastar
6114b715bd3cba13ed2b31be0cc170e6	gi|1798183348|emb|LR745847.1|	98.515	1.20e-93	202	Asterias rubens	starfish	European starfish
6114b715bd3cba13ed2b31be0cc170e6	gi|2567033648|gb|OR473298.1|	94.059	1.23e-78	202	Asterias amurensis	starfish	Northern Pacific seastar
6114b715bd3cba13ed2b31be0cc170e6	gi|2582205361|gb|CP134956.1|	94.059	1.23e-78	202	Asterias amurensis	starfish	Northern Pacific seastar
6114b715bd3cba13ed2b31be0cc170e6	gi|2582205361|gb|CP134956.1|	95.588	3.72e-19	68	Asterias amurensis	starfish	Northern Pacific seastar
6114b715bd3cba13ed2b31be0cc170e6	gi|2499155095|gb|OP747303.1|	94.059	1.23e-78	202	Asterias amurensis	starfish	Northern Pacific seastar
6114b715bd3cba13ed2b31be0cc170e6	gi|2499155067|gb|OP747301.1|	94.059	1.23e-78	202	Asterias amurensis	starfish	Northern Pacific seastar
35b14490233a4e70be33889a7c16f408	gi|1540304408|gb|MH688244.1|	95.349	3.43e-06	43	Aperioptus gracilentus	ray-finned fishes	Aperioptus gracilentus
35b14490233a4e70be33889a7c16f408	gi|2064684336|dbj|LC640023.1|	95.349	3.43e-06	43	Paraplagusia japonica	ray-finned fishes	black cow-tongue
35b14490233a4e70be33889a7c16f408	gi|511347697|ref|NC_021376.1|	95.349	3.43e-06	43	Paraplagusia japonica	ray-finned fishes	black cow-tongue
35b14490233a4e70be33889a7c16f408	gi|1918448007|dbj|LC579409.1|	95.349	3.43e-06	43	Paraplagusia japonica	ray-finned fishes	black cow-tongue
35b14490233a4e70be33889a7c16f408	gi|1835269738|gb|MN917497.1|	93.023	1.60e-04	43	Paratelmatobius cardosoi	frogs & toads	Paratelmatobius cardosoi
ed94c0daec5db9394774f718364387c3	gi|2571476436|gb|OR499725.1|	99.515	3.36e-99	206	Merluccius bilinearis	ray-finned fishes	silver hake
ed94c0daec5db9394774f718364387c3	gi|3211598001|gb|PZ091031.1|	99.515	3.36e-99	206	Merluccius bilinearis	ray-finned fishes	silver hake
ed94c0daec5db9394774f718364387c3	gi|3211597805|gb|PZ091017.1|	99.515	3.36e-99	206	Merluccius bilinearis	ray-finned fishes	silver hake
ed94c0daec5db9394774f718364387c3	gi|3053320529|gb|PX070008.1|	99.029	1.56e-97	206	Merluccius bilinearis	ray-finned fishes	silver hake
ed94c0daec5db9394774f718364387c3	gi|3211597665|gb|PZ091007.1|	99.029	5.63e-97	206	Merluccius bilinearis	ray-finned fishes	silver hake
9c1d22f10e4ace7e6382429a645757d1	gi|700275268|gb|KM096986.1|	98.624	1.66e-102	218	Cetorhinus maximus	sharks & rays	Cetorhinus maximus
9c1d22f10e4ace7e6382429a645757d1	gi|700275170|gb|KM096979.1|	98.624	1.66e-102	218	Cetorhinus maximus	sharks & rays	Cetorhinus maximus
9c1d22f10e4ace7e6382429a645757d1	gi|700275114|gb|KM096975.1|	98.624	1.66e-102	218	Cetorhinus maximus	sharks & rays	Cetorhinus maximus
9c1d22f10e4ace7e6382429a645757d1	gi|700275100|gb|KM096974.1|	98.624	1.66e-102	218	Cetorhinus maximus	sharks & rays	Cetorhinus maximus
9c1d22f10e4ace7e6382429a645757d1	gi|586946454|gb|KF991387.1|	98.165	7.74e-101	218	Cetorhinus maximus	sharks & rays	Cetorhinus maximus
76e076f303bd374c11f3b45b03b06fc7	gi|1798183348|emb|LR745847.1|	99.010	2.59e-95	202	Asterias rubens	starfish	European starfish
76e076f303bd374c11f3b45b03b06fc7	gi|2567033648|gb|OR473298.1|	94.554	2.64e-80	202	Asterias amurensis	starfish	Northern Pacific seastar
76e076f303bd374c11f3b45b03b06fc7	gi|2582205361|gb|CP134956.1|	94.554	2.64e-80	202	Asterias amurensis	starfish	Northern Pacific seastar
76e076f303bd374c11f3b45b03b06fc7	gi|2582205361|gb|CP134956.1|	97.059	8.00e-21	68	Asterias amurensis	starfish	Northern Pacific seastar
76e076f303bd374c11f3b45b03b06fc7	gi|2499155095|gb|OP747303.1|	94.554	2.64e-80	202	Asterias amurensis	starfish	Northern Pacific seastar
76e076f303bd374c11f3b45b03b06fc7	gi|2499155067|gb|OP747301.1|	94.554	2.64e-80	202	Asterias amurensis	starfish	Northern Pacific seastar
1b4325c1639b0e61f14bbf77f9e8e2c0	gi|3053320641|gb|PX070016.1|	99.519	2.63e-100	208	Clupea harengus	ray-finned fishes	Atlantic herring
1b4325c1639b0e61f14bbf77f9e8e2c0	gi|1799624616|gb|MN122931.1|	99.519	2.63e-100	208	Clupea harengus	ray-finned fishes	Atlantic herring
1b4325c1639b0e61f14bbf77f9e8e2c0	gi|1517391475|gb|MH194498.2|	99.519	2.63e-100	208	Clupea harengus	ray-finned fishes	Atlantic herring
1b4325c1639b0e61f14bbf77f9e8e2c0	gi|2018537065|gb|MW818226.1|	99.519	2.63e-100	208	Clupea harengus	ray-finned fishes	Atlantic herring
1b4325c1639b0e61f14bbf77f9e8e2c0	gi|2018537050|gb|MW818211.1|	99.519	2.63e-100	208	Clupea harengus	ray-finned fishes	Atlantic herring
5d588f553c4abc53e71c65743df8779c	gi|2591482342|ref|NC_083190.1|	93.237	4.55e-78	207	Sclerasterias satsumana	starfish	Sclerasterias satsumana
5d588f553c4abc53e71c65743df8779c	gi|1693290266|ref|NC_042741.1|	80.676	4.85e-33	207	Pisaster ochraceus	starfish	purple sea star
5d588f553c4abc53e71c65743df8779c	gi|2499155081|gb|OP747302.1|	77.990	4.92e-23	209	Asterias amurensis	starfish	Northern Pacific seastar
5d588f553c4abc53e71c65743df8779c	gi|2567033648|gb|OR473298.1|	77.512	2.29e-21	209	Asterias amurensis	starfish	Northern Pacific seastar
5d588f553c4abc53e71c65743df8779c	gi|2582205361|gb|CP134956.1|	77.512	2.29e-21	209	Asterias amurensis	starfish	Northern Pacific seastar
d13b9531ed2ccff074c41efc0502b6c6	gi|3057000066|gb|PX272339.1|	99.034	4.38e-98	207	Homo sapiens	primates	human
d13b9531ed2ccff074c41efc0502b6c6	gi|2956673962|gb|PV521805.1|	99.034	4.38e-98	207	Homo sapiens	primates	human
d13b9531ed2ccff074c41efc0502b6c6	gi|3065318004|gb|PX402893.1|	99.034	4.38e-98	207	Homo sapiens	primates	human
d13b9531ed2ccff074c41efc0502b6c6	gi|3065317990|gb|PX402892.1|	99.034	4.38e-98	207	Homo sapiens	primates	human
d13b9531ed2ccff074c41efc0502b6c6	gi|3065317976|gb|PX402891.1|	99.034	4.38e-98	207	Homo sapiens	primates	human
b6573740862bb6b5a1eead348b449a69	gi|2994737912|gb|PV656772.1|	99.515	3.36e-99	206	Melanogrammus aeglefinus	ray-finned fishes	haddock
b6573740862bb6b5a1eead348b449a69	gi|2994737898|gb|PV656771.1|	99.515	3.36e-99	206	Melanogrammus aeglefinus	ray-finned fishes	haddock
b6573740862bb6b5a1eead348b449a69	gi|2994737884|gb|PV656770.1|	99.515	3.36e-99	206	Melanogrammus aeglefinus	ray-finned fishes	haddock
b6573740862bb6b5a1eead348b449a69	gi|124377065|emb|AM489717.1|	99.515	3.36e-99	206	Melanogrammus aeglefinus	ray-finned fishes	haddock
b6573740862bb6b5a1eead348b449a69	gi|94481723|gb|DQ356942.1|	99.515	3.36e-99	206	Melanogrammus aeglefinus	ray-finned fishes	haddock
996128a6c99bc7d9e229e79c163ac74f	gi|2882954833|gb|PQ858633.1|	99.020	2.00e-96	204	Sebastes mentella	ray-finned fishes	deepwater redfish
996128a6c99bc7d9e229e79c163ac74f	gi|2882954819|gb|PQ858632.1|	99.020	2.00e-96	204	Sebastes mentella	ray-finned fishes	deepwater redfish
996128a6c99bc7d9e229e79c163ac74f	gi|2882954805|gb|PQ858631.1|	99.020	2.00e-96	204	Sebastes fasciatus	ray-finned fishes	Acadian redfish
996128a6c99bc7d9e229e79c163ac74f	gi|2882954791|gb|PQ858630.1|	99.020	2.00e-96	204	Sebastes fasciatus	ray-finned fishes	Acadian redfish
996128a6c99bc7d9e229e79c163ac74f	gi|2882954777|gb|PQ858629.1|	99.020	2.00e-96	204	Sebastes fasciatus	ray-finned fishes	Acadian redfish
339830627ef202bda6250b6fde65ba21	gi|3057012933|gb|PX273259.1|	99.034	4.38e-98	207	Homo sapiens	primates	human
339830627ef202bda6250b6fde65ba21	gi|3057012919|gb|PX273258.1|	99.034	4.38e-98	207	Homo sapiens	primates	human
339830627ef202bda6250b6fde65ba21	gi|3057012905|gb|PX273257.1|	99.034	4.38e-98	207	Homo sapiens	primates	human
339830627ef202bda6250b6fde65ba21	gi|3057012891|gb|PX273256.1|	99.034	4.38e-98	207	Homo sapiens	primates	human
339830627ef202bda6250b6fde65ba21	gi|3057012877|gb|PX273255.1|	99.034	4.38e-98	207	Homo sapiens	primates	human
d2c0fe3dbfe6a39746fd20749282d48c	gi|700275268|gb|KM096986.1|	98.624	1.66e-102	218	Cetorhinus maximus	sharks & rays	Cetorhinus maximus
d2c0fe3dbfe6a39746fd20749282d48c	gi|700275170|gb|KM096979.1|	98.624	1.66e-102	218	Cetorhinus maximus	sharks & rays	Cetorhinus maximus
d2c0fe3dbfe6a39746fd20749282d48c	gi|700275114|gb|KM096975.1|	98.624	1.66e-102	218	Cetorhinus maximus	sharks & rays	Cetorhinus maximus
d2c0fe3dbfe6a39746fd20749282d48c	gi|700275100|gb|KM096974.1|	98.624	1.66e-102	218	Cetorhinus maximus	sharks & rays	Cetorhinus maximus
d2c0fe3dbfe6a39746fd20749282d48c	gi|586946454|gb|KF991387.1|	98.165	7.74e-101	218	Cetorhinus maximus	sharks & rays	Cetorhinus maximus
0cd9acebcf6251217ecab86a2809aa8f	gi|1770705217|gb|MK860678.2|	99.517	9.40e-100	207	Homo sapiens	primates	human
0cd9acebcf6251217ecab86a2809aa8f	gi|1530726568|gb|MH981909.1|	99.517	9.40e-100	207	Homo sapiens	primates	human
0cd9acebcf6251217ecab86a2809aa8f	gi|807779577|gb|KP172364.1|	99.517	9.40e-100	207	Homo sapiens	primates	human
0cd9acebcf6251217ecab86a2809aa8f	gi|807778975|gb|KP172321.1|	99.517	9.40e-100	207	Homo sapiens	primates	human
0cd9acebcf6251217ecab86a2809aa8f	gi|2273660150|gb|MZ387586.1|	99.517	9.40e-100	207	Homo sapiens	primates	human
ac8d18628b62b52b96174437d53b8b0e	gi|1790179280|dbj|LC493903.1|	99.512	1.20e-98	205	Anarhichas denticulatus	ray-finned fishes	northern wolffish
ac8d18628b62b52b96174437d53b8b0e	gi|1790179266|dbj|LC493902.1|	99.512	1.20e-98	205	Anarhichas lupus	ray-finned fishes	Atlantic wolffish
ac8d18628b62b52b96174437d53b8b0e	gi|1084353640|gb|KX118041.1|	99.512	1.20e-98	205	Anarhichas denticulatus	ray-finned fishes	northern wolffish
ac8d18628b62b52b96174437d53b8b0e	gi|1084353626|gb|KX118040.1|	99.512	1.20e-98	205	Anarhichas denticulatus	ray-finned fishes	northern wolffish
ac8d18628b62b52b96174437d53b8b0e	gi|1084353612|gb|KX118039.1|	99.512	1.20e-98	205	Anarhichas denticulatus	ray-finned fishes	northern wolffish
02077668ddd26f4e29476c60ed64c416	gi|1790179280|dbj|LC493903.1|	99.512	1.20e-98	205	Anarhichas denticulatus	ray-finned fishes	northern wolffish
02077668ddd26f4e29476c60ed64c416	gi|1790179266|dbj|LC493902.1|	99.512	1.20e-98	205	Anarhichas lupus	ray-finned fishes	Atlantic wolffish
02077668ddd26f4e29476c60ed64c416	gi|1084353640|gb|KX118041.1|	99.512	1.20e-98	205	Anarhichas denticulatus	ray-finned fishes	northern wolffish
02077668ddd26f4e29476c60ed64c416	gi|1084353626|gb|KX118040.1|	99.512	1.20e-98	205	Anarhichas denticulatus	ray-finned fishes	northern wolffish
02077668ddd26f4e29476c60ed64c416	gi|1084353612|gb|KX118039.1|	99.512	1.20e-98	205	Anarhichas denticulatus	ray-finned fishes	northern wolffish
2e2c5ad482cabb5273dc7182c8c6de0f	gi|2571476436|gb|OR499725.1|	99.029	1.56e-97	206	Merluccius bilinearis	ray-finned fishes	silver hake
2e2c5ad482cabb5273dc7182c8c6de0f	gi|3211598001|gb|PZ091031.1|	99.029	1.56e-97	206	Merluccius bilinearis	ray-finned fishes	silver hake
2e2c5ad482cabb5273dc7182c8c6de0f	gi|3211597805|gb|PZ091017.1|	99.029	1.56e-97	206	Merluccius bilinearis	ray-finned fishes	silver hake
2e2c5ad482cabb5273dc7182c8c6de0f	gi|3053320529|gb|PX070008.1|	98.544	7.28e-96	206	Merluccius bilinearis	ray-finned fishes	silver hake
2e2c5ad482cabb5273dc7182c8c6de0f	gi|3211597665|gb|PZ091007.1|	98.544	2.62e-95	206	Merluccius bilinearis	ray-finned fishes	silver hake
f6f7bccd87f5a549e428e33df8dea02f	gi|1798183348|emb|LR745847.1|	98.515	1.20e-93	202	Asterias rubens	starfish	European starfish
f6f7bccd87f5a549e428e33df8dea02f	gi|2567033648|gb|OR473298.1|	94.059	1.23e-78	202	Asterias amurensis	starfish	Northern Pacific seastar
f6f7bccd87f5a549e428e33df8dea02f	gi|2582205361|gb|CP134956.1|	94.059	1.23e-78	202	Asterias amurensis	starfish	Northern Pacific seastar
f6f7bccd87f5a549e428e33df8dea02f	gi|2582205361|gb|CP134956.1|	95.588	3.72e-19	68	Asterias amurensis	starfish	Northern Pacific seastar
f6f7bccd87f5a549e428e33df8dea02f	gi|2499155095|gb|OP747303.1|	94.059	1.23e-78	202	Asterias amurensis	starfish	Northern Pacific seastar
f6f7bccd87f5a549e428e33df8dea02f	gi|2499155067|gb|OP747301.1|	94.059	1.23e-78	202	Asterias amurensis	starfish	Northern Pacific seastar
6a5040d678c855adc174892c3fbe5467	gi|2994737912|gb|PV656772.1|	99.515	3.36e-99	206	Melanogrammus aeglefinus	ray-finned fishes	haddock
6a5040d678c855adc174892c3fbe5467	gi|2994737898|gb|PV656771.1|	99.515	3.36e-99	206	Melanogrammus aeglefinus	ray-finned fishes	haddock
6a5040d678c855adc174892c3fbe5467	gi|2994737884|gb|PV656770.1|	99.515	3.36e-99	206	Melanogrammus aeglefinus	ray-finned fishes	haddock
6a5040d678c855adc174892c3fbe5467	gi|124377065|emb|AM489717.1|	99.515	3.36e-99	206	Melanogrammus aeglefinus	ray-finned fishes	haddock
6a5040d678c855adc174892c3fbe5467	gi|94481723|gb|DQ356942.1|	99.515	3.36e-99	206	Melanogrammus aeglefinus	ray-finned fishes	haddock
98fc2e4f8a10be96b61fbf577418cd90	gi|322422606|ref|NC_015094.1|	99.515	3.36e-99	206	Pollachius virens	ray-finned fishes	saithe
98fc2e4f8a10be96b61fbf577418cd90	gi|94481762|gb|DQ356945.1|	99.515	3.36e-99	206	Pollachius virens	ray-finned fishes	saithe
98fc2e4f8a10be96b61fbf577418cd90	gi|2500156171|emb|OX465144.1|	99.029	1.56e-97	206	Pollachius pollachius	ray-finned fishes	pollack
98fc2e4f8a10be96b61fbf577418cd90	gi|2018537086|gb|MW818247.1|	99.029	1.56e-97	206	Pollachius pollachius	ray-finned fishes	pollack
98fc2e4f8a10be96b61fbf577418cd90	gi|2018537074|gb|MW818235.1|	99.029	1.56e-97	206	Pollachius pollachius	ray-finned fishes	pollack
2227001a1e577b935a6c11a36fdbc320	gi|2989059643|gb|PV710553.1|	99.512	1.20e-98	205	Ammodytes dubius	ray-finned fishes	northern sand lance
2227001a1e577b935a6c11a36fdbc320	gi|2989059629|gb|PV710552.1|	99.512	1.20e-98	205	Ammodytes dubius	ray-finned fishes	northern sand lance
2227001a1e577b935a6c11a36fdbc320	gi|2949335892|gb|PV423377.1|	99.512	1.20e-98	205	Ammodytes dubius	ray-finned fishes	northern sand lance
2227001a1e577b935a6c11a36fdbc320	gi|959122913|ref|NC_028529.1|	99.512	1.20e-98	205	Ammodytes dubius	ray-finned fishes	northern sand lance
2227001a1e577b935a6c11a36fdbc320	gi|2989059657|gb|PV710554.1|	99.024	5.59e-97	205	Ammodytes dubius	ray-finned fishes	northern sand lance
c4e88781a33821a166a4fae3fbc89170	gi|3057000066|gb|PX272339.1|	99.034	4.38e-98	207	Homo sapiens	primates	human
c4e88781a33821a166a4fae3fbc89170	gi|2956673962|gb|PV521805.1|	99.034	4.38e-98	207	Homo sapiens	primates	human
c4e88781a33821a166a4fae3fbc89170	gi|3065318004|gb|PX402893.1|	99.034	4.38e-98	207	Homo sapiens	primates	human
c4e88781a33821a166a4fae3fbc89170	gi|3065317990|gb|PX402892.1|	99.034	4.38e-98	207	Homo sapiens	primates	human
c4e88781a33821a166a4fae3fbc89170	gi|3065317976|gb|PX402891.1|	99.034	4.38e-98	207	Homo sapiens	primates	human
c820552b63a6dba3b203d5ede26dbe25	gi|426260563|gb|KC193773.1|	99.519	2.63e-100	208	Clupea harengus	ray-finned fishes	Atlantic herring
c820552b63a6dba3b203d5ede26dbe25	gi|426259961|gb|KC193730.1|	99.519	2.63e-100	208	Clupea harengus	ray-finned fishes	Atlantic herring
c820552b63a6dba3b203d5ede26dbe25	gi|3053320641|gb|PX070016.1|	99.038	1.22e-98	208	Clupea harengus	ray-finned fishes	Atlantic herring
c820552b63a6dba3b203d5ede26dbe25	gi|1799624616|gb|MN122931.1|	99.038	1.22e-98	208	Clupea harengus	ray-finned fishes	Atlantic herring
c820552b63a6dba3b203d5ede26dbe25	gi|1517391475|gb|MH194498.2|	99.038	1.22e-98	208	Clupea harengus	ray-finned fishes	Atlantic herring
eb143a765746cf3a37fb32f2e7dab0c4	gi|2882954833|gb|PQ858633.1|	99.020	2.00e-96	204	Sebastes mentella	ray-finned fishes	deepwater redfish
eb143a765746cf3a37fb32f2e7dab0c4	gi|2882954819|gb|PQ858632.1|	99.020	2.00e-96	204	Sebastes mentella	ray-finned fishes	deepwater redfish
eb143a765746cf3a37fb32f2e7dab0c4	gi|2882954805|gb|PQ858631.1|	99.020	2.00e-96	204	Sebastes fasciatus	ray-finned fishes	Acadian redfish
eb143a765746cf3a37fb32f2e7dab0c4	gi|2882954791|gb|PQ858630.1|	99.020	2.00e-96	204	Sebastes fasciatus	ray-finned fishes	Acadian redfish
eb143a765746cf3a37fb32f2e7dab0c4	gi|2882954777|gb|PQ858629.1|	99.020	2.00e-96	204	Sebastes fasciatus	ray-finned fishes	Acadian redfish
0a79e2d42e7583d8a449d38504ee7021	gi|2994737912|gb|PV656772.1|	99.515	3.36e-99	206	Melanogrammus aeglefinus	ray-finned fishes	haddock
0a79e2d42e7583d8a449d38504ee7021	gi|2994737898|gb|PV656771.1|	99.515	3.36e-99	206	Melanogrammus aeglefinus	ray-finned fishes	haddock
0a79e2d42e7583d8a449d38504ee7021	gi|2994737884|gb|PV656770.1|	99.515	3.36e-99	206	Melanogrammus aeglefinus	ray-finned fishes	haddock
0a79e2d42e7583d8a449d38504ee7021	gi|124377065|emb|AM489717.1|	99.515	3.36e-99	206	Melanogrammus aeglefinus	ray-finned fishes	haddock
0a79e2d42e7583d8a449d38504ee7021	gi|94481723|gb|DQ356942.1|	99.515	3.36e-99	206	Melanogrammus aeglefinus	ray-finned fishes	haddock
a0d2fa056097b7a7ae08b390283e524e	gi|2811641124|emb|OZ185479.1|	99.034	4.38e-98	207	Leucopleurus acutus	whales & dolphins	Atlantic white-sided dolphin
a0d2fa056097b7a7ae08b390283e524e	gi|1904804563|ref|NC_050265.1|	99.034	4.38e-98	207	Leucopleurus acutus	whales & dolphins	Atlantic white-sided dolphin
a0d2fa056097b7a7ae08b390283e524e	gi|470233273|ref|NC_020696.1|	98.068	9.47e-95	207	Cephalorhynchus heavisidii	whales & dolphins	Heaviside's dolphin
a0d2fa056097b7a7ae08b390283e524e	gi|1605131483|gb|MH992390.1|	97.585	4.41e-93	207	Sagmatias obliquidens	whales & dolphins	Pacific white-sided dolphin
a0d2fa056097b7a7ae08b390283e524e	gi|1215852987|ref|NC_035426.1|	97.585	4.41e-93	207	Sagmatias obliquidens	whales & dolphins	Pacific white-sided dolphin
c2211f6fe46b05d6e283ba7d190ab53a	gi|586946454|gb|KF991387.1|	98.624	1.66e-102	218	Cetorhinus maximus	sharks & rays	Cetorhinus maximus
c2211f6fe46b05d6e283ba7d190ab53a	gi|2750968131|emb|OZ077486.1|	98.624	1.66e-102	218	Cetorhinus maximus	sharks & rays	Cetorhinus maximus
c2211f6fe46b05d6e283ba7d190ab53a	gi|2576858446|gb|OR546235.1|	98.624	1.66e-102	218	Cetorhinus maximus	sharks & rays	Cetorhinus maximus
c2211f6fe46b05d6e283ba7d190ab53a	gi|700275310|gb|KM096989.1|	98.624	1.66e-102	218	Cetorhinus maximus	sharks & rays	Cetorhinus maximus
c2211f6fe46b05d6e283ba7d190ab53a	gi|700275282|gb|KM096987.1|	98.624	1.66e-102	218	Cetorhinus maximus	sharks & rays	Cetorhinus maximus
58f2a532ec32ef22efe7441b52dc577d	gi|2259493815|emb|OW836641.1|	78.369	4.24e-40	282	uncultured fungus	fungi	uncultured fungus
58f2a532ec32ef22efe7441b52dc577d	gi|2259493659|emb|OW836558.1|	77.972	5.49e-39	286	uncultured fungus	fungi	uncultured fungus
58f2a532ec32ef22efe7441b52dc577d	gi|2259393484|emb|OW837426.1|	78.358	2.55e-37	268	uncultured fungus	fungi	uncultured fungus
58f2a532ec32ef22efe7441b52dc577d	gi|1279124608|gb|MF807895.1|	100.000	1.24e-05	35	Nidirana pleuraden	frogs & toads	Yunnan pond frog
58f2a532ec32ef22efe7441b52dc577d	gi|1279124607|gb|MF807894.1|	100.000	1.24e-05	35	Nidirana pleuraden	frogs & toads	Yunnan pond frog
6ddcb96b350e236deb29b7169477d7ab	gi|261263585|gb|GQ288478.1|	95.288	1.61e-77	191	Gilbertaster anacanthus	starfish	Gilbertaster anacanthus
6ddcb96b350e236deb29b7169477d7ab	gi|261263592|gb|GQ288485.1|	93.137	7.49e-76	204	Gilbertaster caribaea	starfish	Gilbertaster caribaea
6ddcb96b350e236deb29b7169477d7ab	gi|3064558713|gb|PX413461.1|	89.706	1.27e-63	204	Atheraster arandae	starfish	Atheraster arandae
6ddcb96b350e236deb29b7169477d7ab	gi|2026153997|ref|NC_054228.1|	79.524	1.73e-27	210	Iconaster longimanus	starfish	Iconaster longimanus
6ddcb96b350e236deb29b7169477d7ab	gi|2843360756|gb|PQ424523.1|	79.227	6.21e-27	207	Glabraster antarctica	starfish	Glabraster antarctica
e40b0490255ef9776a243a7c5f67462b	gi|2949214765|gb|PV276249.1|	99.515	3.36e-99	206	Tautogolabrus adspersus	ray-finned fishes	cunner
e40b0490255ef9776a243a7c5f67462b	gi|2095925523|gb|OK172578.1|	99.515	3.36e-99	206	Tautogolabrus adspersus	ray-finned fishes	cunner
e40b0490255ef9776a243a7c5f67462b	gi|2030285394|gb|MW630161.1|	99.515	3.36e-99	206	Tautogolabrus adspersus	ray-finned fishes	cunner
e40b0490255ef9776a243a7c5f67462b	gi|3157077158|gb|PX940036.1|	99.515	3.36e-99	206	Tautogolabrus adspersus	ray-finned fishes	cunner
e40b0490255ef9776a243a7c5f67462b	gi|33569528|gb|AY279649.1|	99.515	3.36e-99	206	Tautogolabrus adspersus	ray-finned fishes	cunner
9d3c013e37bfdeac1d30eee37f5a5710	gi|2452630836|ref|NC_071876.1|	99.134	2.30e-111	231	Ctenodiscus crispatus	starfish	Ctenodiscus crispatus
9d3c013e37bfdeac1d30eee37f5a5710	gi|2843360756|gb|PQ424523.1|	79.699	5.69e-13	133	Glabraster antarctica	starfish	Glabraster antarctica
9d3c013e37bfdeac1d30eee37f5a5710	gi|2647705888|gb|PP118494.1|	96.000	9.51e-11	50	Astroblepus sp.	ray-finned fishes	Astroblepus sp.
9d3c013e37bfdeac1d30eee37f5a5710	gi|2591482202|ref|NC_083180.1|	94.340	3.42e-10	53	Ophidion muraenolepis	ray-finned fishes	blackedge cusk
9d3c013e37bfdeac1d30eee37f5a5710	gi|2647705911|gb|PP118517.1|	94.000	4.43e-09	50	Astroblepus verai	ray-finned fishes	Astroblepus verai
9bbf32efc2c10115698bf190b3589629	gi|1321369517|dbj|AP006029.1|	97.436	1.95e-06	39	Schindleria praematura	ray-finned fishes	Schindler's fish
9bbf32efc2c10115698bf190b3589629	gi|1131300794|gb|KX381500.1|	97.436	1.95e-06	39	Coendou melanurus	rodents	Coendou melanurus
9bbf32efc2c10115698bf190b3589629	gi|2373974889|gb|OP035223.1|	93.478	1.95e-06	46	Onuxodon fowleri	ray-finned fishes	Onuxodon fowleri
9bbf32efc2c10115698bf190b3589629	gi|1009080598|gb|KU681351.1|	93.478	1.95e-06	46	Onuxodon fowleri	ray-finned fishes	Onuxodon fowleri
9bbf32efc2c10115698bf190b3589629	gi|429536700|gb|KC136518.1|	93.478	1.95e-06	46	Girella fimbriata	ray-finned fishes	caramel drummer
c1307b118cdc7d0e153f81d19d4a37bb	gi|2994718560|gb|PV651716.1|	98.618	5.95e-102	217	Leucoraja erinaceus	sharks & rays	little skate
c1307b118cdc7d0e153f81d19d4a37bb	gi|2994718546|gb|PV651715.1|	98.618	5.95e-102	217	Leucoraja erinaceus	sharks & rays	little skate
c1307b118cdc7d0e153f81d19d4a37bb	gi|359422108|ref|NC_016429.1|	98.618	5.95e-102	217	Leucoraja erinaceus	sharks & rays	little skate
c1307b118cdc7d0e153f81d19d4a37bb	gi|3139220381|gb|PX754809.1|	98.618	5.95e-102	217	Leucoraja erinaceus	sharks & rays	little skate
c1307b118cdc7d0e153f81d19d4a37bb	gi|3157076766|gb|PX940008.1|	98.157	2.77e-100	217	Leucoraja ocellata	sharks & rays	winter skate
3dfe0b429be2f0ceb9ddd40069247365	gi|586946454|gb|KF991387.1|	98.624	1.66e-102	218	Cetorhinus maximus	sharks & rays	Cetorhinus maximus
3dfe0b429be2f0ceb9ddd40069247365	gi|2750968131|emb|OZ077486.1|	98.624	1.66e-102	218	Cetorhinus maximus	sharks & rays	Cetorhinus maximus
3dfe0b429be2f0ceb9ddd40069247365	gi|2576858446|gb|OR546235.1|	98.624	1.66e-102	218	Cetorhinus maximus	sharks & rays	Cetorhinus maximus
3dfe0b429be2f0ceb9ddd40069247365	gi|700275310|gb|KM096989.1|	98.624	1.66e-102	218	Cetorhinus maximus	sharks & rays	Cetorhinus maximus
3dfe0b429be2f0ceb9ddd40069247365	gi|700275282|gb|KM096987.1|	98.624	1.66e-102	218	Cetorhinus maximus	sharks & rays	Cetorhinus maximus
6c0ce57ba16ef83b507822d86e4d3e97	gi|3033174382|gb|PQ344743.1|	100.000	1.33e-08	40	Ctenomys nattereri	rodents	Natterer's tuco-tuco
6c0ce57ba16ef83b507822d86e4d3e97	gi|3033174354|gb|PQ344741.1|	100.000	1.33e-08	40	Ctenomys sp.	rodents	Ctenomys sp.
6c0ce57ba16ef83b507822d86e4d3e97	gi|1464230501|gb|MH182628.1|	100.000	1.33e-08	40	Myocastor coypus	rodents	nutria
6c0ce57ba16ef83b507822d86e4d3e97	gi|1241931724|ref|NC_035866.1|	100.000	1.33e-08	40	Myocastor coypus	rodents	nutria
6c0ce57ba16ef83b507822d86e4d3e97	gi|2647781559|emb|OY997604.1|	100.000	1.33e-08	40	Phalacrocorax carbo	birds	great cormorant
9b0c8cd5c8404a655033082508c23c53	gi|1825511885|gb|MT103914.1|	99.024	5.59e-97	205	Hippoglossoides platessoides	ray-finned fishes	American plaice
9b0c8cd5c8404a655033082508c23c53	gi|1799624449|gb|MN122825.1|	99.024	5.59e-97	205	Hippoglossoides platessoides	ray-finned fishes	American plaice
9b0c8cd5c8404a655033082508c23c53	gi|2995380200|gb|PV748024.1|	99.024	5.59e-97	205	Hippoglossoides elassodon	ray-finned fishes	flathead sole
9b0c8cd5c8404a655033082508c23c53	gi|2587926775|ref|NC_082804.1|	99.024	5.59e-97	205	Hippoglossoides elassodon	ray-finned fishes	flathead sole
9b0c8cd5c8404a655033082508c23c53	gi|2587926284|ref|NC_082769.1|	99.024	5.59e-97	205	Hippoglossoides robustus	ray-finned fishes	Bering flounder
971e137c6c04be80da5adbffaec569a4	gi|1850795146|gb|MG660605.1|	99.517	9.40e-100	207	Homo sapiens	primates	human
971e137c6c04be80da5adbffaec569a4	gi|1850794152|gb|MG660534.1|	99.517	9.40e-100	207	Homo sapiens	primates	human
971e137c6c04be80da5adbffaec569a4	gi|1850794124|gb|MG660532.1|	99.517	9.40e-100	207	Homo sapiens	primates	human
971e137c6c04be80da5adbffaec569a4	gi|1850794054|gb|MG660527.1|	99.517	9.40e-100	207	Homo sapiens	primates	human
971e137c6c04be80da5adbffaec569a4	gi|1850793998|gb|MG660523.1|	99.517	9.40e-100	207	Homo sapiens	primates	human
dd908e24fbe2505668a12aa7e18604ad	gi|1736207947|gb|MN200822.1|	99.024	2.01e-96	205	Bos taurus	even-toed ungulates & whales	domestic cattle
dd908e24fbe2505668a12aa7e18604ad	gi|1736207471|gb|MN200788.1|	99.024	2.01e-96	205	Bos taurus	even-toed ungulates & whales	domestic cattle
dd908e24fbe2505668a12aa7e18604ad	gi|2698116887|gb|OQ924181.1|	99.024	2.01e-96	205	Bos taurus	even-toed ungulates & whales	domestic cattle
dd908e24fbe2505668a12aa7e18604ad	gi|2158469725|gb|MZ901741.1|	99.024	2.01e-96	205	Bos taurus	even-toed ungulates & whales	domestic cattle
dd908e24fbe2505668a12aa7e18604ad	gi|2158464923|gb|MZ901398.1|	99.024	2.01e-96	205	Bos taurus	even-toed ungulates & whales	domestic cattle
40f135883aa434fdc48ab3a4f1fe2495	gi|1540304408|gb|MH688244.1|	95.349	3.42e-06	43	Aperioptus gracilentus	ray-finned fishes	Aperioptus gracilentus
40f135883aa434fdc48ab3a4f1fe2495	gi|2064684336|dbj|LC640023.1|	95.349	3.42e-06	43	Paraplagusia japonica	ray-finned fishes	black cow-tongue
40f135883aa434fdc48ab3a4f1fe2495	gi|511347697|ref|NC_021376.1|	95.349	3.42e-06	43	Paraplagusia japonica	ray-finned fishes	black cow-tongue
40f135883aa434fdc48ab3a4f1fe2495	gi|1918448007|dbj|LC579409.1|	95.349	3.42e-06	43	Paraplagusia japonica	ray-finned fishes	black cow-tongue
40f135883aa434fdc48ab3a4f1fe2495	gi|1835269738|gb|MN917497.1|	93.023	1.59e-04	43	Paratelmatobius cardosoi	frogs & toads	Paratelmatobius cardosoi
f1ca577316738bbef82bcc0fb75048cd	gi|3053320641|gb|PX070016.1|	99.519	2.63e-100	208	Clupea harengus	ray-finned fishes	Atlantic herring
f1ca577316738bbef82bcc0fb75048cd	gi|1799624616|gb|MN122931.1|	99.519	2.63e-100	208	Clupea harengus	ray-finned fishes	Atlantic herring
f1ca577316738bbef82bcc0fb75048cd	gi|1517391475|gb|MH194498.2|	99.519	2.63e-100	208	Clupea harengus	ray-finned fishes	Atlantic herring
f1ca577316738bbef82bcc0fb75048cd	gi|2018537065|gb|MW818226.1|	99.519	2.63e-100	208	Clupea harengus	ray-finned fishes	Atlantic herring
f1ca577316738bbef82bcc0fb75048cd	gi|2018537050|gb|MW818211.1|	99.519	2.63e-100	208	Clupea harengus	ray-finned fishes	Atlantic herring
7191c920539a5b99283cb9a68493c713	gi|700275268|gb|KM096986.1|	98.624	1.66e-102	218	Cetorhinus maximus	sharks & rays	Cetorhinus maximus
7191c920539a5b99283cb9a68493c713	gi|700275170|gb|KM096979.1|	98.624	1.66e-102	218	Cetorhinus maximus	sharks & rays	Cetorhinus maximus
7191c920539a5b99283cb9a68493c713	gi|700275114|gb|KM096975.1|	98.624	1.66e-102	218	Cetorhinus maximus	sharks & rays	Cetorhinus maximus
7191c920539a5b99283cb9a68493c713	gi|700275100|gb|KM096974.1|	98.624	1.66e-102	218	Cetorhinus maximus	sharks & rays	Cetorhinus maximus
7191c920539a5b99283cb9a68493c713	gi|586946454|gb|KF991387.1|	98.165	7.74e-101	218	Cetorhinus maximus	sharks & rays	Cetorhinus maximus
23082de70a0cc72ad63671e1e6e281e2	gi|1825511896|gb|MT103923.1|	99.024	5.59e-97	205	Myoxocephalus octodecemspinosus	ray-finned fishes	longhorn sculpin
23082de70a0cc72ad63671e1e6e281e2	gi|669175226|gb|KM057973.1|	99.024	5.59e-97	205	Myoxocephalus octodecemspinosus	ray-finned fishes	longhorn sculpin
23082de70a0cc72ad63671e1e6e281e2	gi|3139176565|gb|PX704692.1|	98.537	2.60e-95	205	Myoxocephalus octodecemspinosus	ray-finned fishes	longhorn sculpin
23082de70a0cc72ad63671e1e6e281e2	gi|1788585376|gb|MN883210.1|	99.492	3.37e-94	197	Myoxocephalus octodecemspinosus	ray-finned fishes	longhorn sculpin
23082de70a0cc72ad63671e1e6e281e2	gi|2095925495|gb|OK172567.1|	98.049	1.21e-93	205	Myoxocephalus aenaeus	ray-finned fishes	grubby sculpin
af6fe956e3082ba3471a4f976015cc80	gi|2994737912|gb|PV656772.1|	99.029	1.56e-97	206	Melanogrammus aeglefinus	ray-finned fishes	haddock
af6fe956e3082ba3471a4f976015cc80	gi|2994737898|gb|PV656771.1|	99.029	1.56e-97	206	Melanogrammus aeglefinus	ray-finned fishes	haddock
af6fe956e3082ba3471a4f976015cc80	gi|2994737884|gb|PV656770.1|	99.029	1.56e-97	206	Melanogrammus aeglefinus	ray-finned fishes	haddock
af6fe956e3082ba3471a4f976015cc80	gi|124377065|emb|AM489717.1|	99.029	1.56e-97	206	Melanogrammus aeglefinus	ray-finned fishes	haddock
af6fe956e3082ba3471a4f976015cc80	gi|94481723|gb|DQ356942.1|	99.029	1.56e-97	206	Melanogrammus aeglefinus	ray-finned fishes	haddock
eedeb25289b2b789451b519a5972d23d	gi|2994737870|gb|PV656769.1|	99.517	9.40e-100	207	Urophycis chuss	ray-finned fishes	red hake
eedeb25289b2b789451b519a5972d23d	gi|2580283387|gb|OP057106.2|	99.517	9.40e-100	207	Urophycis chuss	ray-finned fishes	red hake
eedeb25289b2b789451b519a5972d23d	gi|1825511901|gb|MT103927.1|	95.215	9.61e-85	209	Urophycis tenuis	ray-finned fishes	white hake
eedeb25289b2b789451b519a5972d23d	gi|3178764840|emb|OZ408611.1|	94.712	4.47e-83	208	Phycis phycis	ray-finned fishes	Phycis phycis
eedeb25289b2b789451b519a5972d23d	gi|2715332411|ref|NC_088031.1|	94.258	2.08e-81	209	Urophycis brasiliensis	ray-finned fishes	Brazilian codling
1089fa5c73e6f13617209a0712cf048a	gi|2499294728|emb|OX465372.1|	98.551	2.04e-96	207	Balaenoptera acutorostrata	whales & dolphins	minke whale
1089fa5c73e6f13617209a0712cf048a	gi|1878254304|gb|MT410935.1|	98.551	2.04e-96	207	Balaenoptera acutorostrata	whales & dolphins	minke whale
1089fa5c73e6f13617209a0712cf048a	gi|62086594|dbj|AP006468.1|	98.551	2.04e-96	207	Balaenoptera acutorostrata	whales & dolphins	minke whale
1089fa5c73e6f13617209a0712cf048a	gi|38707492|ref|NC_005271.1|	98.551	2.04e-96	207	Balaenoptera acutorostrata	whales & dolphins	minke whale
1089fa5c73e6f13617209a0712cf048a	gi|62184354|ref|NC_006926.1|	97.101	2.05e-91	207	Balaenoptera bonaerensis	whales & dolphins	Antarctic minke whale
5808e40b1154bc33c1964ce6ddd1c18f	gi|261263618|gb|GQ288511.1|	95.122	1.24e-83	205	Psilaster cassiope	starfish	Psilaster cassiope
5808e40b1154bc33c1964ce6ddd1c18f	gi|2843360854|gb|PQ424530.1|	92.718	2.71e-75	206	Psilaster charcoti	starfish	Psilaster charcoti
5808e40b1154bc33c1964ce6ddd1c18f	gi|2174708225|dbj|LC669532.1|	92.308	1.38e-08	52	Hydrolagus mitsukurii	chimaeras	spookfish
5808e40b1154bc33c1964ce6ddd1c18f	gi|2018125215|ref|NC_053831.1|	92.308	1.38e-08	52	Hydrolagus mirabilis	chimaeras	large-eyed rabbitfish
5808e40b1154bc33c1964ce6ddd1c18f	gi|374675188|gb|JN703261.1|	92.308	1.38e-08	52	Hydrolagus africanus	chimaeras	African chimaera
fb4c54db0de4b949f0a4551fb6443fae	gi|1799624477|gb|MN122852.1|	99.512	1.20e-98	205	Gadus morhua	ray-finned fishes	Atlantic cod
fb4c54db0de4b949f0a4551fb6443fae	gi|1783586359|gb|MH035595.1|	99.512	1.20e-98	205	Gadus chalcogrammus	ray-finned fishes	walleye pollock
fb4c54db0de4b949f0a4551fb6443fae	gi|1783586345|gb|MH035594.1|	99.512	1.20e-98	205	Gadus chalcogrammus	ray-finned fishes	walleye pollock
fb4c54db0de4b949f0a4551fb6443fae	gi|1593084251|emb|LS999407.1|	99.512	1.20e-98	205	Gadus morhua	ray-finned fishes	Atlantic cod
fb4c54db0de4b949f0a4551fb6443fae	gi|1593084237|emb|LS999106.1|	99.512	1.20e-98	205	Gadus morhua	ray-finned fishes	Atlantic cod
995aae241b4fc0861deb279e2dbacdf9	gi|1790179376|dbj|LC493910.1|	99.020	2.00e-96	204	Sebastes mentella	ray-finned fishes	deepwater redfish
995aae241b4fc0861deb279e2dbacdf9	gi|2882954847|gb|PQ858634.1|	99.020	2.00e-96	204	Sebastes mentella	ray-finned fishes	deepwater redfish
995aae241b4fc0861deb279e2dbacdf9	gi|3042815862|gb|PX119169.1|	98.529	9.31e-95	204	Sebastes paucispinis	ray-finned fishes	bocaccio
995aae241b4fc0861deb279e2dbacdf9	gi|3042815848|gb|PX119168.1|	98.529	9.31e-95	204	Sebastes paucispinis	ray-finned fishes	bocaccio
995aae241b4fc0861deb279e2dbacdf9	gi|3042815806|gb|PX119165.1|	98.529	9.31e-95	204	Sebastes brevispinis	ray-finned fishes	silvergray rockfish
d7d6452d1d3d18fec4aaab9ab0b288e9	gi|1609530226|gb|MK266753.1|	85.714	2.55e-05	63	Sphaenorhynchus prasinus	frogs & toads	Sphaenorhynchus prasinus
d7d6452d1d3d18fec4aaab9ab0b288e9	gi|1609530225|gb|MK266752.1|	85.714	2.55e-05	63	Sphaenorhynchus prasinus	frogs & toads	Sphaenorhynchus prasinus
d7d6452d1d3d18fec4aaab9ab0b288e9	gi|1484645101|gb|MH004345.1|	85.714	2.55e-05	63	Sphaenorhynchus prasinus	frogs & toads	Sphaenorhynchus prasinus
d7d6452d1d3d18fec4aaab9ab0b288e9	gi|62146628|emb|AJ628371.1|	82.895	2.55e-05	76	Caluromys philander	marsupials	bare-tailed woolly opossum
d7d6452d1d3d18fec4aaab9ab0b288e9	gi|3084544444|emb|OZ345433.1|	100.000	9.19e-05	33	Sarpa salpa	ray-finned fishes	Sarpa salpa
72bd92a34bbf1a381ad17835bbeec33f	gi|1693290266|ref|NC_042741.1|	88.614	3.45e-59	202	Pisaster ochraceus	starfish	purple sea star
72bd92a34bbf1a381ad17835bbeec33f	gi|726972397|ref|NC_025766.1|	86.700	1.62e-52	203	Aphelasterias japonica	starfish	Aphelasterias japonica
72bd92a34bbf1a381ad17835bbeec33f	gi|2567033649|gb|OR473299.1|	83.415	5.90e-42	205	Marthasterias glacialis	starfish	spiny starfish
72bd92a34bbf1a381ad17835bbeec33f	gi|2076208768|emb|OU452241.1|	83.415	5.90e-42	205	Marthasterias glacialis	starfish	spiny starfish
72bd92a34bbf1a381ad17835bbeec33f	gi|2499155081|gb|OP747302.1|	81.683	7.69e-36	202	Asterias amurensis	starfish	Northern Pacific seastar
fe2b365fc1f463a6050b0e144669e495	gi|1798183348|emb|LR745847.1|	93.564	5.72e-77	202	Asterias rubens	starfish	European starfish
fe2b365fc1f463a6050b0e144669e495	gi|2567033648|gb|OR473298.1|	92.079	5.76e-72	202	Asterias amurensis	starfish	Northern Pacific seastar
fe2b365fc1f463a6050b0e144669e495	gi|2582205361|gb|CP134956.1|	92.079	5.76e-72	202	Asterias amurensis	starfish	Northern Pacific seastar
fe2b365fc1f463a6050b0e144669e495	gi|2499155095|gb|OP747303.1|	92.079	5.76e-72	202	Asterias amurensis	starfish	Northern Pacific seastar
fe2b365fc1f463a6050b0e144669e495	gi|2499155067|gb|OP747301.1|	92.079	5.76e-72	202	Asterias amurensis	starfish	Northern Pacific seastar
a50e7ee13cf4591204e01972d65b56c7	gi|2989059657|gb|PV710554.1|	99.512	1.20e-98	205	Ammodytes dubius	ray-finned fishes	northern sand lance
a50e7ee13cf4591204e01972d65b56c7	gi|959122927|ref|NC_028530.1|	99.512	1.20e-98	205	Ammodytes americanus	ray-finned fishes	American sand lance
a50e7ee13cf4591204e01972d65b56c7	gi|2989059643|gb|PV710553.1|	99.024	5.59e-97	205	Ammodytes dubius	ray-finned fishes	northern sand lance
a50e7ee13cf4591204e01972d65b56c7	gi|2989059629|gb|PV710552.1|	99.024	5.59e-97	205	Ammodytes dubius	ray-finned fishes	northern sand lance
a50e7ee13cf4591204e01972d65b56c7	gi|2949335892|gb|PV423377.1|	99.024	5.59e-97	205	Ammodytes dubius	ray-finned fishes	northern sand lance
d070cad28ab4cd0f9f3209907d66b5b9	gi|3211598085|gb|PZ091037.1|	99.512	1.20e-98	205	Glyptocephalus cynoglossus	ray-finned fishes	witch
d070cad28ab4cd0f9f3209907d66b5b9	gi|3211597819|gb|PZ091018.1|	99.512	1.20e-98	205	Glyptocephalus cynoglossus	ray-finned fishes	witch
d070cad28ab4cd0f9f3209907d66b5b9	gi|2580316381|gb|OR575595.1|	99.024	5.59e-97	205	Glyptocephalus zachirus	ray-finned fishes	Rex sole
d070cad28ab4cd0f9f3209907d66b5b9	gi|2571476590|gb|OR499736.1|	99.024	5.59e-97	205	Glyptocephalus zachirus	ray-finned fishes	Rex sole
d070cad28ab4cd0f9f3209907d66b5b9	gi|1898137426|gb|MT410908.1|	99.024	5.59e-97	205	Glyptocephalus cynoglossus	ray-finned fishes	witch
7d6dc72984ed2fd5b658270f3256da43	gi|3053320641|gb|PX070016.1|	99.519	2.63e-100	208	Clupea harengus	ray-finned fishes	Atlantic herring
7d6dc72984ed2fd5b658270f3256da43	gi|1799624616|gb|MN122931.1|	99.519	2.63e-100	208	Clupea harengus	ray-finned fishes	Atlantic herring
7d6dc72984ed2fd5b658270f3256da43	gi|1517391475|gb|MH194498.2|	99.519	2.63e-100	208	Clupea harengus	ray-finned fishes	Atlantic herring
7d6dc72984ed2fd5b658270f3256da43	gi|2018537065|gb|MW818226.1|	99.519	2.63e-100	208	Clupea harengus	ray-finned fishes	Atlantic herring
7d6dc72984ed2fd5b658270f3256da43	gi|2018537050|gb|MW818211.1|	99.519	2.63e-100	208	Clupea harengus	ray-finned fishes	Atlantic herring
f866478829f5706e50c11e31a9e17345	gi|2994737870|gb|PV656769.1|	99.034	4.38e-98	207	Urophycis chuss	ray-finned fishes	red hake
f866478829f5706e50c11e31a9e17345	gi|2580283387|gb|OP057106.2|	99.034	4.38e-98	207	Urophycis chuss	ray-finned fishes	red hake
f866478829f5706e50c11e31a9e17345	gi|1825511901|gb|MT103927.1|	95.215	9.61e-85	209	Urophycis tenuis	ray-finned fishes	white hake
f866478829f5706e50c11e31a9e17345	gi|3178764840|emb|OZ408611.1|	94.231	2.08e-81	208	Phycis phycis	ray-finned fishes	Phycis phycis
f866478829f5706e50c11e31a9e17345	gi|2557040012|gb|OR380059.1|	99.415	9.67e-80	171	Urophycis chuss	ray-finned fishes	red hake
97027d288d89bd0bad4d75b3a41ddfd1	gi|1693290266|ref|NC_042741.1|	87.624	7.48e-56	202	Pisaster ochraceus	starfish	purple sea star
97027d288d89bd0bad4d75b3a41ddfd1	gi|726972397|ref|NC_025766.1|	84.729	7.58e-46	203	Aphelasterias japonica	starfish	Aphelasterias japonica
97027d288d89bd0bad4d75b3a41ddfd1	gi|2567033649|gb|OR473299.1|	81.463	2.77e-35	205	Marthasterias glacialis	starfish	spiny starfish
97027d288d89bd0bad4d75b3a41ddfd1	gi|2076208768|emb|OU452241.1|	81.463	2.77e-35	205	Marthasterias glacialis	starfish	spiny starfish
97027d288d89bd0bad4d75b3a41ddfd1	gi|2567033648|gb|OR473298.1|	80.861	7.75e-31	209	Asterias amurensis	starfish	Northern Pacific seastar
bd2d864d676ca40fc00dc5bab303d982	gi|2571476436|gb|OR499725.1|	99.515	3.36e-99	206	Merluccius bilinearis	ray-finned fishes	silver hake
bd2d864d676ca40fc00dc5bab303d982	gi|3211598001|gb|PZ091031.1|	99.515	3.36e-99	206	Merluccius bilinearis	ray-finned fishes	silver hake
bd2d864d676ca40fc00dc5bab303d982	gi|3211597805|gb|PZ091017.1|	99.515	3.36e-99	206	Merluccius bilinearis	ray-finned fishes	silver hake
bd2d864d676ca40fc00dc5bab303d982	gi|3053320529|gb|PX070008.1|	99.029	1.56e-97	206	Merluccius bilinearis	ray-finned fishes	silver hake
bd2d864d676ca40fc00dc5bab303d982	gi|3211597665|gb|PZ091007.1|	99.029	5.63e-97	206	Merluccius bilinearis	ray-finned fishes	silver hake
df9a8e3f556a8c46776a1f6ed25c61aa	gi|2571476436|gb|OR499725.1|	99.515	3.36e-99	206	Merluccius bilinearis	ray-finned fishes	silver hake
df9a8e3f556a8c46776a1f6ed25c61aa	gi|3211598001|gb|PZ091031.1|	99.515	3.36e-99	206	Merluccius bilinearis	ray-finned fishes	silver hake
df9a8e3f556a8c46776a1f6ed25c61aa	gi|3211597805|gb|PZ091017.1|	99.515	3.36e-99	206	Merluccius bilinearis	ray-finned fishes	silver hake
df9a8e3f556a8c46776a1f6ed25c61aa	gi|3053320529|gb|PX070008.1|	99.029	1.56e-97	206	Merluccius bilinearis	ray-finned fishes	silver hake
df9a8e3f556a8c46776a1f6ed25c61aa	gi|3211597665|gb|PZ091007.1|	99.029	5.63e-97	206	Merluccius bilinearis	ray-finned fishes	silver hake
2cf61285b2cd7b100a79a2c83c01fa2a	gi|2259492687|emb|OW835210.1|	95.070	3.79e-120	284	uncultured fungus	fungi	uncultured fungus
2cf61285b2cd7b100a79a2c83c01fa2a	gi|2259141778|emb|OW834522.1|	95.070	3.79e-120	284	uncultured fungus	fungi	uncultured fungus
2cf61285b2cd7b100a79a2c83c01fa2a	gi|2259140839|emb|OW834139.1|	89.161	2.36e-92	286	uncultured fungus	fungi	uncultured fungus
2cf61285b2cd7b100a79a2c83c01fa2a	gi|2259392349|emb|OW837222.1|	89.085	8.50e-92	284	uncultured fungus	fungi	uncultured fungus
2cf61285b2cd7b100a79a2c83c01fa2a	gi|2259142013|emb|OW834713.1|	86.861	6.71e-78	274	uncultured fungus	fungi	uncultured fungus
15f27ea81babfda739ae832e4ebf9664	gi|2891888095|gb|PP467868.1|	97.561	5.77e-92	205	Notoscopelus elongatus kroyeri	ray-finned fishes	Notoscopelus elongatus kroyeri
15f27ea81babfda739ae832e4ebf9664	gi|441416238|dbj|AP012262.1|	94.762	3.50e-84	210	Notoscopelus elongatus kroyeri	ray-finned fishes	Notoscopelus elongatus kroyeri
15f27ea81babfda739ae832e4ebf9664	gi|1918447655|dbj|LC579057.1|	98.844	3.52e-79	173	Notoscopelus elongatus	ray-finned fishes	Notoscopelus elongatus
15f27ea81babfda739ae832e4ebf9664	gi|2591482314|ref|NC_083188.1|	90.909	7.67e-71	209	Notoscopelus resplendens	ray-finned fishes	patchwork lampfish
15f27ea81babfda739ae832e4ebf9664	gi|2188777025|dbj|LC681797.1|	90.909	7.67e-71	209	Notoscopelus sp. HUMZ:222547	ray-finned fishes	Notoscopelus sp. HUMZ:222547
83f05814d63a102f702170ed2cad4d95	gi|1693290266|ref|NC_042741.1|	88.614	3.45e-59	202	Pisaster ochraceus	starfish	purple sea star
83f05814d63a102f702170ed2cad4d95	gi|726972397|ref|NC_025766.1|	86.207	7.53e-51	203	Aphelasterias japonica	starfish	Aphelasterias japonica
83f05814d63a102f702170ed2cad4d95	gi|2567033649|gb|OR473299.1|	82.927	2.75e-40	205	Marthasterias glacialis	starfish	spiny starfish
83f05814d63a102f702170ed2cad4d95	gi|2076208768|emb|OU452241.1|	82.927	2.75e-40	205	Marthasterias glacialis	starfish	spiny starfish
83f05814d63a102f702170ed2cad4d95	gi|2499155081|gb|OP747302.1|	81.773	7.69e-36	203	Asterias amurensis	starfish	Northern Pacific seastar
0467e2b0f2670f48c1cdfcd4df2a03a3	gi|1790179280|dbj|LC493903.1|	99.512	1.20e-98	205	Anarhichas denticulatus	ray-finned fishes	northern wolffish
0467e2b0f2670f48c1cdfcd4df2a03a3	gi|1790179266|dbj|LC493902.1|	99.512	1.20e-98	205	Anarhichas lupus	ray-finned fishes	Atlantic wolffish
0467e2b0f2670f48c1cdfcd4df2a03a3	gi|1084353640|gb|KX118041.1|	99.512	1.20e-98	205	Anarhichas denticulatus	ray-finned fishes	northern wolffish
0467e2b0f2670f48c1cdfcd4df2a03a3	gi|1084353626|gb|KX118040.1|	99.512	1.20e-98	205	Anarhichas denticulatus	ray-finned fishes	northern wolffish
0467e2b0f2670f48c1cdfcd4df2a03a3	gi|1084353612|gb|KX118039.1|	99.512	1.20e-98	205	Anarhichas denticulatus	ray-finned fishes	northern wolffish
f719b7d3d31f804da18d2d218db11eb8	gi|2994737912|gb|PV656772.1|	99.029	1.56e-97	206	Melanogrammus aeglefinus	ray-finned fishes	haddock
f719b7d3d31f804da18d2d218db11eb8	gi|2994737898|gb|PV656771.1|	99.029	1.56e-97	206	Melanogrammus aeglefinus	ray-finned fishes	haddock
f719b7d3d31f804da18d2d218db11eb8	gi|2994737884|gb|PV656770.1|	99.029	1.56e-97	206	Melanogrammus aeglefinus	ray-finned fishes	haddock
f719b7d3d31f804da18d2d218db11eb8	gi|124377065|emb|AM489717.1|	99.029	1.56e-97	206	Melanogrammus aeglefinus	ray-finned fishes	haddock
f719b7d3d31f804da18d2d218db11eb8	gi|94481723|gb|DQ356942.1|	99.029	1.56e-97	206	Melanogrammus aeglefinus	ray-finned fishes	haddock
2c3be1de68137d5bace6e9e8654fa641	gi|2591482356|ref|NC_083191.1|	93.939	2.01e-76	198	Poraniopsis inflata	starfish	Poraniopsis inflata
2c3be1de68137d5bace6e9e8654fa641	gi|2843360756|gb|PQ424523.1|	89.655	5.70e-62	203	Glabraster antarctica	starfish	Glabraster antarctica
2c3be1de68137d5bace6e9e8654fa641	gi|3064558713|gb|PX413461.1|	79.126	2.79e-25	206	Atheraster arandae	starfish	Atheraster arandae
2c3be1de68137d5bace6e9e8654fa641	gi|224472386|gb|FJ171837.1|	77.885	6.04e-22	208	Ctenophoraster sp. Mar1	starfish	Ctenophoraster sp. Mar1
2c3be1de68137d5bace6e9e8654fa641	gi|2452630836|ref|NC_071876.1|	88.235	2.85e-10	68	Ctenodiscus crispatus	starfish	Ctenodiscus crispatus
d255c3c406d7445e8175f95e2de358f4	gi|1609530226|gb|MK266753.1|	85.714	2.55e-05	63	Sphaenorhynchus prasinus	frogs & toads	Sphaenorhynchus prasinus
d255c3c406d7445e8175f95e2de358f4	gi|1609530225|gb|MK266752.1|	85.714	2.55e-05	63	Sphaenorhynchus prasinus	frogs & toads	Sphaenorhynchus prasinus
d255c3c406d7445e8175f95e2de358f4	gi|1484645101|gb|MH004345.1|	85.714	2.55e-05	63	Sphaenorhynchus prasinus	frogs & toads	Sphaenorhynchus prasinus
d255c3c406d7445e8175f95e2de358f4	gi|62146628|emb|AJ628371.1|	82.895	2.55e-05	76	Caluromys philander	marsupials	bare-tailed woolly opossum
d255c3c406d7445e8175f95e2de358f4	gi|3084544444|emb|OZ345433.1|	100.000	9.19e-05	33	Sarpa salpa	ray-finned fishes	Sarpa salpa
a91702a60439386c6f1096f1cc79b8cb	gi|3053320557|gb|PX070010.1|	99.024	5.59e-97	205	Hippoglossus hippoglossus	ray-finned fishes	Atlantic halibut
a91702a60439386c6f1096f1cc79b8cb	gi|3053320515|gb|PX070007.1|	99.024	5.59e-97	205	Hippoglossus hippoglossus	ray-finned fishes	Atlantic halibut
a91702a60439386c6f1096f1cc79b8cb	gi|2987591881|gb|PV691876.1|	99.024	5.59e-97	205	Hippoglossus hippoglossus	ray-finned fishes	Atlantic halibut
a91702a60439386c6f1096f1cc79b8cb	gi|2987591867|gb|PV691875.1|	99.024	5.59e-97	205	Hippoglossus hippoglossus	ray-finned fishes	Atlantic halibut
a91702a60439386c6f1096f1cc79b8cb	gi|2987591853|gb|PV691874.1|	99.024	5.59e-97	205	Hippoglossus hippoglossus	ray-finned fishes	Atlantic halibut
cb52b30a6d9525403f0c95bd41f45d0e	gi|691189712|gb|KM242645.1|	92.281	2.31e-107	285	Dicathais orbita	gastropods	Dicathais orbita
cb52b30a6d9525403f0c95bd41f45d0e	gi|557470434|gb|KF589848.1|	92.281	2.31e-107	285	Amphioctopus fangsiao	cephalopods	Amphioctopus fangsiao
cb52b30a6d9525403f0c95bd41f45d0e	gi|2259139526|emb|OW833740.1|	90.845	3.90e-100	284	uncultured fungus	fungi	uncultured fungus
cb52b30a6d9525403f0c95bd41f45d0e	gi|2259494369|emb|OW836709.1|	90.175	2.35e-97	285	uncultured fungus	fungi	uncultured fungus
cb52b30a6d9525403f0c95bd41f45d0e	gi|2259492677|emb|OW835200.1|	89.825	1.09e-95	285	uncultured fungus	fungi	uncultured fungus
be2f9982a68fa8bae5e3161610e20a23	gi|224472336|gb|FJ171787.1|	98.565	1.61e-97	209	Astropecten alligator	starfish	Astropecten alligator
be2f9982a68fa8bae5e3161610e20a23	gi|224472335|gb|FJ171786.1|	98.565	1.61e-97	209	Astropecten americanus	starfish	Astropecten americanus
be2f9982a68fa8bae5e3161610e20a23	gi|224472337|gb|FJ171788.1|	94.762	1.27e-83	210	Astropecten comptus	starfish	Astropecten comptus
be2f9982a68fa8bae5e3161610e20a23	gi|224472339|gb|FJ171790.1|	94.313	5.92e-82	211	Astropecten comptus	starfish	Astropecten comptus
be2f9982a68fa8bae5e3161610e20a23	gi|224472338|gb|FJ171789.1|	94.313	5.92e-82	211	Astropecten nitidus	starfish	Astropecten nitidus
241f41f7e77d44639c7b53f3a87a9496	gi|2989059643|gb|PV710553.1|	99.512	1.20e-98	205	Ammodytes dubius	ray-finned fishes	northern sand lance
241f41f7e77d44639c7b53f3a87a9496	gi|2989059629|gb|PV710552.1|	99.512	1.20e-98	205	Ammodytes dubius	ray-finned fishes	northern sand lance
241f41f7e77d44639c7b53f3a87a9496	gi|2949335892|gb|PV423377.1|	99.512	1.20e-98	205	Ammodytes dubius	ray-finned fishes	northern sand lance
241f41f7e77d44639c7b53f3a87a9496	gi|959122913|ref|NC_028529.1|	99.512	1.20e-98	205	Ammodytes dubius	ray-finned fishes	northern sand lance
241f41f7e77d44639c7b53f3a87a9496	gi|2989059657|gb|PV710554.1|	99.024	5.59e-97	205	Ammodytes dubius	ray-finned fishes	northern sand lance
7b1d21facd5d9cdd1ded3d7aa7c0385b	gi|2259146955|emb|OW835854.1|	83.333	1.47e-64	288	uncultured fungus	fungi	uncultured fungus
7b1d21facd5d9cdd1ded3d7aa7c0385b	gi|380705915|gb|JQ177983.1|	82.230	1.15e-60	287	uncultured Riftia	tube worms	uncultured Riftia
7b1d21facd5d9cdd1ded3d7aa7c0385b	gi|2259492656|emb|OW835179.1|	82.456	4.13e-60	285	uncultured fungus	fungi	uncultured fungus
7b1d21facd5d9cdd1ded3d7aa7c0385b	gi|1428077394|gb|MH625410.1|	82.292	5.34e-59	288	fungal sp.	fungi	fungal sp.
7b1d21facd5d9cdd1ded3d7aa7c0385b	gi|2259493621|emb|OW836520.1|	82.418	8.93e-57	273	uncultured fungus	fungi	uncultured fungus
7338d0089fdbcc24976ad7e18e54b17e	gi|1824664091|ref|NC_046485.1|	100.000	9.31e-05	33	Hydrictis maculicollis	carnivores	Spotted-necked otter
7338d0089fdbcc24976ad7e18e54b17e	gi|1824664077|ref|NC_046484.1|	100.000	9.31e-05	33	Aonyx capensis	carnivores	African clawless otter
7338d0089fdbcc24976ad7e18e54b17e	gi|3035062583|emb|OZ291576.1|	100.000	9.31e-05	33	Rangifer tarandus	even-toed ungulates & whales	reindeer
7338d0089fdbcc24976ad7e18e54b17e	gi|3034439884|emb|OZ289199.1|	100.000	9.31e-05	33	Rangifer tarandus	even-toed ungulates & whales	reindeer
7338d0089fdbcc24976ad7e18e54b17e	gi|1771909800|dbj|LC094961.1|	100.000	9.31e-05	33	Lutra lutra	carnivores	Eurasian river otter
5ac0a7b711773f9eb04a76fe94efff3c	gi|1609530226|gb|MK266753.1|	85.714	2.55e-05	63	Sphaenorhynchus prasinus	frogs & toads	Sphaenorhynchus prasinus
5ac0a7b711773f9eb04a76fe94efff3c	gi|1609530225|gb|MK266752.1|	85.714	2.55e-05	63	Sphaenorhynchus prasinus	frogs & toads	Sphaenorhynchus prasinus
5ac0a7b711773f9eb04a76fe94efff3c	gi|1484645101|gb|MH004345.1|	85.714	2.55e-05	63	Sphaenorhynchus prasinus	frogs & toads	Sphaenorhynchus prasinus
5ac0a7b711773f9eb04a76fe94efff3c	gi|62146628|emb|AJ628371.1|	82.895	2.55e-05	76	Caluromys philander	marsupials	bare-tailed woolly opossum
5ac0a7b711773f9eb04a76fe94efff3c	gi|3084544444|emb|OZ345433.1|	100.000	9.19e-05	33	Sarpa salpa	ray-finned fishes	Sarpa salpa
ca7c08468e2f440aaded141959402e81	gi|1863136117|ref|NC_049151.1|	100.000	4.77e-08	39	Dentex hypselosomus	ray-finned fishes	Dentex hypselosomus
ca7c08468e2f440aaded141959402e81	gi|1848841257|gb|MT180469.1|	100.000	4.77e-08	39	Podargus ocellatus	birds	Podargus ocellatus
ca7c08468e2f440aaded141959402e81	gi|1848841244|gb|MT180468.1|	100.000	4.77e-08	39	Podargus ocellatus	birds	Podargus ocellatus
ca7c08468e2f440aaded141959402e81	gi|1848841231|gb|MT180467.1|	100.000	4.77e-08	39	Podargus papuensis	birds	Podargus papuensis
ca7c08468e2f440aaded141959402e81	gi|1848841218|gb|MT180466.1|	100.000	4.77e-08	39	Podargus strigoides	birds	tawny frogmouth
d24c59d82b7ed5e0d5cbf99a64bba212	gi|2987591825|gb|PV691872.1|	99.512	1.20e-98	205	Citharichthys arctifrons	ray-finned fishes	Gulf Stream flounder
d24c59d82b7ed5e0d5cbf99a64bba212	gi|2987591727|gb|PV691865.1|	99.512	1.20e-98	205	Citharichthys arctifrons	ray-finned fishes	Gulf Stream flounder
d24c59d82b7ed5e0d5cbf99a64bba212	gi|3157076626|gb|PX939998.1|	99.512	1.20e-98	205	Citharichthys arctifrons	ray-finned fishes	Gulf Stream flounder
d24c59d82b7ed5e0d5cbf99a64bba212	gi|2587933576|ref|NC_083038.1|	99.024	5.59e-97	205	Citharichthys arctifrons	ray-finned fishes	Gulf Stream flounder
d24c59d82b7ed5e0d5cbf99a64bba212	gi|1788585354|gb|MN883203.1|	99.492	3.37e-94	197	Citharichthys arctifrons	ray-finned fishes	Gulf Stream flounder
8967c1d341348e87d5088a808c851fc8	gi|2571476450|gb|OR499726.1|	99.515	3.36e-99	206	Merluccius albidus	ray-finned fishes	offshore hake
8967c1d341348e87d5088a808c851fc8	gi|1788585394|gb|MN883216.1|	99.495	9.42e-95	198	Merluccius albidus	ray-finned fishes	offshore hake
8967c1d341348e87d5088a808c851fc8	gi|1788585391|gb|MN883215.1|	99.495	9.42e-95	198	Merluccius albidus	ray-finned fishes	offshore hake
8967c1d341348e87d5088a808c851fc8	gi|2715331780|ref|NC_088010.1|	96.117	5.71e-87	206	Merluccius hubbsi	ray-finned fishes	Argentine hake
8967c1d341348e87d5088a808c851fc8	gi|2580316395|gb|OR575596.1|	95.631	7.38e-86	206	Merluccius angustimanus	ray-finned fishes	Panama hake
5adb9b85566db7ea4ab92e93af4afee7	gi|1786483301|gb|MK118167.1|	99.515	3.36e-99	206	Oneirodes bradburyae	ray-finned fishes	Oneirodes bradburyae
5adb9b85566db7ea4ab92e93af4afee7	gi|289183105|ref|NC_013871.1|	97.087	2.64e-90	206	Oneirodes thompsoni	ray-finned fishes	Oneirodes thompsoni
5adb9b85566db7ea4ab92e93af4afee7	gi|985563177|dbj|LC091860.1|	99.412	3.46e-79	170	Oneirodes macrosteus	ray-finned fishes	Oneirodes macrosteus
5adb9b85566db7ea4ab92e93af4afee7	gi|1918447672|dbj|LC579074.1|	99.412	3.46e-79	170	Oneirodes macrosteus	ray-finned fishes	Oneirodes macrosteus
5adb9b85566db7ea4ab92e93af4afee7	gi|2580283205|gb|OP057067.2|	93.689	1.24e-78	206	Chaenophryne longiceps	ray-finned fishes	can-opener smoothdream
0e502152d3fec8584c273ae3633d9886	gi|261263611|gb|GQ288504.1|	97.674	2.39e-75	172	Lophaster furcilliger	starfish	Lophaster furcilliger
0e502152d3fec8584c273ae3633d9886	gi|261263582|gb|GQ288475.1|	97.093	1.11e-73	172	Lophaster furcilliger	starfish	Lophaster furcilliger
0e502152d3fec8584c273ae3633d9886	gi|2577858807|ref|NC_081981.1|	88.649	4.12e-53	185	Crossaster japonicus	starfish	Crossaster japonicus
0e502152d3fec8584c273ae3633d9886	gi|261263608|gb|GQ288501.1|	87.766	8.91e-50	188	Solaster caribbaeus	starfish	Solaster caribbaeus
0e502152d3fec8584c273ae3633d9886	gi|2843360742|gb|PQ424522.1|	87.097	4.15e-48	186	Crossaster sp.	starfish	Crossaster sp.
5429200451e16bef5cdfe32e3b4117cc	gi|2987591825|gb|PV691872.1|	99.512	1.20e-98	205	Citharichthys arctifrons	ray-finned fishes	Gulf Stream flounder
5429200451e16bef5cdfe32e3b4117cc	gi|2987591727|gb|PV691865.1|	99.512	1.20e-98	205	Citharichthys arctifrons	ray-finned fishes	Gulf Stream flounder
5429200451e16bef5cdfe32e3b4117cc	gi|3157076626|gb|PX939998.1|	99.512	1.20e-98	205	Citharichthys arctifrons	ray-finned fishes	Gulf Stream flounder
5429200451e16bef5cdfe32e3b4117cc	gi|2587933576|ref|NC_083038.1|	99.024	5.59e-97	205	Citharichthys arctifrons	ray-finned fishes	Gulf Stream flounder
5429200451e16bef5cdfe32e3b4117cc	gi|1788585354|gb|MN883203.1|	99.492	3.37e-94	197	Citharichthys arctifrons	ray-finned fishes	Gulf Stream flounder
62499bb703bbc206a4e4a36b76d6ef5e	gi|2994718532|gb|PV651714.1|	98.618	5.95e-102	217	Squalus acanthias	sharks & rays	spiny dogfish
62499bb703bbc206a4e4a36b76d6ef5e	gi|3211614248|gb|PZ086324.1|	98.618	5.95e-102	217	Squalus suckleyi	sharks & rays	Puget Sound dogfish
62499bb703bbc206a4e4a36b76d6ef5e	gi|3139203272|gb|PX718978.1|	98.618	5.95e-102	217	Squalus acanthias	sharks & rays	spiny dogfish
62499bb703bbc206a4e4a36b76d6ef5e	gi|5835708|ref|NC_002012.1|	98.618	5.95e-102	217	Squalus acanthias	sharks & rays	spiny dogfish
62499bb703bbc206a4e4a36b76d6ef5e	gi|1515576520|gb|MH377805.1|	98.529	1.00e-94	204	Squalus acanthias	sharks & rays	spiny dogfish
007d8543c13ada5fb3df20bffd3ac149	gi|2994737912|gb|PV656772.1|	99.515	3.36e-99	206	Melanogrammus aeglefinus	ray-finned fishes	haddock
007d8543c13ada5fb3df20bffd3ac149	gi|2994737898|gb|PV656771.1|	99.515	3.36e-99	206	Melanogrammus aeglefinus	ray-finned fishes	haddock
007d8543c13ada5fb3df20bffd3ac149	gi|2994737884|gb|PV656770.1|	99.515	3.36e-99	206	Melanogrammus aeglefinus	ray-finned fishes	haddock
007d8543c13ada5fb3df20bffd3ac149	gi|124377065|emb|AM489717.1|	99.515	3.36e-99	206	Melanogrammus aeglefinus	ray-finned fishes	haddock
007d8543c13ada5fb3df20bffd3ac149	gi|94481723|gb|DQ356942.1|	99.515	3.36e-99	206	Melanogrammus aeglefinus	ray-finned fishes	haddock
6516d90c363cb41c117bc9dd60f2c4ea	gi|2571476436|gb|OR499725.1|	99.029	1.56e-97	206	Merluccius bilinearis	ray-finned fishes	silver hake
6516d90c363cb41c117bc9dd60f2c4ea	gi|3211598001|gb|PZ091031.1|	99.029	1.56e-97	206	Merluccius bilinearis	ray-finned fishes	silver hake
6516d90c363cb41c117bc9dd60f2c4ea	gi|3211597805|gb|PZ091017.1|	99.029	1.56e-97	206	Merluccius bilinearis	ray-finned fishes	silver hake
6516d90c363cb41c117bc9dd60f2c4ea	gi|3053320529|gb|PX070008.1|	98.544	7.28e-96	206	Merluccius bilinearis	ray-finned fishes	silver hake
6516d90c363cb41c117bc9dd60f2c4ea	gi|3211597665|gb|PZ091007.1|	98.544	2.62e-95	206	Merluccius bilinearis	ray-finned fishes	silver hake
1fb00bf477609ac6c72fc4504b5934cb	gi|2499294728|emb|OX465372.1|	98.551	2.04e-96	207	Balaenoptera acutorostrata	whales & dolphins	minke whale
1fb00bf477609ac6c72fc4504b5934cb	gi|1878254304|gb|MT410935.1|	98.551	2.04e-96	207	Balaenoptera acutorostrata	whales & dolphins	minke whale
1fb00bf477609ac6c72fc4504b5934cb	gi|62086594|dbj|AP006468.1|	98.551	2.04e-96	207	Balaenoptera acutorostrata	whales & dolphins	minke whale
1fb00bf477609ac6c72fc4504b5934cb	gi|38707492|ref|NC_005271.1|	98.551	2.04e-96	207	Balaenoptera acutorostrata	whales & dolphins	minke whale
1fb00bf477609ac6c72fc4504b5934cb	gi|62184354|ref|NC_006926.1|	97.101	2.05e-91	207	Balaenoptera bonaerensis	whales & dolphins	Antarctic minke whale
de213d5bc378a527367aceda2755f6ba	gi|1496231571|gb|MK060137.1|	95.122	2.15e-05	41	Merops nubicus	birds	carmine bee-eater
de213d5bc378a527367aceda2755f6ba	gi|1511243906|ref|NC_039736.1|	95.000	2.15e-05	40	Asio otus	birds	long-eared owl
de213d5bc378a527367aceda2755f6ba	gi|902686875|ref|NC_027606.1|	95.000	2.15e-05	40	Asio flammeus	birds	short-eared owl
de213d5bc378a527367aceda2755f6ba	gi|512403967|gb|KC749450.1|	95.122	2.15e-05	41	Bambusicola thoracicus	birds	Chinese bamboo-partridge
de213d5bc378a527367aceda2755f6ba	gi|219524132|ref|NC_011816.1|	95.122	2.15e-05	41	Bambusicola thoracicus	birds	Chinese bamboo-partridge
437353263f00d2a72f27c7de4fafa1e7	gi|270267522|ref|NC_013570.1|	99.522	7.36e-101	209	Alepocephalus productus	ray-finned fishes	smalleye smooth-head
437353263f00d2a72f27c7de4fafa1e7	gi|270267550|ref|NC_013572.1|	97.608	3.45e-94	209	Alepocephalus umbriceps	ray-finned fishes	slickhead
437353263f00d2a72f27c7de4fafa1e7	gi|270267462|ref|NC_013566.1|	97.129	1.60e-92	209	Alepocephalus australis	ray-finned fishes	small scaled brown slickhead
437353263f00d2a72f27c7de4fafa1e7	gi|270267434|ref|NC_013564.1|	97.129	1.60e-92	209	Alepocephalus agassizii	ray-finned fishes	Agassiz' slickhead
437353263f00d2a72f27c7de4fafa1e7	gi|28894766|ref|NC_004590.1|	96.651	7.46e-91	209	Alepocephalus tenebrosus	ray-finned fishes	California slickhead
6d0f9fb54b0c703eecc46eba4094ae80	gi|2259492646|emb|OW835169.1|	92.632	4.97e-109	285	uncultured fungus	fungi	uncultured fungus
6d0f9fb54b0c703eecc46eba4094ae80	gi|1761192551|gb|CP044614.1|	92.281	2.31e-107	285	Nannochloropsis oceanica	heterokonts	Nannochloropsis oceanica
6d0f9fb54b0c703eecc46eba4094ae80	gi|1761192519|gb|CP044582.1|	92.281	2.31e-107	285	Nannochloropsis oceanica	heterokonts	Nannochloropsis oceanica
6d0f9fb54b0c703eecc46eba4094ae80	gi|2259146959|emb|OW835858.1|	93.358	2.99e-106	271	uncultured fungus	fungi	uncultured fungus
6d0f9fb54b0c703eecc46eba4094ae80	gi|2854503517|gb|PQ611765.1|	91.901	3.87e-105	284	Impatiens imbecilla	eudicots	Impatiens imbecilla
96a9b88e4a4f56efe399b3e7ad51a271	gi|2891888040|gb|PP467801.1|	99.497	2.59e-95	199	Scomberesox saurus	ray-finned fishes	Scomberesox saurus
96a9b88e4a4f56efe399b3e7ad51a271	gi|2580316241|gb|OR575551.1|	97.549	2.01e-91	204	Cololabis saira	ray-finned fishes	Pacific saury
96a9b88e4a4f56efe399b3e7ad51a271	gi|16357079|ref|NC_003183.1|	97.549	2.01e-91	204	Cololabis saira	ray-finned fishes	Pacific saury
96a9b88e4a4f56efe399b3e7ad51a271	gi|2486668737|gb|OQ819310.1|	98.942	4.36e-88	189	Scomberesox saurus	ray-finned fishes	Scomberesox saurus
96a9b88e4a4f56efe399b3e7ad51a271	gi|985563190|dbj|LC091873.1|	97.024	2.07e-71	168	Cololabis saira	ray-finned fishes	Pacific saury
77853c21ab40cbe5fc9ff878583d9b1e	gi|985566975|dbj|LC091642.1|	99.398	5.69e-77	166	Cyclothone microdon	ray-finned fishes	veiled anglemouth
77853c21ab40cbe5fc9ff878583d9b1e	gi|2333440936|gb|OP863133.1|	99.398	5.69e-77	166	Cyclothone microdon	ray-finned fishes	veiled anglemouth
77853c21ab40cbe5fc9ff878583d9b1e	gi|2647786640|dbj|LC794224.1|	91.379	1.63e-57	174	Cyclothone pseudopallida	ray-finned fishes	slender bristlemouth
77853c21ab40cbe5fc9ff878583d9b1e	gi|1096114368|dbj|LC193334.1|	91.463	1.27e-53	164	Cyclothone pseudopallida	ray-finned fishes	slender bristlemouth
77853c21ab40cbe5fc9ff878583d9b1e	gi|2647786639|dbj|LC794223.1|	86.275	5.89e-52	204	Cyclothone atraria	ray-finned fishes	deep-water bristlemouth
fa9206260935a25b22dfaec68f21be0d	gi|1798183348|emb|LR745847.1|	98.515	1.20e-93	202	Asterias rubens	starfish	European starfish
fa9206260935a25b22dfaec68f21be0d	gi|2567033648|gb|OR473298.1|	95.050	5.68e-82	202	Asterias amurensis	starfish	Northern Pacific seastar
fa9206260935a25b22dfaec68f21be0d	gi|2582205361|gb|CP134956.1|	95.050	5.68e-82	202	Asterias amurensis	starfish	Northern Pacific seastar
fa9206260935a25b22dfaec68f21be0d	gi|2582205361|gb|CP134956.1|	97.059	8.00e-21	68	Asterias amurensis	starfish	Northern Pacific seastar
fa9206260935a25b22dfaec68f21be0d	gi|2499155095|gb|OP747303.1|	95.050	5.68e-82	202	Asterias amurensis	starfish	Northern Pacific seastar
fa9206260935a25b22dfaec68f21be0d	gi|2499155067|gb|OP747301.1|	95.050	5.68e-82	202	Asterias amurensis	starfish	Northern Pacific seastar
42785b0a4438e4ecd4c3d62aad12e27a	gi|2259146955|emb|OW835854.1|	83.333	1.47e-64	288	uncultured fungus	fungi	uncultured fungus
42785b0a4438e4ecd4c3d62aad12e27a	gi|2259492656|emb|OW835179.1|	83.158	1.91e-63	285	uncultured fungus	fungi	uncultured fungus
42785b0a4438e4ecd4c3d62aad12e27a	gi|380705915|gb|JQ177983.1|	82.230	1.15e-60	287	uncultured Riftia	tube worms	uncultured Riftia
42785b0a4438e4ecd4c3d62aad12e27a	gi|2259493621|emb|OW836520.1|	82.847	1.92e-58	274	uncultured fungus	fungi	uncultured fungus
42785b0a4438e4ecd4c3d62aad12e27a	gi|1428077394|gb|MH625410.1|	81.944	2.48e-57	288	fungal sp.	fungi	fungal sp.
b477082a9214dda192383190abc4d199	gi|2989059657|gb|PV710554.1|	99.512	1.20e-98	205	Ammodytes dubius	ray-finned fishes	northern sand lance
b477082a9214dda192383190abc4d199	gi|959122927|ref|NC_028530.1|	99.512	1.20e-98	205	Ammodytes americanus	ray-finned fishes	American sand lance
b477082a9214dda192383190abc4d199	gi|2989059643|gb|PV710553.1|	99.024	5.59e-97	205	Ammodytes dubius	ray-finned fishes	northern sand lance
b477082a9214dda192383190abc4d199	gi|2989059629|gb|PV710552.1|	99.024	5.59e-97	205	Ammodytes dubius	ray-finned fishes	northern sand lance
b477082a9214dda192383190abc4d199	gi|2949335892|gb|PV423377.1|	99.024	5.59e-97	205	Ammodytes dubius	ray-finned fishes	northern sand lance
2694f27afdc0793f227a1dcc58ee8c15	gi|2580315891|gb|OR581005.1|	99.517	9.40e-100	207	Paralepididae sp.	ray-finned fishes	Paralepididae sp.
2694f27afdc0793f227a1dcc58ee8c15	gi|2580315171|gb|OR582681.1|	99.517	9.40e-100	207	Paralepididae sp.	ray-finned fishes	Paralepididae sp.
2694f27afdc0793f227a1dcc58ee8c15	gi|3211598071|gb|PZ091036.1|	99.517	9.40e-100	207	Arctozenus risso	ray-finned fishes	ribbon barracudina
2694f27afdc0793f227a1dcc58ee8c15	gi|3211598043|gb|PZ091034.1|	99.517	9.40e-100	207	Arctozenus risso	ray-finned fishes	ribbon barracudina
2694f27afdc0793f227a1dcc58ee8c15	gi|3211597917|gb|PZ091025.1|	99.517	9.40e-100	207	Arctozenus risso	ray-finned fishes	ribbon barracudina
d474cd525db4059dd7e9d827f2cad481	gi|1799624477|gb|MN122852.1|	99.512	1.20e-98	205	Gadus morhua	ray-finned fishes	Atlantic cod
d474cd525db4059dd7e9d827f2cad481	gi|1783586359|gb|MH035595.1|	99.512	1.20e-98	205	Gadus chalcogrammus	ray-finned fishes	walleye pollock
d474cd525db4059dd7e9d827f2cad481	gi|1783586345|gb|MH035594.1|	99.512	1.20e-98	205	Gadus chalcogrammus	ray-finned fishes	walleye pollock
d474cd525db4059dd7e9d827f2cad481	gi|1593084251|emb|LS999407.1|	99.512	1.20e-98	205	Gadus morhua	ray-finned fishes	Atlantic cod
d474cd525db4059dd7e9d827f2cad481	gi|1593084237|emb|LS999106.1|	99.512	1.20e-98	205	Gadus morhua	ray-finned fishes	Atlantic cod
bb3159b457bd9640c3b78e69fd3a12a6	gi|426259625|gb|KC193706.1|	100.000	5.65e-102	208	Clupea harengus	ray-finned fishes	Atlantic herring
bb3159b457bd9640c3b78e69fd3a12a6	gi|426259611|gb|KC193705.1|	100.000	5.65e-102	208	Clupea harengus	ray-finned fishes	Atlantic herring
bb3159b457bd9640c3b78e69fd3a12a6	gi|3053320641|gb|PX070016.1|	99.519	2.63e-100	208	Clupea harengus	ray-finned fishes	Atlantic herring
bb3159b457bd9640c3b78e69fd3a12a6	gi|1799624616|gb|MN122931.1|	99.519	2.63e-100	208	Clupea harengus	ray-finned fishes	Atlantic herring
bb3159b457bd9640c3b78e69fd3a12a6	gi|1517391475|gb|MH194498.2|	99.519	2.63e-100	208	Clupea harengus	ray-finned fishes	Atlantic herring
533fa7eb27140b2a108e8338a607996b	gi|1825511888|gb|MT103916.1|	99.512	1.20e-98	205	Myzopsetta ferruginea	ray-finned fishes	yellowtail flounder
533fa7eb27140b2a108e8338a607996b	gi|2745580202|gb|PP928767.1|	99.512	1.20e-98	205	Platichthys flesus	ray-finned fishes	European flounder
533fa7eb27140b2a108e8338a607996b	gi|2587926480|ref|NC_082783.1|	99.512	1.20e-98	205	Liopsetta glacialis	ray-finned fishes	Arctic flounder
533fa7eb27140b2a108e8338a607996b	gi|2577880658|ref|NC_082285.1|	99.512	1.20e-98	205	Platichthys stellatus x Verasper variegatus	ray-finned fishes	Platichthys stellatus x Verasper variegatus
533fa7eb27140b2a108e8338a607996b	gi|2524645126|ref|NC_080271.1|	99.512	1.20e-98	205	Platichthys stellatus x (Kareius bicoloratus x Platichthys stellatus)	ray-finned fishes	Platichthys stellatus x (Kareius bicoloratus x Platichthys stellatus)
bff9fe4a78196777e5d7134b45e14ea7	gi|2259146955|emb|OW835854.1|	83.333	1.47e-64	288	uncultured fungus	fungi	uncultured fungus
bff9fe4a78196777e5d7134b45e14ea7	gi|2259492656|emb|OW835179.1|	83.158	1.91e-63	285	uncultured fungus	fungi	uncultured fungus
bff9fe4a78196777e5d7134b45e14ea7	gi|380705915|gb|JQ177983.1|	81.882	5.34e-59	287	uncultured Riftia	tube worms	uncultured Riftia
bff9fe4a78196777e5d7134b45e14ea7	gi|2259493621|emb|OW836520.1|	82.482	8.93e-57	274	uncultured fungus	fungi	uncultured fungus
bff9fe4a78196777e5d7134b45e14ea7	gi|2259146914|emb|OW835813.1|	81.597	1.16e-55	288	uncultured fungus	fungi	uncultured fungus
ed02a8788a980d1365a95e5fc5333e76	gi|1799624477|gb|MN122852.1|	99.512	1.20e-98	205	Gadus morhua	ray-finned fishes	Atlantic cod
ed02a8788a980d1365a95e5fc5333e76	gi|1783586359|gb|MH035595.1|	99.512	1.20e-98	205	Gadus chalcogrammus	ray-finned fishes	walleye pollock
ed02a8788a980d1365a95e5fc5333e76	gi|1783586345|gb|MH035594.1|	99.512	1.20e-98	205	Gadus chalcogrammus	ray-finned fishes	walleye pollock
ed02a8788a980d1365a95e5fc5333e76	gi|1593084251|emb|LS999407.1|	99.512	1.20e-98	205	Gadus morhua	ray-finned fishes	Atlantic cod
ed02a8788a980d1365a95e5fc5333e76	gi|1593084237|emb|LS999106.1|	99.512	1.20e-98	205	Gadus morhua	ray-finned fishes	Atlantic cod
87f3844fd62bd89e508824343f99421f	gi|270267522|ref|NC_013570.1|	99.522	7.36e-101	209	Alepocephalus productus	ray-finned fishes	smalleye smooth-head
87f3844fd62bd89e508824343f99421f	gi|270267550|ref|NC_013572.1|	97.608	3.45e-94	209	Alepocephalus umbriceps	ray-finned fishes	slickhead
87f3844fd62bd89e508824343f99421f	gi|270267462|ref|NC_013566.1|	97.129	1.60e-92	209	Alepocephalus australis	ray-finned fishes	small scaled brown slickhead
87f3844fd62bd89e508824343f99421f	gi|270267434|ref|NC_013564.1|	97.129	1.60e-92	209	Alepocephalus agassizii	ray-finned fishes	Agassiz' slickhead
87f3844fd62bd89e508824343f99421f	gi|28894766|ref|NC_004590.1|	96.651	7.46e-91	209	Alepocephalus tenebrosus	ray-finned fishes	California slickhead
c0826bb53132734b4c43d1a923d91490	gi|2843360896|gb|PQ424533.1|	84.615	4.75e-48	208	Smilasterias triremis	starfish	Smilasterias triremis
c0826bb53132734b4c43d1a923d91490	gi|2843360770|gb|PQ424524.1|	78.571	8.18e-26	210	Granaster nutrix	starfish	Granaster nutrix
c0826bb53132734b4c43d1a923d91490	gi|2232175652|gb|MZ702702.1|	77.143	8.24e-21	210	Paulasterias sp. SS-2022	starfish	Paulasterias sp. SS-2022
c0826bb53132734b4c43d1a923d91490	gi|90018506|gb|DQ377826.1|	76.812	2.96e-20	207	Stichaster australis	starfish	Stichaster australis
c0826bb53132734b4c43d1a923d91490	gi|2987896797|gb|PV535852.1|	76.744	1.38e-18	215	Coscinasterias muricata	starfish	Coscinasterias muricata
ab2108777c3de349655d66840a7d573b	gi|2571476436|gb|OR499725.1|	99.029	1.56e-97	206	Merluccius bilinearis	ray-finned fishes	silver hake
ab2108777c3de349655d66840a7d573b	gi|3211598001|gb|PZ091031.1|	99.029	1.56e-97	206	Merluccius bilinearis	ray-finned fishes	silver hake
ab2108777c3de349655d66840a7d573b	gi|3211597805|gb|PZ091017.1|	99.029	1.56e-97	206	Merluccius bilinearis	ray-finned fishes	silver hake
ab2108777c3de349655d66840a7d573b	gi|3053320529|gb|PX070008.1|	98.544	7.28e-96	206	Merluccius bilinearis	ray-finned fishes	silver hake
ab2108777c3de349655d66840a7d573b	gi|3211597665|gb|PZ091007.1|	98.544	2.62e-95	206	Merluccius bilinearis	ray-finned fishes	silver hake
56a896c683b7de1443eda02b20b70fed	gi|2571476436|gb|OR499725.1|	99.515	3.36e-99	206	Merluccius bilinearis	ray-finned fishes	silver hake
56a896c683b7de1443eda02b20b70fed	gi|3211598001|gb|PZ091031.1|	99.515	3.36e-99	206	Merluccius bilinearis	ray-finned fishes	silver hake
56a896c683b7de1443eda02b20b70fed	gi|3211597805|gb|PZ091017.1|	99.515	3.36e-99	206	Merluccius bilinearis	ray-finned fishes	silver hake
56a896c683b7de1443eda02b20b70fed	gi|3053320529|gb|PX070008.1|	99.029	1.56e-97	206	Merluccius bilinearis	ray-finned fishes	silver hake
56a896c683b7de1443eda02b20b70fed	gi|3211597665|gb|PZ091007.1|	99.029	5.63e-97	206	Merluccius bilinearis	ray-finned fishes	silver hake
cb1b50632a7a49bb5bc29590781ca61c	gi|1790179376|dbj|LC493910.1|	99.020	2.00e-96	204	Sebastes mentella	ray-finned fishes	deepwater redfish
cb1b50632a7a49bb5bc29590781ca61c	gi|2882954847|gb|PQ858634.1|	99.020	2.00e-96	204	Sebastes mentella	ray-finned fishes	deepwater redfish
cb1b50632a7a49bb5bc29590781ca61c	gi|3042815862|gb|PX119169.1|	98.529	9.31e-95	204	Sebastes paucispinis	ray-finned fishes	bocaccio
cb1b50632a7a49bb5bc29590781ca61c	gi|3042815848|gb|PX119168.1|	98.529	9.31e-95	204	Sebastes paucispinis	ray-finned fishes	bocaccio
cb1b50632a7a49bb5bc29590781ca61c	gi|3042815806|gb|PX119165.1|	98.529	9.31e-95	204	Sebastes brevispinis	ray-finned fishes	silvergray rockfish
8417a391222657dee39979b53e6c85f0	gi|261263585|gb|GQ288478.1|	95.288	1.61e-77	191	Gilbertaster anacanthus	starfish	Gilbertaster anacanthus
8417a391222657dee39979b53e6c85f0	gi|261263592|gb|GQ288485.1|	93.137	7.49e-76	204	Gilbertaster caribaea	starfish	Gilbertaster caribaea
8417a391222657dee39979b53e6c85f0	gi|3064558713|gb|PX413461.1|	89.216	5.91e-62	204	Atheraster arandae	starfish	Atheraster arandae
8417a391222657dee39979b53e6c85f0	gi|2026153997|ref|NC_054228.1|	80.288	7.98e-31	208	Iconaster longimanus	starfish	Iconaster longimanus
8417a391222657dee39979b53e6c85f0	gi|2843360756|gb|PQ424523.1|	79.327	6.21e-27	208	Glabraster antarctica	starfish	Glabraster antarctica
e2c679e4709fa6a1ff04471eff52d580	gi|1279124608|gb|MF807895.1|	100.000	1.24e-05	35	Nidirana pleuraden	frogs & toads	Yunnan pond frog
e2c679e4709fa6a1ff04471eff52d580	gi|1279124607|gb|MF807894.1|	100.000	1.24e-05	35	Nidirana pleuraden	frogs & toads	Yunnan pond frog
e2c679e4709fa6a1ff04471eff52d580	gi|169665021|gb|EU341086.1|	100.000	4.46e-05	34	Anodonthyla rouxae	frogs & toads	Madagascar climbing frog
e2c679e4709fa6a1ff04471eff52d580	gi|148524037|gb|EF566970.1|	97.143	5.77e-04	35	Acris crepitans	frogs & toads	northern cricket frog
e2c679e4709fa6a1ff04471eff52d580	gi|148524036|gb|EF566969.1|	97.143	5.77e-04	35	Acris crepitans	frogs & toads	northern cricket frog
a25440948359de6ab5eaccaac4af1a1b	gi|571431828|gb|KC747671.1|	100.000	3.12e-04	32	Styloctenium wallacei	bats	Sulawesi stripe-faced fruit bat
a25440948359de6ab5eaccaac4af1a1b	gi|571431827|gb|KC747670.1|	100.000	3.12e-04	32	Thoopterus nigrescens	bats	swift fruit bat
a25440948359de6ab5eaccaac4af1a1b	gi|2167950074|emb|OV277463.1|	100.000	3.12e-04	32	Meles meles	carnivores	Eurasian badger
a25440948359de6ab5eaccaac4af1a1b	gi|349733690|gb|JN398194.1|	100.000	3.12e-04	32	Styloctenium mindorense	bats	Mindoro stripe-faced fruit bat
a25440948359de6ab5eaccaac4af1a1b	gi|7339798|gb|AF173598.1|AF173598	100.000	3.12e-04	32	Anthracothorax nigricollis	birds	black-throated mango
25ff62135659cdc396078b274fd3c7cb	gi|2259493815|emb|OW836641.1|	79.433	4.21e-45	282	uncultured fungus	fungi	uncultured fungus
25ff62135659cdc396078b274fd3c7cb	gi|2259493659|emb|OW836558.1|	79.021	5.45e-44	286	uncultured fungus	fungi	uncultured fungus
25ff62135659cdc396078b274fd3c7cb	gi|2259393484|emb|OW837426.1|	79.478	2.54e-42	268	uncultured fungus	fungi	uncultured fungus
25ff62135659cdc396078b274fd3c7cb	gi|1279124608|gb|MF807895.1|	100.000	1.24e-05	35	Nidirana pleuraden	frogs & toads	Yunnan pond frog
25ff62135659cdc396078b274fd3c7cb	gi|1279124607|gb|MF807894.1|	100.000	1.24e-05	35	Nidirana pleuraden	frogs & toads	Yunnan pond frog
7072b565c354db7eb9fba2ef3429bbaf	gi|2843360896|gb|PQ424533.1|	84.615	4.75e-48	208	Smilasterias triremis	starfish	Smilasterias triremis
7072b565c354db7eb9fba2ef3429bbaf	gi|2843360770|gb|PQ424524.1|	78.571	8.18e-26	210	Granaster nutrix	starfish	Granaster nutrix
7072b565c354db7eb9fba2ef3429bbaf	gi|2248512696|ref|NC_063787.1|	78.302	1.06e-24	212	Coscinasterias acutispina	starfish	Coscinasterias acutispina
7072b565c354db7eb9fba2ef3429bbaf	gi|2232175652|gb|MZ702702.1|	77.033	8.24e-21	209	Paulasterias sp. SS-2022	starfish	Paulasterias sp. SS-2022
7072b565c354db7eb9fba2ef3429bbaf	gi|90018506|gb|DQ377826.1|	76.923	2.96e-20	208	Stichaster australis	starfish	Stichaster australis
ab5674e968a5627c9f51d18674dc61fa	gi|3057000066|gb|PX272339.1|	99.034	4.38e-98	207	Homo sapiens	primates	human
ab5674e968a5627c9f51d18674dc61fa	gi|2956673962|gb|PV521805.1|	99.034	4.38e-98	207	Homo sapiens	primates	human
ab5674e968a5627c9f51d18674dc61fa	gi|3065318004|gb|PX402893.1|	99.034	4.38e-98	207	Homo sapiens	primates	human
ab5674e968a5627c9f51d18674dc61fa	gi|3065317990|gb|PX402892.1|	99.034	4.38e-98	207	Homo sapiens	primates	human
ab5674e968a5627c9f51d18674dc61fa	gi|3065317976|gb|PX402891.1|	99.034	4.38e-98	207	Homo sapiens	primates	human
1e3f325a50c6dfe81dd4013a89dbd8b3	gi|2989059643|gb|PV710553.1|	99.512	1.20e-98	205	Ammodytes dubius	ray-finned fishes	northern sand lance
1e3f325a50c6dfe81dd4013a89dbd8b3	gi|2989059629|gb|PV710552.1|	99.512	1.20e-98	205	Ammodytes dubius	ray-finned fishes	northern sand lance
1e3f325a50c6dfe81dd4013a89dbd8b3	gi|2949335892|gb|PV423377.1|	99.512	1.20e-98	205	Ammodytes dubius	ray-finned fishes	northern sand lance
1e3f325a50c6dfe81dd4013a89dbd8b3	gi|959122913|ref|NC_028529.1|	99.512	1.20e-98	205	Ammodytes dubius	ray-finned fishes	northern sand lance
1e3f325a50c6dfe81dd4013a89dbd8b3	gi|2989059657|gb|PV710554.1|	99.024	5.59e-97	205	Ammodytes dubius	ray-finned fishes	northern sand lance
9b40508126d8ee6c6fa0152dff814338	gi|1798183348|emb|LR745847.1|	97.525	2.61e-90	202	Asterias rubens	starfish	European starfish
9b40508126d8ee6c6fa0152dff814338	gi|2567033648|gb|OR473298.1|	94.059	1.23e-78	202	Asterias amurensis	starfish	Northern Pacific seastar
9b40508126d8ee6c6fa0152dff814338	gi|2582205361|gb|CP134956.1|	94.059	1.23e-78	202	Asterias amurensis	starfish	Northern Pacific seastar
9b40508126d8ee6c6fa0152dff814338	gi|2499155095|gb|OP747303.1|	94.059	1.23e-78	202	Asterias amurensis	starfish	Northern Pacific seastar
9b40508126d8ee6c6fa0152dff814338	gi|2499155067|gb|OP747301.1|	94.059	1.23e-78	202	Asterias amurensis	starfish	Northern Pacific seastar
7412735b0a83f20d819a6c76aef341b7	gi|2994737912|gb|PV656772.1|	99.029	1.56e-97	206	Melanogrammus aeglefinus	ray-finned fishes	haddock
7412735b0a83f20d819a6c76aef341b7	gi|2994737898|gb|PV656771.1|	99.029	1.56e-97	206	Melanogrammus aeglefinus	ray-finned fishes	haddock
7412735b0a83f20d819a6c76aef341b7	gi|2994737884|gb|PV656770.1|	99.029	1.56e-97	206	Melanogrammus aeglefinus	ray-finned fishes	haddock
7412735b0a83f20d819a6c76aef341b7	gi|124377065|emb|AM489717.1|	99.029	1.56e-97	206	Melanogrammus aeglefinus	ray-finned fishes	haddock
7412735b0a83f20d819a6c76aef341b7	gi|94481723|gb|DQ356942.1|	99.029	1.56e-97	206	Melanogrammus aeglefinus	ray-finned fishes	haddock
bd6bedd1d013c91b5a3d3768eab0c96e	gi|1540304408|gb|MH688244.1|	95.349	3.43e-06	43	Aperioptus gracilentus	ray-finned fishes	Aperioptus gracilentus
bd6bedd1d013c91b5a3d3768eab0c96e	gi|2064684336|dbj|LC640023.1|	95.349	3.43e-06	43	Paraplagusia japonica	ray-finned fishes	black cow-tongue
bd6bedd1d013c91b5a3d3768eab0c96e	gi|511347697|ref|NC_021376.1|	95.349	3.43e-06	43	Paraplagusia japonica	ray-finned fishes	black cow-tongue
bd6bedd1d013c91b5a3d3768eab0c96e	gi|1918448007|dbj|LC579409.1|	95.349	3.43e-06	43	Paraplagusia japonica	ray-finned fishes	black cow-tongue
bd6bedd1d013c91b5a3d3768eab0c96e	gi|1835269738|gb|MN917497.1|	93.023	1.60e-04	43	Paratelmatobius cardosoi	frogs & toads	Paratelmatobius cardosoi
4ecbadfa109d43d0138a7b98e6211675	gi|1790179376|dbj|LC493910.1|	99.020	2.00e-96	204	Sebastes mentella	ray-finned fishes	deepwater redfish
4ecbadfa109d43d0138a7b98e6211675	gi|2882954847|gb|PQ858634.1|	99.020	2.00e-96	204	Sebastes mentella	ray-finned fishes	deepwater redfish
4ecbadfa109d43d0138a7b98e6211675	gi|3042815862|gb|PX119169.1|	98.529	9.31e-95	204	Sebastes paucispinis	ray-finned fishes	bocaccio
4ecbadfa109d43d0138a7b98e6211675	gi|3042815848|gb|PX119168.1|	98.529	9.31e-95	204	Sebastes paucispinis	ray-finned fishes	bocaccio
4ecbadfa109d43d0138a7b98e6211675	gi|3042815806|gb|PX119165.1|	98.529	9.31e-95	204	Sebastes brevispinis	ray-finned fishes	silvergray rockfish
dac0023ca2f07bc93eb214af67e5c645	gi|2994737912|gb|PV656772.1|	99.029	1.56e-97	206	Melanogrammus aeglefinus	ray-finned fishes	haddock
dac0023ca2f07bc93eb214af67e5c645	gi|2994737898|gb|PV656771.1|	99.029	1.56e-97	206	Melanogrammus aeglefinus	ray-finned fishes	haddock
dac0023ca2f07bc93eb214af67e5c645	gi|2994737884|gb|PV656770.1|	99.029	1.56e-97	206	Melanogrammus aeglefinus	ray-finned fishes	haddock
dac0023ca2f07bc93eb214af67e5c645	gi|124377065|emb|AM489717.1|	99.029	1.56e-97	206	Melanogrammus aeglefinus	ray-finned fishes	haddock
dac0023ca2f07bc93eb214af67e5c645	gi|94481723|gb|DQ356942.1|	99.029	1.56e-97	206	Melanogrammus aeglefinus	ray-finned fishes	haddock
7ea0f806a9874b8766d2a87004631497	gi|3057012933|gb|PX273259.1|	99.034	4.38e-98	207	Homo sapiens	primates	human
7ea0f806a9874b8766d2a87004631497	gi|3057012919|gb|PX273258.1|	99.034	4.38e-98	207	Homo sapiens	primates	human
7ea0f806a9874b8766d2a87004631497	gi|3057012905|gb|PX273257.1|	99.034	4.38e-98	207	Homo sapiens	primates	human
7ea0f806a9874b8766d2a87004631497	gi|3057012891|gb|PX273256.1|	99.034	4.38e-98	207	Homo sapiens	primates	human
7ea0f806a9874b8766d2a87004631497	gi|3057012877|gb|PX273255.1|	99.034	4.38e-98	207	Homo sapiens	primates	human
78f075223451f694d57c673c583ae99a	gi|3024664543|gb|PV919170.1|	98.174	2.16e-101	219	Lamna nasus	sharks & rays	Lamna nasus
78f075223451f694d57c673c583ae99a	gi|1150149431|ref|NC_033911.1|	98.174	2.16e-101	219	Lamna nasus	sharks & rays	Lamna nasus
78f075223451f694d57c673c583ae99a	gi|2119742818|gb|MF150045.1|	98.174	2.16e-101	219	Lamna nasus	sharks & rays	Lamna nasus
78f075223451f694d57c673c583ae99a	gi|1871283157|gb|MT410902.1|	98.174	2.16e-101	219	Lamna nasus	sharks & rays	Lamna nasus
78f075223451f694d57c673c583ae99a	gi|37722034|gb|AY147896.1|	98.174	2.16e-101	219	Lamna nasus	sharks & rays	Lamna nasus
fcfd46a2baf5647646b9bf5766fdfbb0	gi|2635771614|gb|ON257910.1|	99.515	3.36e-99	206	Balaenoptera musculus	whales & dolphins	blue whale
fcfd46a2baf5647646b9bf5766fdfbb0	gi|2635771600|gb|ON257909.1|	99.515	3.36e-99	206	Balaenoptera musculus	whales & dolphins	blue whale
fcfd46a2baf5647646b9bf5766fdfbb0	gi|2635771586|gb|ON257908.1|	99.515	3.36e-99	206	Balaenoptera musculus	whales & dolphins	blue whale
fcfd46a2baf5647646b9bf5766fdfbb0	gi|2635771572|gb|ON257907.1|	99.515	3.36e-99	206	Balaenoptera musculus	whales & dolphins	blue whale
fcfd46a2baf5647646b9bf5766fdfbb0	gi|2635771544|gb|ON257905.1|	99.515	3.36e-99	206	Balaenoptera musculus	whales & dolphins	blue whale
5b999721745683fd6a113f4493a298d0	gi|2882954833|gb|PQ858633.1|	99.020	2.00e-96	204	Sebastes mentella	ray-finned fishes	deepwater redfish
5b999721745683fd6a113f4493a298d0	gi|2882954819|gb|PQ858632.1|	99.020	2.00e-96	204	Sebastes mentella	ray-finned fishes	deepwater redfish
5b999721745683fd6a113f4493a298d0	gi|2882954805|gb|PQ858631.1|	99.020	2.00e-96	204	Sebastes fasciatus	ray-finned fishes	Acadian redfish
5b999721745683fd6a113f4493a298d0	gi|2882954791|gb|PQ858630.1|	99.020	2.00e-96	204	Sebastes fasciatus	ray-finned fishes	Acadian redfish
5b999721745683fd6a113f4493a298d0	gi|2882954777|gb|PQ858629.1|	99.020	2.00e-96	204	Sebastes fasciatus	ray-finned fishes	Acadian redfish
911fb470275d902436a476c9da32c5af	gi|410060980|gb|JX174058.1|	91.289	1.80e-103	287	uncultured Cymbella	diatoms	uncultured Cymbella
911fb470275d902436a476c9da32c5af	gi|1747451133|ref|NC_044758.1|	89.547	3.93e-95	287	Hapterophycus canaliculatus	brown algae	Hapterophycus canaliculatus
911fb470275d902436a476c9da32c5af	gi|2604803856|emb|OY751556.1|	88.732	3.95e-90	284	Caenorhabditis doughertyi	nematodes	Caenorhabditis doughertyi
911fb470275d902436a476c9da32c5af	gi|2259389104|emb|OW836383.1|	88.421	5.12e-89	285	uncultured fungus	fungi	uncultured fungus
911fb470275d902436a476c9da32c5af	gi|926657240|dbj|LC000744.1|	88.421	5.12e-89	285	Lucina environmental sample	bivalves	Lucina environmental sample
42603638f48841ab96e32ee83addb040	gi|2689257695|gb|OR813049.1|	97.696	1.29e-98	217	Amblyraja radiata	sharks & rays	thorny skate
42603638f48841ab96e32ee83addb040	gi|2689257681|gb|OR813048.1|	97.696	1.29e-98	217	Amblyraja radiata	sharks & rays	thorny skate
42603638f48841ab96e32ee83addb040	gi|2689257667|gb|OR813047.1|	97.696	1.29e-98	217	Amblyraja radiata	sharks & rays	thorny skate
42603638f48841ab96e32ee83addb040	gi|2689257653|gb|OR813046.1|	97.696	1.29e-98	217	Amblyraja radiata	sharks & rays	thorny skate
42603638f48841ab96e32ee83addb040	gi|2689257639|gb|OR813045.1|	97.696	1.29e-98	217	Amblyraja radiata	sharks & rays	thorny skate
4cb03e781369a2741d2655869279295e	gi|1825511885|gb|MT103914.1|	99.024	5.59e-97	205	Hippoglossoides platessoides	ray-finned fishes	American plaice
4cb03e781369a2741d2655869279295e	gi|1799624449|gb|MN122825.1|	99.024	5.59e-97	205	Hippoglossoides platessoides	ray-finned fishes	American plaice
4cb03e781369a2741d2655869279295e	gi|2995380200|gb|PV748024.1|	99.024	5.59e-97	205	Hippoglossoides elassodon	ray-finned fishes	flathead sole
4cb03e781369a2741d2655869279295e	gi|2587926775|ref|NC_082804.1|	99.024	5.59e-97	205	Hippoglossoides elassodon	ray-finned fishes	flathead sole
4cb03e781369a2741d2655869279295e	gi|2587926284|ref|NC_082769.1|	99.024	5.59e-97	205	Hippoglossoides robustus	ray-finned fishes	Bering flounder
459702bccd4baaac7a444b08e668b3d0	gi|2452630836|ref|NC_071876.1|	99.134	2.30e-111	231	Ctenodiscus crispatus	starfish	Ctenodiscus crispatus
459702bccd4baaac7a444b08e668b3d0	gi|2843360756|gb|PQ424523.1|	79.699	5.69e-13	133	Glabraster antarctica	starfish	Glabraster antarctica
459702bccd4baaac7a444b08e668b3d0	gi|2647705888|gb|PP118494.1|	96.000	9.51e-11	50	Astroblepus sp.	ray-finned fishes	Astroblepus sp.
459702bccd4baaac7a444b08e668b3d0	gi|2591482202|ref|NC_083180.1|	94.340	3.42e-10	53	Ophidion muraenolepis	ray-finned fishes	blackedge cusk
459702bccd4baaac7a444b08e668b3d0	gi|3064603819|gb|PX416011.1|	89.062	1.23e-09	64	Galeocharax aff. gulo	ray-finned fishes	Galeocharax aff. gulo
f2ad7536c5b51e6f51ba5ac4b47d453f	gi|1802566647|gb|MN714199.1|	99.510	4.30e-98	204	Bos taurus	even-toed ungulates & whales	domestic cattle
f2ad7536c5b51e6f51ba5ac4b47d453f	gi|1736209375|gb|MN200924.1|	99.510	4.30e-98	204	Bos taurus	even-toed ungulates & whales	domestic cattle
f2ad7536c5b51e6f51ba5ac4b47d453f	gi|1736208619|gb|MN200870.1|	99.510	4.30e-98	204	Bos taurus	even-toed ungulates & whales	domestic cattle
f2ad7536c5b51e6f51ba5ac4b47d453f	gi|1736208129|gb|MN200835.1|	99.510	4.30e-98	204	Bos taurus	even-toed ungulates & whales	domestic cattle
f2ad7536c5b51e6f51ba5ac4b47d453f	gi|1736207989|gb|MN200825.1|	99.510	4.30e-98	204	Bos taurus	even-toed ungulates & whales	domestic cattle
56edee6c789915dd8b6f9e4921c6de6c	gi|1540304408|gb|MH688244.1|	95.349	3.42e-06	43	Aperioptus gracilentus	ray-finned fishes	Aperioptus gracilentus
56edee6c789915dd8b6f9e4921c6de6c	gi|2064684336|dbj|LC640023.1|	95.349	3.42e-06	43	Paraplagusia japonica	ray-finned fishes	black cow-tongue
56edee6c789915dd8b6f9e4921c6de6c	gi|511347697|ref|NC_021376.1|	95.349	3.42e-06	43	Paraplagusia japonica	ray-finned fishes	black cow-tongue
56edee6c789915dd8b6f9e4921c6de6c	gi|1918448007|dbj|LC579409.1|	95.349	3.42e-06	43	Paraplagusia japonica	ray-finned fishes	black cow-tongue
56edee6c789915dd8b6f9e4921c6de6c	gi|1835269738|gb|MN917497.1|	93.023	1.59e-04	43	Paratelmatobius cardosoi	frogs & toads	Paratelmatobius cardosoi
d89558e38494fe998e9a227ef38720ff	gi|2692953615|ref|NC_086796.1|	98.529	9.31e-95	204	Zoarces americanus	ray-finned fishes	ocean pout
d89558e38494fe998e9a227ef38720ff	gi|3139203650|gb|PX719005.1|	98.529	9.31e-95	204	Zoarces americanus	ray-finned fishes	ocean pout
d89558e38494fe998e9a227ef38720ff	gi|3139210563|gb|PX740847.1|	98.039	4.33e-93	204	Zoarces americanus	ray-finned fishes	ocean pout
d89558e38494fe998e9a227ef38720ff	gi|2724829064|ref|NC_088490.1|	97.549	2.01e-91	204	Zoarces viviparus	ray-finned fishes	viviparous blenny
d89558e38494fe998e9a227ef38720ff	gi|1788585388|gb|MN883214.1|	98.469	2.61e-90	196	Zoarces americanus	ray-finned fishes	ocean pout
7a9805189bf33e6385c458dce2899989	gi|1798183348|emb|LR745847.1|	98.515	1.20e-93	202	Asterias rubens	starfish	European starfish
7a9805189bf33e6385c458dce2899989	gi|2567033648|gb|OR473298.1|	94.059	1.23e-78	202	Asterias amurensis	starfish	Northern Pacific seastar
7a9805189bf33e6385c458dce2899989	gi|2582205361|gb|CP134956.1|	94.059	1.23e-78	202	Asterias amurensis	starfish	Northern Pacific seastar
7a9805189bf33e6385c458dce2899989	gi|2582205361|gb|CP134956.1|	97.059	8.00e-21	68	Asterias amurensis	starfish	Northern Pacific seastar
7a9805189bf33e6385c458dce2899989	gi|2499155095|gb|OP747303.1|	94.059	1.23e-78	202	Asterias amurensis	starfish	Northern Pacific seastar
7a9805189bf33e6385c458dce2899989	gi|2499155067|gb|OP747301.1|	94.059	1.23e-78	202	Asterias amurensis	starfish	Northern Pacific seastar
f411abe396da76aa8fdc98e9a38bf9d2	gi|1798183348|emb|LR745847.1|	98.515	1.20e-93	202	Asterias rubens	starfish	European starfish
f411abe396da76aa8fdc98e9a38bf9d2	gi|2567033648|gb|OR473298.1|	95.050	5.68e-82	202	Asterias amurensis	starfish	Northern Pacific seastar
f411abe396da76aa8fdc98e9a38bf9d2	gi|2582205361|gb|CP134956.1|	95.050	5.68e-82	202	Asterias amurensis	starfish	Northern Pacific seastar
f411abe396da76aa8fdc98e9a38bf9d2	gi|2582205361|gb|CP134956.1|	97.059	8.00e-21	68	Asterias amurensis	starfish	Northern Pacific seastar
f411abe396da76aa8fdc98e9a38bf9d2	gi|2499155095|gb|OP747303.1|	95.050	5.68e-82	202	Asterias amurensis	starfish	Northern Pacific seastar
f411abe396da76aa8fdc98e9a38bf9d2	gi|2499155067|gb|OP747301.1|	95.050	5.68e-82	202	Asterias amurensis	starfish	Northern Pacific seastar
7ed07cf2c659e7f76eec0c1be6844706	gi|1540304408|gb|MH688244.1|	93.023	1.60e-04	43	Aperioptus gracilentus	ray-finned fishes	Aperioptus gracilentus
7ed07cf2c659e7f76eec0c1be6844706	gi|2064684336|dbj|LC640023.1|	93.023	1.60e-04	43	Paraplagusia japonica	ray-finned fishes	black cow-tongue
7ed07cf2c659e7f76eec0c1be6844706	gi|511347697|ref|NC_021376.1|	93.023	1.60e-04	43	Paraplagusia japonica	ray-finned fishes	black cow-tongue
7ed07cf2c659e7f76eec0c1be6844706	gi|1918448007|dbj|LC579409.1|	93.023	1.60e-04	43	Paraplagusia japonica	ray-finned fishes	black cow-tongue
7ed07cf2c659e7f76eec0c1be6844706	gi|169665021|gb|EU341086.1|	97.143	5.75e-04	35	Anodonthyla rouxae	frogs & toads	Madagascar climbing frog
31612da9b96a33bf3e5be16cc3903557	gi|2259492712|emb|OW835235.1|	85.211	1.88e-73	284	uncultured fungus	fungi	uncultured fungus
31612da9b96a33bf3e5be16cc3903557	gi|2259492656|emb|OW835179.1|	83.099	1.91e-63	284	uncultured fungus	fungi	uncultured fungus
31612da9b96a33bf3e5be16cc3903557	gi|2259415359|emb|OW842572.1|	82.867	8.87e-62	286	uncultured Ascomycota	ascomycete fungi	uncultured Ascomycota
31612da9b96a33bf3e5be16cc3903557	gi|2259141895|emb|OW834639.1|	82.230	1.92e-58	287	uncultured fungus	fungi	uncultured fungus
31612da9b96a33bf3e5be16cc3903557	gi|1418585012|ref|NC_037952.1|	81.379	1.16e-55	290	Triosteum pinnatifidum	eudicots	Triosteum pinnatifidum
31612da9b96a33bf3e5be16cc3903557	gi|1418585012|ref|NC_037952.1|	81.229	1.16e-55	293	Triosteum pinnatifidum	eudicots	Triosteum pinnatifidum
618a6114df29cbeec61f7d03a1321756	gi|1824664091|ref|NC_046485.1|	100.000	9.31e-05	33	Hydrictis maculicollis	carnivores	Spotted-necked otter
618a6114df29cbeec61f7d03a1321756	gi|1824664077|ref|NC_046484.1|	100.000	9.31e-05	33	Aonyx capensis	carnivores	African clawless otter
618a6114df29cbeec61f7d03a1321756	gi|3035062583|emb|OZ291576.1|	100.000	9.31e-05	33	Rangifer tarandus	even-toed ungulates & whales	reindeer
618a6114df29cbeec61f7d03a1321756	gi|3034439884|emb|OZ289199.1|	100.000	9.31e-05	33	Rangifer tarandus	even-toed ungulates & whales	reindeer
618a6114df29cbeec61f7d03a1321756	gi|1771909800|dbj|LC094961.1|	100.000	9.31e-05	33	Lutra lutra	carnivores	Eurasian river otter
6fb836ca36aeb497f956b0b378925dd8	gi|2018537049|gb|MW818210.1|	99.519	2.63e-100	208	Clupea harengus	ray-finned fishes	Atlantic herring
6fb836ca36aeb497f956b0b378925dd8	gi|426260451|gb|KC193765.1|	99.519	2.63e-100	208	Clupea harengus	ray-finned fishes	Atlantic herring
6fb836ca36aeb497f956b0b378925dd8	gi|426260367|gb|KC193759.1|	99.519	2.63e-100	208	Clupea harengus	ray-finned fishes	Atlantic herring
6fb836ca36aeb497f956b0b378925dd8	gi|426260199|gb|KC193747.1|	99.519	2.63e-100	208	Clupea harengus	ray-finned fishes	Atlantic herring
6fb836ca36aeb497f956b0b378925dd8	gi|426260059|gb|KC193737.1|	99.519	2.63e-100	208	Clupea harengus	ray-finned fishes	Atlantic herring
bd628c2ba8c4523e0b6f3fbda5c07974	gi|1693290266|ref|NC_042741.1|	88.614	3.45e-59	202	Pisaster ochraceus	starfish	purple sea star
bd628c2ba8c4523e0b6f3fbda5c07974	gi|726972397|ref|NC_025766.1|	86.207	7.53e-51	203	Aphelasterias japonica	starfish	Aphelasterias japonica
bd628c2ba8c4523e0b6f3fbda5c07974	gi|2567033649|gb|OR473299.1|	82.927	2.75e-40	205	Marthasterias glacialis	starfish	spiny starfish
bd628c2ba8c4523e0b6f3fbda5c07974	gi|2076208768|emb|OU452241.1|	82.927	2.75e-40	205	Marthasterias glacialis	starfish	spiny starfish
bd628c2ba8c4523e0b6f3fbda5c07974	gi|2499155081|gb|OP747302.1|	81.773	7.69e-36	203	Asterias amurensis	starfish	Northern Pacific seastar
01367d6eb37b11f2baf8e74aaec5ca73	gi|726972397|ref|NC_025766.1|	95.050	5.68e-82	202	Aphelasterias japonica	starfish	Aphelasterias japonica
01367d6eb37b11f2baf8e74aaec5ca73	gi|2499155081|gb|OP747302.1|	84.314	2.78e-45	204	Asterias amurensis	starfish	Northern Pacific seastar
01367d6eb37b11f2baf8e74aaec5ca73	gi|1693290266|ref|NC_042741.1|	84.158	9.99e-45	202	Pisaster ochraceus	starfish	purple sea star
01367d6eb37b11f2baf8e74aaec5ca73	gi|1798183348|emb|LR745847.1|	83.824	1.29e-43	204	Asterias rubens	starfish	European starfish
01367d6eb37b11f2baf8e74aaec5ca73	gi|2567033648|gb|OR473298.1|	83.824	1.29e-43	204	Asterias amurensis	starfish	Northern Pacific seastar
519a823bc6eb4ee51c5e02b3d71b5f92	gi|2663409612|emb|OZ004779.1|	99.029	1.56e-97	206	Phocoena phocoena	whales & dolphins	harbor porpoise
519a823bc6eb4ee51c5e02b3d71b5f92	gi|2227918468|gb|MT874476.1|	99.029	1.56e-97	206	Phocoena phocoena	whales & dolphins	harbor porpoise
519a823bc6eb4ee51c5e02b3d71b5f92	gi|38707464|ref|NC_005280.1|	99.029	1.56e-97	206	Phocoena phocoena	whales & dolphins	harbor porpoise
519a823bc6eb4ee51c5e02b3d71b5f92	gi|1278209018|gb|MF669494.1|	98.544	7.28e-96	206	Phocoena phocoena	whales & dolphins	harbor porpoise
519a823bc6eb4ee51c5e02b3d71b5f92	gi|1278209004|gb|MF669493.1|	98.544	7.28e-96	206	Phocoena phocoena	whales & dolphins	harbor porpoise
0ebd6676aab13a56c2cc83d56c375df5	gi|1798183348|emb|LR745847.1|	98.515	1.20e-93	202	Asterias rubens	starfish	European starfish
0ebd6676aab13a56c2cc83d56c375df5	gi|2567033648|gb|OR473298.1|	94.059	1.23e-78	202	Asterias amurensis	starfish	Northern Pacific seastar
0ebd6676aab13a56c2cc83d56c375df5	gi|2582205361|gb|CP134956.1|	94.059	1.23e-78	202	Asterias amurensis	starfish	Northern Pacific seastar
0ebd6676aab13a56c2cc83d56c375df5	gi|2582205361|gb|CP134956.1|	94.118	1.73e-17	68	Asterias amurensis	starfish	Northern Pacific seastar
0ebd6676aab13a56c2cc83d56c375df5	gi|2499155095|gb|OP747303.1|	94.059	1.23e-78	202	Asterias amurensis	starfish	Northern Pacific seastar
0ebd6676aab13a56c2cc83d56c375df5	gi|2499155067|gb|OP747301.1|	94.059	1.23e-78	202	Asterias amurensis	starfish	Northern Pacific seastar
b9d1eb4b38504da54274b1cfcca992bb	gi|1835269738|gb|MN917497.1|	85.135	6.99e-07	74	Paratelmatobius cardosoi	frogs & toads	Paratelmatobius cardosoi
b9d1eb4b38504da54274b1cfcca992bb	gi|1251775573|gb|MF947452.1|	77.037	6.99e-07	135	Plenaster craigi	sponges	Plenaster craigi
b9d1eb4b38504da54274b1cfcca992bb	gi|1279124608|gb|MF807895.1|	87.719	3.25e-05	57	Nidirana pleuraden	frogs & toads	Yunnan pond frog
b9d1eb4b38504da54274b1cfcca992bb	gi|1279124607|gb|MF807894.1|	87.719	3.25e-05	57	Nidirana pleuraden	frogs & toads	Yunnan pond frog
b9d1eb4b38504da54274b1cfcca992bb	gi|1540304408|gb|MH688244.1|	93.023	1.17e-04	43	Aperioptus gracilentus	ray-finned fishes	Aperioptus gracilentus
066549036d62b855cd6f3adaef16da4c	gi|2580315087|gb|OR582675.1|	98.049	1.22e-93	205	Nezumia sclerorhynchus	ray-finned fishes	roughtip grenadier
066549036d62b855cd6f3adaef16da4c	gi|2582032130|gb|OR603896.1|	96.585	4.41e-88	205	Nezumia convergens	ray-finned fishes	Peruvian grenadier
066549036d62b855cd6f3adaef16da4c	gi|3139171153|gb|PX560184.1|	96.585	4.41e-88	205	Nezumia convergens	ray-finned fishes	Peruvian grenadier
066549036d62b855cd6f3adaef16da4c	gi|2580316518|gb|OR575605.1|	95.610	9.55e-85	205	Nezumia stelgidolepis	ray-finned fishes	California grenadier
066549036d62b855cd6f3adaef16da4c	gi|2580315018|gb|OR582670.1|	95.610	9.55e-85	205	Nezumia stelgidolepis	ray-finned fishes	California grenadier
51360715445e5cc9175b8c010cc69725	gi|1798183348|emb|LR745847.1|	98.515	1.20e-93	202	Asterias rubens	starfish	European starfish
51360715445e5cc9175b8c010cc69725	gi|2567033648|gb|OR473298.1|	95.050	5.68e-82	202	Asterias amurensis	starfish	Northern Pacific seastar
51360715445e5cc9175b8c010cc69725	gi|2582205361|gb|CP134956.1|	95.050	5.68e-82	202	Asterias amurensis	starfish	Northern Pacific seastar
51360715445e5cc9175b8c010cc69725	gi|2582205361|gb|CP134956.1|	97.059	8.00e-21	68	Asterias amurensis	starfish	Northern Pacific seastar
51360715445e5cc9175b8c010cc69725	gi|2499155095|gb|OP747303.1|	95.050	5.68e-82	202	Asterias amurensis	starfish	Northern Pacific seastar
51360715445e5cc9175b8c010cc69725	gi|2499155067|gb|OP747301.1|	95.050	5.68e-82	202	Asterias amurensis	starfish	Northern Pacific seastar
def7c6d63795f4db84d84b62a3d37362	gi|2259492687|emb|OW835210.1|	95.070	3.79e-120	284	uncultured fungus	fungi	uncultured fungus
def7c6d63795f4db84d84b62a3d37362	gi|2259141778|emb|OW834522.1|	94.366	8.20e-117	284	uncultured fungus	fungi	uncultured fungus
def7c6d63795f4db84d84b62a3d37362	gi|2259392349|emb|OW837222.1|	89.085	8.50e-92	284	uncultured fungus	fungi	uncultured fungus
def7c6d63795f4db84d84b62a3d37362	gi|2259140839|emb|OW834139.1|	88.462	5.12e-89	286	uncultured fungus	fungi	uncultured fungus
def7c6d63795f4db84d84b62a3d37362	gi|2259142013|emb|OW834713.1|	86.861	6.71e-78	274	uncultured fungus	fungi	uncultured fungus
5f84777a376bd1702ae00a0f3fff1f70	gi|1798183348|emb|LR745847.1|	98.515	1.20e-93	202	Asterias rubens	starfish	European starfish
5f84777a376bd1702ae00a0f3fff1f70	gi|2567033648|gb|OR473298.1|	94.059	1.23e-78	202	Asterias amurensis	starfish	Northern Pacific seastar
5f84777a376bd1702ae00a0f3fff1f70	gi|2582205361|gb|CP134956.1|	94.059	1.23e-78	202	Asterias amurensis	starfish	Northern Pacific seastar
5f84777a376bd1702ae00a0f3fff1f70	gi|2582205361|gb|CP134956.1|	95.588	3.72e-19	68	Asterias amurensis	starfish	Northern Pacific seastar
5f84777a376bd1702ae00a0f3fff1f70	gi|2499155095|gb|OP747303.1|	94.059	1.23e-78	202	Asterias amurensis	starfish	Northern Pacific seastar
5f84777a376bd1702ae00a0f3fff1f70	gi|2499155067|gb|OP747301.1|	94.059	1.23e-78	202	Asterias amurensis	starfish	Northern Pacific seastar
b19f7edf2b4ef9d51a3af19b2473c043	gi|290758363|gb|GU810024.1|	99.517	9.40e-100	207	Homo sapiens	primates	human
b19f7edf2b4ef9d51a3af19b2473c043	gi|3057012933|gb|PX273259.1|	99.034	4.38e-98	207	Homo sapiens	primates	human
b19f7edf2b4ef9d51a3af19b2473c043	gi|3057012919|gb|PX273258.1|	99.034	4.38e-98	207	Homo sapiens	primates	human
b19f7edf2b4ef9d51a3af19b2473c043	gi|3057012905|gb|PX273257.1|	99.034	4.38e-98	207	Homo sapiens	primates	human
b19f7edf2b4ef9d51a3af19b2473c043	gi|3057012891|gb|PX273256.1|	99.034	4.38e-98	207	Homo sapiens	primates	human
7d7aa300aff5b822ddd8221fc20dae0f	gi|1798183348|emb|LR745847.1|	99.010	2.59e-95	202	Asterias rubens	starfish	European starfish
7d7aa300aff5b822ddd8221fc20dae0f	gi|2567033648|gb|OR473298.1|	94.554	2.64e-80	202	Asterias amurensis	starfish	Northern Pacific seastar
7d7aa300aff5b822ddd8221fc20dae0f	gi|2582205361|gb|CP134956.1|	94.554	2.64e-80	202	Asterias amurensis	starfish	Northern Pacific seastar
7d7aa300aff5b822ddd8221fc20dae0f	gi|2582205361|gb|CP134956.1|	97.059	8.00e-21	68	Asterias amurensis	starfish	Northern Pacific seastar
7d7aa300aff5b822ddd8221fc20dae0f	gi|2499155095|gb|OP747303.1|	94.554	2.64e-80	202	Asterias amurensis	starfish	Northern Pacific seastar
7d7aa300aff5b822ddd8221fc20dae0f	gi|2499155067|gb|OP747301.1|	94.554	2.64e-80	202	Asterias amurensis	starfish	Northern Pacific seastar
45f4b1cb16fa07c3e544cb8a9b39826e	gi|2571476436|gb|OR499725.1|	99.029	1.56e-97	206	Merluccius bilinearis	ray-finned fishes	silver hake
45f4b1cb16fa07c3e544cb8a9b39826e	gi|3211598001|gb|PZ091031.1|	99.029	1.56e-97	206	Merluccius bilinearis	ray-finned fishes	silver hake
45f4b1cb16fa07c3e544cb8a9b39826e	gi|3211597805|gb|PZ091017.1|	99.029	1.56e-97	206	Merluccius bilinearis	ray-finned fishes	silver hake
45f4b1cb16fa07c3e544cb8a9b39826e	gi|3053320529|gb|PX070008.1|	98.544	7.28e-96	206	Merluccius bilinearis	ray-finned fishes	silver hake
45f4b1cb16fa07c3e544cb8a9b39826e	gi|3211597665|gb|PZ091007.1|	98.544	2.62e-95	206	Merluccius bilinearis	ray-finned fishes	silver hake
27a7f82b2fef182b5daf760d57d877c6	gi|2591482342|ref|NC_083190.1|	91.787	4.59e-73	207	Sclerasterias satsumana	starfish	Sclerasterias satsumana
27a7f82b2fef182b5daf760d57d877c6	gi|726972397|ref|NC_025766.1|	82.775	1.04e-39	209	Aphelasterias japonica	starfish	Aphelasterias japonica
27a7f82b2fef182b5daf760d57d877c6	gi|1693290266|ref|NC_042741.1|	82.126	4.82e-38	207	Pisaster ochraceus	starfish	purple sea star
27a7f82b2fef182b5daf760d57d877c6	gi|2499155081|gb|OP747302.1|	79.426	4.89e-28	209	Asterias amurensis	starfish	Northern Pacific seastar
27a7f82b2fef182b5daf760d57d877c6	gi|1798183348|emb|LR745847.1|	78.846	2.27e-26	208	Asterias rubens	starfish	European starfish
6c1fa7fb8ca30ad448e9e71e2a246bad	gi|2248504590|ref|NC_063631.1|	98.276	1.71e-138	290	Chaetoceros gelidus	diatoms	Chaetoceros gelidus
6c1fa7fb8ca30ad448e9e71e2a246bad	gi|2248504590|ref|NC_063631.1|	98.606	1.71e-138	287	Chaetoceros gelidus	diatoms	Chaetoceros gelidus
6c1fa7fb8ca30ad448e9e71e2a246bad	gi|365788340|dbj|AB645299.1|	98.606	1.71e-138	287	uncultured Skeletonema	diatoms	uncultured Skeletonema
6c1fa7fb8ca30ad448e9e71e2a246bad	gi|259151099|emb|FN396754.1|	98.606	1.71e-138	287	uncultured eukaryote	eukaryotes	uncultured eukaryote
6c1fa7fb8ca30ad448e9e71e2a246bad	gi|259151097|emb|FN396752.1|	98.606	1.71e-138	287	uncultured eukaryote	eukaryotes	uncultured eukaryote
6c1fa7fb8ca30ad448e9e71e2a246bad	gi|259150420|emb|FN396674.1|	98.606	1.71e-138	287	uncultured eukaryote	eukaryotes	uncultured eukaryote
031d26146a25a0694a3486d7d5401b81	gi|1790179376|dbj|LC493910.1|	98.529	9.31e-95	204	Sebastes mentella	ray-finned fishes	deepwater redfish
031d26146a25a0694a3486d7d5401b81	gi|2882954847|gb|PQ858634.1|	98.529	9.31e-95	204	Sebastes mentella	ray-finned fishes	deepwater redfish
031d26146a25a0694a3486d7d5401b81	gi|3042815862|gb|PX119169.1|	98.039	4.33e-93	204	Sebastes paucispinis	ray-finned fishes	bocaccio
031d26146a25a0694a3486d7d5401b81	gi|3042815848|gb|PX119168.1|	98.039	4.33e-93	204	Sebastes paucispinis	ray-finned fishes	bocaccio
031d26146a25a0694a3486d7d5401b81	gi|3042815806|gb|PX119165.1|	98.039	4.33e-93	204	Sebastes brevispinis	ray-finned fishes	silvergray rockfish
ad4a9c7f46c60f0afd058acee600bcbd	gi|2571476436|gb|OR499725.1|	99.515	3.36e-99	206	Merluccius bilinearis	ray-finned fishes	silver hake
ad4a9c7f46c60f0afd058acee600bcbd	gi|3211598001|gb|PZ091031.1|	99.515	3.36e-99	206	Merluccius bilinearis	ray-finned fishes	silver hake
ad4a9c7f46c60f0afd058acee600bcbd	gi|3211597805|gb|PZ091017.1|	99.515	3.36e-99	206	Merluccius bilinearis	ray-finned fishes	silver hake
ad4a9c7f46c60f0afd058acee600bcbd	gi|3053320529|gb|PX070008.1|	99.029	1.56e-97	206	Merluccius bilinearis	ray-finned fishes	silver hake
ad4a9c7f46c60f0afd058acee600bcbd	gi|3211597665|gb|PZ091007.1|	99.029	5.63e-97	206	Merluccius bilinearis	ray-finned fishes	silver hake
69e608e601632db6535cbd82eff6b783	gi|1798183348|emb|LR745847.1|	98.515	1.20e-93	202	Asterias rubens	starfish	European starfish
69e608e601632db6535cbd82eff6b783	gi|2567033648|gb|OR473298.1|	94.059	1.23e-78	202	Asterias amurensis	starfish	Northern Pacific seastar
69e608e601632db6535cbd82eff6b783	gi|2582205361|gb|CP134956.1|	94.059	1.23e-78	202	Asterias amurensis	starfish	Northern Pacific seastar
69e608e601632db6535cbd82eff6b783	gi|2582205361|gb|CP134956.1|	94.118	1.73e-17	68	Asterias amurensis	starfish	Northern Pacific seastar
69e608e601632db6535cbd82eff6b783	gi|2499155095|gb|OP747303.1|	94.059	1.23e-78	202	Asterias amurensis	starfish	Northern Pacific seastar
69e608e601632db6535cbd82eff6b783	gi|2499155067|gb|OP747301.1|	94.059	1.23e-78	202	Asterias amurensis	starfish	Northern Pacific seastar
370487bfe7e09b68eb7f9dfd18f02d90	gi|2994718560|gb|PV651716.1|	98.618	5.95e-102	217	Leucoraja erinaceus	sharks & rays	little skate
370487bfe7e09b68eb7f9dfd18f02d90	gi|2994718546|gb|PV651715.1|	98.618	5.95e-102	217	Leucoraja erinaceus	sharks & rays	little skate
370487bfe7e09b68eb7f9dfd18f02d90	gi|359422108|ref|NC_016429.1|	98.618	5.95e-102	217	Leucoraja erinaceus	sharks & rays	little skate
370487bfe7e09b68eb7f9dfd18f02d90	gi|3139220381|gb|PX754809.1|	98.618	5.95e-102	217	Leucoraja erinaceus	sharks & rays	little skate
370487bfe7e09b68eb7f9dfd18f02d90	gi|3157076766|gb|PX940008.1|	98.157	2.77e-100	217	Leucoraja ocellata	sharks & rays	winter skate
67b469976be960a31835adf549f438fa	gi|1799624491|gb|MN122853.1|	99.512	1.20e-98	205	Scomber scombrus	ray-finned fishes	Atlantic mackerel
67b469976be960a31835adf549f438fa	gi|2626245879|emb|OY829942.1|	99.512	1.20e-98	205	Scomber scombrus	ray-finned fishes	Atlantic mackerel
67b469976be960a31835adf549f438fa	gi|2018537119|gb|MW818280.1|	99.512	1.20e-98	205	Scomber scombrus	ray-finned fishes	Atlantic mackerel
67b469976be960a31835adf549f438fa	gi|2018537108|gb|MW818269.1|	99.512	1.20e-98	205	Scomber scombrus	ray-finned fishes	Atlantic mackerel
67b469976be960a31835adf549f438fa	gi|55376093|ref|NC_006398.1|	99.512	1.20e-98	205	Scomber scombrus	ray-finned fishes	Atlantic mackerel
ce1d4eea07a3b91edc458ab3451c7acd	gi|1693290266|ref|NC_042741.1|	88.614	3.45e-59	202	Pisaster ochraceus	starfish	purple sea star
ce1d4eea07a3b91edc458ab3451c7acd	gi|726972397|ref|NC_025766.1|	86.207	7.53e-51	203	Aphelasterias japonica	starfish	Aphelasterias japonica
ce1d4eea07a3b91edc458ab3451c7acd	gi|2567033649|gb|OR473299.1|	82.927	2.75e-40	205	Marthasterias glacialis	starfish	spiny starfish
ce1d4eea07a3b91edc458ab3451c7acd	gi|2076208768|emb|OU452241.1|	82.927	2.75e-40	205	Marthasterias glacialis	starfish	spiny starfish
ce1d4eea07a3b91edc458ab3451c7acd	gi|2499155081|gb|OP747302.1|	81.773	7.69e-36	203	Asterias amurensis	starfish	Northern Pacific seastar
c9a84a31a93633b677a772786dafb867	gi|2196428162|gb|OM751392.1|	81.818	3.52e-29	176	Parvanachis obesa	gastropods	Parvanachis obesa
943530cc6e50a66e5e8cc75d9ee369a3	gi|2591482342|ref|NC_083190.1|	92.271	9.86e-75	207	Sclerasterias satsumana	starfish	Sclerasterias satsumana
943530cc6e50a66e5e8cc75d9ee369a3	gi|1693290266|ref|NC_042741.1|	80.676	4.85e-33	207	Pisaster ochraceus	starfish	purple sea star
943530cc6e50a66e5e8cc75d9ee369a3	gi|2499155081|gb|OP747302.1|	77.990	4.92e-23	209	Asterias amurensis	starfish	Northern Pacific seastar
943530cc6e50a66e5e8cc75d9ee369a3	gi|2567033648|gb|OR473298.1|	77.512	2.29e-21	209	Asterias amurensis	starfish	Northern Pacific seastar
943530cc6e50a66e5e8cc75d9ee369a3	gi|2582205361|gb|CP134956.1|	77.512	2.29e-21	209	Asterias amurensis	starfish	Northern Pacific seastar
6ad010fc280d3625c4f88f537f8315e5	gi|1790179376|dbj|LC493910.1|	99.020	2.00e-96	204	Sebastes mentella	ray-finned fishes	deepwater redfish
6ad010fc280d3625c4f88f537f8315e5	gi|2882954847|gb|PQ858634.1|	99.020	2.00e-96	204	Sebastes mentella	ray-finned fishes	deepwater redfish
6ad010fc280d3625c4f88f537f8315e5	gi|2624751655|gb|OR641514.1|	99.020	2.00e-96	204	Sebastes diploproa	ray-finned fishes	splitnose rockfish
6ad010fc280d3625c4f88f537f8315e5	gi|2624751641|gb|OR641513.1|	99.020	2.00e-96	204	Sebastes diploproa	ray-finned fishes	splitnose rockfish
6ad010fc280d3625c4f88f537f8315e5	gi|3202573066|gb|PZ044146.1|	99.020	2.00e-96	204	Sebastes diploproa	ray-finned fishes	splitnose rockfish
a4495b938feb7dd197dc9e1ff56f9414	gi|1561860807|gb|MK398246.1|	99.517	9.40e-100	207	Homo sapiens	primates	human
a4495b938feb7dd197dc9e1ff56f9414	gi|1357266673|gb|MG273101.1|	99.517	9.40e-100	207	Homo sapiens	primates	human
a4495b938feb7dd197dc9e1ff56f9414	gi|1069427358|gb|KU683538.1|	99.517	9.40e-100	207	Homo sapiens	primates	human
a4495b938feb7dd197dc9e1ff56f9414	gi|1069425790|gb|KU683426.1|	99.517	9.40e-100	207	Homo sapiens	primates	human
a4495b938feb7dd197dc9e1ff56f9414	gi|1069424124|gb|KU683307.1|	99.517	9.40e-100	207	Homo sapiens	primates	human
c8f23753f81fd23d72e7dfcd49965a95	gi|2994737870|gb|PV656769.1|	99.517	9.40e-100	207	Urophycis chuss	ray-finned fishes	red hake
c8f23753f81fd23d72e7dfcd49965a95	gi|2580283387|gb|OP057106.2|	99.517	9.40e-100	207	Urophycis chuss	ray-finned fishes	red hake
c8f23753f81fd23d72e7dfcd49965a95	gi|1825511901|gb|MT103927.1|	94.737	4.47e-83	209	Urophycis tenuis	ray-finned fishes	white hake
c8f23753f81fd23d72e7dfcd49965a95	gi|3178764840|emb|OZ408611.1|	94.231	2.08e-81	208	Phycis phycis	ray-finned fishes	Phycis phycis
c8f23753f81fd23d72e7dfcd49965a95	gi|2715332411|ref|NC_088031.1|	93.780	9.67e-80	209	Urophycis brasiliensis	ray-finned fishes	Brazilian codling
17f72fcb88ec998f393d64753ec52aa2	gi|2248499876|ref|NC_063523.1|	98.058	3.39e-94	206	Brosme brosme	ray-finned fishes	Brosme brosme
17f72fcb88ec998f393d64753ec52aa2	gi|2119746849|gb|MZ329990.1|	98.058	3.39e-94	206	Brosme brosme	ray-finned fishes	Brosme brosme
17f72fcb88ec998f393d64753ec52aa2	gi|14485460|emb|AJ315617.1|	98.413	2.05e-86	189	Brosme brosme	ray-finned fishes	Brosme brosme
17f72fcb88ec998f393d64753ec52aa2	gi|700587773|gb|KM201364.1|	95.146	3.43e-84	206	Lota lota	ray-finned fishes	burbot
17f72fcb88ec998f393d64753ec52aa2	gi|697994615|gb|KM363244.1|	95.146	3.43e-84	206	Lota lota	ray-finned fishes	burbot
1cb6196dfb4757dd0cb6988ca46e5ff7	gi|2843360896|gb|PQ424533.1|	84.615	4.75e-48	208	Smilasterias triremis	starfish	Smilasterias triremis
1cb6196dfb4757dd0cb6988ca46e5ff7	gi|2843360770|gb|PQ424524.1|	78.571	8.18e-26	210	Granaster nutrix	starfish	Granaster nutrix
1cb6196dfb4757dd0cb6988ca46e5ff7	gi|2232175652|gb|MZ702702.1|	77.033	8.24e-21	209	Paulasterias sp. SS-2022	starfish	Paulasterias sp. SS-2022
1cb6196dfb4757dd0cb6988ca46e5ff7	gi|90018506|gb|DQ377826.1|	76.812	2.96e-20	207	Stichaster australis	starfish	Stichaster australis
1cb6196dfb4757dd0cb6988ca46e5ff7	gi|2580281129|gb|OP056900.2|	92.453	3.89e-09	53	Pontinus castor	ray-finned fishes	Pontinus castor
54d6096abf692c16afa76cf130751b76	gi|2882179697|gb|PQ858033.1|	97.143	0.001	35	Rana dalmatina	frogs & toads	agile frog
54d6096abf692c16afa76cf130751b76	gi|1642524534|ref|NC_042226.1|	97.143	0.001	35	Rana temporaria	frogs & toads	common frog
54d6096abf692c16afa76cf130751b76	gi|2869360573|gb|PQ758684.1|	97.143	0.001	35	Rana italica	frogs & toads	Rana italica
f699c082bd405f6dadc30f3484471098	gi|3057000066|gb|PX272339.1|	99.034	4.38e-98	207	Homo sapiens	primates	human
f699c082bd405f6dadc30f3484471098	gi|2956673962|gb|PV521805.1|	99.034	4.38e-98	207	Homo sapiens	primates	human
f699c082bd405f6dadc30f3484471098	gi|3065318004|gb|PX402893.1|	99.034	4.38e-98	207	Homo sapiens	primates	human
f699c082bd405f6dadc30f3484471098	gi|3065317990|gb|PX402892.1|	99.034	4.38e-98	207	Homo sapiens	primates	human
f699c082bd405f6dadc30f3484471098	gi|3065317976|gb|PX402891.1|	99.034	4.38e-98	207	Homo sapiens	primates	human
5b3aca1d5093824d04bea028a4fc8b05	gi|1825511888|gb|MT103916.1|	99.512	1.20e-98	205	Myzopsetta ferruginea	ray-finned fishes	yellowtail flounder
5b3aca1d5093824d04bea028a4fc8b05	gi|2745580202|gb|PP928767.1|	99.512	1.20e-98	205	Platichthys flesus	ray-finned fishes	European flounder
5b3aca1d5093824d04bea028a4fc8b05	gi|2587926480|ref|NC_082783.1|	99.512	1.20e-98	205	Liopsetta glacialis	ray-finned fishes	Arctic flounder
5b3aca1d5093824d04bea028a4fc8b05	gi|2577880658|ref|NC_082285.1|	99.512	1.20e-98	205	Platichthys stellatus x Verasper variegatus	ray-finned fishes	Platichthys stellatus x Verasper variegatus
5b3aca1d5093824d04bea028a4fc8b05	gi|2524645126|ref|NC_080271.1|	99.512	1.20e-98	205	Platichthys stellatus x (Kareius bicoloratus x Platichthys stellatus)	ray-finned fishes	Platichthys stellatus x (Kareius bicoloratus x Platichthys stellatus)
75012e7872eaf91a7b2654a4fee65a42	gi|1842675335|gb|MT304869.1|	97.143	3.26e-04	35	Mustela lutreola	carnivores	European mink
75012e7872eaf91a7b2654a4fee65a42	gi|1840514314|gb|MN400429.1|	97.143	3.26e-04	35	Melogale moschata	carnivores	Chinese ferret-badger
75012e7872eaf91a7b2654a4fee65a42	gi|1836273230|gb|MT028267.1|	97.143	3.26e-04	35	Martes americana caurina	carnivores	Martes americana caurina
75012e7872eaf91a7b2654a4fee65a42	gi|1836273216|gb|MT028266.1|	97.143	3.26e-04	35	Martes americana caurina	carnivores	Martes americana caurina
75012e7872eaf91a7b2654a4fee65a42	gi|1836273202|gb|MT028265.1|	97.143	3.26e-04	35	Martes americana caurina	carnivores	Martes americana caurina
3f92afe17be81f25e3147f97c047ecab	gi|1693290266|ref|NC_042741.1|	88.614	3.45e-59	202	Pisaster ochraceus	starfish	purple sea star
3f92afe17be81f25e3147f97c047ecab	gi|726972397|ref|NC_025766.1|	86.207	7.53e-51	203	Aphelasterias japonica	starfish	Aphelasterias japonica
3f92afe17be81f25e3147f97c047ecab	gi|2567033649|gb|OR473299.1|	82.927	2.75e-40	205	Marthasterias glacialis	starfish	spiny starfish
3f92afe17be81f25e3147f97c047ecab	gi|2076208768|emb|OU452241.1|	82.927	2.75e-40	205	Marthasterias glacialis	starfish	spiny starfish
3f92afe17be81f25e3147f97c047ecab	gi|2499155081|gb|OP747302.1|	82.439	1.65e-37	205	Asterias amurensis	starfish	Northern Pacific seastar
16766025e85851bcf568c8ebde896b9f	gi|1790179376|dbj|LC493910.1|	99.020	2.00e-96	204	Sebastes mentella	ray-finned fishes	deepwater redfish
16766025e85851bcf568c8ebde896b9f	gi|2882954847|gb|PQ858634.1|	99.020	2.00e-96	204	Sebastes mentella	ray-finned fishes	deepwater redfish
16766025e85851bcf568c8ebde896b9f	gi|3042815862|gb|PX119169.1|	98.529	9.31e-95	204	Sebastes paucispinis	ray-finned fishes	bocaccio
16766025e85851bcf568c8ebde896b9f	gi|3042815848|gb|PX119168.1|	98.529	9.31e-95	204	Sebastes paucispinis	ray-finned fishes	bocaccio
16766025e85851bcf568c8ebde896b9f	gi|3042815806|gb|PX119165.1|	98.529	9.31e-95	204	Sebastes brevispinis	ray-finned fishes	silvergray rockfish
dbee81c57dde294029e1c272ff491f1a	gi|3057012933|gb|PX273259.1|	98.551	2.04e-96	207	Homo sapiens	primates	human
dbee81c57dde294029e1c272ff491f1a	gi|3057012919|gb|PX273258.1|	98.551	2.04e-96	207	Homo sapiens	primates	human
dbee81c57dde294029e1c272ff491f1a	gi|3057012905|gb|PX273257.1|	98.551	2.04e-96	207	Homo sapiens	primates	human
dbee81c57dde294029e1c272ff491f1a	gi|3057012891|gb|PX273256.1|	98.551	2.04e-96	207	Homo sapiens	primates	human
dbee81c57dde294029e1c272ff491f1a	gi|3057012877|gb|PX273255.1|	98.551	2.04e-96	207	Homo sapiens	primates	human
49248914877d316790746758a9821cbe	gi|2994737870|gb|PV656769.1|	99.034	4.38e-98	207	Urophycis chuss	ray-finned fishes	red hake
49248914877d316790746758a9821cbe	gi|2580283387|gb|OP057106.2|	99.034	4.38e-98	207	Urophycis chuss	ray-finned fishes	red hake
49248914877d316790746758a9821cbe	gi|1825511901|gb|MT103927.1|	94.258	2.08e-81	209	Urophycis tenuis	ray-finned fishes	white hake
49248914877d316790746758a9821cbe	gi|2557040012|gb|OR380059.1|	99.415	9.67e-80	171	Urophycis chuss	ray-finned fishes	red hake
49248914877d316790746758a9821cbe	gi|3178764840|emb|OZ408611.1|	93.750	9.67e-80	208	Phycis phycis	ray-finned fishes	Phycis phycis
325fad9dad4c94caa9f40007dd1f1aba	gi|2571476436|gb|OR499725.1|	99.515	3.36e-99	206	Merluccius bilinearis	ray-finned fishes	silver hake
325fad9dad4c94caa9f40007dd1f1aba	gi|3211598001|gb|PZ091031.1|	99.515	3.36e-99	206	Merluccius bilinearis	ray-finned fishes	silver hake
325fad9dad4c94caa9f40007dd1f1aba	gi|3211597805|gb|PZ091017.1|	99.515	3.36e-99	206	Merluccius bilinearis	ray-finned fishes	silver hake
325fad9dad4c94caa9f40007dd1f1aba	gi|3053320529|gb|PX070008.1|	99.029	1.56e-97	206	Merluccius bilinearis	ray-finned fishes	silver hake
325fad9dad4c94caa9f40007dd1f1aba	gi|3211597665|gb|PZ091007.1|	99.029	5.63e-97	206	Merluccius bilinearis	ray-finned fishes	silver hake
70b310229952b7935407ffc9b256ffd2	gi|2259139526|emb|OW833740.1|	89.161	8.50e-92	286	uncultured fungus	fungi	uncultured fungus
70b310229952b7935407ffc9b256ffd2	gi|2604803856|emb|OY751556.1|	89.123	8.50e-92	285	Caenorhabditis doughertyi	nematodes	Caenorhabditis doughertyi
70b310229952b7935407ffc9b256ffd2	gi|2259408387|emb|OW840528.1|	88.660	3.06e-91	291	uncultured fungus	fungi	uncultured fungus
70b310229952b7935407ffc9b256ffd2	gi|2259494369|emb|OW836709.1|	88.772	1.10e-90	285	uncultured fungus	fungi	uncultured fungus
70b310229952b7935407ffc9b256ffd2	gi|2259389104|emb|OW836383.1|	88.811	1.10e-90	286	uncultured fungus	fungi	uncultured fungus
12b63d3f0b228011606cd5b92fa18545	gi|2571476436|gb|OR499725.1|	99.029	1.56e-97	206	Merluccius bilinearis	ray-finned fishes	silver hake
12b63d3f0b228011606cd5b92fa18545	gi|3211598001|gb|PZ091031.1|	99.029	1.56e-97	206	Merluccius bilinearis	ray-finned fishes	silver hake
12b63d3f0b228011606cd5b92fa18545	gi|3211597805|gb|PZ091017.1|	99.029	1.56e-97	206	Merluccius bilinearis	ray-finned fishes	silver hake
12b63d3f0b228011606cd5b92fa18545	gi|3053320529|gb|PX070008.1|	98.544	7.28e-96	206	Merluccius bilinearis	ray-finned fishes	silver hake
12b63d3f0b228011606cd5b92fa18545	gi|3211597665|gb|PZ091007.1|	98.544	2.62e-95	206	Merluccius bilinearis	ray-finned fishes	silver hake
90886591bdecb494d8e09bd3107508a5	gi|2259493659|emb|OW836558.1|	77.273	1.19e-35	286	uncultured fungus	fungi	uncultured fungus
90886591bdecb494d8e09bd3107508a5	gi|2259493815|emb|OW836641.1|	76.596	9.25e-32	282	uncultured fungus	fungi	uncultured fungus
90886591bdecb494d8e09bd3107508a5	gi|2259393484|emb|OW837426.1|	76.493	5.57e-29	268	uncultured fungus	fungi	uncultured fungus
90886591bdecb494d8e09bd3107508a5	gi|1279124608|gb|MF807895.1|	100.000	1.24e-05	35	Nidirana pleuraden	frogs & toads	Yunnan pond frog
90886591bdecb494d8e09bd3107508a5	gi|1279124607|gb|MF807894.1|	100.000	1.24e-05	35	Nidirana pleuraden	frogs & toads	Yunnan pond frog
29729d5d8c6048df18317a863055594e	gi|1798183348|emb|LR745847.1|	98.515	1.20e-93	202	Asterias rubens	starfish	European starfish
29729d5d8c6048df18317a863055594e	gi|2567033648|gb|OR473298.1|	94.059	1.23e-78	202	Asterias amurensis	starfish	Northern Pacific seastar
29729d5d8c6048df18317a863055594e	gi|2582205361|gb|CP134956.1|	94.059	1.23e-78	202	Asterias amurensis	starfish	Northern Pacific seastar
29729d5d8c6048df18317a863055594e	gi|2582205361|gb|CP134956.1|	97.059	8.00e-21	68	Asterias amurensis	starfish	Northern Pacific seastar
29729d5d8c6048df18317a863055594e	gi|2499155095|gb|OP747303.1|	94.059	1.23e-78	202	Asterias amurensis	starfish	Northern Pacific seastar
29729d5d8c6048df18317a863055594e	gi|2499155067|gb|OP747301.1|	94.059	1.23e-78	202	Asterias amurensis	starfish	Northern Pacific seastar
335116e2a0dff77b6b4e0f82f85a4a70	gi|1693290266|ref|NC_042741.1|	88.614	3.45e-59	202	Pisaster ochraceus	starfish	purple sea star
335116e2a0dff77b6b4e0f82f85a4a70	gi|726972397|ref|NC_025766.1|	86.207	7.53e-51	203	Aphelasterias japonica	starfish	Aphelasterias japonica
335116e2a0dff77b6b4e0f82f85a4a70	gi|2567033649|gb|OR473299.1|	82.927	2.75e-40	205	Marthasterias glacialis	starfish	spiny starfish
335116e2a0dff77b6b4e0f82f85a4a70	gi|2076208768|emb|OU452241.1|	82.927	2.75e-40	205	Marthasterias glacialis	starfish	spiny starfish
335116e2a0dff77b6b4e0f82f85a4a70	gi|2499155081|gb|OP747302.1|	81.773	7.69e-36	203	Asterias amurensis	starfish	Northern Pacific seastar
13c5254d9a5309fa42a11ed3c3f82345	gi|1799624477|gb|MN122852.1|	99.029	5.63e-97	206	Gadus morhua	ray-finned fishes	Atlantic cod
13c5254d9a5309fa42a11ed3c3f82345	gi|1783586359|gb|MH035595.1|	99.029	5.63e-97	206	Gadus chalcogrammus	ray-finned fishes	walleye pollock
13c5254d9a5309fa42a11ed3c3f82345	gi|1783586345|gb|MH035594.1|	99.029	5.63e-97	206	Gadus chalcogrammus	ray-finned fishes	walleye pollock
13c5254d9a5309fa42a11ed3c3f82345	gi|1593084251|emb|LS999407.1|	99.029	5.63e-97	206	Gadus morhua	ray-finned fishes	Atlantic cod
13c5254d9a5309fa42a11ed3c3f82345	gi|1593084237|emb|LS999106.1|	99.029	5.63e-97	206	Gadus morhua	ray-finned fishes	Atlantic cod
1c6749d3a7e306ab37702f52f93bca19	gi|1798183348|emb|LR745847.1|	98.515	1.20e-93	202	Asterias rubens	starfish	European starfish
1c6749d3a7e306ab37702f52f93bca19	gi|2567033648|gb|OR473298.1|	94.059	1.23e-78	202	Asterias amurensis	starfish	Northern Pacific seastar
1c6749d3a7e306ab37702f52f93bca19	gi|2582205361|gb|CP134956.1|	94.059	1.23e-78	202	Asterias amurensis	starfish	Northern Pacific seastar
1c6749d3a7e306ab37702f52f93bca19	gi|2582205361|gb|CP134956.1|	95.588	3.72e-19	68	Asterias amurensis	starfish	Northern Pacific seastar
1c6749d3a7e306ab37702f52f93bca19	gi|2499155095|gb|OP747303.1|	94.059	1.23e-78	202	Asterias amurensis	starfish	Northern Pacific seastar
1c6749d3a7e306ab37702f52f93bca19	gi|2499155067|gb|OP747301.1|	94.059	1.23e-78	202	Asterias amurensis	starfish	Northern Pacific seastar
690de4d69af8f28d9428b2959bbb3895	gi|2692953615|ref|NC_086796.1|	98.529	9.31e-95	204	Zoarces americanus	ray-finned fishes	ocean pout
690de4d69af8f28d9428b2959bbb3895	gi|3139203650|gb|PX719005.1|	98.529	9.31e-95	204	Zoarces americanus	ray-finned fishes	ocean pout
690de4d69af8f28d9428b2959bbb3895	gi|3139210563|gb|PX740847.1|	98.039	4.33e-93	204	Zoarces americanus	ray-finned fishes	ocean pout
690de4d69af8f28d9428b2959bbb3895	gi|2724829064|ref|NC_088490.1|	97.549	2.01e-91	204	Zoarces viviparus	ray-finned fishes	viviparous blenny
690de4d69af8f28d9428b2959bbb3895	gi|1788585388|gb|MN883214.1|	98.469	2.61e-90	196	Zoarces americanus	ray-finned fishes	ocean pout
f58fa551fc69912dec5beb6a2725095f	gi|2259493659|emb|OW836558.1|	76.140	1.20e-30	285	uncultured fungus	fungi	uncultured fungus
f58fa551fc69912dec5beb6a2725095f	gi|2259493815|emb|OW836641.1|	75.801	2.00e-28	281	uncultured fungus	fungi	uncultured fungus
f58fa551fc69912dec5beb6a2725095f	gi|2259393484|emb|OW837426.1|	75.655	1.21e-25	267	uncultured fungus	fungi	uncultured fungus
f58fa551fc69912dec5beb6a2725095f	gi|1279124608|gb|MF807895.1|	100.000	1.24e-05	35	Nidirana pleuraden	frogs & toads	Yunnan pond frog
f58fa551fc69912dec5beb6a2725095f	gi|1279124607|gb|MF807894.1|	100.000	1.24e-05	35	Nidirana pleuraden	frogs & toads	Yunnan pond frog
45b2368cd3dd1fc65e6e13a700ed3761	gi|2259493168|emb|OW836098.1|	90.941	3.01e-101	287	uncultured fungus	fungi	uncultured fungus
45b2368cd3dd1fc65e6e13a700ed3761	gi|2604803856|emb|OY751556.1|	89.825	3.93e-95	285	Caenorhabditis doughertyi	nematodes	Caenorhabditis doughertyi
45b2368cd3dd1fc65e6e13a700ed3761	gi|2259408387|emb|OW840528.1|	89.347	1.41e-94	291	uncultured fungus	fungi	uncultured fungus
45b2368cd3dd1fc65e6e13a700ed3761	gi|2259494369|emb|OW836709.1|	89.474	5.08e-94	285	uncultured fungus	fungi	uncultured fungus
45b2368cd3dd1fc65e6e13a700ed3761	gi|2259389104|emb|OW836383.1|	89.510	5.08e-94	286	uncultured fungus	fungi	uncultured fungus
167b98dff94f4282079ed9f40cdbd1a6	gi|3057012933|gb|PX273259.1|	99.034	4.38e-98	207	Homo sapiens	primates	human
167b98dff94f4282079ed9f40cdbd1a6	gi|3057012919|gb|PX273258.1|	99.034	4.38e-98	207	Homo sapiens	primates	human
167b98dff94f4282079ed9f40cdbd1a6	gi|3057012905|gb|PX273257.1|	99.034	4.38e-98	207	Homo sapiens	primates	human
167b98dff94f4282079ed9f40cdbd1a6	gi|3057012891|gb|PX273256.1|	99.034	4.38e-98	207	Homo sapiens	primates	human
167b98dff94f4282079ed9f40cdbd1a6	gi|3057012877|gb|PX273255.1|	99.034	4.38e-98	207	Homo sapiens	primates	human
ea80f091fed23c33aacf70fbfcb898a3	gi|3057012933|gb|PX273259.1|	99.034	4.38e-98	207	Homo sapiens	primates	human
ea80f091fed23c33aacf70fbfcb898a3	gi|3057012919|gb|PX273258.1|	99.034	4.38e-98	207	Homo sapiens	primates	human
ea80f091fed23c33aacf70fbfcb898a3	gi|3057012905|gb|PX273257.1|	99.034	4.38e-98	207	Homo sapiens	primates	human
ea80f091fed23c33aacf70fbfcb898a3	gi|3057012891|gb|PX273256.1|	99.034	4.38e-98	207	Homo sapiens	primates	human
ea80f091fed23c33aacf70fbfcb898a3	gi|3057012877|gb|PX273255.1|	99.034	4.38e-98	207	Homo sapiens	primates	human
3e18594b1ec19088198afde35e29ef3e	gi|2994737912|gb|PV656772.1|	99.029	1.56e-97	206	Melanogrammus aeglefinus	ray-finned fishes	haddock
3e18594b1ec19088198afde35e29ef3e	gi|2994737898|gb|PV656771.1|	99.029	1.56e-97	206	Melanogrammus aeglefinus	ray-finned fishes	haddock
3e18594b1ec19088198afde35e29ef3e	gi|2994737884|gb|PV656770.1|	99.029	1.56e-97	206	Melanogrammus aeglefinus	ray-finned fishes	haddock
3e18594b1ec19088198afde35e29ef3e	gi|124377065|emb|AM489717.1|	99.029	1.56e-97	206	Melanogrammus aeglefinus	ray-finned fishes	haddock
3e18594b1ec19088198afde35e29ef3e	gi|94481723|gb|DQ356942.1|	99.029	1.56e-97	206	Melanogrammus aeglefinus	ray-finned fishes	haddock
503f6b113318983ed0747dd5b402d074	gi|2989059657|gb|PV710554.1|	99.024	5.59e-97	205	Ammodytes dubius	ray-finned fishes	northern sand lance
503f6b113318983ed0747dd5b402d074	gi|959122927|ref|NC_028530.1|	99.024	5.59e-97	205	Ammodytes americanus	ray-finned fishes	American sand lance
503f6b113318983ed0747dd5b402d074	gi|2989059643|gb|PV710553.1|	98.537	2.60e-95	205	Ammodytes dubius	ray-finned fishes	northern sand lance
503f6b113318983ed0747dd5b402d074	gi|2989059629|gb|PV710552.1|	98.537	2.60e-95	205	Ammodytes dubius	ray-finned fishes	northern sand lance
503f6b113318983ed0747dd5b402d074	gi|2949335892|gb|PV423377.1|	98.537	2.60e-95	205	Ammodytes dubius	ray-finned fishes	northern sand lance
88767ca41c9905f6b1a96e98ebd24ec6	gi|1798183348|emb|LR745847.1|	99.010	2.59e-95	202	Asterias rubens	starfish	European starfish
88767ca41c9905f6b1a96e98ebd24ec6	gi|2567033648|gb|OR473298.1|	94.554	2.64e-80	202	Asterias amurensis	starfish	Northern Pacific seastar
88767ca41c9905f6b1a96e98ebd24ec6	gi|2582205361|gb|CP134956.1|	94.554	2.64e-80	202	Asterias amurensis	starfish	Northern Pacific seastar
88767ca41c9905f6b1a96e98ebd24ec6	gi|2582205361|gb|CP134956.1|	97.059	8.00e-21	68	Asterias amurensis	starfish	Northern Pacific seastar
88767ca41c9905f6b1a96e98ebd24ec6	gi|2499155095|gb|OP747303.1|	94.554	2.64e-80	202	Asterias amurensis	starfish	Northern Pacific seastar
88767ca41c9905f6b1a96e98ebd24ec6	gi|2499155067|gb|OP747301.1|	94.554	2.64e-80	202	Asterias amurensis	starfish	Northern Pacific seastar
08d8f103cff6969ce590b5c267010ba1	gi|2571476436|gb|OR499725.1|	99.029	1.56e-97	206	Merluccius bilinearis	ray-finned fishes	silver hake
08d8f103cff6969ce590b5c267010ba1	gi|3211598001|gb|PZ091031.1|	99.029	1.56e-97	206	Merluccius bilinearis	ray-finned fishes	silver hake
08d8f103cff6969ce590b5c267010ba1	gi|3211597805|gb|PZ091017.1|	99.029	1.56e-97	206	Merluccius bilinearis	ray-finned fishes	silver hake
08d8f103cff6969ce590b5c267010ba1	gi|3053320529|gb|PX070008.1|	98.544	7.28e-96	206	Merluccius bilinearis	ray-finned fishes	silver hake
08d8f103cff6969ce590b5c267010ba1	gi|3211597665|gb|PZ091007.1|	98.544	2.62e-95	206	Merluccius bilinearis	ray-finned fishes	silver hake
359e98d4eeed01964e62eebfbe9ce656	gi|2452630836|ref|NC_071876.1|	99.134	2.30e-111	231	Ctenodiscus crispatus	starfish	Ctenodiscus crispatus
359e98d4eeed01964e62eebfbe9ce656	gi|2843360756|gb|PQ424523.1|	78.947	2.65e-11	133	Glabraster antarctica	starfish	Glabraster antarctica
359e98d4eeed01964e62eebfbe9ce656	gi|2647705888|gb|PP118494.1|	90.476	9.51e-11	63	Astroblepus sp.	ray-finned fishes	Astroblepus sp.
359e98d4eeed01964e62eebfbe9ce656	gi|2591482202|ref|NC_083180.1|	94.340	3.42e-10	53	Ophidion muraenolepis	ray-finned fishes	blackedge cusk
359e98d4eeed01964e62eebfbe9ce656	gi|2647705911|gb|PP118517.1|	88.889	4.43e-09	63	Astroblepus verai	ray-finned fishes	Astroblepus verai
bca988e0760b77674ad747fe6dc0f9a5	gi|2587926677|ref|NC_082797.1|	99.034	4.38e-98	207	Artediellus pacificus	ray-finned fishes	Artediellus pacificus
bca988e0760b77674ad747fe6dc0f9a5	gi|1825511878|gb|MT103908.1|	98.551	2.04e-96	207	Artediellus uncinatus	ray-finned fishes	Arctic hookear sculpin
bca988e0760b77674ad747fe6dc0f9a5	gi|1825511877|gb|MT103907.1|	98.551	2.04e-96	207	Artediellus uncinatus	ray-finned fishes	Arctic hookear sculpin
bca988e0760b77674ad747fe6dc0f9a5	gi|1825511876|gb|MT103906.1|	98.551	2.04e-96	207	Artediellus uncinatus	ray-finned fishes	Arctic hookear sculpin
bca988e0760b77674ad747fe6dc0f9a5	gi|2753596301|dbj|LC823739.1|	98.068	3.41e-94	207	Artediellus sp. HUMZ:166735	ray-finned fishes	Artediellus sp. HUMZ:166735
814b1c6a6583d40b0be9e91c2c428659	gi|270267522|ref|NC_013570.1|	99.522	7.36e-101	209	Alepocephalus productus	ray-finned fishes	smalleye smooth-head
814b1c6a6583d40b0be9e91c2c428659	gi|270267550|ref|NC_013572.1|	97.608	3.45e-94	209	Alepocephalus umbriceps	ray-finned fishes	slickhead
814b1c6a6583d40b0be9e91c2c428659	gi|270267462|ref|NC_013566.1|	97.129	1.60e-92	209	Alepocephalus australis	ray-finned fishes	small scaled brown slickhead
814b1c6a6583d40b0be9e91c2c428659	gi|270267434|ref|NC_013564.1|	97.129	1.60e-92	209	Alepocephalus agassizii	ray-finned fishes	Agassiz' slickhead
814b1c6a6583d40b0be9e91c2c428659	gi|28894766|ref|NC_004590.1|	96.651	7.46e-91	209	Alepocephalus tenebrosus	ray-finned fishes	California slickhead
53794aba11908991fee0b129d3bc7729	gi|1798183348|emb|LR745847.1|	98.515	1.20e-93	202	Asterias rubens	starfish	European starfish
53794aba11908991fee0b129d3bc7729	gi|2567033648|gb|OR473298.1|	94.059	1.23e-78	202	Asterias amurensis	starfish	Northern Pacific seastar
53794aba11908991fee0b129d3bc7729	gi|2582205361|gb|CP134956.1|	94.059	1.23e-78	202	Asterias amurensis	starfish	Northern Pacific seastar
53794aba11908991fee0b129d3bc7729	gi|2582205361|gb|CP134956.1|	97.059	8.00e-21	68	Asterias amurensis	starfish	Northern Pacific seastar
53794aba11908991fee0b129d3bc7729	gi|2499155095|gb|OP747303.1|	94.059	1.23e-78	202	Asterias amurensis	starfish	Northern Pacific seastar
53794aba11908991fee0b129d3bc7729	gi|2499155067|gb|OP747301.1|	94.059	1.23e-78	202	Asterias amurensis	starfish	Northern Pacific seastar
960d5b013110ae0c9e26cd9d8dcac6f3	gi|3053320585|gb|PX070012.1|	99.024	5.59e-97	205	Lophius americanus	ray-finned fishes	American anglerfish
960d5b013110ae0c9e26cd9d8dcac6f3	gi|2569352339|gb|OR482505.1|	99.024	5.59e-97	205	Lophius americanus	ray-finned fishes	American anglerfish
960d5b013110ae0c9e26cd9d8dcac6f3	gi|2569352297|gb|OR482502.1|	99.024	5.59e-97	205	Lophiidae sp.	ray-finned fishes	Lophiidae sp.
960d5b013110ae0c9e26cd9d8dcac6f3	gi|2569352269|gb|OR482500.1|	99.024	5.59e-97	205	Lophius americanus	ray-finned fishes	American anglerfish
960d5b013110ae0c9e26cd9d8dcac6f3	gi|2569351975|gb|OR482479.1|	99.024	5.59e-97	205	Lophius americanus	ray-finned fishes	American anglerfish
bc1b252657d364d946c79179021b1c15	gi|2689257695|gb|OR813049.1|	97.696	1.29e-98	217	Amblyraja radiata	sharks & rays	thorny skate
bc1b252657d364d946c79179021b1c15	gi|2689257681|gb|OR813048.1|	97.696	1.29e-98	217	Amblyraja radiata	sharks & rays	thorny skate
bc1b252657d364d946c79179021b1c15	gi|2689257667|gb|OR813047.1|	97.696	1.29e-98	217	Amblyraja radiata	sharks & rays	thorny skate
bc1b252657d364d946c79179021b1c15	gi|2689257653|gb|OR813046.1|	97.696	1.29e-98	217	Amblyraja radiata	sharks & rays	thorny skate
bc1b252657d364d946c79179021b1c15	gi|2689257639|gb|OR813045.1|	97.696	1.29e-98	217	Amblyraja radiata	sharks & rays	thorny skate
389111fb2e6fc67c027683d3924da5f9	gi|2994718560|gb|PV651716.1|	98.618	5.95e-102	217	Leucoraja erinaceus	sharks & rays	little skate
389111fb2e6fc67c027683d3924da5f9	gi|2994718546|gb|PV651715.1|	98.618	5.95e-102	217	Leucoraja erinaceus	sharks & rays	little skate
389111fb2e6fc67c027683d3924da5f9	gi|359422108|ref|NC_016429.1|	98.618	5.95e-102	217	Leucoraja erinaceus	sharks & rays	little skate
389111fb2e6fc67c027683d3924da5f9	gi|3139220381|gb|PX754809.1|	98.618	5.95e-102	217	Leucoraja erinaceus	sharks & rays	little skate
389111fb2e6fc67c027683d3924da5f9	gi|3157076766|gb|PX940008.1|	98.157	2.77e-100	217	Leucoraja ocellata	sharks & rays	winter skate
d4395bc7de05a38825616cbe15eeefae	gi|2994737912|gb|PV656772.1|	99.029	1.56e-97	206	Melanogrammus aeglefinus	ray-finned fishes	haddock
d4395bc7de05a38825616cbe15eeefae	gi|2994737898|gb|PV656771.1|	99.029	1.56e-97	206	Melanogrammus aeglefinus	ray-finned fishes	haddock
d4395bc7de05a38825616cbe15eeefae	gi|2994737884|gb|PV656770.1|	99.029	1.56e-97	206	Melanogrammus aeglefinus	ray-finned fishes	haddock
d4395bc7de05a38825616cbe15eeefae	gi|124377065|emb|AM489717.1|	99.029	1.56e-97	206	Melanogrammus aeglefinus	ray-finned fishes	haddock
d4395bc7de05a38825616cbe15eeefae	gi|94481723|gb|DQ356942.1|	99.029	1.56e-97	206	Melanogrammus aeglefinus	ray-finned fishes	haddock
ef98253b6b208e31ed8fb7b399b4730b	gi|2259493815|emb|OW836641.1|	80.142	1.95e-48	282	uncultured fungus	fungi	uncultured fungus
ef98253b6b208e31ed8fb7b399b4730b	gi|2259493659|emb|OW836558.1|	79.720	2.52e-47	286	uncultured fungus	fungi	uncultured fungus
ef98253b6b208e31ed8fb7b399b4730b	gi|2259393484|emb|OW837426.1|	80.224	1.17e-45	268	uncultured fungus	fungi	uncultured fungus
ef98253b6b208e31ed8fb7b399b4730b	gi|1279124608|gb|MF807895.1|	100.000	1.24e-05	35	Nidirana pleuraden	frogs & toads	Yunnan pond frog
ef98253b6b208e31ed8fb7b399b4730b	gi|1279124607|gb|MF807894.1|	100.000	1.24e-05	35	Nidirana pleuraden	frogs & toads	Yunnan pond frog
ab0b6db4018842c6cce8ea117198935e	gi|1829764069|ref|NC_046684.1|	98.157	2.77e-100	217	Dipturus batis	sharks & rays	blue skate
ab0b6db4018842c6cce8ea117198935e	gi|586598295|gb|KF962934.1|	98.157	2.77e-100	217	Dipturus argentinensis	sharks & rays	Argentine skate
ab0b6db4018842c6cce8ea117198935e	gi|1394333080|gb|MF278981.1|	98.157	2.77e-100	217	Dipturus innominatus	sharks & rays	Dipturus innominatus
ab0b6db4018842c6cce8ea117198935e	gi|1394332884|gb|MF278967.1|	98.157	2.77e-100	217	Zearaja maugeana	sharks & rays	Port Davey skate
ab0b6db4018842c6cce8ea117198935e	gi|1418585864|ref|NC_037966.1|	98.157	2.77e-100	217	Zearaja maugeana	sharks & rays	Port Davey skate
dd37e62c39897447f88244a40cbbf5fc	gi|2018537049|gb|MW818210.1|	99.519	2.63e-100	208	Clupea harengus	ray-finned fishes	Atlantic herring
dd37e62c39897447f88244a40cbbf5fc	gi|426260451|gb|KC193765.1|	99.519	2.63e-100	208	Clupea harengus	ray-finned fishes	Atlantic herring
dd37e62c39897447f88244a40cbbf5fc	gi|426260367|gb|KC193759.1|	99.519	2.63e-100	208	Clupea harengus	ray-finned fishes	Atlantic herring
dd37e62c39897447f88244a40cbbf5fc	gi|426260199|gb|KC193747.1|	99.519	2.63e-100	208	Clupea harengus	ray-finned fishes	Atlantic herring
dd37e62c39897447f88244a40cbbf5fc	gi|426260059|gb|KC193737.1|	99.519	2.63e-100	208	Clupea harengus	ray-finned fishes	Atlantic herring
53f88bd8c0006c598d013a0c96ff2035	gi|1540304408|gb|MH688244.1|	93.023	1.60e-04	43	Aperioptus gracilentus	ray-finned fishes	Aperioptus gracilentus
53f88bd8c0006c598d013a0c96ff2035	gi|2064684336|dbj|LC640023.1|	93.023	1.60e-04	43	Paraplagusia japonica	ray-finned fishes	black cow-tongue
53f88bd8c0006c598d013a0c96ff2035	gi|511347697|ref|NC_021376.1|	93.023	1.60e-04	43	Paraplagusia japonica	ray-finned fishes	black cow-tongue
53f88bd8c0006c598d013a0c96ff2035	gi|1918448007|dbj|LC579409.1|	93.023	1.60e-04	43	Paraplagusia japonica	ray-finned fishes	black cow-tongue
53f88bd8c0006c598d013a0c96ff2035	gi|169665021|gb|EU341086.1|	97.143	5.75e-04	35	Anodonthyla rouxae	frogs & toads	Madagascar climbing frog
64eac8ce286fc735336f2e2fabb9f14b	gi|1540304408|gb|MH688244.1|	95.349	3.42e-06	43	Aperioptus gracilentus	ray-finned fishes	Aperioptus gracilentus
64eac8ce286fc735336f2e2fabb9f14b	gi|2064684336|dbj|LC640023.1|	95.349	3.42e-06	43	Paraplagusia japonica	ray-finned fishes	black cow-tongue
64eac8ce286fc735336f2e2fabb9f14b	gi|511347697|ref|NC_021376.1|	95.349	3.42e-06	43	Paraplagusia japonica	ray-finned fishes	black cow-tongue
64eac8ce286fc735336f2e2fabb9f14b	gi|1918448007|dbj|LC579409.1|	95.349	3.42e-06	43	Paraplagusia japonica	ray-finned fishes	black cow-tongue
64eac8ce286fc735336f2e2fabb9f14b	gi|1835269738|gb|MN917497.1|	93.023	1.59e-04	43	Paratelmatobius cardosoi	frogs & toads	Paratelmatobius cardosoi
eec147c458b30163d120577c0d50be55	gi|3057012933|gb|PX273259.1|	99.034	4.38e-98	207	Homo sapiens	primates	human
eec147c458b30163d120577c0d50be55	gi|3057012919|gb|PX273258.1|	99.034	4.38e-98	207	Homo sapiens	primates	human
eec147c458b30163d120577c0d50be55	gi|3057012905|gb|PX273257.1|	99.034	4.38e-98	207	Homo sapiens	primates	human
eec147c458b30163d120577c0d50be55	gi|3057012891|gb|PX273256.1|	99.034	4.38e-98	207	Homo sapiens	primates	human
eec147c458b30163d120577c0d50be55	gi|3057012877|gb|PX273255.1|	99.034	4.38e-98	207	Homo sapiens	primates	human
15ce9846f55e18b80ea8e91756172afa	gi|2204333760|dbj|AP012975.1|	99.512	1.20e-98	205	Chiasmodon harteli	ray-finned fishes	Chiasmodon harteli
15ce9846f55e18b80ea8e91756172afa	gi|3139206717|gb|PX740317.1|	99.024	5.59e-97	205	Chiasmodon niger	ray-finned fishes	black swallower
15ce9846f55e18b80ea8e91756172afa	gi|2580278260|gb|OP057044.2|	95.610	2.64e-85	205	Chiasmodon sp.	ray-finned fishes	Chiasmodon sp.
15ce9846f55e18b80ea8e91756172afa	gi|2373975057|gb|OP035323.1|	95.610	2.64e-85	205	Chiasmodon subniger	ray-finned fishes	swarthy snaketooth
15ce9846f55e18b80ea8e91756172afa	gi|2431513731|ref|NC_070071.1|	95.610	2.64e-85	205	Chiasmodon niger	ray-finned fishes	black swallower
0771ef5ed521ca6755c48499ab2f2979	gi|2571476436|gb|OR499725.1|	99.515	3.36e-99	206	Merluccius bilinearis	ray-finned fishes	silver hake
0771ef5ed521ca6755c48499ab2f2979	gi|3211598001|gb|PZ091031.1|	99.515	3.36e-99	206	Merluccius bilinearis	ray-finned fishes	silver hake
0771ef5ed521ca6755c48499ab2f2979	gi|3211597805|gb|PZ091017.1|	99.515	3.36e-99	206	Merluccius bilinearis	ray-finned fishes	silver hake
0771ef5ed521ca6755c48499ab2f2979	gi|3053320529|gb|PX070008.1|	99.029	1.56e-97	206	Merluccius bilinearis	ray-finned fishes	silver hake
0771ef5ed521ca6755c48499ab2f2979	gi|3211597665|gb|PZ091007.1|	99.029	5.63e-97	206	Merluccius bilinearis	ray-finned fishes	silver hake
0f3766bddc66927ea9f81e2848749de4	gi|507590648|gb|KC572859.1|	99.515	3.36e-99	206	Balaenoptera physalus	whales & dolphins	Fin whale
0f3766bddc66927ea9f81e2848749de4	gi|507590606|gb|KC572856.1|	99.515	3.36e-99	206	Balaenoptera physalus	whales & dolphins	Fin whale
0f3766bddc66927ea9f81e2848749de4	gi|507590214|gb|KC572828.1|	99.515	3.36e-99	206	Balaenoptera physalus	whales & dolphins	Fin whale
0f3766bddc66927ea9f81e2848749de4	gi|507590172|gb|KC572825.1|	99.515	3.36e-99	206	Balaenoptera physalus	whales & dolphins	Fin whale
0f3766bddc66927ea9f81e2848749de4	gi|2925765195|emb|OZ239533.1|	99.029	1.56e-97	206	Balaenoptera physalus	whales & dolphins	Fin whale
0f116ed4985ef52c577d8e46960c493c	gi|2259493168|emb|OW836098.1|	89.860	3.04e-96	286	uncultured fungus	fungi	uncultured fungus
0f116ed4985ef52c577d8e46960c493c	gi|2259406298|emb|OW840390.1|	89.474	1.83e-93	285	uncultured fungus	fungi	uncultured fungus
0f116ed4985ef52c577d8e46960c493c	gi|2259408387|emb|OW840528.1|	89.003	6.57e-93	291	uncultured fungus	fungi	uncultured fungus
0f116ed4985ef52c577d8e46960c493c	gi|2259494369|emb|OW836709.1|	89.123	2.36e-92	285	uncultured fungus	fungi	uncultured fungus
0f116ed4985ef52c577d8e46960c493c	gi|1969812215|emb|LR994622.1|	89.199	2.36e-92	287	Digitaria exilis	monocots	Digitaria exilis
0f116ed4985ef52c577d8e46960c493c	gi|1969812215|emb|LR994622.1|	89.199	2.36e-92	287	Digitaria exilis	monocots	Digitaria exilis
0f116ed4985ef52c577d8e46960c493c	gi|1969812215|emb|LR994622.1|	89.199	2.36e-92	287	Digitaria exilis	monocots	Digitaria exilis
0f116ed4985ef52c577d8e46960c493c	gi|1969812215|emb|LR994622.1|	89.199	2.36e-92	287	Digitaria exilis	monocots	Digitaria exilis
0f116ed4985ef52c577d8e46960c493c	gi|1969812215|emb|LR994622.1|	89.199	2.36e-92	287	Digitaria exilis	monocots	Digitaria exilis
0f116ed4985ef52c577d8e46960c493c	gi|1969812215|emb|LR994622.1|	89.199	2.36e-92	287	Digitaria exilis	monocots	Digitaria exilis
0f116ed4985ef52c577d8e46960c493c	gi|1969812215|emb|LR994622.1|	89.199	2.36e-92	287	Digitaria exilis	monocots	Digitaria exilis
3c1e99785946a022ced59aa5b0633b57	gi|1693290266|ref|NC_042741.1|	87.129	3.48e-54	202	Pisaster ochraceus	starfish	purple sea star
3c1e99785946a022ced59aa5b0633b57	gi|2499155081|gb|OP747302.1|	80.976	1.66e-32	205	Asterias amurensis	starfish	Northern Pacific seastar
3c1e99785946a022ced59aa5b0633b57	gi|2567033648|gb|OR473298.1|	80.488	7.75e-31	205	Asterias amurensis	starfish	Northern Pacific seastar
3c1e99785946a022ced59aa5b0633b57	gi|2582205361|gb|CP134956.1|	80.488	7.75e-31	205	Asterias amurensis	starfish	Northern Pacific seastar
3c1e99785946a022ced59aa5b0633b57	gi|2591482342|ref|NC_083190.1|	80.288	7.75e-31	208	Sclerasterias satsumana	starfish	Sclerasterias satsumana
626a1d422b42ef1d9e8398e158638458	gi|2689257695|gb|OR813049.1|	98.618	5.95e-102	217	Amblyraja radiata	sharks & rays	thorny skate
626a1d422b42ef1d9e8398e158638458	gi|2689257681|gb|OR813048.1|	98.618	5.95e-102	217	Amblyraja radiata	sharks & rays	thorny skate
626a1d422b42ef1d9e8398e158638458	gi|2689257667|gb|OR813047.1|	98.618	5.95e-102	217	Amblyraja radiata	sharks & rays	thorny skate
626a1d422b42ef1d9e8398e158638458	gi|2689257653|gb|OR813046.1|	98.618	5.95e-102	217	Amblyraja radiata	sharks & rays	thorny skate
626a1d422b42ef1d9e8398e158638458	gi|2689257639|gb|OR813045.1|	98.618	5.95e-102	217	Amblyraja radiata	sharks & rays	thorny skate
aae1e11cb9f83894c74d445fac70531e	gi|3057012709|gb|PX273243.1|	99.034	4.38e-98	207	Homo sapiens	primates	human
aae1e11cb9f83894c74d445fac70531e	gi|3057012541|gb|PX273231.1|	99.034	4.38e-98	207	Homo sapiens	primates	human
aae1e11cb9f83894c74d445fac70531e	gi|3057012191|gb|PX273206.1|	99.034	4.38e-98	207	Homo sapiens	primates	human
aae1e11cb9f83894c74d445fac70531e	gi|3057009923|gb|PX273044.1|	99.034	4.38e-98	207	Homo sapiens	primates	human
aae1e11cb9f83894c74d445fac70531e	gi|3057003483|gb|PX272584.1|	99.034	4.38e-98	207	Homo sapiens	primates	human
35a86b384dc23988e74f827be567237c	gi|2259493815|emb|OW836641.1|	79.433	4.21e-45	282	uncultured fungus	fungi	uncultured fungus
35a86b384dc23988e74f827be567237c	gi|2259493659|emb|OW836558.1|	79.021	5.45e-44	286	uncultured fungus	fungi	uncultured fungus
35a86b384dc23988e74f827be567237c	gi|2259393484|emb|OW837426.1|	79.478	2.54e-42	268	uncultured fungus	fungi	uncultured fungus
35a86b384dc23988e74f827be567237c	gi|1279124608|gb|MF807895.1|	100.000	1.24e-05	35	Nidirana pleuraden	frogs & toads	Yunnan pond frog
35a86b384dc23988e74f827be567237c	gi|1279124607|gb|MF807894.1|	100.000	1.24e-05	35	Nidirana pleuraden	frogs & toads	Yunnan pond frog
00cea5d5d18c0de9a16ef666473493f4	gi|2499294728|emb|OX465372.1|	98.551	2.04e-96	207	Balaenoptera acutorostrata	whales & dolphins	minke whale
00cea5d5d18c0de9a16ef666473493f4	gi|1878254304|gb|MT410935.1|	98.551	2.04e-96	207	Balaenoptera acutorostrata	whales & dolphins	minke whale
00cea5d5d18c0de9a16ef666473493f4	gi|62086594|dbj|AP006468.1|	98.551	2.04e-96	207	Balaenoptera acutorostrata	whales & dolphins	minke whale
00cea5d5d18c0de9a16ef666473493f4	gi|38707492|ref|NC_005271.1|	98.551	2.04e-96	207	Balaenoptera acutorostrata	whales & dolphins	minke whale
00cea5d5d18c0de9a16ef666473493f4	gi|62184354|ref|NC_006926.1|	97.101	2.05e-91	207	Balaenoptera bonaerensis	whales & dolphins	Antarctic minke whale
ab1fba32cebdce9aa034eeba8dfe7a79	gi|2952869385|gb|PV454015.1|	99.029	1.56e-97	206	Enchelyopus cimbrius	ray-finned fishes	fourbeard rockling
ab1fba32cebdce9aa034eeba8dfe7a79	gi|2329468151|gb|OP056913.1|	99.029	1.56e-97	206	Enchelyopus cimbrius	ray-finned fishes	fourbeard rockling
ab1fba32cebdce9aa034eeba8dfe7a79	gi|2018537178|gb|MW818339.1|	99.029	1.56e-97	206	Enchelyopus cimbrius	ray-finned fishes	fourbeard rockling
ab1fba32cebdce9aa034eeba8dfe7a79	gi|2891888077|gb|PP467849.1|	98.990	4.38e-93	198	Enchelyopus cimbrius	ray-finned fishes	fourbeard rockling
ab1fba32cebdce9aa034eeba8dfe7a79	gi|14485470|emb|AJ315623.1|	98.942	4.41e-88	189	Enchelyopus cimbrius	ray-finned fishes	fourbeard rockling
fa77fba22785269224e119367c76119b	gi|2994737870|gb|PV656769.1|	99.034	4.38e-98	207	Urophycis chuss	ray-finned fishes	red hake
fa77fba22785269224e119367c76119b	gi|2580283387|gb|OP057106.2|	99.034	4.38e-98	207	Urophycis chuss	ray-finned fishes	red hake
fa77fba22785269224e119367c76119b	gi|1825511901|gb|MT103927.1|	94.258	2.08e-81	209	Urophycis tenuis	ray-finned fishes	white hake
fa77fba22785269224e119367c76119b	gi|3178764840|emb|OZ408611.1|	93.750	9.67e-80	208	Phycis phycis	ray-finned fishes	Phycis phycis
fa77fba22785269224e119367c76119b	gi|2715332411|ref|NC_088031.1|	93.301	4.50e-78	209	Urophycis brasiliensis	ray-finned fishes	Brazilian codling
0fdc2f478747552d1635fe6ddb2083d7	gi|2259493659|emb|OW836558.1|	77.622	2.55e-37	286	uncultured fungus	fungi	uncultured fungus
0fdc2f478747552d1635fe6ddb2083d7	gi|2259493815|emb|OW836641.1|	76.950	1.99e-33	282	uncultured fungus	fungi	uncultured fungus
0fdc2f478747552d1635fe6ddb2083d7	gi|2259393484|emb|OW837426.1|	76.866	1.20e-30	268	uncultured fungus	fungi	uncultured fungus
0fdc2f478747552d1635fe6ddb2083d7	gi|1279124608|gb|MF807895.1|	100.000	1.24e-05	35	Nidirana pleuraden	frogs & toads	Yunnan pond frog
0fdc2f478747552d1635fe6ddb2083d7	gi|1279124607|gb|MF807894.1|	100.000	1.24e-05	35	Nidirana pleuraden	frogs & toads	Yunnan pond frog
ceb7e9f80dbde99c921a330cedcdd4ab	gi|1693290266|ref|NC_042741.1|	88.614	3.45e-59	202	Pisaster ochraceus	starfish	purple sea star
ceb7e9f80dbde99c921a330cedcdd4ab	gi|726972397|ref|NC_025766.1|	86.700	1.62e-52	203	Aphelasterias japonica	starfish	Aphelasterias japonica
ceb7e9f80dbde99c921a330cedcdd4ab	gi|2567033649|gb|OR473299.1|	84.390	2.73e-45	205	Marthasterias glacialis	starfish	spiny starfish
ceb7e9f80dbde99c921a330cedcdd4ab	gi|2076208768|emb|OU452241.1|	84.390	2.73e-45	205	Marthasterias glacialis	starfish	spiny starfish
ceb7e9f80dbde99c921a330cedcdd4ab	gi|2499155081|gb|OP747302.1|	81.773	7.69e-36	203	Asterias amurensis	starfish	Northern Pacific seastar
e43612b6d32d07835e4833b1779a6e19	gi|484759855|ref|NC_021124.1|	77.352	1.19e-35	287	Andalucia godoyi	eukaryotes	Andalucia godoyi
e43612b6d32d07835e4833b1779a6e19	gi|1609443617|gb|MK086006.1|	75.170	7.26e-23	294	Chloropicon roscoffensis	green algae	Chloropicon roscoffensis
e43612b6d32d07835e4833b1779a6e19	gi|1693285172|ref|NC_042599.1|	74.830	3.38e-21	294	Chloropicon roscoffensis	green algae	Chloropicon roscoffensis
e43612b6d32d07835e4833b1779a6e19	gi|3127806636|emb|OZ374642.1|	74.830	3.38e-21	294	Chloropicon roscoffensis	green algae	Chloropicon roscoffensis
e43612b6d32d07835e4833b1779a6e19	gi|1693285113|ref|NC_042598.1|	74.490	1.57e-19	294	Chloropicon sieburthii	green algae	Chloropicon sieburthii
08e16267d7f38b0a8de86920954ae0ac	gi|1798183348|emb|LR745847.1|	98.515	1.20e-93	202	Asterias rubens	starfish	European starfish
08e16267d7f38b0a8de86920954ae0ac	gi|2567033648|gb|OR473298.1|	94.059	1.23e-78	202	Asterias amurensis	starfish	Northern Pacific seastar
08e16267d7f38b0a8de86920954ae0ac	gi|2582205361|gb|CP134956.1|	94.059	1.23e-78	202	Asterias amurensis	starfish	Northern Pacific seastar
08e16267d7f38b0a8de86920954ae0ac	gi|2582205361|gb|CP134956.1|	95.588	3.72e-19	68	Asterias amurensis	starfish	Northern Pacific seastar
08e16267d7f38b0a8de86920954ae0ac	gi|2499155095|gb|OP747303.1|	94.059	1.23e-78	202	Asterias amurensis	starfish	Northern Pacific seastar
08e16267d7f38b0a8de86920954ae0ac	gi|2499155067|gb|OP747301.1|	94.059	1.23e-78	202	Asterias amurensis	starfish	Northern Pacific seastar
e39e1bc4a4a67bec4e3cab6c8e64c173	gi|2989059643|gb|PV710553.1|	99.512	1.20e-98	205	Ammodytes dubius	ray-finned fishes	northern sand lance
e39e1bc4a4a67bec4e3cab6c8e64c173	gi|2989059629|gb|PV710552.1|	99.512	1.20e-98	205	Ammodytes dubius	ray-finned fishes	northern sand lance
e39e1bc4a4a67bec4e3cab6c8e64c173	gi|2949335892|gb|PV423377.1|	99.512	1.20e-98	205	Ammodytes dubius	ray-finned fishes	northern sand lance
e39e1bc4a4a67bec4e3cab6c8e64c173	gi|959122913|ref|NC_028529.1|	99.512	1.20e-98	205	Ammodytes dubius	ray-finned fishes	northern sand lance
e39e1bc4a4a67bec4e3cab6c8e64c173	gi|2989059657|gb|PV710554.1|	99.024	5.59e-97	205	Ammodytes dubius	ray-finned fishes	northern sand lance
bfaf67f2a1069208882ec669935d02c6	gi|404427683|gb|JQ516589.1|	81.597	3.21e-56	288	uncultured Chlorophyta	green algae	uncultured Chlorophyta
bfaf67f2a1069208882ec669935d02c6	gi|404427682|gb|JQ516583.1|	81.597	3.21e-56	288	uncultured Chlorophyta	green algae	uncultured Chlorophyta
bfaf67f2a1069208882ec669935d02c6	gi|404427678|gb|JQ516566.1|	81.597	3.21e-56	288	uncultured Chlorophyta	green algae	uncultured Chlorophyta
bfaf67f2a1069208882ec669935d02c6	gi|312982358|gb|HM593553.1|	81.250	1.49e-54	288	uncultured phototrophic eukaryote	eukaryotes	uncultured phototrophic eukaryote
bfaf67f2a1069208882ec669935d02c6	gi|312982342|gb|HM593538.1|	81.250	1.49e-54	288	uncultured phototrophic eukaryote	eukaryotes	uncultured phototrophic eukaryote
4c6abcc5bb1019064382682161917867	gi|2994737912|gb|PV656772.1|	99.029	1.56e-97	206	Melanogrammus aeglefinus	ray-finned fishes	haddock
4c6abcc5bb1019064382682161917867	gi|2994737898|gb|PV656771.1|	99.029	1.56e-97	206	Melanogrammus aeglefinus	ray-finned fishes	haddock
4c6abcc5bb1019064382682161917867	gi|2994737884|gb|PV656770.1|	99.029	1.56e-97	206	Melanogrammus aeglefinus	ray-finned fishes	haddock
4c6abcc5bb1019064382682161917867	gi|124377065|emb|AM489717.1|	99.029	1.56e-97	206	Melanogrammus aeglefinus	ray-finned fishes	haddock
4c6abcc5bb1019064382682161917867	gi|94481723|gb|DQ356942.1|	99.029	1.56e-97	206	Melanogrammus aeglefinus	ray-finned fishes	haddock
ed6071e1ac972cf561f3634361497f6d	gi|3033174382|gb|PQ344743.1|	100.000	1.33e-08	40	Ctenomys nattereri	rodents	Natterer's tuco-tuco
ed6071e1ac972cf561f3634361497f6d	gi|3033174354|gb|PQ344741.1|	100.000	1.33e-08	40	Ctenomys sp.	rodents	Ctenomys sp.
ed6071e1ac972cf561f3634361497f6d	gi|1464230501|gb|MH182628.1|	100.000	1.33e-08	40	Myocastor coypus	rodents	nutria
ed6071e1ac972cf561f3634361497f6d	gi|1241931724|ref|NC_035866.1|	100.000	1.33e-08	40	Myocastor coypus	rodents	nutria
ed6071e1ac972cf561f3634361497f6d	gi|2647781559|emb|OY997604.1|	100.000	1.33e-08	40	Phalacrocorax carbo	birds	great cormorant
80763ee240c8379fbae58bd7475b4e2f	gi|2571476436|gb|OR499725.1|	99.515	3.36e-99	206	Merluccius bilinearis	ray-finned fishes	silver hake
80763ee240c8379fbae58bd7475b4e2f	gi|3211598001|gb|PZ091031.1|	99.515	3.36e-99	206	Merluccius bilinearis	ray-finned fishes	silver hake
80763ee240c8379fbae58bd7475b4e2f	gi|3211597805|gb|PZ091017.1|	99.515	3.36e-99	206	Merluccius bilinearis	ray-finned fishes	silver hake
80763ee240c8379fbae58bd7475b4e2f	gi|3053320529|gb|PX070008.1|	99.029	1.56e-97	206	Merluccius bilinearis	ray-finned fishes	silver hake
80763ee240c8379fbae58bd7475b4e2f	gi|3211597665|gb|PZ091007.1|	99.029	5.63e-97	206	Merluccius bilinearis	ray-finned fishes	silver hake
fbe3bf2b3fe75c89b016c464a7720952	gi|700275268|gb|KM096986.1|	98.624	1.66e-102	218	Cetorhinus maximus	sharks & rays	Cetorhinus maximus
fbe3bf2b3fe75c89b016c464a7720952	gi|700275170|gb|KM096979.1|	98.624	1.66e-102	218	Cetorhinus maximus	sharks & rays	Cetorhinus maximus
fbe3bf2b3fe75c89b016c464a7720952	gi|700275114|gb|KM096975.1|	98.624	1.66e-102	218	Cetorhinus maximus	sharks & rays	Cetorhinus maximus
fbe3bf2b3fe75c89b016c464a7720952	gi|700275100|gb|KM096974.1|	98.624	1.66e-102	218	Cetorhinus maximus	sharks & rays	Cetorhinus maximus
fbe3bf2b3fe75c89b016c464a7720952	gi|586946454|gb|KF991387.1|	98.165	7.74e-101	218	Cetorhinus maximus	sharks & rays	Cetorhinus maximus
5d9e6d3ffd275e8358f865fe2dd08168	gi|3057012933|gb|PX273259.1|	99.034	4.38e-98	207	Homo sapiens	primates	human
5d9e6d3ffd275e8358f865fe2dd08168	gi|3057012919|gb|PX273258.1|	99.034	4.38e-98	207	Homo sapiens	primates	human
5d9e6d3ffd275e8358f865fe2dd08168	gi|3057012905|gb|PX273257.1|	99.034	4.38e-98	207	Homo sapiens	primates	human
5d9e6d3ffd275e8358f865fe2dd08168	gi|3057012891|gb|PX273256.1|	99.034	4.38e-98	207	Homo sapiens	primates	human
5d9e6d3ffd275e8358f865fe2dd08168	gi|3057012877|gb|PX273255.1|	99.034	4.38e-98	207	Homo sapiens	primates	human
df5cfd76e5d674f43c83c7f2486cdc41	gi|2994737870|gb|PV656769.1|	99.517	9.40e-100	207	Urophycis chuss	ray-finned fishes	red hake
df5cfd76e5d674f43c83c7f2486cdc41	gi|2580283387|gb|OP057106.2|	99.517	9.40e-100	207	Urophycis chuss	ray-finned fishes	red hake
df5cfd76e5d674f43c83c7f2486cdc41	gi|1825511901|gb|MT103927.1|	94.737	4.47e-83	209	Urophycis tenuis	ray-finned fishes	white hake
df5cfd76e5d674f43c83c7f2486cdc41	gi|3178764840|emb|OZ408611.1|	94.231	2.08e-81	208	Phycis phycis	ray-finned fishes	Phycis phycis
df5cfd76e5d674f43c83c7f2486cdc41	gi|2715332411|ref|NC_088031.1|	93.780	9.67e-80	209	Urophycis brasiliensis	ray-finned fishes	Brazilian codling
312a5ba203e72121f9d6e014674b8972	gi|1825511900|gb|MT103926.1|	99.024	5.59e-97	205	Triglops murrayi	ray-finned fishes	moustache sculpin
312a5ba203e72121f9d6e014674b8972	gi|1790179336|dbj|LC493907.1|	98.537	2.60e-95	205	Triglops murrayi	ray-finned fishes	moustache sculpin
312a5ba203e72121f9d6e014674b8972	gi|2587926634|ref|NC_082794.1|	98.537	2.60e-95	205	Triglops forficatus	ray-finned fishes	scissortail sculpin
312a5ba203e72121f9d6e014674b8972	gi|2587926915|ref|NC_082814.1|	97.073	2.62e-90	205	Triglops pingelii	ray-finned fishes	ribbed sculpin
312a5ba203e72121f9d6e014674b8972	gi|1812094745|ref|NC_045927.1|	95.122	1.23e-83	205	Gymnocanthus tricuspis	ray-finned fishes	Arctic staghorn sculpin
06b91ab9be4a658024e4567bcd7a7051	gi|1832296295|gb|MN181405.1|	99.024	5.59e-97	205	Canis lupus familiaris	carnivores	dog
06b91ab9be4a658024e4567bcd7a7051	gi|1832296281|gb|MN181404.1|	99.024	5.59e-97	205	Canis lupus familiaris	carnivores	dog
06b91ab9be4a658024e4567bcd7a7051	gi|1827515233|gb|MN699631.1|	99.024	5.59e-97	205	Canis lupus familiaris	carnivores	dog
06b91ab9be4a658024e4567bcd7a7051	gi|1827515191|gb|MN699628.1|	99.024	5.59e-97	205	Canis lupus familiaris	carnivores	dog
06b91ab9be4a658024e4567bcd7a7051	gi|1827515163|gb|MN699626.1|	99.024	5.59e-97	205	Canis lupus familiaris	carnivores	dog
abd302e8ab8705090033a38618edda66	gi|1540304408|gb|MH688244.1|	95.349	3.42e-06	43	Aperioptus gracilentus	ray-finned fishes	Aperioptus gracilentus
abd302e8ab8705090033a38618edda66	gi|2064684336|dbj|LC640023.1|	95.349	3.42e-06	43	Paraplagusia japonica	ray-finned fishes	black cow-tongue
abd302e8ab8705090033a38618edda66	gi|511347697|ref|NC_021376.1|	95.349	3.42e-06	43	Paraplagusia japonica	ray-finned fishes	black cow-tongue
abd302e8ab8705090033a38618edda66	gi|1918448007|dbj|LC579409.1|	95.349	3.42e-06	43	Paraplagusia japonica	ray-finned fishes	black cow-tongue
abd302e8ab8705090033a38618edda66	gi|1835269738|gb|MN917497.1|	93.023	1.59e-04	43	Paratelmatobius cardosoi	frogs & toads	Paratelmatobius cardosoi
a36ed437dca1441bdf75ee3ccd942ebe	gi|2692953615|ref|NC_086796.1|	98.529	9.31e-95	204	Zoarces americanus	ray-finned fishes	ocean pout
a36ed437dca1441bdf75ee3ccd942ebe	gi|3139203650|gb|PX719005.1|	98.529	9.31e-95	204	Zoarces americanus	ray-finned fishes	ocean pout
a36ed437dca1441bdf75ee3ccd942ebe	gi|3139210563|gb|PX740847.1|	98.039	4.33e-93	204	Zoarces americanus	ray-finned fishes	ocean pout
a36ed437dca1441bdf75ee3ccd942ebe	gi|2724829064|ref|NC_088490.1|	97.549	2.01e-91	204	Zoarces viviparus	ray-finned fishes	viviparous blenny
a36ed437dca1441bdf75ee3ccd942ebe	gi|1788585388|gb|MN883214.1|	98.469	2.61e-90	196	Zoarces americanus	ray-finned fishes	ocean pout
86834670d5e27e108de6aac987cb8757	gi|3053320543|gb|PX070009.1|	99.515	3.36e-99	206	Hippoglossina oblonga	ray-finned fishes	American fourspot flounder
86834670d5e27e108de6aac987cb8757	gi|2987591713|gb|PV691864.1|	99.515	3.36e-99	206	Hippoglossina oblonga	ray-finned fishes	American fourspot flounder
86834670d5e27e108de6aac987cb8757	gi|2580281830|gb|OP056997.2|	99.515	3.36e-99	206	Hippoglossina oblonga	ray-finned fishes	American fourspot flounder
86834670d5e27e108de6aac987cb8757	gi|2987591741|gb|PV691866.1|	99.029	1.56e-97	206	Hippoglossina oblonga	ray-finned fishes	American fourspot flounder
86834670d5e27e108de6aac987cb8757	gi|1515576539|gb|MH377824.1|	99.495	9.42e-95	198	Hippoglossina oblonga	ray-finned fishes	American fourspot flounder
210a57afdf747734a775caa514c3c493	gi|2891888040|gb|PP467801.1|	99.497	2.59e-95	199	Scomberesox saurus	ray-finned fishes	Scomberesox saurus
210a57afdf747734a775caa514c3c493	gi|2580316241|gb|OR575551.1|	97.549	2.01e-91	204	Cololabis saira	ray-finned fishes	Pacific saury
210a57afdf747734a775caa514c3c493	gi|16357079|ref|NC_003183.1|	97.549	2.01e-91	204	Cololabis saira	ray-finned fishes	Pacific saury
210a57afdf747734a775caa514c3c493	gi|2486668737|gb|OQ819310.1|	98.942	4.36e-88	189	Scomberesox saurus	ray-finned fishes	Scomberesox saurus
210a57afdf747734a775caa514c3c493	gi|985563190|dbj|LC091873.1|	97.024	2.07e-71	168	Cololabis saira	ray-finned fishes	Pacific saury
2a26ac9b492e5325eb6ccb1f143e1b0d	gi|1735234721|ref|NC_044407.1|	98.276	1.71e-138	290	Florenciella parvula	heterokonts	Florenciella parvula
2a26ac9b492e5325eb6ccb1f143e1b0d	gi|1735234721|ref|NC_044407.1|	98.606	1.71e-138	287	Florenciella parvula	heterokonts	Florenciella parvula
2a26ac9b492e5325eb6ccb1f143e1b0d	gi|186701288|gb|EU394568.1|	98.606	1.71e-138	287	uncultured diatom	diatoms	uncultured diatom
2a26ac9b492e5325eb6ccb1f143e1b0d	gi|1132318730|gb|KX937699.1|	98.606	1.71e-138	287	uncultured marine eukaryote	eukaryotes	uncultured marine eukaryote
2a26ac9b492e5325eb6ccb1f143e1b0d	gi|1132315975|gb|KX934944.1|	98.606	1.71e-138	287	uncultured marine eukaryote	eukaryotes	uncultured marine eukaryote
2a26ac9b492e5325eb6ccb1f143e1b0d	gi|1132315904|gb|KX934873.1|	98.606	1.71e-138	287	uncultured marine eukaryote	eukaryotes	uncultured marine eukaryote
5020c0903e5a1166c3d84188899fec26	gi|2259143938|emb|OW835519.1|	87.063	2.41e-82	286	uncultured fungus	fungi	uncultured fungus
5020c0903e5a1166c3d84188899fec26	gi|2259492667|emb|OW835190.1|	83.391	1.48e-64	289	uncultured fungus	fungi	uncultured fungus
5020c0903e5a1166c3d84188899fec26	gi|2259389090|emb|OW836369.1|	78.157	7.13e-38	293	uncultured fungus	fungi	uncultured fungus
5020c0903e5a1166c3d84188899fec26	gi|5802853|gb|AF170720.1|	75.168	2.62e-22	298	Nemalionopsis tortuosa	red algae	Nemalionopsis tortuosa
5020c0903e5a1166c3d84188899fec26	gi|2259141884|emb|OW834628.1|	74.386	1.22e-20	285	uncultured fungus	fungi	uncultured fungus
1c75695c8209e7974beef45f620ea170	gi|1798183348|emb|LR745847.1|	98.020	5.60e-92	202	Asterias rubens	starfish	European starfish
1c75695c8209e7974beef45f620ea170	gi|2567033648|gb|OR473298.1|	93.564	5.72e-77	202	Asterias amurensis	starfish	Northern Pacific seastar
1c75695c8209e7974beef45f620ea170	gi|2582205361|gb|CP134956.1|	93.564	5.72e-77	202	Asterias amurensis	starfish	Northern Pacific seastar
1c75695c8209e7974beef45f620ea170	gi|2582205361|gb|CP134956.1|	95.588	3.72e-19	68	Asterias amurensis	starfish	Northern Pacific seastar
1c75695c8209e7974beef45f620ea170	gi|2499155095|gb|OP747303.1|	93.564	5.72e-77	202	Asterias amurensis	starfish	Northern Pacific seastar
1c75695c8209e7974beef45f620ea170	gi|2499155067|gb|OP747301.1|	93.564	5.72e-77	202	Asterias amurensis	starfish	Northern Pacific seastar
26011c8fdac7d2e724d721af5acc6dcc	gi|3053320641|gb|PX070016.1|	98.558	5.69e-97	208	Clupea harengus	ray-finned fishes	Atlantic herring
26011c8fdac7d2e724d721af5acc6dcc	gi|1799624616|gb|MN122931.1|	98.558	5.69e-97	208	Clupea harengus	ray-finned fishes	Atlantic herring
26011c8fdac7d2e724d721af5acc6dcc	gi|1517391475|gb|MH194498.2|	98.558	5.69e-97	208	Clupea harengus	ray-finned fishes	Atlantic herring
26011c8fdac7d2e724d721af5acc6dcc	gi|2018537065|gb|MW818226.1|	98.558	5.69e-97	208	Clupea harengus	ray-finned fishes	Atlantic herring
26011c8fdac7d2e724d721af5acc6dcc	gi|2018537050|gb|MW818211.1|	98.558	5.69e-97	208	Clupea harengus	ray-finned fishes	Atlantic herring
1722683f6af6942d58317da7617a04ab	gi|2259493815|emb|OW836641.1|	79.078	1.96e-43	282	uncultured fungus	fungi	uncultured fungus
1722683f6af6942d58317da7617a04ab	gi|2259493659|emb|OW836558.1|	78.671	2.54e-42	286	uncultured fungus	fungi	uncultured fungus
1722683f6af6942d58317da7617a04ab	gi|2259393484|emb|OW837426.1|	79.104	1.18e-40	268	uncultured fungus	fungi	uncultured fungus
1722683f6af6942d58317da7617a04ab	gi|1279124608|gb|MF807895.1|	100.000	1.24e-05	35	Nidirana pleuraden	frogs & toads	Yunnan pond frog
1722683f6af6942d58317da7617a04ab	gi|1279124607|gb|MF807894.1|	100.000	1.24e-05	35	Nidirana pleuraden	frogs & toads	Yunnan pond frog
7aa6a810119fa97d6247c3c5aa75d8ca	gi|930854782|dbj|AP012952.1|	99.034	4.38e-98	207	Argentina silus	ray-finned fishes	greater argentine
7aa6a810119fa97d6247c3c5aa75d8ca	gi|2510678348|emb|OX637390.1|	96.714	2.05e-91	213	Argentina silus	ray-finned fishes	greater argentine
7aa6a810119fa97d6247c3c5aa75d8ca	gi|1561111650|dbj|LC458380.1|	98.830	4.50e-78	171	Argentina silus	ray-finned fishes	greater argentine
7aa6a810119fa97d6247c3c5aa75d8ca	gi|2989749779|gb|PV642267.1|	92.271	3.50e-74	207	Argentina striata	ray-finned fishes	striated argentine
7aa6a810119fa97d6247c3c5aa75d8ca	gi|2989749751|gb|PV642265.1|	92.271	3.50e-74	207	Argentina striata	ray-finned fishes	striated argentine
82333c666b8ff169bdfd94b4f930c005	gi|1540304408|gb|MH688244.1|	93.023	1.59e-04	43	Aperioptus gracilentus	ray-finned fishes	Aperioptus gracilentus
82333c666b8ff169bdfd94b4f930c005	gi|2064684336|dbj|LC640023.1|	93.023	1.59e-04	43	Paraplagusia japonica	ray-finned fishes	black cow-tongue
82333c666b8ff169bdfd94b4f930c005	gi|511347697|ref|NC_021376.1|	93.023	1.59e-04	43	Paraplagusia japonica	ray-finned fishes	black cow-tongue
82333c666b8ff169bdfd94b4f930c005	gi|1918448007|dbj|LC579409.1|	93.023	1.59e-04	43	Paraplagusia japonica	ray-finned fishes	black cow-tongue
82333c666b8ff169bdfd94b4f930c005	gi|169665021|gb|EU341086.1|	97.143	5.72e-04	35	Anodonthyla rouxae	frogs & toads	Madagascar climbing frog
2ca468ec942638270115c8ec7f2726a2	gi|2452630836|ref|NC_071876.1|	98.701	1.07e-109	231	Ctenodiscus crispatus	starfish	Ctenodiscus crispatus
2ca468ec942638270115c8ec7f2726a2	gi|2843360756|gb|PQ424523.1|	78.947	2.65e-11	133	Glabraster antarctica	starfish	Glabraster antarctica
2ca468ec942638270115c8ec7f2726a2	gi|2647705888|gb|PP118494.1|	96.000	9.51e-11	50	Astroblepus sp.	ray-finned fishes	Astroblepus sp.
2ca468ec942638270115c8ec7f2726a2	gi|2591482202|ref|NC_083180.1|	94.340	3.42e-10	53	Ophidion muraenolepis	ray-finned fishes	blackedge cusk
2ca468ec942638270115c8ec7f2726a2	gi|2647705911|gb|PP118517.1|	94.000	4.43e-09	50	Astroblepus verai	ray-finned fishes	Astroblepus verai
6cb4e0ca9e86292e1cd443e97f86b958	gi|2591482356|ref|NC_083191.1|	93.939	2.01e-76	198	Poraniopsis inflata	starfish	Poraniopsis inflata
6cb4e0ca9e86292e1cd443e97f86b958	gi|2843360756|gb|PQ424523.1|	89.655	5.70e-62	203	Glabraster antarctica	starfish	Glabraster antarctica
6cb4e0ca9e86292e1cd443e97f86b958	gi|3064558713|gb|PX413461.1|	79.126	2.79e-25	206	Atheraster arandae	starfish	Atheraster arandae
6cb4e0ca9e86292e1cd443e97f86b958	gi|224472386|gb|FJ171837.1|	77.885	6.04e-22	208	Ctenophoraster sp. Mar1	starfish	Ctenophoraster sp. Mar1
6cb4e0ca9e86292e1cd443e97f86b958	gi|2591482202|ref|NC_083180.1|	94.340	7.92e-11	53	Ophidion muraenolepis	ray-finned fishes	blackedge cusk
65b70f2eb3417574adb1a2eb41cbf632	gi|2259141516|emb|OW834486.1|	82.534	3.19e-61	292	uncultured fungus	fungi	uncultured fungus
65b70f2eb3417574adb1a2eb41cbf632	gi|2259492687|emb|OW835210.1|	82.639	4.13e-60	288	uncultured fungus	fungi	uncultured fungus
65b70f2eb3417574adb1a2eb41cbf632	gi|2259414726|emb|OW842418.1|	81.597	4.16e-55	288	uncultured Ascomycota	ascomycete fungi	uncultured Ascomycota
65b70f2eb3417574adb1a2eb41cbf632	gi|2259143831|emb|OW835457.1|	80.345	5.41e-49	290	uncultured fungus	fungi	uncultured fungus
65b70f2eb3417574adb1a2eb41cbf632	gi|2259146832|emb|OW835731.1|	81.496	2.52e-47	254	uncultured fungus	fungi	uncultured fungus
29b3f52730dcfa979249bfda9d7a6b6f	gi|1790179376|dbj|LC493910.1|	98.529	9.31e-95	204	Sebastes mentella	ray-finned fishes	deepwater redfish
29b3f52730dcfa979249bfda9d7a6b6f	gi|2882954847|gb|PQ858634.1|	98.529	9.31e-95	204	Sebastes mentella	ray-finned fishes	deepwater redfish
29b3f52730dcfa979249bfda9d7a6b6f	gi|669633326|gb|KJ775792.1|	98.529	9.31e-95	204	Sebastes koreanus	ray-finned fishes	Sebastes koreanus
29b3f52730dcfa979249bfda9d7a6b6f	gi|570700687|ref|NC_023265.1|	98.529	9.31e-95	204	Sebastes koreanus	ray-finned fishes	Sebastes koreanus
29b3f52730dcfa979249bfda9d7a6b6f	gi|3042815862|gb|PX119169.1|	98.039	4.33e-93	204	Sebastes paucispinis	ray-finned fishes	bocaccio
9daf519b81a98093131a2fbcc45d6792	gi|1540304408|gb|MH688244.1|	93.023	1.60e-04	43	Aperioptus gracilentus	ray-finned fishes	Aperioptus gracilentus
9daf519b81a98093131a2fbcc45d6792	gi|2064684336|dbj|LC640023.1|	93.023	1.60e-04	43	Paraplagusia japonica	ray-finned fishes	black cow-tongue
9daf519b81a98093131a2fbcc45d6792	gi|511347697|ref|NC_021376.1|	93.023	1.60e-04	43	Paraplagusia japonica	ray-finned fishes	black cow-tongue
9daf519b81a98093131a2fbcc45d6792	gi|1918448007|dbj|LC579409.1|	93.023	1.60e-04	43	Paraplagusia japonica	ray-finned fishes	black cow-tongue
9daf519b81a98093131a2fbcc45d6792	gi|169665021|gb|EU341086.1|	97.143	5.75e-04	35	Anodonthyla rouxae	frogs & toads	Madagascar climbing frog
3707443e0035510ea825e046cff1f5e6	gi|3071562110|emb|OZ333904.1|	100.000	0.004	30	Falco tinnunculus	birds	common kestrel
3707443e0035510ea825e046cff1f5e6	gi|3071562098|emb|OZ333901.1|	100.000	0.004	30	Falco tinnunculus	birds	common kestrel
3707443e0035510ea825e046cff1f5e6	gi|3071562092|emb|OZ333900.1|	100.000	0.004	30	Falco tinnunculus	birds	common kestrel
3707443e0035510ea825e046cff1f5e6	gi|3071562083|emb|OZ333898.1|	100.000	0.004	30	Falco tinnunculus	birds	common kestrel
3707443e0035510ea825e046cff1f5e6	gi|3071562083|emb|OZ333898.1|	100.000	0.004	30	Falco tinnunculus	birds	common kestrel
3707443e0035510ea825e046cff1f5e6	gi|3071561971|emb|OZ333879.1|	100.000	0.004	30	Falco tinnunculus	birds	common kestrel
6c229306f5bfac07a675c1a5a476f90e	gi|2259492687|emb|OW835210.1|	83.509	4.10e-65	285	uncultured fungus	fungi	uncultured fungus
6c229306f5bfac07a675c1a5a476f90e	gi|2259140839|emb|OW834139.1|	81.754	2.48e-57	285	uncultured fungus	fungi	uncultured fungus
6c229306f5bfac07a675c1a5a476f90e	gi|2259392247|emb|OW837169.1|	81.818	8.93e-57	286	uncultured fungus	fungi	uncultured fungus
6c229306f5bfac07a675c1a5a476f90e	gi|2259141778|emb|OW834522.1|	81.818	8.93e-57	286	uncultured fungus	fungi	uncultured fungus
6c229306f5bfac07a675c1a5a476f90e	gi|2259492605|emb|OW835128.1|	80.769	9.00e-52	286	uncultured fungus	fungi	uncultured fungus
178a9cb7b1eb3b1152a78e333ba64448	gi|1540304408|gb|MH688244.1|	93.023	1.59e-04	43	Aperioptus gracilentus	ray-finned fishes	Aperioptus gracilentus
178a9cb7b1eb3b1152a78e333ba64448	gi|2064684336|dbj|LC640023.1|	93.023	1.59e-04	43	Paraplagusia japonica	ray-finned fishes	black cow-tongue
178a9cb7b1eb3b1152a78e333ba64448	gi|511347697|ref|NC_021376.1|	93.023	1.59e-04	43	Paraplagusia japonica	ray-finned fishes	black cow-tongue
178a9cb7b1eb3b1152a78e333ba64448	gi|1918448007|dbj|LC579409.1|	93.023	1.59e-04	43	Paraplagusia japonica	ray-finned fishes	black cow-tongue
178a9cb7b1eb3b1152a78e333ba64448	gi|169665021|gb|EU341086.1|	97.143	5.72e-04	35	Anodonthyla rouxae	frogs & toads	Madagascar climbing frog
21e7b0ae142f891f06bcaa5436fbbe12	gi|2259389090|emb|OW836369.1|	74.913	1.56e-24	287	uncultured fungus	fungi	uncultured fungus
21e7b0ae142f891f06bcaa5436fbbe12	gi|2241131017|gb|ON561272.1|	74.483	4.37e-20	290	Trachelomonas intermedia var. spinalosa	euglenoids	Trachelomonas intermedia var. spinalosa
21e7b0ae142f891f06bcaa5436fbbe12	gi|261362017|gb|FJ719707.1|	73.868	2.03e-18	287	Trachelomonas pertyi	euglenoids	Trachelomonas pertyi
21e7b0ae142f891f06bcaa5436fbbe12	gi|22653447|gb|AF538044.1|	80.435	2.63e-17	138	Amoebidium parasiticum	eukaryotes	Amoebidium parasiticum
21e7b0ae142f891f06bcaa5436fbbe12	gi|2955318730|dbj|LC860085.1|	89.610	1.22e-15	77	Fabomonas tropica	eukaryotes	Fabomonas tropica
21e7b0ae142f891f06bcaa5436fbbe12	gi|2955318730|dbj|LC860085.1|	89.610	1.22e-15	77	Fabomonas tropica	eukaryotes	Fabomonas tropica
3d2f1c121c80f75e7b83a1d7d569cda1	gi|2994737912|gb|PV656772.1|	99.029	1.56e-97	206	Melanogrammus aeglefinus	ray-finned fishes	haddock
3d2f1c121c80f75e7b83a1d7d569cda1	gi|2994737898|gb|PV656771.1|	99.029	1.56e-97	206	Melanogrammus aeglefinus	ray-finned fishes	haddock
3d2f1c121c80f75e7b83a1d7d569cda1	gi|2994737884|gb|PV656770.1|	99.029	1.56e-97	206	Melanogrammus aeglefinus	ray-finned fishes	haddock
3d2f1c121c80f75e7b83a1d7d569cda1	gi|124377065|emb|AM489717.1|	99.029	1.56e-97	206	Melanogrammus aeglefinus	ray-finned fishes	haddock
3d2f1c121c80f75e7b83a1d7d569cda1	gi|94481723|gb|DQ356942.1|	99.029	1.56e-97	206	Melanogrammus aeglefinus	ray-finned fishes	haddock
f3952e94eb1a28a8e9f32e9dc930aa06	gi|1561759576|gb|MG837549.1|	99.024	5.59e-97	205	Sus scrofa	even-toed ungulates & whales	pig
f3952e94eb1a28a8e9f32e9dc930aa06	gi|1374427572|gb|MF143597.1|	99.024	5.59e-97	205	Sus scrofa	even-toed ungulates & whales	pig
f3952e94eb1a28a8e9f32e9dc930aa06	gi|2727911276|gb|PP763982.1|	99.024	5.59e-97	205	Sus scrofa	even-toed ungulates & whales	pig
f3952e94eb1a28a8e9f32e9dc930aa06	gi|2727911262|gb|PP763981.1|	99.024	5.59e-97	205	Sus scrofa	even-toed ungulates & whales	pig
f3952e94eb1a28a8e9f32e9dc930aa06	gi|2727911248|gb|PP763980.1|	99.024	5.59e-97	205	Sus scrofa	even-toed ungulates & whales	pig
2d4b00a3079976f7c6035518ba661573	gi|3111512882|tpg|BK074625.1|	86.667	4.43e-10	75	Xylona heveae	ascomycete fungi	Xylona heveae
2d4b00a3079976f7c6035518ba661573	gi|3111512559|tpg|BK074452.1|	86.667	4.43e-10	75	Trinosporium guianense	ascomycete fungi	Trinosporium guianense
2d4b00a3079976f7c6035518ba661573	gi|399221040|gb|JQ838249.1|	86.667	4.43e-10	75	Xylona heveae	ascomycete fungi	Xylona heveae
2d4b00a3079976f7c6035518ba661573	gi|399221039|gb|JQ838248.1|	86.667	4.43e-10	75	Xylona heveae	ascomycete fungi	Xylona heveae
2d4b00a3079976f7c6035518ba661573	gi|399221038|gb|JQ838247.1|	86.667	4.43e-10	75	Xylona heveae	ascomycete fungi	Xylona heveae
150e0d3a479262d43fd8d28f3b32c531	gi|1798183348|emb|LR745847.1|	98.020	5.60e-92	202	Asterias rubens	starfish	European starfish
150e0d3a479262d43fd8d28f3b32c531	gi|2567033648|gb|OR473298.1|	93.564	5.72e-77	202	Asterias amurensis	starfish	Northern Pacific seastar
150e0d3a479262d43fd8d28f3b32c531	gi|2582205361|gb|CP134956.1|	93.564	5.72e-77	202	Asterias amurensis	starfish	Northern Pacific seastar
150e0d3a479262d43fd8d28f3b32c531	gi|2499155095|gb|OP747303.1|	93.564	5.72e-77	202	Asterias amurensis	starfish	Northern Pacific seastar
150e0d3a479262d43fd8d28f3b32c531	gi|2499155067|gb|OP747301.1|	93.564	5.72e-77	202	Asterias amurensis	starfish	Northern Pacific seastar
083d3952c553bb1cc063ab1bb9a62b50	gi|2689257709|gb|OR813050.1|	98.618	5.95e-102	217	Amblyraja radiata	sharks & rays	thorny skate
083d3952c553bb1cc063ab1bb9a62b50	gi|2689255637|gb|OR812902.1|	98.618	5.95e-102	217	Amblyraja radiata	sharks & rays	thorny skate
083d3952c553bb1cc063ab1bb9a62b50	gi|2689252669|gb|OR812690.1|	98.618	5.95e-102	217	Amblyraja radiata	sharks & rays	thorny skate
083d3952c553bb1cc063ab1bb9a62b50	gi|2689252655|gb|OR812689.1|	98.618	5.95e-102	217	Amblyraja radiata	sharks & rays	thorny skate
083d3952c553bb1cc063ab1bb9a62b50	gi|2689252641|gb|OR812688.1|	98.618	5.95e-102	217	Amblyraja radiata	sharks & rays	thorny skate
8b62b936e421449bb13ee50fa0691b65	gi|2259143938|emb|OW835519.1|	87.063	2.41e-82	286	uncultured fungus	fungi	uncultured fungus
8b62b936e421449bb13ee50fa0691b65	gi|2259492667|emb|OW835190.1|	83.333	1.48e-64	288	uncultured fungus	fungi	uncultured fungus
8b62b936e421449bb13ee50fa0691b65	gi|2259389090|emb|OW836369.1|	78.621	3.29e-41	290	uncultured fungus	fungi	uncultured fungus
8b62b936e421449bb13ee50fa0691b65	gi|5802853|gb|AF170720.1|	76.027	5.59e-29	292	Nemalionopsis tortuosa	red algae	Nemalionopsis tortuosa
8b62b936e421449bb13ee50fa0691b65	gi|1070107253|ref|NC_031144.1|	75.342	1.21e-25	292	Rhodymenia pseudopalmata	red algae	Rhodymenia pseudopalmata
8b62b936e421449bb13ee50fa0691b65	gi|1070107253|ref|NC_031144.1|	75.254	1.21e-25	295	Rhodymenia pseudopalmata	red algae	Rhodymenia pseudopalmata
26164e86ed925aa1235b98a710cf4a5f	gi|2259493815|emb|OW836641.1|	79.078	1.96e-43	282	uncultured fungus	fungi	uncultured fungus
26164e86ed925aa1235b98a710cf4a5f	gi|2259493659|emb|OW836558.1|	78.671	2.54e-42	286	uncultured fungus	fungi	uncultured fungus
26164e86ed925aa1235b98a710cf4a5f	gi|2259393484|emb|OW837426.1|	79.104	1.18e-40	268	uncultured fungus	fungi	uncultured fungus
26164e86ed925aa1235b98a710cf4a5f	gi|1279124608|gb|MF807895.1|	100.000	1.24e-05	35	Nidirana pleuraden	frogs & toads	Yunnan pond frog
26164e86ed925aa1235b98a710cf4a5f	gi|1279124607|gb|MF807894.1|	100.000	1.24e-05	35	Nidirana pleuraden	frogs & toads	Yunnan pond frog
7adc5308e9cc5f242fc4916b0a8132ef	gi|586946454|gb|KF991387.1|	98.624	1.66e-102	218	Cetorhinus maximus	sharks & rays	Cetorhinus maximus
7adc5308e9cc5f242fc4916b0a8132ef	gi|2750968131|emb|OZ077486.1|	98.624	1.66e-102	218	Cetorhinus maximus	sharks & rays	Cetorhinus maximus
7adc5308e9cc5f242fc4916b0a8132ef	gi|2576858446|gb|OR546235.1|	98.624	1.66e-102	218	Cetorhinus maximus	sharks & rays	Cetorhinus maximus
7adc5308e9cc5f242fc4916b0a8132ef	gi|700275310|gb|KM096989.1|	98.624	1.66e-102	218	Cetorhinus maximus	sharks & rays	Cetorhinus maximus
7adc5308e9cc5f242fc4916b0a8132ef	gi|700275282|gb|KM096987.1|	98.624	1.66e-102	218	Cetorhinus maximus	sharks & rays	Cetorhinus maximus
18b099c06608d87bd7dec36ab3df2966	gi|1808626605|gb|MT048578.1|	96.970	0.007	33	Homo sapiens	primates	human
18b099c06608d87bd7dec36ab3df2966	gi|21449916|ref|NC_004023.1|	100.000	0.007	30	Arctocephalus forsteri	carnivores	New Zealand fur seal
ba55682148279c0fc4cf67f1fd59bf15	gi|2452630836|ref|NC_071876.1|	98.701	1.07e-109	231	Ctenodiscus crispatus	starfish	Ctenodiscus crispatus
ba55682148279c0fc4cf67f1fd59bf15	gi|2843360756|gb|PQ424523.1|	79.699	5.69e-13	133	Glabraster antarctica	starfish	Glabraster antarctica
ba55682148279c0fc4cf67f1fd59bf15	gi|2591482356|ref|NC_083191.1|	78.358	1.23e-09	134	Poraniopsis inflata	starfish	Poraniopsis inflata
ba55682148279c0fc4cf67f1fd59bf15	gi|2647705888|gb|PP118494.1|	94.000	4.43e-09	50	Astroblepus sp.	ray-finned fishes	Astroblepus sp.
ba55682148279c0fc4cf67f1fd59bf15	gi|2591482202|ref|NC_083180.1|	92.453	1.59e-08	53	Ophidion muraenolepis	ray-finned fishes	blackedge cusk
7d9b94547721ca074a8031106d335662	gi|971455552|emb|LM652125.1|	98.606	1.71e-138	287	uncultured protist	eukaryotes	uncultured protist
7d9b94547721ca074a8031106d335662	gi|971455536|emb|LM652109.1|	98.606	1.71e-138	287	uncultured protist	eukaryotes	uncultured protist
7d9b94547721ca074a8031106d335662	gi|971455521|emb|LM652094.1|	98.606	1.71e-138	287	uncultured protist	eukaryotes	uncultured protist
7d9b94547721ca074a8031106d335662	gi|971455512|emb|LM652085.1|	98.606	1.71e-138	287	uncultured protist	eukaryotes	uncultured protist
7d9b94547721ca074a8031106d335662	gi|387235434|gb|JN207230.1|	98.606	1.71e-138	287	Virgulinella fragilis	forams	Virgulinella fragilis
f0fb742b815b07e5aae2dfd75e381c2e	gi|974073769|gb|KP792491.1|	98.258	7.98e-137	287	Virgulinella fragilis	forams	Virgulinella fragilis
f0fb742b815b07e5aae2dfd75e381c2e	gi|974073768|gb|KP792490.1|	98.258	7.98e-137	287	Virgulinella fragilis	forams	Virgulinella fragilis
f0fb742b815b07e5aae2dfd75e381c2e	gi|387235438|gb|JN207234.1|	98.258	7.98e-137	287	Virgulinella fragilis	forams	Virgulinella fragilis
f0fb742b815b07e5aae2dfd75e381c2e	gi|2172620591|ref|NC_059929.1|	98.258	7.98e-137	287	Coscinodiscus wailesii	diatoms	Coscinodiscus wailesii
f0fb742b815b07e5aae2dfd75e381c2e	gi|2172620591|ref|NC_059929.1|	97.931	7.98e-137	290	Coscinodiscus wailesii	diatoms	Coscinodiscus wailesii
f0fb742b815b07e5aae2dfd75e381c2e	gi|168495841|gb|EU440073.1|	98.258	7.98e-137	287	uncultured marine eukaryote	eukaryotes	uncultured marine eukaryote
924f1e0c88ba7ba4985ed3449224b812	gi|2989059657|gb|PV710554.1|	99.024	5.59e-97	205	Ammodytes dubius	ray-finned fishes	northern sand lance
924f1e0c88ba7ba4985ed3449224b812	gi|959122927|ref|NC_028530.1|	99.024	5.59e-97	205	Ammodytes americanus	ray-finned fishes	American sand lance
924f1e0c88ba7ba4985ed3449224b812	gi|2989059643|gb|PV710553.1|	98.537	2.60e-95	205	Ammodytes dubius	ray-finned fishes	northern sand lance
924f1e0c88ba7ba4985ed3449224b812	gi|2989059629|gb|PV710552.1|	98.537	2.60e-95	205	Ammodytes dubius	ray-finned fishes	northern sand lance
924f1e0c88ba7ba4985ed3449224b812	gi|2949335892|gb|PV423377.1|	98.537	2.60e-95	205	Ammodytes dubius	ray-finned fishes	northern sand lance
56a024cdd00b47bc057bbc93d2d7b5da	gi|1790179376|dbj|LC493910.1|	98.529	9.31e-95	204	Sebastes mentella	ray-finned fishes	deepwater redfish
56a024cdd00b47bc057bbc93d2d7b5da	gi|2882954847|gb|PQ858634.1|	98.529	9.31e-95	204	Sebastes mentella	ray-finned fishes	deepwater redfish
56a024cdd00b47bc057bbc93d2d7b5da	gi|3042815862|gb|PX119169.1|	98.039	4.33e-93	204	Sebastes paucispinis	ray-finned fishes	bocaccio
56a024cdd00b47bc057bbc93d2d7b5da	gi|3042815848|gb|PX119168.1|	98.039	4.33e-93	204	Sebastes paucispinis	ray-finned fishes	bocaccio
56a024cdd00b47bc057bbc93d2d7b5da	gi|3042815806|gb|PX119165.1|	98.039	4.33e-93	204	Sebastes brevispinis	ray-finned fishes	silvergray rockfish
666a1413646fe3634c9b68bc7aa1333f	gi|1609530226|gb|MK266753.1|	85.714	2.55e-05	63	Sphaenorhynchus prasinus	frogs & toads	Sphaenorhynchus prasinus
666a1413646fe3634c9b68bc7aa1333f	gi|1609530225|gb|MK266752.1|	85.714	2.55e-05	63	Sphaenorhynchus prasinus	frogs & toads	Sphaenorhynchus prasinus
666a1413646fe3634c9b68bc7aa1333f	gi|1484645101|gb|MH004345.1|	85.714	2.55e-05	63	Sphaenorhynchus prasinus	frogs & toads	Sphaenorhynchus prasinus
666a1413646fe3634c9b68bc7aa1333f	gi|62146628|emb|AJ628371.1|	82.895	2.55e-05	76	Caluromys philander	marsupials	bare-tailed woolly opossum
666a1413646fe3634c9b68bc7aa1333f	gi|3084544444|emb|OZ345433.1|	100.000	9.19e-05	33	Sarpa salpa	ray-finned fishes	Sarpa salpa
89248faba0a0c93d371aab77dc835f62	gi|322422606|ref|NC_015094.1|	99.029	1.56e-97	206	Pollachius virens	ray-finned fishes	saithe
89248faba0a0c93d371aab77dc835f62	gi|94481762|gb|DQ356945.1|	99.029	1.56e-97	206	Pollachius virens	ray-finned fishes	saithe
89248faba0a0c93d371aab77dc835f62	gi|2500156171|emb|OX465144.1|	98.544	7.28e-96	206	Pollachius pollachius	ray-finned fishes	pollack
89248faba0a0c93d371aab77dc835f62	gi|2018537086|gb|MW818247.1|	98.544	7.28e-96	206	Pollachius pollachius	ray-finned fishes	pollack
89248faba0a0c93d371aab77dc835f62	gi|2018537074|gb|MW818235.1|	98.544	7.28e-96	206	Pollachius pollachius	ray-finned fishes	pollack
ef85010514744dc1db3fdc77ac35b4b4	gi|1798183348|emb|LR745847.1|	98.515	1.20e-93	202	Asterias rubens	starfish	European starfish
ef85010514744dc1db3fdc77ac35b4b4	gi|2567033648|gb|OR473298.1|	94.059	1.23e-78	202	Asterias amurensis	starfish	Northern Pacific seastar
ef85010514744dc1db3fdc77ac35b4b4	gi|2582205361|gb|CP134956.1|	94.059	1.23e-78	202	Asterias amurensis	starfish	Northern Pacific seastar
ef85010514744dc1db3fdc77ac35b4b4	gi|2582205361|gb|CP134956.1|	95.588	3.72e-19	68	Asterias amurensis	starfish	Northern Pacific seastar
ef85010514744dc1db3fdc77ac35b4b4	gi|2499155095|gb|OP747303.1|	94.059	1.23e-78	202	Asterias amurensis	starfish	Northern Pacific seastar
ef85010514744dc1db3fdc77ac35b4b4	gi|2499155067|gb|OP747301.1|	94.059	1.23e-78	202	Asterias amurensis	starfish	Northern Pacific seastar
1bea27747e2ed3778a72481926f6b0c3	gi|1790179376|dbj|LC493910.1|	98.039	4.33e-93	204	Sebastes mentella	ray-finned fishes	deepwater redfish
1bea27747e2ed3778a72481926f6b0c3	gi|2882954847|gb|PQ858634.1|	98.039	4.33e-93	204	Sebastes mentella	ray-finned fishes	deepwater redfish
1bea27747e2ed3778a72481926f6b0c3	gi|3042815862|gb|PX119169.1|	97.549	2.01e-91	204	Sebastes paucispinis	ray-finned fishes	bocaccio
1bea27747e2ed3778a72481926f6b0c3	gi|3042815848|gb|PX119168.1|	97.549	2.01e-91	204	Sebastes paucispinis	ray-finned fishes	bocaccio
1bea27747e2ed3778a72481926f6b0c3	gi|3042815806|gb|PX119165.1|	97.549	2.01e-91	204	Sebastes brevispinis	ray-finned fishes	silvergray rockfish
a351f0ec30712a9431d9314540d88d6b	gi|2952869385|gb|PV454015.1|	99.029	1.56e-97	206	Enchelyopus cimbrius	ray-finned fishes	fourbeard rockling
a351f0ec30712a9431d9314540d88d6b	gi|2329468151|gb|OP056913.1|	99.029	1.56e-97	206	Enchelyopus cimbrius	ray-finned fishes	fourbeard rockling
a351f0ec30712a9431d9314540d88d6b	gi|2018537178|gb|MW818339.1|	99.029	1.56e-97	206	Enchelyopus cimbrius	ray-finned fishes	fourbeard rockling
a351f0ec30712a9431d9314540d88d6b	gi|2891888077|gb|PP467849.1|	98.990	4.38e-93	198	Enchelyopus cimbrius	ray-finned fishes	fourbeard rockling
a351f0ec30712a9431d9314540d88d6b	gi|14485470|emb|AJ315623.1|	98.942	4.41e-88	189	Enchelyopus cimbrius	ray-finned fishes	fourbeard rockling
726abb1d036a8e8a58729a7660ee2875	gi|3057000066|gb|PX272339.1|	99.034	4.38e-98	207	Homo sapiens	primates	human
726abb1d036a8e8a58729a7660ee2875	gi|2956673962|gb|PV521805.1|	99.034	4.38e-98	207	Homo sapiens	primates	human
726abb1d036a8e8a58729a7660ee2875	gi|3065318004|gb|PX402893.1|	99.034	4.38e-98	207	Homo sapiens	primates	human
726abb1d036a8e8a58729a7660ee2875	gi|3065317990|gb|PX402892.1|	99.034	4.38e-98	207	Homo sapiens	primates	human
726abb1d036a8e8a58729a7660ee2875	gi|3065317976|gb|PX402891.1|	99.034	4.38e-98	207	Homo sapiens	primates	human
3a29f85493685c6f242979e8a9bd67f4	gi|261263611|gb|GQ288504.1|	97.093	1.11e-73	172	Lophaster furcilliger	starfish	Lophaster furcilliger
3a29f85493685c6f242979e8a9bd67f4	gi|261263582|gb|GQ288475.1|	96.512	5.18e-72	172	Lophaster furcilliger	starfish	Lophaster furcilliger
3a29f85493685c6f242979e8a9bd67f4	gi|2577858807|ref|NC_081981.1|	88.108	1.92e-51	185	Crossaster japonicus	starfish	Crossaster japonicus
3a29f85493685c6f242979e8a9bd67f4	gi|261263608|gb|GQ288501.1|	87.234	4.15e-48	188	Solaster caribbaeus	starfish	Solaster caribbaeus
3a29f85493685c6f242979e8a9bd67f4	gi|2843360742|gb|PQ424522.1|	86.559	1.93e-46	186	Crossaster sp.	starfish	Crossaster sp.
37f0a5d1b7beda7e5fa76e4aef615de3	gi|1540304408|gb|MH688244.1|	95.349	3.45e-06	43	Aperioptus gracilentus	ray-finned fishes	Aperioptus gracilentus
37f0a5d1b7beda7e5fa76e4aef615de3	gi|2064684336|dbj|LC640023.1|	95.349	3.45e-06	43	Paraplagusia japonica	ray-finned fishes	black cow-tongue
37f0a5d1b7beda7e5fa76e4aef615de3	gi|511347697|ref|NC_021376.1|	95.349	3.45e-06	43	Paraplagusia japonica	ray-finned fishes	black cow-tongue
37f0a5d1b7beda7e5fa76e4aef615de3	gi|1918448007|dbj|LC579409.1|	95.349	3.45e-06	43	Paraplagusia japonica	ray-finned fishes	black cow-tongue
37f0a5d1b7beda7e5fa76e4aef615de3	gi|1835269738|gb|MN917497.1|	93.023	1.60e-04	43	Paratelmatobius cardosoi	frogs & toads	Paratelmatobius cardosoi
7fcd94a0acd2a01bfc6dded758a78691	gi|2989059657|gb|PV710554.1|	99.024	5.59e-97	205	Ammodytes dubius	ray-finned fishes	northern sand lance
7fcd94a0acd2a01bfc6dded758a78691	gi|959122927|ref|NC_028530.1|	99.024	5.59e-97	205	Ammodytes americanus	ray-finned fishes	American sand lance
7fcd94a0acd2a01bfc6dded758a78691	gi|2989059643|gb|PV710553.1|	98.537	2.60e-95	205	Ammodytes dubius	ray-finned fishes	northern sand lance
7fcd94a0acd2a01bfc6dded758a78691	gi|2989059629|gb|PV710552.1|	98.537	2.60e-95	205	Ammodytes dubius	ray-finned fishes	northern sand lance
7fcd94a0acd2a01bfc6dded758a78691	gi|2949335892|gb|PV423377.1|	98.537	2.60e-95	205	Ammodytes dubius	ray-finned fishes	northern sand lance
891f9e472b3fadd96195579467058cac	gi|2571476436|gb|OR499725.1|	99.029	1.56e-97	206	Merluccius bilinearis	ray-finned fishes	silver hake
891f9e472b3fadd96195579467058cac	gi|3211598001|gb|PZ091031.1|	99.029	1.56e-97	206	Merluccius bilinearis	ray-finned fishes	silver hake
891f9e472b3fadd96195579467058cac	gi|3211597805|gb|PZ091017.1|	99.029	1.56e-97	206	Merluccius bilinearis	ray-finned fishes	silver hake
891f9e472b3fadd96195579467058cac	gi|3053320529|gb|PX070008.1|	98.544	7.28e-96	206	Merluccius bilinearis	ray-finned fishes	silver hake
891f9e472b3fadd96195579467058cac	gi|3211597665|gb|PZ091007.1|	98.544	2.62e-95	206	Merluccius bilinearis	ray-finned fishes	silver hake
a2783284436f3eff437b4c619ccc66cf	gi|2591482342|ref|NC_083190.1|	92.271	9.86e-75	207	Sclerasterias satsumana	starfish	Sclerasterias satsumana
a2783284436f3eff437b4c619ccc66cf	gi|1693290266|ref|NC_042741.1|	80.676	4.85e-33	207	Pisaster ochraceus	starfish	purple sea star
a2783284436f3eff437b4c619ccc66cf	gi|2499155081|gb|OP747302.1|	77.990	4.92e-23	209	Asterias amurensis	starfish	Northern Pacific seastar
a2783284436f3eff437b4c619ccc66cf	gi|2567033648|gb|OR473298.1|	77.512	2.29e-21	209	Asterias amurensis	starfish	Northern Pacific seastar
a2783284436f3eff437b4c619ccc66cf	gi|2582205361|gb|CP134956.1|	77.512	2.29e-21	209	Asterias amurensis	starfish	Northern Pacific seastar
7a85729f28f9c7da15c78d8e7526ce17	gi|2906157184|gb|PV040731.1|	87.719	2.83e-05	57	Ambystoma macrodactylum	salamanders	long-toed salamander
7a85729f28f9c7da15c78d8e7526ce17	gi|2906157170|gb|PV040730.1|	87.719	2.83e-05	57	Ambystoma macrodactylum	salamanders	long-toed salamander
7a85729f28f9c7da15c78d8e7526ce17	gi|2898668113|gb|PV054095.1|	87.931	2.83e-05	58	Ambystoma tigrinum	salamanders	tiger salamander
7a85729f28f9c7da15c78d8e7526ce17	gi|2580314950|gb|OR582665.1|	89.796	2.83e-05	49	Lampris incognitus	ray-finned fishes	smalleye Pacific opah
7a85729f28f9c7da15c78d8e7526ce17	gi|2580283484|gb|OP057116.2|	95.000	2.83e-05	40	Lampris guttatus	ray-finned fishes	North Atlantic opah
0fe2f660a6021d34e6d3e2cff06bdd03	gi|3057012779|gb|PX273248.1|	99.038	1.22e-98	208	Homo sapiens	primates	human
0fe2f660a6021d34e6d3e2cff06bdd03	gi|3057012737|gb|PX273245.1|	99.038	1.22e-98	208	Homo sapiens	primates	human
0fe2f660a6021d34e6d3e2cff06bdd03	gi|3057002797|gb|PX272535.1|	99.038	1.22e-98	208	Homo sapiens	primates	human
0fe2f660a6021d34e6d3e2cff06bdd03	gi|3057002783|gb|PX272534.1|	99.038	1.22e-98	208	Homo sapiens	primates	human
0fe2f660a6021d34e6d3e2cff06bdd03	gi|3057002251|gb|PX272496.1|	99.038	1.22e-98	208	Homo sapiens	primates	human
41c7002677a2f918798d958f1a0dda83	gi|1693290266|ref|NC_042741.1|	89.109	7.42e-61	202	Pisaster ochraceus	starfish	purple sea star
41c7002677a2f918798d958f1a0dda83	gi|726972397|ref|NC_025766.1|	86.700	1.62e-52	203	Aphelasterias japonica	starfish	Aphelasterias japonica
41c7002677a2f918798d958f1a0dda83	gi|2567033649|gb|OR473299.1|	83.415	5.90e-42	205	Marthasterias glacialis	starfish	spiny starfish
41c7002677a2f918798d958f1a0dda83	gi|2076208768|emb|OU452241.1|	83.415	5.90e-42	205	Marthasterias glacialis	starfish	spiny starfish
41c7002677a2f918798d958f1a0dda83	gi|2499155081|gb|OP747302.1|	82.266	1.65e-37	203	Asterias amurensis	starfish	Northern Pacific seastar
5f31593d2f1589828f8fe68d6bbd4fd6	gi|1609530226|gb|MK266753.1|	85.714	2.55e-05	63	Sphaenorhynchus prasinus	frogs & toads	Sphaenorhynchus prasinus
5f31593d2f1589828f8fe68d6bbd4fd6	gi|1609530225|gb|MK266752.1|	85.714	2.55e-05	63	Sphaenorhynchus prasinus	frogs & toads	Sphaenorhynchus prasinus
5f31593d2f1589828f8fe68d6bbd4fd6	gi|1484645101|gb|MH004345.1|	85.714	2.55e-05	63	Sphaenorhynchus prasinus	frogs & toads	Sphaenorhynchus prasinus
5f31593d2f1589828f8fe68d6bbd4fd6	gi|3084544444|emb|OZ345433.1|	100.000	9.19e-05	33	Sarpa salpa	ray-finned fishes	Sarpa salpa
5f31593d2f1589828f8fe68d6bbd4fd6	gi|1829776404|ref|NC_046913.1|	100.000	9.19e-05	33	Hypsignathus monstrosus	bats	Hammer-headed fruit bat
a078fe33280ff7c11d2a1d0ca7056827	gi|1251775573|gb|MF947452.1|	78.519	3.20e-10	135	Plenaster craigi	sponges	Plenaster craigi
a078fe33280ff7c11d2a1d0ca7056827	gi|3064604341|gb|PX416533.1|	93.182	1.16e-04	44	Microphis lineatus	ray-finned fishes	Microphis lineatus
a078fe33280ff7c11d2a1d0ca7056827	gi|2329468051|gb|OP056813.1|	93.182	1.16e-04	44	Bathygobius geminatus	ray-finned fishes	twin-spotted frillfin
a078fe33280ff7c11d2a1d0ca7056827	gi|770591417|gb|KP013083.1|	93.182	1.16e-04	44	Oostethus brachyurus	ray-finned fishes	short-tailed pipefish
a078fe33280ff7c11d2a1d0ca7056827	gi|2426930353|dbj|LC049831.2|	93.182	1.16e-04	44	Rhinogobius rong	ray-finned fishes	Rhinogobius rong
876b83d361dd8f27827f4ac81eaf20f4	gi|1798183348|emb|LR745847.1|	98.515	1.20e-93	202	Asterias rubens	starfish	European starfish
876b83d361dd8f27827f4ac81eaf20f4	gi|2567033648|gb|OR473298.1|	94.059	1.23e-78	202	Asterias amurensis	starfish	Northern Pacific seastar
876b83d361dd8f27827f4ac81eaf20f4	gi|2582205361|gb|CP134956.1|	94.059	1.23e-78	202	Asterias amurensis	starfish	Northern Pacific seastar
876b83d361dd8f27827f4ac81eaf20f4	gi|2499155095|gb|OP747303.1|	94.059	1.23e-78	202	Asterias amurensis	starfish	Northern Pacific seastar
876b83d361dd8f27827f4ac81eaf20f4	gi|2499155067|gb|OP747301.1|	94.059	1.23e-78	202	Asterias amurensis	starfish	Northern Pacific seastar
96f54443df789ed16fc35f818b6c4bd8	gi|1496231571|gb|MK060137.1|	95.122	2.17e-05	41	Merops nubicus	birds	carmine bee-eater
96f54443df789ed16fc35f818b6c4bd8	gi|1511243906|ref|NC_039736.1|	95.000	2.17e-05	40	Asio otus	birds	long-eared owl
96f54443df789ed16fc35f818b6c4bd8	gi|902686875|ref|NC_027606.1|	95.000	2.17e-05	40	Asio flammeus	birds	short-eared owl
96f54443df789ed16fc35f818b6c4bd8	gi|512403967|gb|KC749450.1|	95.122	2.17e-05	41	Bambusicola thoracicus	birds	Chinese bamboo-partridge
96f54443df789ed16fc35f818b6c4bd8	gi|219524132|ref|NC_011816.1|	95.122	2.17e-05	41	Bambusicola thoracicus	birds	Chinese bamboo-partridge
c1ad5525f7c751eeda9e1ab97abca5a7	gi|2580278162|gb|OP057031.2|	99.024	5.59e-97	205	Xiphias gladius	ray-finned fishes	swordfish
c1ad5525f7c751eeda9e1ab97abca5a7	gi|2309725946|gb|OP537859.1|	99.024	5.59e-97	205	Xiphias gladius	ray-finned fishes	swordfish
c1ad5525f7c751eeda9e1ab97abca5a7	gi|542132237|dbj|AP006036.1|	99.024	5.59e-97	205	Xiphias gladius	ray-finned fishes	swordfish
c1ad5525f7c751eeda9e1ab97abca5a7	gi|229918859|ref|NC_012677.1|	99.024	5.59e-97	205	Xiphias gladius	ray-finned fishes	swordfish
c1ad5525f7c751eeda9e1ab97abca5a7	gi|114148946|gb|DQ854646.1|	99.024	5.59e-97	205	Xiphias gladius	ray-finned fishes	swordfish
c4bf6d068c9f3a712e38f4684b38e103	gi|311035747|gb|HM133359.1|	80.000	2.61e-22	165	uncultured marine chrysophyte	golden algae	uncultured marine chrysophyte
c4bf6d068c9f3a712e38f4684b38e103	gi|1132319314|gb|KX938283.1|	76.786	9.39e-22	224	uncultured marine eukaryote	eukaryotes	uncultured marine eukaryote
c4bf6d068c9f3a712e38f4684b38e103	gi|1132319315|gb|KX938284.1|	76.682	3.38e-21	223	uncultured marine eukaryote	eukaryotes	uncultured marine eukaryote
c4bf6d068c9f3a712e38f4684b38e103	gi|1158627445|gb|KX013966.1|	76.339	4.37e-20	224	uncultured eukaryotic phytoplankton	eukaryotes	uncultured eukaryotic phytoplankton
c4bf6d068c9f3a712e38f4684b38e103	gi|1158627443|gb|KX013964.1|	76.339	4.37e-20	224	uncultured eukaryotic phytoplankton	eukaryotes	uncultured eukaryotic phytoplankton
9c4362aadee18b88d16753cade90d8d7	gi|3157076766|gb|PX940008.1|	97.235	5.99e-97	217	Leucoraja ocellata	sharks & rays	winter skate
9c4362aadee18b88d16753cade90d8d7	gi|126095396|gb|EF081262.1|	97.235	5.99e-97	217	Malacoraja kreffti	sharks & rays	Krefft's ray
9c4362aadee18b88d16753cade90d8d7	gi|2994718560|gb|PV651716.1|	96.774	2.79e-95	217	Leucoraja erinaceus	sharks & rays	little skate
9c4362aadee18b88d16753cade90d8d7	gi|2994718546|gb|PV651715.1|	96.774	2.79e-95	217	Leucoraja erinaceus	sharks & rays	little skate
9c4362aadee18b88d16753cade90d8d7	gi|359422108|ref|NC_016429.1|	96.774	2.79e-95	217	Leucoraja erinaceus	sharks & rays	little skate
2e90ec1267b8669c1cfe9d5aea1e2371	gi|2882954833|gb|PQ858633.1|	98.529	9.31e-95	204	Sebastes mentella	ray-finned fishes	deepwater redfish
2e90ec1267b8669c1cfe9d5aea1e2371	gi|2882954819|gb|PQ858632.1|	98.529	9.31e-95	204	Sebastes mentella	ray-finned fishes	deepwater redfish
2e90ec1267b8669c1cfe9d5aea1e2371	gi|2882954805|gb|PQ858631.1|	98.529	9.31e-95	204	Sebastes fasciatus	ray-finned fishes	Acadian redfish
2e90ec1267b8669c1cfe9d5aea1e2371	gi|2882954791|gb|PQ858630.1|	98.529	9.31e-95	204	Sebastes fasciatus	ray-finned fishes	Acadian redfish
2e90ec1267b8669c1cfe9d5aea1e2371	gi|2882954777|gb|PQ858629.1|	98.529	9.31e-95	204	Sebastes fasciatus	ray-finned fishes	Acadian redfish
35282af541338089c05be94055cb6f84	gi|1132319205|gb|KX938174.1|	98.606	1.71e-138	287	uncultured marine eukaryote	eukaryotes	uncultured marine eukaryote
35282af541338089c05be94055cb6f84	gi|1132319200|gb|KX938169.1|	97.909	3.71e-135	287	uncultured marine eukaryote	eukaryotes	uncultured marine eukaryote
35282af541338089c05be94055cb6f84	gi|1132319171|gb|KX938140.1|	97.909	3.71e-135	287	uncultured marine eukaryote	eukaryotes	uncultured marine eukaryote
35282af541338089c05be94055cb6f84	gi|1132319169|gb|KX938138.1|	97.909	3.71e-135	287	uncultured marine eukaryote	eukaryotes	uncultured marine eukaryote
35282af541338089c05be94055cb6f84	gi|1132319164|gb|KX938133.1|	97.909	3.71e-135	287	uncultured marine eukaryote	eukaryotes	uncultured marine eukaryote
70d0802f7f1141163a8ea76b09be36da	gi|3033174382|gb|PQ344743.1|	100.000	1.33e-08	40	Ctenomys nattereri	rodents	Natterer's tuco-tuco
70d0802f7f1141163a8ea76b09be36da	gi|3033174354|gb|PQ344741.1|	100.000	1.33e-08	40	Ctenomys sp.	rodents	Ctenomys sp.
70d0802f7f1141163a8ea76b09be36da	gi|1464230501|gb|MH182628.1|	100.000	1.33e-08	40	Myocastor coypus	rodents	nutria
70d0802f7f1141163a8ea76b09be36da	gi|1241931724|ref|NC_035866.1|	100.000	1.33e-08	40	Myocastor coypus	rodents	nutria
70d0802f7f1141163a8ea76b09be36da	gi|2647781559|emb|OY997604.1|	100.000	1.33e-08	40	Phalacrocorax carbo	birds	great cormorant
32dfde4cab4c54d46a6b800bc68ddae8	gi|2989059657|gb|PV710554.1|	99.024	5.59e-97	205	Ammodytes dubius	ray-finned fishes	northern sand lance
32dfde4cab4c54d46a6b800bc68ddae8	gi|959122927|ref|NC_028530.1|	99.024	5.59e-97	205	Ammodytes americanus	ray-finned fishes	American sand lance
32dfde4cab4c54d46a6b800bc68ddae8	gi|2989059643|gb|PV710553.1|	98.537	2.60e-95	205	Ammodytes dubius	ray-finned fishes	northern sand lance
32dfde4cab4c54d46a6b800bc68ddae8	gi|2989059629|gb|PV710552.1|	98.537	2.60e-95	205	Ammodytes dubius	ray-finned fishes	northern sand lance
32dfde4cab4c54d46a6b800bc68ddae8	gi|2949335892|gb|PV423377.1|	98.537	2.60e-95	205	Ammodytes dubius	ray-finned fishes	northern sand lance
03c154d967df23e85416dbb144b372a0	gi|1496231571|gb|MK060137.1|	95.122	2.15e-05	41	Merops nubicus	birds	carmine bee-eater
03c154d967df23e85416dbb144b372a0	gi|1511243906|ref|NC_039736.1|	95.000	2.15e-05	40	Asio otus	birds	long-eared owl
03c154d967df23e85416dbb144b372a0	gi|902686875|ref|NC_027606.1|	95.000	2.15e-05	40	Asio flammeus	birds	short-eared owl
03c154d967df23e85416dbb144b372a0	gi|512403967|gb|KC749450.1|	95.122	2.15e-05	41	Bambusicola thoracicus	birds	Chinese bamboo-partridge
03c154d967df23e85416dbb144b372a0	gi|219524132|ref|NC_011816.1|	95.122	2.15e-05	41	Bambusicola thoracicus	birds	Chinese bamboo-partridge
5c023ced5d1b66982112bcfd7a4fabf9	gi|1693290266|ref|NC_042741.1|	87.685	7.52e-56	203	Pisaster ochraceus	starfish	purple sea star
5c023ced5d1b66982112bcfd7a4fabf9	gi|726972397|ref|NC_025766.1|	85.222	4.56e-48	203	Aphelasterias japonica	starfish	Aphelasterias japonica
5c023ced5d1b66982112bcfd7a4fabf9	gi|2567033649|gb|OR473299.1|	81.643	2.78e-35	207	Marthasterias glacialis	starfish	spiny starfish
5c023ced5d1b66982112bcfd7a4fabf9	gi|2076208768|emb|OU452241.1|	81.643	2.78e-35	207	Marthasterias glacialis	starfish	spiny starfish
5c023ced5d1b66982112bcfd7a4fabf9	gi|2499155081|gb|OP747302.1|	80.788	4.66e-33	203	Asterias amurensis	starfish	Northern Pacific seastar
474952d4950311c618e9c2be461d4dbf	gi|3141029980|gb|PX764283.1|	85.526	4.45e-10	76	Petroderma maculiforme	brown algae	Petroderma maculiforme
474952d4950311c618e9c2be461d4dbf	gi|1540304408|gb|MH688244.1|	95.349	3.46e-06	43	Aperioptus gracilentus	ray-finned fishes	Aperioptus gracilentus
474952d4950311c618e9c2be461d4dbf	gi|2064684336|dbj|LC640023.1|	95.349	3.46e-06	43	Paraplagusia japonica	ray-finned fishes	black cow-tongue
474952d4950311c618e9c2be461d4dbf	gi|511347697|ref|NC_021376.1|	95.349	3.46e-06	43	Paraplagusia japonica	ray-finned fishes	black cow-tongue
474952d4950311c618e9c2be461d4dbf	gi|1918448007|dbj|LC579409.1|	95.349	3.46e-06	43	Paraplagusia japonica	ray-finned fishes	black cow-tongue
265da6078656d3660f2801b38eb302bc	gi|2669162164|emb|OZ007508.1|	94.035	1.06e-115	285	Axinella damicornis	sponges	Axinella damicornis
265da6078656d3660f2801b38eb302bc	gi|2259492676|emb|OW835199.1|	88.276	3.95e-90	290	uncultured fungus	fungi	uncultured fungus
265da6078656d3660f2801b38eb302bc	gi|2259408387|emb|OW840528.1|	88.014	6.62e-88	292	uncultured fungus	fungi	uncultured fungus
265da6078656d3660f2801b38eb302bc	gi|1969812215|emb|LR994622.1|	88.194	2.38e-87	288	Digitaria exilis	monocots	Digitaria exilis
265da6078656d3660f2801b38eb302bc	gi|1969812215|emb|LR994622.1|	88.194	2.38e-87	288	Digitaria exilis	monocots	Digitaria exilis
265da6078656d3660f2801b38eb302bc	gi|1969812215|emb|LR994622.1|	88.194	2.38e-87	288	Digitaria exilis	monocots	Digitaria exilis
265da6078656d3660f2801b38eb302bc	gi|1969812215|emb|LR994622.1|	88.194	2.38e-87	288	Digitaria exilis	monocots	Digitaria exilis
265da6078656d3660f2801b38eb302bc	gi|1969812215|emb|LR994622.1|	88.194	2.38e-87	288	Digitaria exilis	monocots	Digitaria exilis
265da6078656d3660f2801b38eb302bc	gi|1969812215|emb|LR994622.1|	88.194	2.38e-87	288	Digitaria exilis	monocots	Digitaria exilis
265da6078656d3660f2801b38eb302bc	gi|1969812215|emb|LR994622.1|	88.194	2.38e-87	288	Digitaria exilis	monocots	Digitaria exilis
265da6078656d3660f2801b38eb302bc	gi|2259394355|emb|OW837529.1|	88.070	8.56e-87	285	uncultured fungus	fungi	uncultured fungus
e53342d6984f719304fe68c8e765d178	gi|2259493815|emb|OW836641.1|	80.142	1.95e-48	282	uncultured fungus	fungi	uncultured fungus
e53342d6984f719304fe68c8e765d178	gi|2259493659|emb|OW836558.1|	79.720	2.52e-47	286	uncultured fungus	fungi	uncultured fungus
e53342d6984f719304fe68c8e765d178	gi|2259393484|emb|OW837426.1|	80.224	1.17e-45	268	uncultured fungus	fungi	uncultured fungus
e53342d6984f719304fe68c8e765d178	gi|1279124608|gb|MF807895.1|	100.000	1.24e-05	35	Nidirana pleuraden	frogs & toads	Yunnan pond frog
e53342d6984f719304fe68c8e765d178	gi|1279124607|gb|MF807894.1|	100.000	1.24e-05	35	Nidirana pleuraden	frogs & toads	Yunnan pond frog
76959939f3382a6084acea4053b0b68c	gi|700275268|gb|KM096986.1|	98.624	1.66e-102	218	Cetorhinus maximus	sharks & rays	Cetorhinus maximus
76959939f3382a6084acea4053b0b68c	gi|700275170|gb|KM096979.1|	98.624	1.66e-102	218	Cetorhinus maximus	sharks & rays	Cetorhinus maximus
76959939f3382a6084acea4053b0b68c	gi|700275114|gb|KM096975.1|	98.624	1.66e-102	218	Cetorhinus maximus	sharks & rays	Cetorhinus maximus
76959939f3382a6084acea4053b0b68c	gi|700275100|gb|KM096974.1|	98.624	1.66e-102	218	Cetorhinus maximus	sharks & rays	Cetorhinus maximus
76959939f3382a6084acea4053b0b68c	gi|586946454|gb|KF991387.1|	98.165	7.74e-101	218	Cetorhinus maximus	sharks & rays	Cetorhinus maximus
d3a001e8b1caf2cb72ccaaaf2e298796	gi|2259389120|emb|OW836399.1|	95.088	1.05e-120	285	uncultured fungus	fungi	uncultured fungus
d3a001e8b1caf2cb72ccaaaf2e298796	gi|19682835|emb|AJ439357.1|	93.684	4.94e-114	285	Prionitis sp. GIg-5	red algae	Prionitis sp. GIg-5
d3a001e8b1caf2cb72ccaaaf2e298796	gi|213958819|gb|FJ360754.1|	93.885	8.26e-112	278	Dunaliella salina	green algae	Dunaliella salina
d3a001e8b1caf2cb72ccaaaf2e298796	gi|2259394445|emb|OW837590.1|	92.958	3.84e-110	284	uncultured fungus	fungi	uncultured fungus
d3a001e8b1caf2cb72ccaaaf2e298796	gi|2259392253|emb|OW837172.1|	92.958	3.84e-110	284	uncultured fungus	fungi	uncultured fungus
0a60d29eedb4ea4cf5b5bd5e2c1e6f72	gi|2771396388|gb|PQ043671.1|	98.606	1.71e-138	287	Pelagococcus sp.	pelagophytes	Pelagococcus sp.
0a60d29eedb4ea4cf5b5bd5e2c1e6f72	gi|2771396365|gb|PQ043648.1|	98.606	1.71e-138	287	Pelagococcus sp.	pelagophytes	Pelagococcus sp.
0a60d29eedb4ea4cf5b5bd5e2c1e6f72	gi|2771396357|gb|PQ043640.1|	98.606	1.71e-138	287	Pelagococcus subviridis	pelagophytes	Pelagococcus subviridis
0a60d29eedb4ea4cf5b5bd5e2c1e6f72	gi|1132319184|gb|KX938153.1|	98.606	1.71e-138	287	uncultured marine eukaryote	eukaryotes	uncultured marine eukaryote
0a60d29eedb4ea4cf5b5bd5e2c1e6f72	gi|2771396371|gb|PQ043654.1|	98.601	6.17e-138	286	Pelagomonadales sp. B	pelagophytes	Pelagomonadales sp. B
8f4f61f008f598639c67ea6c60089db2	gi|3057012933|gb|PX273259.1|	100.000	7.37e-91	188	Homo sapiens	primates	human
8f4f61f008f598639c67ea6c60089db2	gi|3057012919|gb|PX273258.1|	100.000	7.37e-91	188	Homo sapiens	primates	human
8f4f61f008f598639c67ea6c60089db2	gi|3057012905|gb|PX273257.1|	100.000	7.37e-91	188	Homo sapiens	primates	human
8f4f61f008f598639c67ea6c60089db2	gi|3057012891|gb|PX273256.1|	100.000	7.37e-91	188	Homo sapiens	primates	human
8f4f61f008f598639c67ea6c60089db2	gi|3057012877|gb|PX273255.1|	100.000	7.37e-91	188	Homo sapiens	primates	human
732a1c1a7158265896f5ef7a2f2bd545	gi|2692953615|ref|NC_086796.1|	98.529	9.31e-95	204	Zoarces americanus	ray-finned fishes	ocean pout
732a1c1a7158265896f5ef7a2f2bd545	gi|3139203650|gb|PX719005.1|	98.529	9.31e-95	204	Zoarces americanus	ray-finned fishes	ocean pout
732a1c1a7158265896f5ef7a2f2bd545	gi|3139210563|gb|PX740847.1|	98.039	4.33e-93	204	Zoarces americanus	ray-finned fishes	ocean pout
732a1c1a7158265896f5ef7a2f2bd545	gi|2724829064|ref|NC_088490.1|	97.549	2.01e-91	204	Zoarces viviparus	ray-finned fishes	viviparous blenny
732a1c1a7158265896f5ef7a2f2bd545	gi|1788585388|gb|MN883214.1|	98.469	2.61e-90	196	Zoarces americanus	ray-finned fishes	ocean pout
91dd5bef02a909406faa9307b0cb0d1a	gi|1798183348|emb|LR745847.1|	98.020	5.60e-92	202	Asterias rubens	starfish	European starfish
91dd5bef02a909406faa9307b0cb0d1a	gi|2567033648|gb|OR473298.1|	93.564	5.72e-77	202	Asterias amurensis	starfish	Northern Pacific seastar
91dd5bef02a909406faa9307b0cb0d1a	gi|2582205361|gb|CP134956.1|	93.564	5.72e-77	202	Asterias amurensis	starfish	Northern Pacific seastar
91dd5bef02a909406faa9307b0cb0d1a	gi|2582205361|gb|CP134956.1|	95.588	3.72e-19	68	Asterias amurensis	starfish	Northern Pacific seastar
91dd5bef02a909406faa9307b0cb0d1a	gi|2499155095|gb|OP747303.1|	93.564	5.72e-77	202	Asterias amurensis	starfish	Northern Pacific seastar
91dd5bef02a909406faa9307b0cb0d1a	gi|2499155067|gb|OP747301.1|	93.564	5.72e-77	202	Asterias amurensis	starfish	Northern Pacific seastar
b0206a37f6731d85ca2cdfaf463f4f8c	gi|3053320641|gb|PX070016.1|	99.038	1.22e-98	208	Clupea harengus	ray-finned fishes	Atlantic herring
b0206a37f6731d85ca2cdfaf463f4f8c	gi|1799624616|gb|MN122931.1|	99.038	1.22e-98	208	Clupea harengus	ray-finned fishes	Atlantic herring
b0206a37f6731d85ca2cdfaf463f4f8c	gi|1517391475|gb|MH194498.2|	99.038	1.22e-98	208	Clupea harengus	ray-finned fishes	Atlantic herring
b0206a37f6731d85ca2cdfaf463f4f8c	gi|2018537065|gb|MW818226.1|	99.038	1.22e-98	208	Clupea harengus	ray-finned fishes	Atlantic herring
b0206a37f6731d85ca2cdfaf463f4f8c	gi|2018537050|gb|MW818211.1|	99.038	1.22e-98	208	Clupea harengus	ray-finned fishes	Atlantic herring
8be2c0d5ae5fc342cec660c7d83d60d6	gi|3111512882|tpg|BK074625.1|	90.909	7.38e-08	55	Xylona heveae	ascomycete fungi	Xylona heveae
8be2c0d5ae5fc342cec660c7d83d60d6	gi|3111512559|tpg|BK074452.1|	90.909	7.38e-08	55	Trinosporium guianense	ascomycete fungi	Trinosporium guianense
8be2c0d5ae5fc342cec660c7d83d60d6	gi|399221040|gb|JQ838249.1|	90.909	7.38e-08	55	Xylona heveae	ascomycete fungi	Xylona heveae
8be2c0d5ae5fc342cec660c7d83d60d6	gi|399221039|gb|JQ838248.1|	90.909	7.38e-08	55	Xylona heveae	ascomycete fungi	Xylona heveae
8be2c0d5ae5fc342cec660c7d83d60d6	gi|399221038|gb|JQ838247.1|	90.909	7.38e-08	55	Xylona heveae	ascomycete fungi	Xylona heveae
2972bc94504a391194abc89d6121bdea	gi|2373974889|gb|OP035223.1|	95.652	4.19e-08	46	Onuxodon fowleri	ray-finned fishes	Onuxodon fowleri
2972bc94504a391194abc89d6121bdea	gi|1009080598|gb|KU681351.1|	95.652	4.19e-08	46	Onuxodon fowleri	ray-finned fishes	Onuxodon fowleri
2972bc94504a391194abc89d6121bdea	gi|429536700|gb|KC136518.1|	95.652	4.19e-08	46	Girella fimbriata	ray-finned fishes	caramel drummer
2972bc94504a391194abc89d6121bdea	gi|429536698|gb|KC136517.1|	95.652	4.19e-08	46	Girella nebulosa	ray-finned fishes	Rapanui nibbler
2972bc94504a391194abc89d6121bdea	gi|308095959|gb|HQ167138.1|	95.556	1.51e-07	45	Platysaurus cf. intermedius	lizards & snakes	Platysaurus cf. intermedius
9bc8002b224d324e7cd7ff79bf6d9c1c	gi|313575309|emb|FN651883.1|	81.714	3.43e-29	175	Siphonochelus boucheti	gastropods	Siphonochelus boucheti
9bc8002b224d324e7cd7ff79bf6d9c1c	gi|1433039887|gb|MH198165.1|	80.000	4.44e-28	195	Penion fairfieldae	gastropods	Penion fairfieldae
9bc8002b224d324e7cd7ff79bf6d9c1c	gi|1433039731|gb|MH140429.1|	80.000	4.44e-28	195	Penion chathamensis	gastropods	Penion chathamensis
9bc8002b224d324e7cd7ff79bf6d9c1c	gi|1464311969|ref|NC_039116.1|	80.000	4.44e-28	195	Penion chathamensis	gastropods	Penion chathamensis
9bc8002b224d324e7cd7ff79bf6d9c1c	gi|313575291|emb|FN651865.1|	81.507	5.78e-22	146	Timbellus fulgens	gastropods	Timbellus fulgens
19f7d85f85b159a78bccd8d1b19d33df	gi|930854782|dbj|AP012952.1|	99.034	4.38e-98	207	Argentina silus	ray-finned fishes	greater argentine
19f7d85f85b159a78bccd8d1b19d33df	gi|2510678348|emb|OX637390.1|	96.714	2.05e-91	213	Argentina silus	ray-finned fishes	greater argentine
19f7d85f85b159a78bccd8d1b19d33df	gi|1561111650|dbj|LC458380.1|	98.830	4.50e-78	171	Argentina silus	ray-finned fishes	greater argentine
19f7d85f85b159a78bccd8d1b19d33df	gi|2989749779|gb|PV642267.1|	92.271	3.50e-74	207	Argentina striata	ray-finned fishes	striated argentine
19f7d85f85b159a78bccd8d1b19d33df	gi|2989749751|gb|PV642265.1|	92.271	3.50e-74	207	Argentina striata	ray-finned fishes	striated argentine
5aa1826561d994dd62f838ffb2e4f291	gi|944274402|gb|KT305086.1|	75.685	4.32e-25	292	Trachelomonas hispida var. coronata	euglenoids	Trachelomonas hispida var. coronata
5aa1826561d994dd62f838ffb2e4f291	gi|2241131015|gb|ON561271.1|	75.685	4.32e-25	292	Trachelomonas hispida	euglenoids	Trachelomonas hispida
5aa1826561d994dd62f838ffb2e4f291	gi|169261470|gb|EU221513.1|	75.685	4.32e-25	292	Trachelomonas hispida	euglenoids	Trachelomonas hispida
5aa1826561d994dd62f838ffb2e4f291	gi|1418576929|ref|NC_037728.1|	80.702	7.33e-13	114	Melosira undulata	diatoms	Melosira undulata
5aa1826561d994dd62f838ffb2e4f291	gi|2838034601|gb|PQ496698.1|	87.324	1.23e-10	71	Jaagichlorella sp. HS-2024	green algae	Jaagichlorella sp. HS-2024
f4a0aa2b3f2ebc592df5874944ae0ff4	gi|312982342|gb|HM593538.1|	80.488	3.24e-51	287	uncultured phototrophic eukaryote	eukaryotes	uncultured phototrophic eukaryote
f4a0aa2b3f2ebc592df5874944ae0ff4	gi|2452630277|ref|NC_071864.1|	80.351	4.19e-50	285	Phacus arnoldii	euglenoids	Phacus arnoldii
f4a0aa2b3f2ebc592df5874944ae0ff4	gi|261362006|gb|FJ719696.1|	80.351	4.19e-50	285	Phacus warszewiczii	euglenoids	Phacus warszewiczii
f4a0aa2b3f2ebc592df5874944ae0ff4	gi|208968937|gb|EU750703.1|	80.351	4.19e-50	285	Phacus warszewiczii	euglenoids	Phacus warszewiczii
f4a0aa2b3f2ebc592df5874944ae0ff4	gi|404427683|gb|JQ516589.1|	80.139	1.51e-49	287	uncultured Chlorophyta	green algae	uncultured Chlorophyta
b66e1d2e7fc5fc500b28fd41aea3e530	gi|2259493168|emb|OW836098.1|	90.559	1.40e-99	286	uncultured fungus	fungi	uncultured fungus
b66e1d2e7fc5fc500b28fd41aea3e530	gi|2259388872|emb|OW836212.1|	89.123	2.36e-92	285	uncultured fungus	fungi	uncultured fungus
b66e1d2e7fc5fc500b28fd41aea3e530	gi|2259139526|emb|OW833740.1|	89.161	8.50e-92	286	uncultured fungus	fungi	uncultured fungus
b66e1d2e7fc5fc500b28fd41aea3e530	gi|2604803856|emb|OY751556.1|	89.123	8.50e-92	285	Caenorhabditis doughertyi	nematodes	Caenorhabditis doughertyi
b66e1d2e7fc5fc500b28fd41aea3e530	gi|2259408387|emb|OW840528.1|	88.660	3.06e-91	291	uncultured fungus	fungi	uncultured fungus
25f0e0ce22ebc8f7a030b0739f3c1e7c	gi|1540304408|gb|MH688244.1|	93.023	1.59e-04	43	Aperioptus gracilentus	ray-finned fishes	Aperioptus gracilentus
25f0e0ce22ebc8f7a030b0739f3c1e7c	gi|2064684336|dbj|LC640023.1|	93.023	1.59e-04	43	Paraplagusia japonica	ray-finned fishes	black cow-tongue
25f0e0ce22ebc8f7a030b0739f3c1e7c	gi|511347697|ref|NC_021376.1|	93.023	1.59e-04	43	Paraplagusia japonica	ray-finned fishes	black cow-tongue
25f0e0ce22ebc8f7a030b0739f3c1e7c	gi|1918448007|dbj|LC579409.1|	93.023	1.59e-04	43	Paraplagusia japonica	ray-finned fishes	black cow-tongue
25f0e0ce22ebc8f7a030b0739f3c1e7c	gi|169665021|gb|EU341086.1|	97.143	5.72e-04	35	Anodonthyla rouxae	frogs & toads	Madagascar climbing frog
38bbca215611b439b6f31be5164e81dc	gi|2259493659|emb|OW836558.1|	76.491	2.57e-32	285	uncultured fungus	fungi	uncultured fungus
38bbca215611b439b6f31be5164e81dc	gi|2259493815|emb|OW836641.1|	76.157	4.31e-30	281	uncultured fungus	fungi	uncultured fungus
38bbca215611b439b6f31be5164e81dc	gi|2259393484|emb|OW837426.1|	76.030	2.59e-27	267	uncultured fungus	fungi	uncultured fungus
38bbca215611b439b6f31be5164e81dc	gi|1279124608|gb|MF807895.1|	100.000	1.24e-05	35	Nidirana pleuraden	frogs & toads	Yunnan pond frog
38bbca215611b439b6f31be5164e81dc	gi|1279124607|gb|MF807894.1|	100.000	1.24e-05	35	Nidirana pleuraden	frogs & toads	Yunnan pond frog
ec47737a36b9299984adb581d8b0c63a	gi|2863087796|emb|OZ206334.1|	96.685	4.94e-77	181	Grampus griseus	whales & dolphins	Risso's dolphin
ec47737a36b9299984adb581d8b0c63a	gi|2863087796|emb|OZ206334.1|	80.247	3.21e-19	162	Grampus griseus	whales & dolphins	Risso's dolphin
ec47737a36b9299984adb581d8b0c63a	gi|2811641120|emb|OZ185477.1|	96.685	4.94e-77	181	Leucopleurus acutus	whales & dolphins	Atlantic white-sided dolphin
ec47737a36b9299984adb581d8b0c63a	gi|2811641120|emb|OZ185477.1|	80.247	3.21e-19	162	Leucopleurus acutus	whales & dolphins	Atlantic white-sided dolphin
ec47737a36b9299984adb581d8b0c63a	gi|2576976542|emb|OY734060.1|	96.685	4.94e-77	181	Globicephala melas	whales & dolphins	long-finned pilot whale
ec47737a36b9299984adb581d8b0c63a	gi|2576976542|emb|OY734060.1|	80.247	3.21e-19	162	Globicephala melas	whales & dolphins	long-finned pilot whale
ec47737a36b9299984adb581d8b0c63a	gi|2504581151|emb|OX596406.1|	96.685	4.94e-77	181	Stenella coeruleoalba	whales & dolphins	striped dolphin
ec47737a36b9299984adb581d8b0c63a	gi|2504581151|emb|OX596406.1|	78.528	4.18e-13	163	Stenella coeruleoalba	whales & dolphins	striped dolphin
ec47737a36b9299984adb581d8b0c63a	gi|2499297177|emb|OX465347.1|	96.685	4.94e-77	181	Delphinus delphis	whales & dolphins	saddleback dolphin
ec47737a36b9299984adb581d8b0c63a	gi|2499297177|emb|OX465347.1|	79.755	1.49e-17	163	Delphinus delphis	whales & dolphins	saddleback dolphin
fd527b9e8dfa2aea4b729823341f5ff2	gi|586946454|gb|KF991387.1|	98.165	7.74e-101	218	Cetorhinus maximus	sharks & rays	Cetorhinus maximus
fd527b9e8dfa2aea4b729823341f5ff2	gi|2750968131|emb|OZ077486.1|	98.165	7.74e-101	218	Cetorhinus maximus	sharks & rays	Cetorhinus maximus
fd527b9e8dfa2aea4b729823341f5ff2	gi|2576858446|gb|OR546235.1|	98.165	7.74e-101	218	Cetorhinus maximus	sharks & rays	Cetorhinus maximus
fd527b9e8dfa2aea4b729823341f5ff2	gi|700275310|gb|KM096989.1|	98.165	7.74e-101	218	Cetorhinus maximus	sharks & rays	Cetorhinus maximus
fd527b9e8dfa2aea4b729823341f5ff2	gi|700275282|gb|KM096987.1|	98.165	7.74e-101	218	Cetorhinus maximus	sharks & rays	Cetorhinus maximus
686864ccc6d1c0fefdbb2dcedd2f6781	gi|312982358|gb|HM593553.1|	81.818	6.90e-58	286	uncultured phototrophic eukaryote	eukaryotes	uncultured phototrophic eukaryote
686864ccc6d1c0fefdbb2dcedd2f6781	gi|404427683|gb|JQ516589.1|	81.469	3.21e-56	286	uncultured Chlorophyta	green algae	uncultured Chlorophyta
686864ccc6d1c0fefdbb2dcedd2f6781	gi|404427682|gb|JQ516583.1|	81.469	3.21e-56	286	uncultured Chlorophyta	green algae	uncultured Chlorophyta
686864ccc6d1c0fefdbb2dcedd2f6781	gi|404427678|gb|JQ516566.1|	81.469	3.21e-56	286	uncultured Chlorophyta	green algae	uncultured Chlorophyta
686864ccc6d1c0fefdbb2dcedd2f6781	gi|312982342|gb|HM593538.1|	81.119	1.49e-54	286	uncultured phototrophic eukaryote	eukaryotes	uncultured phototrophic eukaryote
94276aaaf74eed461cbdb729bd15f813	gi|2259493168|emb|OW836098.1|	90.210	6.52e-98	286	uncultured fungus	fungi	uncultured fungus
94276aaaf74eed461cbdb729bd15f813	gi|2259406298|emb|OW840390.1|	89.123	8.50e-92	285	uncultured fungus	fungi	uncultured fungus
94276aaaf74eed461cbdb729bd15f813	gi|2259408387|emb|OW840528.1|	88.660	3.06e-91	291	uncultured fungus	fungi	uncultured fungus
94276aaaf74eed461cbdb729bd15f813	gi|2259494369|emb|OW836709.1|	88.772	1.10e-90	285	uncultured fungus	fungi	uncultured fungus
94276aaaf74eed461cbdb729bd15f813	gi|1969812215|emb|LR994622.1|	88.850	1.10e-90	287	Digitaria exilis	monocots	Digitaria exilis
94276aaaf74eed461cbdb729bd15f813	gi|1969812215|emb|LR994622.1|	88.850	1.10e-90	287	Digitaria exilis	monocots	Digitaria exilis
94276aaaf74eed461cbdb729bd15f813	gi|1969812215|emb|LR994622.1|	88.850	1.10e-90	287	Digitaria exilis	monocots	Digitaria exilis
94276aaaf74eed461cbdb729bd15f813	gi|1969812215|emb|LR994622.1|	88.850	1.10e-90	287	Digitaria exilis	monocots	Digitaria exilis
94276aaaf74eed461cbdb729bd15f813	gi|1969812215|emb|LR994622.1|	88.850	1.10e-90	287	Digitaria exilis	monocots	Digitaria exilis
94276aaaf74eed461cbdb729bd15f813	gi|1969812215|emb|LR994622.1|	88.850	1.10e-90	287	Digitaria exilis	monocots	Digitaria exilis
94276aaaf74eed461cbdb729bd15f813	gi|1969812215|emb|LR994622.1|	88.850	1.10e-90	287	Digitaria exilis	monocots	Digitaria exilis
8b1d54d6970cc180a2fc2b6914b96893	gi|2698751178|gb|PP492856.1|	85.714	1.03e-09	77	Parapercis pulchella	ray-finned fishes	harlequin sandsmelt
8b1d54d6970cc180a2fc2b6914b96893	gi|2174708416|dbj|LC552461.2|	85.714	1.03e-09	77	Parapercis pulchella	ray-finned fishes	harlequin sandsmelt
8b1d54d6970cc180a2fc2b6914b96893	gi|3248864470|gb|PZ137313.1|	85.714	1.03e-09	77	Parapercis pulchella	ray-finned fishes	harlequin sandsmelt
8b1d54d6970cc180a2fc2b6914b96893	gi|1189408146|gb|KY815341.1|	95.745	3.71e-09	47	Terelabrus rubrovittatus	ray-finned fishes	Terelabrus rubrovittatus
8b1d54d6970cc180a2fc2b6914b96893	gi|2967563626|gb|PV590091.1|	84.416	1.33e-08	77	Polydactylus quadrifilis	ray-finned fishes	Polydactylus quadrifilis
62c0cc96e355fc06b1c4f11dfdfaec38	gi|1540304408|gb|MH688244.1|	95.349	3.42e-06	43	Aperioptus gracilentus	ray-finned fishes	Aperioptus gracilentus
62c0cc96e355fc06b1c4f11dfdfaec38	gi|2064684336|dbj|LC640023.1|	95.349	3.42e-06	43	Paraplagusia japonica	ray-finned fishes	black cow-tongue
62c0cc96e355fc06b1c4f11dfdfaec38	gi|511347697|ref|NC_021376.1|	95.349	3.42e-06	43	Paraplagusia japonica	ray-finned fishes	black cow-tongue
62c0cc96e355fc06b1c4f11dfdfaec38	gi|1918448007|dbj|LC579409.1|	95.349	3.42e-06	43	Paraplagusia japonica	ray-finned fishes	black cow-tongue
62c0cc96e355fc06b1c4f11dfdfaec38	gi|1835269738|gb|MN917497.1|	93.023	1.59e-04	43	Paratelmatobius cardosoi	frogs & toads	Paratelmatobius cardosoi
abdcb737e771ff1504cfec9fc187ca99	gi|1798183348|emb|LR745847.1|	98.515	1.20e-93	202	Asterias rubens	starfish	European starfish
abdcb737e771ff1504cfec9fc187ca99	gi|2567033648|gb|OR473298.1|	94.059	1.23e-78	202	Asterias amurensis	starfish	Northern Pacific seastar
abdcb737e771ff1504cfec9fc187ca99	gi|2582205361|gb|CP134956.1|	94.059	1.23e-78	202	Asterias amurensis	starfish	Northern Pacific seastar
abdcb737e771ff1504cfec9fc187ca99	gi|2582205361|gb|CP134956.1|	97.059	8.00e-21	68	Asterias amurensis	starfish	Northern Pacific seastar
abdcb737e771ff1504cfec9fc187ca99	gi|2499155095|gb|OP747303.1|	94.059	1.23e-78	202	Asterias amurensis	starfish	Northern Pacific seastar
abdcb737e771ff1504cfec9fc187ca99	gi|2499155067|gb|OP747301.1|	94.059	1.23e-78	202	Asterias amurensis	starfish	Northern Pacific seastar
fa7176187e483625f29eff122728ba6d	gi|2259493815|emb|OW836641.1|	79.433	4.21e-45	282	uncultured fungus	fungi	uncultured fungus
fa7176187e483625f29eff122728ba6d	gi|2259493659|emb|OW836558.1|	79.021	5.45e-44	286	uncultured fungus	fungi	uncultured fungus
fa7176187e483625f29eff122728ba6d	gi|2259393484|emb|OW837426.1|	79.478	2.54e-42	268	uncultured fungus	fungi	uncultured fungus
fa7176187e483625f29eff122728ba6d	gi|1279124608|gb|MF807895.1|	100.000	1.24e-05	35	Nidirana pleuraden	frogs & toads	Yunnan pond frog
fa7176187e483625f29eff122728ba6d	gi|1279124607|gb|MF807894.1|	100.000	1.24e-05	35	Nidirana pleuraden	frogs & toads	Yunnan pond frog
da6abf6d3f27a4da462939850c13b606	gi|325194922|emb|FR825719.1|	91.549	1.80e-103	284	Albugo laibachii Nc14	oomycetes	Albugo laibachii Nc14
da6abf6d3f27a4da462939850c13b606	gi|2259143745|emb|OW835374.1|	91.606	1.40e-99	274	uncultured fungus	fungi	uncultured fungus
da6abf6d3f27a4da462939850c13b606	gi|2259492646|emb|OW835169.1|	90.526	5.04e-99	285	uncultured fungus	fungi	uncultured fungus
da6abf6d3f27a4da462939850c13b606	gi|2259389413|emb|OW836490.1|	90.526	5.04e-99	285	uncultured fungus	fungi	uncultured fungus
da6abf6d3f27a4da462939850c13b606	gi|2854503517|gb|PQ611765.1|	90.141	8.44e-97	284	Impatiens imbecilla	eudicots	Impatiens imbecilla
7b21fde18abd514d8895d996331a5d9d	gi|2259492676|emb|OW835199.1|	90.000	1.81e-98	290	uncultured fungus	fungi	uncultured fungus
7b21fde18abd514d8895d996331a5d9d	gi|2259394355|emb|OW837529.1|	90.493	1.81e-98	284	uncultured fungus	fungi	uncultured fungus
7b21fde18abd514d8895d996331a5d9d	gi|2854503517|gb|PQ611765.1|	90.141	8.44e-97	284	Impatiens imbecilla	eudicots	Impatiens imbecilla
7b21fde18abd514d8895d996331a5d9d	gi|2259492646|emb|OW835169.1|	89.474	5.08e-94	285	uncultured fungus	fungi	uncultured fungus
7b21fde18abd514d8895d996331a5d9d	gi|2259389413|emb|OW836490.1|	89.474	5.08e-94	285	uncultured fungus	fungi	uncultured fungus
72a5fe2c76eb5efc596063950425d68f	gi|2259146955|emb|OW835854.1|	84.028	6.81e-68	288	uncultured fungus	fungi	uncultured fungus
72a5fe2c76eb5efc596063950425d68f	gi|1428077394|gb|MH625410.1|	82.639	1.15e-60	288	fungal sp.	fungi	fungal sp.
72a5fe2c76eb5efc596063950425d68f	gi|2259493621|emb|OW836520.1|	83.150	4.13e-60	273	uncultured fungus	fungi	uncultured fungus
72a5fe2c76eb5efc596063950425d68f	gi|2259492656|emb|OW835179.1|	82.456	4.13e-60	285	uncultured fungus	fungi	uncultured fungus
72a5fe2c76eb5efc596063950425d68f	gi|2259389329|emb|OW836406.1|	82.168	1.48e-59	286	uncultured fungus	fungi	uncultured fungus
0fab60a2aa3f6006c7d14a5681e1778b	gi|2259493903|emb|OW836685.1|	88.276	3.95e-90	290	uncultured fungus	fungi	uncultured fungus
0fab60a2aa3f6006c7d14a5681e1778b	gi|2259492676|emb|OW835199.1|	88.356	3.95e-90	292	uncultured fungus	fungi	uncultured fungus
0fab60a2aa3f6006c7d14a5681e1778b	gi|410060980|gb|JX174058.1|	88.153	1.84e-88	287	uncultured Cymbella	diatoms	uncultured Cymbella
0fab60a2aa3f6006c7d14a5681e1778b	gi|457210|gb|L25708.1|CYGRRNAA	88.112	2.38e-87	286	Calyptogena sp.	bivalves	Calyptogena sp.
0fab60a2aa3f6006c7d14a5681e1778b	gi|2259415324|emb|OW842537.1|	87.197	1.43e-84	289	uncultured Ascomycota	ascomycete fungi	uncultured Ascomycota
0e3d1536bbe34b9632ddb15a873917e4	gi|2259493659|emb|OW836558.1|	76.140	1.20e-30	285	uncultured fungus	fungi	uncultured fungus
0e3d1536bbe34b9632ddb15a873917e4	gi|2259493815|emb|OW836641.1|	75.801	2.00e-28	281	uncultured fungus	fungi	uncultured fungus
0e3d1536bbe34b9632ddb15a873917e4	gi|2259393484|emb|OW837426.1|	75.655	1.21e-25	267	uncultured fungus	fungi	uncultured fungus
0e3d1536bbe34b9632ddb15a873917e4	gi|1279124608|gb|MF807895.1|	100.000	1.24e-05	35	Nidirana pleuraden	frogs & toads	Yunnan pond frog
0e3d1536bbe34b9632ddb15a873917e4	gi|1279124607|gb|MF807894.1|	100.000	1.24e-05	35	Nidirana pleuraden	frogs & toads	Yunnan pond frog
a714deea4e30c238df5abe3b9b0161f8	gi|3065318830|gb|PX402952.1|	99.034	4.38e-98	207	Homo sapiens	primates	human
a714deea4e30c238df5abe3b9b0161f8	gi|1104582130|gb|KX457182.1|	99.034	4.38e-98	207	Homo sapiens	primates	human
a714deea4e30c238df5abe3b9b0161f8	gi|2273663902|gb|MZ387854.1|	99.034	4.38e-98	207	Homo sapiens	primates	human
a714deea4e30c238df5abe3b9b0161f8	gi|3057012933|gb|PX273259.1|	98.551	2.04e-96	207	Homo sapiens	primates	human
a714deea4e30c238df5abe3b9b0161f8	gi|3057012919|gb|PX273258.1|	98.551	2.04e-96	207	Homo sapiens	primates	human
dc72dcf422d6dedecb6de66043d72a07	gi|2994737912|gb|PV656772.1|	100.000	9.55e-85	177	Melanogrammus aeglefinus	ray-finned fishes	haddock
dc72dcf422d6dedecb6de66043d72a07	gi|2994737898|gb|PV656771.1|	100.000	9.55e-85	177	Melanogrammus aeglefinus	ray-finned fishes	haddock
dc72dcf422d6dedecb6de66043d72a07	gi|2994737884|gb|PV656770.1|	100.000	9.55e-85	177	Melanogrammus aeglefinus	ray-finned fishes	haddock
dc72dcf422d6dedecb6de66043d72a07	gi|821091578|gb|KP644364.1|	100.000	9.55e-85	177	Melanogrammus aeglefinus	ray-finned fishes	haddock
dc72dcf422d6dedecb6de66043d72a07	gi|124377065|emb|AM489717.1|	100.000	9.55e-85	177	Melanogrammus aeglefinus	ray-finned fishes	haddock
034c146e3161c071e380bd3d4205450f	gi|1798183348|emb|LR745847.1|	98.515	1.20e-93	202	Asterias rubens	starfish	European starfish
034c146e3161c071e380bd3d4205450f	gi|2567033648|gb|OR473298.1|	94.059	1.23e-78	202	Asterias amurensis	starfish	Northern Pacific seastar
034c146e3161c071e380bd3d4205450f	gi|2582205361|gb|CP134956.1|	94.059	1.23e-78	202	Asterias amurensis	starfish	Northern Pacific seastar
034c146e3161c071e380bd3d4205450f	gi|2582205361|gb|CP134956.1|	97.059	8.00e-21	68	Asterias amurensis	starfish	Northern Pacific seastar
034c146e3161c071e380bd3d4205450f	gi|2499155095|gb|OP747303.1|	94.059	1.23e-78	202	Asterias amurensis	starfish	Northern Pacific seastar
034c146e3161c071e380bd3d4205450f	gi|2499155067|gb|OP747301.1|	94.059	1.23e-78	202	Asterias amurensis	starfish	Northern Pacific seastar
463b2e3028d8d493d503656f0f7e9acf	gi|1798183348|emb|LR745847.1|	98.020	5.60e-92	202	Asterias rubens	starfish	European starfish
463b2e3028d8d493d503656f0f7e9acf	gi|2567033648|gb|OR473298.1|	93.564	5.72e-77	202	Asterias amurensis	starfish	Northern Pacific seastar
463b2e3028d8d493d503656f0f7e9acf	gi|2582205361|gb|CP134956.1|	93.564	5.72e-77	202	Asterias amurensis	starfish	Northern Pacific seastar
463b2e3028d8d493d503656f0f7e9acf	gi|2582205361|gb|CP134956.1|	94.118	1.73e-17	68	Asterias amurensis	starfish	Northern Pacific seastar
463b2e3028d8d493d503656f0f7e9acf	gi|2499155095|gb|OP747303.1|	93.564	5.72e-77	202	Asterias amurensis	starfish	Northern Pacific seastar
463b2e3028d8d493d503656f0f7e9acf	gi|2499155067|gb|OP747301.1|	93.564	5.72e-77	202	Asterias amurensis	starfish	Northern Pacific seastar
4b0909f6bd09f574de98edb603dedc62	gi|2259493815|emb|OW836641.1|	80.851	9.00e-52	282	uncultured fungus	fungi	uncultured fungus
4b0909f6bd09f574de98edb603dedc62	gi|2259493659|emb|OW836558.1|	80.420	1.16e-50	286	uncultured fungus	fungi	uncultured fungus
4b0909f6bd09f574de98edb603dedc62	gi|2259393484|emb|OW837426.1|	80.970	5.41e-49	268	uncultured fungus	fungi	uncultured fungus
4b0909f6bd09f574de98edb603dedc62	gi|1279124608|gb|MF807895.1|	100.000	1.24e-05	35	Nidirana pleuraden	frogs & toads	Yunnan pond frog
4b0909f6bd09f574de98edb603dedc62	gi|1279124607|gb|MF807894.1|	100.000	1.24e-05	35	Nidirana pleuraden	frogs & toads	Yunnan pond frog
a7e673a9adce26d515b8a35f53609096	gi|1279124608|gb|MF807895.1|	100.000	1.24e-05	35	Nidirana pleuraden	frogs & toads	Yunnan pond frog
a7e673a9adce26d515b8a35f53609096	gi|1279124607|gb|MF807894.1|	100.000	1.24e-05	35	Nidirana pleuraden	frogs & toads	Yunnan pond frog
a7e673a9adce26d515b8a35f53609096	gi|169665021|gb|EU341086.1|	100.000	4.46e-05	34	Anodonthyla rouxae	frogs & toads	Madagascar climbing frog
a7e673a9adce26d515b8a35f53609096	gi|148524037|gb|EF566970.1|	97.143	5.77e-04	35	Acris crepitans	frogs & toads	northern cricket frog
a7e673a9adce26d515b8a35f53609096	gi|148524036|gb|EF566969.1|	97.143	5.77e-04	35	Acris crepitans	frogs & toads	northern cricket frog
626fffa4e27281138d5d07f8481cb649	gi|700275268|gb|KM096986.1|	98.624	1.66e-102	218	Cetorhinus maximus	sharks & rays	Cetorhinus maximus
626fffa4e27281138d5d07f8481cb649	gi|700275170|gb|KM096979.1|	98.624	1.66e-102	218	Cetorhinus maximus	sharks & rays	Cetorhinus maximus
626fffa4e27281138d5d07f8481cb649	gi|700275114|gb|KM096975.1|	98.624	1.66e-102	218	Cetorhinus maximus	sharks & rays	Cetorhinus maximus
626fffa4e27281138d5d07f8481cb649	gi|700275100|gb|KM096974.1|	98.624	1.66e-102	218	Cetorhinus maximus	sharks & rays	Cetorhinus maximus
626fffa4e27281138d5d07f8481cb649	gi|586946454|gb|KF991387.1|	98.165	7.74e-101	218	Cetorhinus maximus	sharks & rays	Cetorhinus maximus
fb0116ba06f829910b51912c7e6eca0b	gi|1918617880|gb|MW164417.1|	90.210	6.52e-98	286	uncultured fungus	fungi	uncultured fungus
fb0116ba06f829910b51912c7e6eca0b	gi|2259492646|emb|OW835169.1|	89.825	1.09e-95	285	uncultured fungus	fungi	uncultured fungus
fb0116ba06f829910b51912c7e6eca0b	gi|2259389413|emb|OW836490.1|	89.860	1.09e-95	286	uncultured fungus	fungi	uncultured fungus
fb0116ba06f829910b51912c7e6eca0b	gi|2259165558|emb|OW835890.1|	89.825	1.09e-95	285	uncultured fungus	fungi	uncultured fungus
fb0116ba06f829910b51912c7e6eca0b	gi|2854503517|gb|PQ611765.1|	89.789	3.93e-95	284	Impatiens imbecilla	eudicots	Impatiens imbecilla
b9eda9542e7676cf7839c56a99ff8a12	gi|2259492676|emb|OW835199.1|	89.726	8.44e-97	292	uncultured fungus	fungi	uncultured fungus
b9eda9542e7676cf7839c56a99ff8a12	gi|2259500059|emb|OW842512.1|	89.510	5.08e-94	286	uncultured Ascomycota	ascomycete fungi	uncultured Ascomycota
b9eda9542e7676cf7839c56a99ff8a12	gi|2259408387|emb|OW840528.1|	88.966	6.57e-93	290	uncultured fungus	fungi	uncultured fungus
b9eda9542e7676cf7839c56a99ff8a12	gi|926657240|dbj|LC000744.1|	89.123	2.36e-92	285	Lucina environmental sample	bivalves	Lucina environmental sample
b9eda9542e7676cf7839c56a99ff8a12	gi|1969812215|emb|LR994622.1|	89.161	2.36e-92	286	Digitaria exilis	monocots	Digitaria exilis
b9eda9542e7676cf7839c56a99ff8a12	gi|1969812215|emb|LR994622.1|	89.161	2.36e-92	286	Digitaria exilis	monocots	Digitaria exilis
b9eda9542e7676cf7839c56a99ff8a12	gi|1969812215|emb|LR994622.1|	89.161	2.36e-92	286	Digitaria exilis	monocots	Digitaria exilis
b9eda9542e7676cf7839c56a99ff8a12	gi|1969812215|emb|LR994622.1|	89.161	2.36e-92	286	Digitaria exilis	monocots	Digitaria exilis
b9eda9542e7676cf7839c56a99ff8a12	gi|1969812215|emb|LR994622.1|	89.161	2.36e-92	286	Digitaria exilis	monocots	Digitaria exilis
b9eda9542e7676cf7839c56a99ff8a12	gi|1969812215|emb|LR994622.1|	89.161	2.36e-92	286	Digitaria exilis	monocots	Digitaria exilis
b9eda9542e7676cf7839c56a99ff8a12	gi|1969812215|emb|LR994622.1|	89.161	2.36e-92	286	Digitaria exilis	monocots	Digitaria exilis
ebd73a8743e6443cd2e813f444a6afa5	gi|312982358|gb|HM593553.1|	82.168	1.48e-59	286	uncultured phototrophic eukaryote	eukaryotes	uncultured phototrophic eukaryote
ebd73a8743e6443cd2e813f444a6afa5	gi|404427683|gb|JQ516589.1|	81.818	6.90e-58	286	uncultured Chlorophyta	green algae	uncultured Chlorophyta
ebd73a8743e6443cd2e813f444a6afa5	gi|404427682|gb|JQ516583.1|	81.818	6.90e-58	286	uncultured Chlorophyta	green algae	uncultured Chlorophyta
ebd73a8743e6443cd2e813f444a6afa5	gi|404427678|gb|JQ516566.1|	81.818	6.90e-58	286	uncultured Chlorophyta	green algae	uncultured Chlorophyta
ebd73a8743e6443cd2e813f444a6afa5	gi|312982342|gb|HM593538.1|	81.469	3.21e-56	286	uncultured phototrophic eukaryote	eukaryotes	uncultured phototrophic eukaryote
cbaf298e38f15b919f1eba9a7aa3bea2	gi|2259493815|emb|OW836641.1|	79.433	4.21e-45	282	uncultured fungus	fungi	uncultured fungus
cbaf298e38f15b919f1eba9a7aa3bea2	gi|2259493659|emb|OW836558.1|	79.021	5.45e-44	286	uncultured fungus	fungi	uncultured fungus
cbaf298e38f15b919f1eba9a7aa3bea2	gi|2259393484|emb|OW837426.1|	79.478	2.54e-42	268	uncultured fungus	fungi	uncultured fungus
cbaf298e38f15b919f1eba9a7aa3bea2	gi|1279124608|gb|MF807895.1|	100.000	1.24e-05	35	Nidirana pleuraden	frogs & toads	Yunnan pond frog
cbaf298e38f15b919f1eba9a7aa3bea2	gi|1279124607|gb|MF807894.1|	100.000	1.24e-05	35	Nidirana pleuraden	frogs & toads	Yunnan pond frog
c4a74c89184744ae10c137c169662d8f	gi|2259493815|emb|OW836641.1|	78.369	4.24e-40	282	uncultured fungus	fungi	uncultured fungus
c4a74c89184744ae10c137c169662d8f	gi|2259493659|emb|OW836558.1|	77.972	5.49e-39	286	uncultured fungus	fungi	uncultured fungus
c4a74c89184744ae10c137c169662d8f	gi|2259393484|emb|OW837426.1|	78.358	2.55e-37	268	uncultured fungus	fungi	uncultured fungus
c4a74c89184744ae10c137c169662d8f	gi|1279124608|gb|MF807895.1|	100.000	1.24e-05	35	Nidirana pleuraden	frogs & toads	Yunnan pond frog
c4a74c89184744ae10c137c169662d8f	gi|1279124607|gb|MF807894.1|	100.000	1.24e-05	35	Nidirana pleuraden	frogs & toads	Yunnan pond frog
ae4215ba72e3726394733543334d29f2	gi|2259391028|emb|OW837070.1|	86.316	5.19e-79	285	uncultured fungus	fungi	uncultured fungus
ae4215ba72e3726394733543334d29f2	gi|2259393455|emb|OW837397.1|	85.517	8.68e-77	290	uncultured fungus	fungi	uncultured fungus
ae4215ba72e3726394733543334d29f2	gi|2259493234|emb|OW836164.1|	85.965	8.68e-77	285	uncultured fungus	fungi	uncultured fungus
ae4215ba72e3726394733543334d29f2	gi|2259141262|emb|OW834443.1|	84.138	1.46e-69	290	uncultured fungus	fungi	uncultured fungus
ae4215ba72e3726394733543334d29f2	gi|2259165798|emb|OW835972.1|	84.028	2.45e-67	288	uncultured fungus	fungi	uncultured fungus
7a01d1e066a8138ccac35da7d4a5f413	gi|2259415324|emb|OW842537.1|	91.003	6.48e-103	289	uncultured Ascomycota	ascomycete fungi	uncultured Ascomycota
7a01d1e066a8138ccac35da7d4a5f413	gi|313847550|emb|FN869549.1|	91.228	2.33e-102	285	Lucinidae gen. sp. TB-2010	bivalves	Lucinidae gen. sp. TB-2010
7a01d1e066a8138ccac35da7d4a5f413	gi|926657240|dbj|LC000744.1|	90.877	1.08e-100	285	Lucina environmental sample	bivalves	Lucina environmental sample
7a01d1e066a8138ccac35da7d4a5f413	gi|2259493903|emb|OW836685.1|	90.068	1.81e-98	292	uncultured fungus	fungi	uncultured fungus
7a01d1e066a8138ccac35da7d4a5f413	gi|2259394355|emb|OW837529.1|	89.789	3.93e-95	284	uncultured fungus	fungi	uncultured fungus
71b0d8c35ef24431a20e1865be4e3e6e	gi|2259493815|emb|OW836641.1|	80.142	1.95e-48	282	uncultured fungus	fungi	uncultured fungus
71b0d8c35ef24431a20e1865be4e3e6e	gi|2259493659|emb|OW836558.1|	79.720	2.52e-47	286	uncultured fungus	fungi	uncultured fungus
71b0d8c35ef24431a20e1865be4e3e6e	gi|2259393484|emb|OW837426.1|	80.224	1.17e-45	268	uncultured fungus	fungi	uncultured fungus
71b0d8c35ef24431a20e1865be4e3e6e	gi|1279124608|gb|MF807895.1|	100.000	1.24e-05	35	Nidirana pleuraden	frogs & toads	Yunnan pond frog
71b0d8c35ef24431a20e1865be4e3e6e	gi|1279124607|gb|MF807894.1|	100.000	1.24e-05	35	Nidirana pleuraden	frogs & toads	Yunnan pond frog
5dd064b42d5dd8a2ae97cec31e5f410c	gi|410060980|gb|JX174058.1|	91.289	1.80e-103	287	uncultured Cymbella	diatoms	uncultured Cymbella
5dd064b42d5dd8a2ae97cec31e5f410c	gi|1761192551|gb|CP044614.1|	90.175	2.35e-97	285	Nannochloropsis oceanica	heterokonts	Nannochloropsis oceanica
5dd064b42d5dd8a2ae97cec31e5f410c	gi|1761192519|gb|CP044582.1|	90.175	2.35e-97	285	Nannochloropsis oceanica	heterokonts	Nannochloropsis oceanica
5dd064b42d5dd8a2ae97cec31e5f410c	gi|2259165558|emb|OW835890.1|	89.547	5.08e-94	287	uncultured fungus	fungi	uncultured fungus
5dd064b42d5dd8a2ae97cec31e5f410c	gi|926657240|dbj|LC000744.1|	89.474	5.08e-94	285	Lucina environmental sample	bivalves	Lucina environmental sample
b6b1ed3d563b61ccb12eaf38bd5e5793	gi|2259493815|emb|OW836641.1|	80.142	1.95e-48	282	uncultured fungus	fungi	uncultured fungus
b6b1ed3d563b61ccb12eaf38bd5e5793	gi|2259493659|emb|OW836558.1|	79.720	2.52e-47	286	uncultured fungus	fungi	uncultured fungus
b6b1ed3d563b61ccb12eaf38bd5e5793	gi|2259393484|emb|OW837426.1|	80.224	1.17e-45	268	uncultured fungus	fungi	uncultured fungus
b6b1ed3d563b61ccb12eaf38bd5e5793	gi|1279124608|gb|MF807895.1|	100.000	1.24e-05	35	Nidirana pleuraden	frogs & toads	Yunnan pond frog
b6b1ed3d563b61ccb12eaf38bd5e5793	gi|1279124607|gb|MF807894.1|	100.000	1.24e-05	35	Nidirana pleuraden	frogs & toads	Yunnan pond frog
c97ba706cdfe766d1394ab0bf901fcac	gi|2994737870|gb|PV656769.1|	99.034	4.38e-98	207	Urophycis chuss	ray-finned fishes	red hake
c97ba706cdfe766d1394ab0bf901fcac	gi|2580283387|gb|OP057106.2|	99.034	4.38e-98	207	Urophycis chuss	ray-finned fishes	red hake
c97ba706cdfe766d1394ab0bf901fcac	gi|1825511901|gb|MT103927.1|	94.258	2.08e-81	209	Urophycis tenuis	ray-finned fishes	white hake
c97ba706cdfe766d1394ab0bf901fcac	gi|3178764840|emb|OZ408611.1|	93.750	9.67e-80	208	Phycis phycis	ray-finned fishes	Phycis phycis
c97ba706cdfe766d1394ab0bf901fcac	gi|2715332411|ref|NC_088031.1|	93.301	4.50e-78	209	Urophycis brasiliensis	ray-finned fishes	Brazilian codling
6333e1db6a3ab9381e022e9f0cc30e15	gi|2259493815|emb|OW836641.1|	79.078	1.96e-43	282	uncultured fungus	fungi	uncultured fungus
6333e1db6a3ab9381e022e9f0cc30e15	gi|2259493659|emb|OW836558.1|	78.671	2.54e-42	286	uncultured fungus	fungi	uncultured fungus
6333e1db6a3ab9381e022e9f0cc30e15	gi|2259393484|emb|OW837426.1|	79.104	1.18e-40	268	uncultured fungus	fungi	uncultured fungus
6333e1db6a3ab9381e022e9f0cc30e15	gi|1279124608|gb|MF807895.1|	100.000	1.24e-05	35	Nidirana pleuraden	frogs & toads	Yunnan pond frog
6333e1db6a3ab9381e022e9f0cc30e15	gi|1279124607|gb|MF807894.1|	100.000	1.24e-05	35	Nidirana pleuraden	frogs & toads	Yunnan pond frog
2bacc4e4392bfc759f8ffc1c29b79989	gi|1798183348|emb|LR745847.1|	98.020	5.60e-92	202	Asterias rubens	starfish	European starfish
2bacc4e4392bfc759f8ffc1c29b79989	gi|2567033648|gb|OR473298.1|	93.564	5.72e-77	202	Asterias amurensis	starfish	Northern Pacific seastar
2bacc4e4392bfc759f8ffc1c29b79989	gi|2582205361|gb|CP134956.1|	93.564	5.72e-77	202	Asterias amurensis	starfish	Northern Pacific seastar
2bacc4e4392bfc759f8ffc1c29b79989	gi|2582205361|gb|CP134956.1|	94.118	1.73e-17	68	Asterias amurensis	starfish	Northern Pacific seastar
2bacc4e4392bfc759f8ffc1c29b79989	gi|2499155095|gb|OP747303.1|	93.564	5.72e-77	202	Asterias amurensis	starfish	Northern Pacific seastar
2bacc4e4392bfc759f8ffc1c29b79989	gi|2499155067|gb|OP747301.1|	93.564	5.72e-77	202	Asterias amurensis	starfish	Northern Pacific seastar
fe5b793d77bf01b696d36becf9599677	gi|3057012933|gb|PX273259.1|	99.034	4.38e-98	207	Homo sapiens	primates	human
fe5b793d77bf01b696d36becf9599677	gi|3057012919|gb|PX273258.1|	99.034	4.38e-98	207	Homo sapiens	primates	human
fe5b793d77bf01b696d36becf9599677	gi|3057012905|gb|PX273257.1|	99.034	4.38e-98	207	Homo sapiens	primates	human
fe5b793d77bf01b696d36becf9599677	gi|3057012891|gb|PX273256.1|	99.034	4.38e-98	207	Homo sapiens	primates	human
fe5b793d77bf01b696d36becf9599677	gi|3057012877|gb|PX273255.1|	99.034	4.38e-98	207	Homo sapiens	primates	human
0428c7248bf1bb440de3df69be13ba74	gi|2259493815|emb|OW836641.1|	78.723	9.12e-42	282	uncultured fungus	fungi	uncultured fungus
0428c7248bf1bb440de3df69be13ba74	gi|2259493659|emb|OW836558.1|	78.322	1.18e-40	286	uncultured fungus	fungi	uncultured fungus
0428c7248bf1bb440de3df69be13ba74	gi|2259393484|emb|OW837426.1|	78.731	5.49e-39	268	uncultured fungus	fungi	uncultured fungus
0428c7248bf1bb440de3df69be13ba74	gi|1279124608|gb|MF807895.1|	100.000	1.24e-05	35	Nidirana pleuraden	frogs & toads	Yunnan pond frog
0428c7248bf1bb440de3df69be13ba74	gi|1279124607|gb|MF807894.1|	100.000	1.24e-05	35	Nidirana pleuraden	frogs & toads	Yunnan pond frog
a53e3ff2ca2e8259efa219fb4a561bc7	gi|2259146955|emb|OW835854.1|	83.681	3.17e-66	288	uncultured fungus	fungi	uncultured fungus
a53e3ff2ca2e8259efa219fb4a561bc7	gi|2259492656|emb|OW835179.1|	82.807	8.87e-62	285	uncultured fungus	fungi	uncultured fungus
a53e3ff2ca2e8259efa219fb4a561bc7	gi|380705915|gb|JQ177983.1|	82.230	1.15e-60	287	uncultured Riftia	tube worms	uncultured Riftia
a53e3ff2ca2e8259efa219fb4a561bc7	gi|1428077394|gb|MH625410.1|	82.292	5.34e-59	288	fungal sp.	fungi	fungal sp.
a53e3ff2ca2e8259efa219fb4a561bc7	gi|2259493621|emb|OW836520.1|	82.784	1.92e-58	273	uncultured fungus	fungi	uncultured fungus
6181ba09ed63dea0bf50ddb631110fb9	gi|2259492687|emb|OW835210.1|	94.718	1.76e-118	284	uncultured fungus	fungi	uncultured fungus
6181ba09ed63dea0bf50ddb631110fb9	gi|2259141778|emb|OW834522.1|	94.718	1.76e-118	284	uncultured fungus	fungi	uncultured fungus
6181ba09ed63dea0bf50ddb631110fb9	gi|2259140839|emb|OW834139.1|	88.811	1.10e-90	286	uncultured fungus	fungi	uncultured fungus
6181ba09ed63dea0bf50ddb631110fb9	gi|2259392349|emb|OW837222.1|	88.732	3.95e-90	284	uncultured fungus	fungi	uncultured fungus
6181ba09ed63dea0bf50ddb631110fb9	gi|2259142013|emb|OW834713.1|	86.496	3.12e-76	274	uncultured fungus	fungi	uncultured fungus
3e70b5579a4822418212e957aff2bc76	gi|2259493815|emb|OW836641.1|	79.078	1.96e-43	282	uncultured fungus	fungi	uncultured fungus
3e70b5579a4822418212e957aff2bc76	gi|2259493659|emb|OW836558.1|	78.671	2.54e-42	286	uncultured fungus	fungi	uncultured fungus
3e70b5579a4822418212e957aff2bc76	gi|2259393484|emb|OW837426.1|	79.104	1.18e-40	268	uncultured fungus	fungi	uncultured fungus
3e70b5579a4822418212e957aff2bc76	gi|1279124608|gb|MF807895.1|	100.000	1.24e-05	35	Nidirana pleuraden	frogs & toads	Yunnan pond frog
3e70b5579a4822418212e957aff2bc76	gi|1279124607|gb|MF807894.1|	100.000	1.24e-05	35	Nidirana pleuraden	frogs & toads	Yunnan pond frog
cfe8a96a245a47def708ea3f569bac94	gi|2994737940|gb|PV656774.1|	91.525	2.92e-10	59	Ophidion holbrookii	ray-finned fishes	bank cusk-eel
cfe8a96a245a47def708ea3f569bac94	gi|3157076556|gb|PX939993.1|	91.525	2.92e-10	59	Ophidion holbrookii	ray-finned fishes	bank cusk-eel
cfe8a96a245a47def708ea3f569bac94	gi|3157072598|gb|PX940809.1|	91.525	2.92e-10	59	Ophidion holbrookii	ray-finned fishes	bank cusk-eel
cfe8a96a245a47def708ea3f569bac94	gi|3157072570|gb|PX940807.1|	91.525	2.92e-10	59	Ophidion holbrookii	ray-finned fishes	bank cusk-eel
cfe8a96a245a47def708ea3f569bac94	gi|2936169469|gb|PV339945.1|	90.000	1.05e-09	60	Hoplostethus mediterraneus	ray-finned fishes	Mediterranean slimehead
4c91d7ca76f3a76e721289efeb1430b8	gi|2259389120|emb|OW836399.1|	94.737	4.90e-119	285	uncultured fungus	fungi	uncultured fungus
4c91d7ca76f3a76e721289efeb1430b8	gi|19682835|emb|AJ439357.1|	94.737	4.90e-119	285	Prionitis sp. GIg-5	red algae	Prionitis sp. GIg-5
4c91d7ca76f3a76e721289efeb1430b8	gi|2259392253|emb|OW837172.1|	93.310	8.26e-112	284	uncultured fungus	fungi	uncultured fungus
4c91d7ca76f3a76e721289efeb1430b8	gi|2259493234|emb|OW836164.1|	91.901	3.87e-105	284	uncultured fungus	fungi	uncultured fungus
4c91d7ca76f3a76e721289efeb1430b8	gi|2259141262|emb|OW834443.1|	91.349	1.39e-104	289	uncultured fungus	fungi	uncultured fungus
782159afdd6bd105b34344c0c3f9685b	gi|1540304408|gb|MH688244.1|	97.059	0.002	34	Aperioptus gracilentus	ray-finned fishes	Aperioptus gracilentus
782159afdd6bd105b34344c0c3f9685b	gi|694879759|gb|KJ845345.1|	97.059	0.002	34	Opsariichthys sp. 'chengtui'	ray-finned fishes	Opsariichthys sp. 'chengtui'
782159afdd6bd105b34344c0c3f9685b	gi|953274311|gb|KT725244.1|	97.059	0.002	34	Opsariichthys sp. 'chengtui'	ray-finned fishes	Opsariichthys sp. 'chengtui'
782159afdd6bd105b34344c0c3f9685b	gi|3053320767|gb|PX070025.1|	94.444	0.007	36	Dactyloptena macracantha	ray-finned fishes	Dactyloptena macracantha
782159afdd6bd105b34344c0c3f9685b	gi|2591482216|ref|NC_083181.1|	94.444	0.007	36	Pleurosicya micheli	ray-finned fishes	Michel's ghost goby
f0748fbed4a8f6470b502f8ee6ff4f30	gi|2259415359|emb|OW842572.1|	85.664	4.04e-75	286	uncultured Ascomycota	ascomycete fungi	uncultured Ascomycota
f0748fbed4a8f6470b502f8ee6ff4f30	gi|2259492712|emb|OW835235.1|	85.211	1.88e-73	284	uncultured fungus	fungi	uncultured fungus
f0748fbed4a8f6470b502f8ee6ff4f30	gi|2231654898|gb|MT902156.1|	83.860	2.45e-67	285	Staurastrum brachiatum	green plants	Staurastrum brachiatum
f0748fbed4a8f6470b502f8ee6ff4f30	gi|2259492701|emb|OW835224.1|	83.448	8.81e-67	290	uncultured fungus	fungi	uncultured fungus
f0748fbed4a8f6470b502f8ee6ff4f30	gi|2259500041|emb|OW842494.1|	83.624	4.10e-65	287	uncultured Ascomycota	ascomycete fungi	uncultured Ascomycota
aa77e1f39cbfa06f5a775643941e3ea4	gi|2259492687|emb|OW835210.1|	95.070	3.79e-120	284	uncultured fungus	fungi	uncultured fungus
aa77e1f39cbfa06f5a775643941e3ea4	gi|2259141778|emb|OW834522.1|	94.366	8.20e-117	284	uncultured fungus	fungi	uncultured fungus
aa77e1f39cbfa06f5a775643941e3ea4	gi|2259392349|emb|OW837222.1|	89.085	8.50e-92	284	uncultured fungus	fungi	uncultured fungus
aa77e1f39cbfa06f5a775643941e3ea4	gi|2259140839|emb|OW834139.1|	88.462	5.12e-89	286	uncultured fungus	fungi	uncultured fungus
aa77e1f39cbfa06f5a775643941e3ea4	gi|2259142013|emb|OW834713.1|	86.861	6.71e-78	274	uncultured fungus	fungi	uncultured fungus
95a9adaea8a805d09db6301481751734	gi|2429803190|ref|NC_069611.1|	98.606	1.71e-138	287	Guinardia delicatula	diatoms	Guinardia delicatula
95a9adaea8a805d09db6301481751734	gi|2429803190|ref|NC_069611.1|	98.276	1.71e-138	290	Guinardia delicatula	diatoms	Guinardia delicatula
95a9adaea8a805d09db6301481751734	gi|68136624|gb|DQ080929.1|	98.606	1.71e-138	287	uncultured diatom	diatoms	uncultured diatom
95a9adaea8a805d09db6301481751734	gi|30271891|gb|AY274227.1|	98.606	1.71e-138	287	uncultured diatom	diatoms	uncultured diatom
95a9adaea8a805d09db6301481751734	gi|1158627438|gb|KX013959.1|	98.252	2.87e-136	286	uncultured eukaryotic phytoplankton	eukaryotes	uncultured eukaryotic phytoplankton
95a9adaea8a805d09db6301481751734	gi|1418587414|ref|NC_037998.1|	97.586	3.71e-135	290	Guinardia striata	diatoms	Guinardia striata
95a9adaea8a805d09db6301481751734	gi|1418587414|ref|NC_037998.1|	97.586	3.71e-135	290	Guinardia striata	diatoms	Guinardia striata
dca3195d6b24d2a1a9e7932aeac25ca8	gi|1798183348|emb|LR745847.1|	99.425	2.04e-81	174	Asterias rubens	starfish	European starfish
dca3195d6b24d2a1a9e7932aeac25ca8	gi|2567033648|gb|OR473298.1|	94.253	2.09e-66	174	Asterias amurensis	starfish	Northern Pacific seastar
dca3195d6b24d2a1a9e7932aeac25ca8	gi|2582205361|gb|CP134956.1|	94.253	2.09e-66	174	Asterias amurensis	starfish	Northern Pacific seastar
dca3195d6b24d2a1a9e7932aeac25ca8	gi|2582205361|gb|CP134956.1|	97.059	8.00e-21	68	Asterias amurensis	starfish	Northern Pacific seastar
dca3195d6b24d2a1a9e7932aeac25ca8	gi|2499155095|gb|OP747303.1|	94.253	2.09e-66	174	Asterias amurensis	starfish	Northern Pacific seastar
dca3195d6b24d2a1a9e7932aeac25ca8	gi|2499155067|gb|OP747301.1|	94.253	2.09e-66	174	Asterias amurensis	starfish	Northern Pacific seastar
1568e2e1c4f77ff85d3543970026cb02	gi|3053320641|gb|PX070016.1|	99.038	1.22e-98	208	Clupea harengus	ray-finned fishes	Atlantic herring
1568e2e1c4f77ff85d3543970026cb02	gi|1799624616|gb|MN122931.1|	99.038	1.22e-98	208	Clupea harengus	ray-finned fishes	Atlantic herring
1568e2e1c4f77ff85d3543970026cb02	gi|1517391475|gb|MH194498.2|	99.038	1.22e-98	208	Clupea harengus	ray-finned fishes	Atlantic herring
1568e2e1c4f77ff85d3543970026cb02	gi|2018537065|gb|MW818226.1|	99.038	1.22e-98	208	Clupea harengus	ray-finned fishes	Atlantic herring
1568e2e1c4f77ff85d3543970026cb02	gi|2018537050|gb|MW818211.1|	99.038	1.22e-98	208	Clupea harengus	ray-finned fishes	Atlantic herring
1f05c077cadb4716d8b99015544a8508	gi|2259492687|emb|OW835210.1|	96.479	8.09e-127	284	uncultured fungus	fungi	uncultured fungus
1f05c077cadb4716d8b99015544a8508	gi|2259141778|emb|OW834522.1|	96.127	3.76e-125	284	uncultured fungus	fungi	uncultured fungus
1f05c077cadb4716d8b99015544a8508	gi|2259140839|emb|OW834139.1|	90.210	2.35e-97	286	uncultured fungus	fungi	uncultured fungus
1f05c077cadb4716d8b99015544a8508	gi|2259392349|emb|OW837222.1|	88.380	1.84e-88	284	uncultured fungus	fungi	uncultured fungus
1f05c077cadb4716d8b99015544a8508	gi|2259392247|emb|OW837169.1|	86.620	4.01e-80	284	uncultured fungus	fungi	uncultured fungus
75d2d73a230134a79f290500752600e6	gi|2843360896|gb|PQ424533.1|	84.135	2.21e-46	208	Smilasterias triremis	starfish	Smilasterias triremis
75d2d73a230134a79f290500752600e6	gi|2843360770|gb|PQ424524.1|	78.095	3.81e-24	210	Granaster nutrix	starfish	Granaster nutrix
75d2d73a230134a79f290500752600e6	gi|2232175652|gb|MZ702702.1|	76.667	3.83e-19	210	Paulasterias sp. SS-2022	starfish	Paulasterias sp. SS-2022
75d2d73a230134a79f290500752600e6	gi|90018506|gb|DQ377826.1|	76.329	1.38e-18	207	Stichaster australis	starfish	Stichaster australis
75d2d73a230134a79f290500752600e6	gi|2987896797|gb|PV535852.1|	76.279	6.41e-17	215	Coscinasterias muricata	starfish	Coscinasterias muricata
aa877b2fe5bd9f2aa6180b2ff8d0dfdb	gi|2108243286|gb|OK040662.1|	99.005	9.25e-95	201	Mus musculus musculus	rodents	eastern European house mouse
aa877b2fe5bd9f2aa6180b2ff8d0dfdb	gi|2772186900|gb|CP139549.2|	99.005	9.25e-95	201	Homo sapiens	primates	human
aa877b2fe5bd9f2aa6180b2ff8d0dfdb	gi|2771813499|gb|CP139526.2|	99.005	9.25e-95	201	Homo sapiens	primates	human
aa877b2fe5bd9f2aa6180b2ff8d0dfdb	gi|2033714910|gb|CP068261.2|	99.005	9.25e-95	201	Homo sapiens	primates	human
aa877b2fe5bd9f2aa6180b2ff8d0dfdb	gi|1909942469|dbj|AP023488.1|	99.005	9.25e-95	201	Homo sapiens	primates	human
78f9ba77c481ae498fe847f40ef408b3	gi|2259494446|emb|OW837507.1|	90.877	1.08e-100	285	uncultured fungus	fungi	uncultured fungus
78f9ba77c481ae498fe847f40ef408b3	gi|2259414726|emb|OW842418.1|	90.141	8.44e-97	284	uncultured Ascomycota	ascomycete fungi	uncultured Ascomycota
78f9ba77c481ae498fe847f40ef408b3	gi|2259143944|emb|OW835525.1|	89.825	1.09e-95	285	uncultured fungus	fungi	uncultured fungus
78f9ba77c481ae498fe847f40ef408b3	gi|2259146879|emb|OW835778.1|	88.380	1.84e-88	284	uncultured fungus	fungi	uncultured fungus
78f9ba77c481ae498fe847f40ef408b3	gi|2259493193|emb|OW836123.1|	85.294	4.07e-70	272	uncultured fungus	fungi	uncultured fungus
21e04977e29538406f54f7005fc099fd	gi|2259493815|emb|OW836641.1|	80.851	9.00e-52	282	uncultured fungus	fungi	uncultured fungus
21e04977e29538406f54f7005fc099fd	gi|2259493659|emb|OW836558.1|	80.420	1.16e-50	286	uncultured fungus	fungi	uncultured fungus
21e04977e29538406f54f7005fc099fd	gi|2259393484|emb|OW837426.1|	80.970	5.41e-49	268	uncultured fungus	fungi	uncultured fungus
21e04977e29538406f54f7005fc099fd	gi|1279124608|gb|MF807895.1|	100.000	1.24e-05	35	Nidirana pleuraden	frogs & toads	Yunnan pond frog
21e04977e29538406f54f7005fc099fd	gi|1279124607|gb|MF807894.1|	100.000	1.24e-05	35	Nidirana pleuraden	frogs & toads	Yunnan pond frog
0762e9a58e1b8c0f243206ea449790b1	gi|1616239224|gb|MK059677.1|	99.034	4.38e-98	207	Homo sapiens	primates	human
0762e9a58e1b8c0f243206ea449790b1	gi|2096014895|gb|MZ921237.1|	99.034	4.38e-98	207	Homo sapiens	primates	human
0762e9a58e1b8c0f243206ea449790b1	gi|223007638|gb|FJ383213.1|	99.034	4.38e-98	207	Homo sapiens	primates	human
0762e9a58e1b8c0f243206ea449790b1	gi|3057012933|gb|PX273259.1|	98.551	2.04e-96	207	Homo sapiens	primates	human
0762e9a58e1b8c0f243206ea449790b1	gi|3057012919|gb|PX273258.1|	98.551	2.04e-96	207	Homo sapiens	primates	human
e446e194f1ebc313c681aed57587734e	gi|3111512882|tpg|BK074625.1|	92.308	7.38e-08	52	Xylona heveae	ascomycete fungi	Xylona heveae
e446e194f1ebc313c681aed57587734e	gi|3111512559|tpg|BK074452.1|	92.308	7.38e-08	52	Trinosporium guianense	ascomycete fungi	Trinosporium guianense
e446e194f1ebc313c681aed57587734e	gi|399221040|gb|JQ838249.1|	92.308	7.38e-08	52	Xylona heveae	ascomycete fungi	Xylona heveae
e446e194f1ebc313c681aed57587734e	gi|399221039|gb|JQ838248.1|	92.308	7.38e-08	52	Xylona heveae	ascomycete fungi	Xylona heveae
e446e194f1ebc313c681aed57587734e	gi|399221038|gb|JQ838247.1|	92.308	7.38e-08	52	Xylona heveae	ascomycete fungi	Xylona heveae
8f7a8d74192349f751ef7168c63e83ac	gi|3053320641|gb|PX070016.1|	99.441	3.48e-84	179	Clupea harengus	ray-finned fishes	Atlantic herring
8f7a8d74192349f751ef7168c63e83ac	gi|1799624616|gb|MN122931.1|	99.441	3.48e-84	179	Clupea harengus	ray-finned fishes	Atlantic herring
8f7a8d74192349f751ef7168c63e83ac	gi|1517391475|gb|MH194498.2|	99.441	3.48e-84	179	Clupea harengus	ray-finned fishes	Atlantic herring
8f7a8d74192349f751ef7168c63e83ac	gi|2018537065|gb|MW818226.1|	99.441	3.48e-84	179	Clupea harengus	ray-finned fishes	Atlantic herring
8f7a8d74192349f751ef7168c63e83ac	gi|2018537050|gb|MW818211.1|	99.441	3.48e-84	179	Clupea harengus	ray-finned fishes	Atlantic herring
ed00ecbacab9f2b47edff15e07fd64eb	gi|2994737912|gb|PV656772.1|	99.029	1.56e-97	206	Melanogrammus aeglefinus	ray-finned fishes	haddock
ed00ecbacab9f2b47edff15e07fd64eb	gi|2994737898|gb|PV656771.1|	99.029	1.56e-97	206	Melanogrammus aeglefinus	ray-finned fishes	haddock
ed00ecbacab9f2b47edff15e07fd64eb	gi|2994737884|gb|PV656770.1|	99.029	1.56e-97	206	Melanogrammus aeglefinus	ray-finned fishes	haddock
ed00ecbacab9f2b47edff15e07fd64eb	gi|124377065|emb|AM489717.1|	99.029	1.56e-97	206	Melanogrammus aeglefinus	ray-finned fishes	haddock
ed00ecbacab9f2b47edff15e07fd64eb	gi|94481723|gb|DQ356942.1|	99.029	1.56e-97	206	Melanogrammus aeglefinus	ray-finned fishes	haddock
bde41c885f8c342a65d3795690f9a824	gi|2259389014|emb|OW836293.1|	90.559	1.41e-99	286	uncultured fungus	fungi	uncultured fungus
bde41c885f8c342a65d3795690f9a824	gi|2259414711|emb|OW842403.1|	90.000	1.82e-98	290	uncultured Ascomycota	ascomycete fungi	uncultured Ascomycota
bde41c885f8c342a65d3795690f9a824	gi|2259143755|emb|OW835384.1|	89.825	1.10e-95	285	uncultured fungus	fungi	uncultured fungus
bde41c885f8c342a65d3795690f9a824	gi|2259493879|emb|OW836673.1|	89.161	6.60e-93	286	uncultured fungus	fungi	uncultured fungus
bde41c885f8c342a65d3795690f9a824	gi|2259146791|emb|OW835690.1|	88.660	2.37e-92	291	uncultured fungus	fungi	uncultured fungus
f1f3c1a57ec4c53efe707334b4596a8e	gi|2591482342|ref|NC_083190.1|	92.655	4.65e-63	177	Sclerasterias satsumana	starfish	Sclerasterias satsumana
f1f3c1a57ec4c53efe707334b4596a8e	gi|1790179811|dbj|LC493940.1|	93.617	1.81e-07	47	Paraliparis sp. NSMT P92399	ray-finned fishes	Paraliparis sp. NSMT P92399
f1f3c1a57ec4c53efe707334b4596a8e	gi|1790179710|dbj|LC493934.1|	93.617	1.81e-07	47	Paraliparis dipterus	ray-finned fishes	Paraliparis dipterus
f1f3c1a57ec4c53efe707334b4596a8e	gi|1790179570|dbj|LC493924.1|	93.617	1.81e-07	47	Paraliparis meridionalis	ray-finned fishes	Paraliparis meridionalis
f1f3c1a57ec4c53efe707334b4596a8e	gi|1189408146|gb|KY815341.1|	93.617	1.81e-07	47	Terelabrus rubrovittatus	ray-finned fishes	Terelabrus rubrovittatus
d3084e7eeae0bc46a30ff23e9ef8d34e	gi|3202534098|gb|PX970501.1|	100.000	2.80e-05	34	Allenbatrachus grunniens	ray-finned fishes	grunting toadfish
d3084e7eeae0bc46a30ff23e9ef8d34e	gi|3202264866|gb|PX904206.1|	100.000	2.80e-05	34	Allenbatrachus grunniens	ray-finned fishes	grunting toadfish
d3084e7eeae0bc46a30ff23e9ef8d34e	gi|3202264852|gb|PX904205.1|	100.000	2.80e-05	34	Allenbatrachus grunniens	ray-finned fishes	grunting toadfish
d3084e7eeae0bc46a30ff23e9ef8d34e	gi|3202264824|gb|PX904203.1|	100.000	2.80e-05	34	Allenbatrachus grunniens	ray-finned fishes	grunting toadfish
d3084e7eeae0bc46a30ff23e9ef8d34e	gi|3202264810|gb|PX904202.1|	100.000	2.80e-05	34	Allenbatrachus grunniens	ray-finned fishes	grunting toadfish
37550a22f75a14b99ffa27f9daba88bb	gi|2994718532|gb|PV651714.1|	98.936	1.69e-87	188	Squalus acanthias	sharks & rays	spiny dogfish
37550a22f75a14b99ffa27f9daba88bb	gi|1515576520|gb|MH377805.1|	98.936	1.69e-87	188	Squalus acanthias	sharks & rays	spiny dogfish
37550a22f75a14b99ffa27f9daba88bb	gi|3211614248|gb|PZ086324.1|	98.936	1.69e-87	188	Squalus suckleyi	sharks & rays	Puget Sound dogfish
37550a22f75a14b99ffa27f9daba88bb	gi|3139203272|gb|PX718978.1|	98.936	1.69e-87	188	Squalus acanthias	sharks & rays	spiny dogfish
37550a22f75a14b99ffa27f9daba88bb	gi|5835708|ref|NC_002012.1|	98.936	1.69e-87	188	Squalus acanthias	sharks & rays	spiny dogfish
d8fec8f0cfeadf9a3ee12cf6ebe3d82a	gi|1825511885|gb|MT103914.1|	99.024	5.59e-97	205	Hippoglossoides platessoides	ray-finned fishes	American plaice
d8fec8f0cfeadf9a3ee12cf6ebe3d82a	gi|1799624449|gb|MN122825.1|	99.024	5.59e-97	205	Hippoglossoides platessoides	ray-finned fishes	American plaice
d8fec8f0cfeadf9a3ee12cf6ebe3d82a	gi|2995380200|gb|PV748024.1|	99.024	5.59e-97	205	Hippoglossoides elassodon	ray-finned fishes	flathead sole
d8fec8f0cfeadf9a3ee12cf6ebe3d82a	gi|2587926775|ref|NC_082804.1|	99.024	5.59e-97	205	Hippoglossoides elassodon	ray-finned fishes	flathead sole
d8fec8f0cfeadf9a3ee12cf6ebe3d82a	gi|2587926284|ref|NC_082769.1|	99.024	5.59e-97	205	Hippoglossoides robustus	ray-finned fishes	Bering flounder
eb20d1db1f1767b343b132986d55acc9	gi|2259493815|emb|OW836641.1|	79.433	4.21e-45	282	uncultured fungus	fungi	uncultured fungus
eb20d1db1f1767b343b132986d55acc9	gi|2259493659|emb|OW836558.1|	79.021	5.45e-44	286	uncultured fungus	fungi	uncultured fungus
eb20d1db1f1767b343b132986d55acc9	gi|2259393484|emb|OW837426.1|	79.478	2.54e-42	268	uncultured fungus	fungi	uncultured fungus
eb20d1db1f1767b343b132986d55acc9	gi|1279124608|gb|MF807895.1|	100.000	1.24e-05	35	Nidirana pleuraden	frogs & toads	Yunnan pond frog
eb20d1db1f1767b343b132986d55acc9	gi|1279124607|gb|MF807894.1|	100.000	1.24e-05	35	Nidirana pleuraden	frogs & toads	Yunnan pond frog
9568586d9f5e02f7ac858a4c095cea33	gi|1833339170|gb|MN961820.1|	97.222	1.70e-04	36	Phyllodytes punctatus	frogs & toads	Phyllodytes punctatus
9568586d9f5e02f7ac858a4c095cea33	gi|41019009|gb|AY427032.1|	100.000	1.70e-04	33	Fukomys damarensis	rodents	Damara mole-rat
9568586d9f5e02f7ac858a4c095cea33	gi|41019008|gb|AY427031.1|	100.000	1.70e-04	33	Fukomys damarensis	rodents	Damara mole-rat
9568586d9f5e02f7ac858a4c095cea33	gi|40287962|gb|AY425839.1|	100.000	1.70e-04	33	Fukomys damarensis	rodents	Damara mole-rat
9568586d9f5e02f7ac858a4c095cea33	gi|1840174450|gb|MT319027.1|	100.000	6.13e-04	32	Diplodus puntazzo	ray-finned fishes	sharpsnout seabream
088031b65404ab377a9306d4e7a7d03c	gi|2259390343|emb|OW836852.1|	93.662	1.78e-113	284	uncultured fungus	fungi	uncultured fungus
088031b65404ab377a9306d4e7a7d03c	gi|213958819|gb|FJ360754.1|	93.885	8.26e-112	278	Dunaliella salina	green algae	Dunaliella salina
088031b65404ab377a9306d4e7a7d03c	gi|2259493234|emb|OW836164.1|	92.606	1.79e-108	284	uncultured fungus	fungi	uncultured fungus
088031b65404ab377a9306d4e7a7d03c	gi|2259389120|emb|OW836399.1|	92.281	2.31e-107	285	uncultured fungus	fungi	uncultured fungus
088031b65404ab377a9306d4e7a7d03c	gi|2259394445|emb|OW837590.1|	92.254	8.32e-107	284	uncultured fungus	fungi	uncultured fungus
b06927bf27e6a34b3fbdb9887a510781	gi|1358104137|gb|MF409246.1|	98.544	7.28e-96	206	Megaptera novaeangliae	whales & dolphins	humpback whale
b06927bf27e6a34b3fbdb9887a510781	gi|2710387203|gb|PP475430.1|	98.058	3.39e-94	206	Megaptera novaeangliae	whales & dolphins	humpback whale
b06927bf27e6a34b3fbdb9887a510781	gi|62184326|ref|NC_006927.1|	98.058	3.39e-94	206	Megaptera novaeangliae	whales & dolphins	humpback whale
b06927bf27e6a34b3fbdb9887a510781	gi|12700648|gb|AY012141.1|	98.058	3.39e-94	206	Megaptera novaeangliae	whales & dolphins	humpback whale
b06927bf27e6a34b3fbdb9887a510781	gi|1778222898|gb|MN124685.1|	95.631	7.38e-86	206	Balaena mysticetus	whales & dolphins	bowhead whale
4acbb793ce9db89f68b3a26d6673512e	gi|586946454|gb|KF991387.1|	98.165	7.74e-101	218	Cetorhinus maximus	sharks & rays	Cetorhinus maximus
4acbb793ce9db89f68b3a26d6673512e	gi|2750968131|emb|OZ077486.1|	98.165	7.74e-101	218	Cetorhinus maximus	sharks & rays	Cetorhinus maximus
4acbb793ce9db89f68b3a26d6673512e	gi|2576858446|gb|OR546235.1|	98.165	7.74e-101	218	Cetorhinus maximus	sharks & rays	Cetorhinus maximus
4acbb793ce9db89f68b3a26d6673512e	gi|700275310|gb|KM096989.1|	98.165	7.74e-101	218	Cetorhinus maximus	sharks & rays	Cetorhinus maximus
4acbb793ce9db89f68b3a26d6673512e	gi|700275282|gb|KM096987.1|	98.165	7.74e-101	218	Cetorhinus maximus	sharks & rays	Cetorhinus maximus
92b7cb7fd1b2dc97460675eee96d16b3	gi|336111254|gb|JF488707.1|	97.895	4.80e-134	285	eukaryote SCGC AAA074-K05	eukaryotes	eukaryote SCGC AAA074-K05
92b7cb7fd1b2dc97460675eee96d16b3	gi|336111240|gb|JF488693.1|	97.895	4.80e-134	285	eukaryote SCGC AAA074-F18	eukaryotes	eukaryote SCGC AAA074-F18
92b7cb7fd1b2dc97460675eee96d16b3	gi|118138941|gb|EF051841.1|	97.895	4.80e-134	285	uncultured Chrysophyceae	golden algae	uncultured Chrysophyceae
92b7cb7fd1b2dc97460675eee96d16b3	gi|118138934|gb|EF051834.1|	97.895	4.80e-134	285	uncultured Chrysophyceae	golden algae	uncultured Chrysophyceae
92b7cb7fd1b2dc97460675eee96d16b3	gi|118138910|gb|EF051810.1|	97.895	4.80e-134	285	uncultured Chrysophyceae	golden algae	uncultured Chrysophyceae
199462fbe05509402dbb8a493771b1e0	gi|1815521097|gb|MN181444.1|	87.805	1.11e-85	287	Ectocarpus siliculosus	brown algae	Ectocarpus siliculosus
199462fbe05509402dbb8a493771b1e0	gi|2231654898|gb|MT902156.1|	87.847	1.11e-85	288	Staurastrum brachiatum	green plants	Staurastrum brachiatum
199462fbe05509402dbb8a493771b1e0	gi|2259165834|emb|OW836008.1|	87.413	1.43e-84	286	uncultured fungus	fungi	uncultured fungus
199462fbe05509402dbb8a493771b1e0	gi|3101868670|emb|OZ362434.1|	87.368	5.15e-84	285	Anoectangium aestivum	mosses	Anoectangium aestivum
199462fbe05509402dbb8a493771b1e0	gi|2259492625|emb|OW835148.1|	86.942	6.66e-83	291	uncultured fungus	fungi	uncultured fungus
11de4c578e729b0c2f7800ca54fb9612	gi|1279124608|gb|MF807895.1|	100.000	1.24e-05	35	Nidirana pleuraden	frogs & toads	Yunnan pond frog
11de4c578e729b0c2f7800ca54fb9612	gi|1279124607|gb|MF807894.1|	100.000	1.24e-05	35	Nidirana pleuraden	frogs & toads	Yunnan pond frog
11de4c578e729b0c2f7800ca54fb9612	gi|169665021|gb|EU341086.1|	100.000	4.46e-05	34	Anodonthyla rouxae	frogs & toads	Madagascar climbing frog
11de4c578e729b0c2f7800ca54fb9612	gi|148524037|gb|EF566970.1|	97.143	5.77e-04	35	Acris crepitans	frogs & toads	northern cricket frog
11de4c578e729b0c2f7800ca54fb9612	gi|148524036|gb|EF566969.1|	97.143	5.77e-04	35	Acris crepitans	frogs & toads	northern cricket frog
a09cee2c5784f284ca41c296b390a3b0	gi|2842131310|emb|OZ194986.1|	95.023	1.07e-89	221	Haliclona xena	sponges	Haliclona xena
a09cee2c5784f284ca41c296b390a3b0	gi|164420950|ref|NC_010206.1|	94.118	6.41e-87	221	Callyspongia plicifera	sponges	azure vase sponge
a09cee2c5784f284ca41c296b390a3b0	gi|2929347663|emb|OZ242247.1|	92.727	3.00e-80	220	Haplosclerida sp. GHC0000330	sponges	Haplosclerida sp. GHC0000330
a09cee2c5784f284ca41c296b390a3b0	gi|3048263875|emb|OZ297959.1|	89.474	3.05e-70	228	Petrosia crassa	sponges	Petrosia crassa
a09cee2c5784f284ca41c296b390a3b0	gi|2899163455|gb|PP464275.1|	90.045	3.05e-70	221	Haliclona sp. BKON-2565	sponges	Haliclona sp. BKON-2565
b441f8cb1e899ce817ed69fb49a6d708	gi|691189712|gb|KM242645.1|	91.930	1.08e-105	285	Dicathais orbita	gastropods	Dicathais orbita
b441f8cb1e899ce817ed69fb49a6d708	gi|557470434|gb|KF589848.1|	91.930	1.08e-105	285	Amphioctopus fangsiao	cephalopods	Amphioctopus fangsiao
b441f8cb1e899ce817ed69fb49a6d708	gi|2259139526|emb|OW833740.1|	90.493	1.81e-98	284	uncultured fungus	fungi	uncultured fungus
b441f8cb1e899ce817ed69fb49a6d708	gi|2259494369|emb|OW836709.1|	89.825	1.09e-95	285	uncultured fungus	fungi	uncultured fungus
b441f8cb1e899ce817ed69fb49a6d708	gi|2259492677|emb|OW835200.1|	89.474	5.08e-94	285	uncultured fungus	fungi	uncultured fungus
811c8c1cffd1d5b63ba75719b6f99987	gi|1540304408|gb|MH688244.1|	93.023	1.60e-04	43	Aperioptus gracilentus	ray-finned fishes	Aperioptus gracilentus
811c8c1cffd1d5b63ba75719b6f99987	gi|2064684336|dbj|LC640023.1|	93.023	1.60e-04	43	Paraplagusia japonica	ray-finned fishes	black cow-tongue
811c8c1cffd1d5b63ba75719b6f99987	gi|511347697|ref|NC_021376.1|	93.023	1.60e-04	43	Paraplagusia japonica	ray-finned fishes	black cow-tongue
811c8c1cffd1d5b63ba75719b6f99987	gi|1918448007|dbj|LC579409.1|	93.023	1.60e-04	43	Paraplagusia japonica	ray-finned fishes	black cow-tongue
811c8c1cffd1d5b63ba75719b6f99987	gi|169665021|gb|EU341086.1|	97.143	5.75e-04	35	Anodonthyla rouxae	frogs & toads	Madagascar climbing frog
6d1a7181c6a739c25bc7db2d5b62f434	gi|1798183348|emb|LR745847.1|	99.405	4.42e-78	168	Asterias rubens	starfish	European starfish
6d1a7181c6a739c25bc7db2d5b62f434	gi|2567033648|gb|OR473298.1|	94.048	4.52e-63	168	Asterias amurensis	starfish	Northern Pacific seastar
6d1a7181c6a739c25bc7db2d5b62f434	gi|2582205361|gb|CP134956.1|	94.048	4.52e-63	168	Asterias amurensis	starfish	Northern Pacific seastar
6d1a7181c6a739c25bc7db2d5b62f434	gi|2582205361|gb|CP134956.1|	97.059	8.00e-21	68	Asterias amurensis	starfish	Northern Pacific seastar
6d1a7181c6a739c25bc7db2d5b62f434	gi|2499155095|gb|OP747303.1|	94.048	4.52e-63	168	Asterias amurensis	starfish	Northern Pacific seastar
6d1a7181c6a739c25bc7db2d5b62f434	gi|2499155067|gb|OP747301.1|	94.048	4.52e-63	168	Asterias amurensis	starfish	Northern Pacific seastar
6a6faabff16254251bf2af222ee657f2	gi|2989059657|gb|PV710554.1|	100.000	7.29e-91	188	Ammodytes dubius	ray-finned fishes	northern sand lance
6a6faabff16254251bf2af222ee657f2	gi|959122927|ref|NC_028530.1|	100.000	7.29e-91	188	Ammodytes americanus	ray-finned fishes	American sand lance
6a6faabff16254251bf2af222ee657f2	gi|2989059643|gb|PV710553.1|	99.468	3.39e-89	188	Ammodytes dubius	ray-finned fishes	northern sand lance
6a6faabff16254251bf2af222ee657f2	gi|2989059629|gb|PV710552.1|	99.468	3.39e-89	188	Ammodytes dubius	ray-finned fishes	northern sand lance
6a6faabff16254251bf2af222ee657f2	gi|2949335892|gb|PV423377.1|	99.468	3.39e-89	188	Ammodytes dubius	ray-finned fishes	northern sand lance
9cec6e88be63aff301c1ca0396eb9255	gi|2259139526|emb|OW833740.1|	90.877	3.90e-100	285	uncultured fungus	fungi	uncultured fungus
9cec6e88be63aff301c1ca0396eb9255	gi|2259492677|emb|OW835200.1|	90.592	5.04e-99	287	uncultured fungus	fungi	uncultured fungus
9cec6e88be63aff301c1ca0396eb9255	gi|2259493624|emb|OW836523.1|	90.526	1.81e-98	285	uncultured fungus	fungi	uncultured fungus
9cec6e88be63aff301c1ca0396eb9255	gi|2259408387|emb|OW840528.1|	90.102	6.52e-98	293	uncultured fungus	fungi	uncultured fungus
9cec6e88be63aff301c1ca0396eb9255	gi|2259494369|emb|OW836709.1|	90.244	2.35e-97	287	uncultured fungus	fungi	uncultured fungus
d698fc7aa7de0de4f72e42206095d86c	gi|512403967|gb|KC749450.1|	97.619	2.68e-07	42	Bambusicola thoracicus	birds	Chinese bamboo-partridge
d698fc7aa7de0de4f72e42206095d86c	gi|219524132|ref|NC_011816.1|	97.619	2.68e-07	42	Bambusicola thoracicus	birds	Chinese bamboo-partridge
d698fc7aa7de0de4f72e42206095d86c	gi|8886836|gb|AF222570.1|AF222570	97.619	2.68e-07	42	Bambusicola thoracicus	birds	Chinese bamboo-partridge
d698fc7aa7de0de4f72e42206095d86c	gi|3071562110|emb|OZ333904.1|	95.238	1.24e-05	42	Falco tinnunculus	birds	common kestrel
d698fc7aa7de0de4f72e42206095d86c	gi|3071562098|emb|OZ333901.1|	95.238	1.24e-05	42	Falco tinnunculus	birds	common kestrel
ee1bf0653ce99219d26220f6b404eb09	gi|3053320641|gb|PX070016.1|	100.000	1.59e-92	191	Clupea harengus	ray-finned fishes	Atlantic herring
ee1bf0653ce99219d26220f6b404eb09	gi|1799624616|gb|MN122931.1|	100.000	1.59e-92	191	Clupea harengus	ray-finned fishes	Atlantic herring
ee1bf0653ce99219d26220f6b404eb09	gi|1517391475|gb|MH194498.2|	100.000	1.59e-92	191	Clupea harengus	ray-finned fishes	Atlantic herring
ee1bf0653ce99219d26220f6b404eb09	gi|2018537065|gb|MW818226.1|	100.000	1.59e-92	191	Clupea harengus	ray-finned fishes	Atlantic herring
ee1bf0653ce99219d26220f6b404eb09	gi|2018537050|gb|MW818211.1|	100.000	1.59e-92	191	Clupea harengus	ray-finned fishes	Atlantic herring
ff77e90425d103e692b209cbc4e2d814	gi|2266668775|gb|ON945549.1|	92.308	6.43e-108	286	Eutreptiella sp.	euglenoids	Eutreptiella sp.
ff77e90425d103e692b209cbc4e2d814	gi|2314983520|ref|NC_066976.1|	88.811	3.06e-91	286	Eutreptiella eupharyngea	euglenoids	Eutreptiella eupharyngea
ff77e90425d103e692b209cbc4e2d814	gi|2314983520|ref|NC_066976.1|	88.811	3.06e-91	286	Eutreptiella eupharyngea	euglenoids	Eutreptiella eupharyngea
ff77e90425d103e692b209cbc4e2d814	gi|54125571|gb|AY702109.1|	88.811	3.06e-91	286	Eutreptiella marina	euglenoids	Eutreptiella marina
ff77e90425d103e692b209cbc4e2d814	gi|1190064320|gb|KY709207.1|	88.194	1.84e-88	288	Bangiopsis subsimplex	red algae	Bangiopsis subsimplex
ff77e90425d103e692b209cbc4e2d814	gi|1070110207|ref|NC_031173.1|	87.973	1.84e-88	291	Bangiopsis subsimplex	red algae	Bangiopsis subsimplex
07127d4fabeac55118c82f37bc2c414d	gi|410060980|gb|JX174058.1|	89.199	1.83e-93	287	uncultured Cymbella	diatoms	uncultured Cymbella
07127d4fabeac55118c82f37bc2c414d	gi|2669162164|emb|OZ007508.1|	87.500	5.15e-84	288	Axinella damicornis	sponges	Axinella damicornis
07127d4fabeac55118c82f37bc2c414d	gi|2259165558|emb|OW835890.1|	86.316	5.19e-79	285	uncultured fungus	fungi	uncultured fungus
07127d4fabeac55118c82f37bc2c414d	gi|2259493743|emb|OW836605.1|	86.364	1.87e-78	286	uncultured fungus	fungi	uncultured fungus
07127d4fabeac55118c82f37bc2c414d	gi|2259492676|emb|OW835199.1|	86.007	1.87e-78	293	uncultured fungus	fungi	uncultured fungus
5f9a4ef8f8c644d044a28b2926bf56e7	gi|3053320641|gb|PX070016.1|	97.619	4.91e-08	42	Clupea harengus	ray-finned fishes	Atlantic herring
5f9a4ef8f8c644d044a28b2926bf56e7	gi|1799624616|gb|MN122931.1|	97.619	4.91e-08	42	Clupea harengus	ray-finned fishes	Atlantic herring
5f9a4ef8f8c644d044a28b2926bf56e7	gi|1799624602|gb|MN122923.1|	97.619	4.91e-08	42	Sprattus sprattus	ray-finned fishes	European sprat
5f9a4ef8f8c644d044a28b2926bf56e7	gi|1790167126|dbj|AP018761.1|	97.619	4.91e-08	42	Chirocentrus nudus	ray-finned fishes	whitefin wolf-herring
5f9a4ef8f8c644d044a28b2926bf56e7	gi|2975844970|dbj|LC872786.1|	97.619	4.91e-08	42	Corythoichthys haematopterus	ray-finned fishes	Corythoichthys haematopterus
c8559f7375206c4bd3edd29c0efa36a0	gi|2259394355|emb|OW837529.1|	90.493	1.81e-98	284	uncultured fungus	fungi	uncultured fungus
c8559f7375206c4bd3edd29c0efa36a0	gi|1918617880|gb|MW164417.1|	90.210	6.52e-98	286	uncultured fungus	fungi	uncultured fungus
c8559f7375206c4bd3edd29c0efa36a0	gi|2259492646|emb|OW835169.1|	89.825	1.09e-95	285	uncultured fungus	fungi	uncultured fungus
c8559f7375206c4bd3edd29c0efa36a0	gi|2854503517|gb|PQ611765.1|	89.437	1.83e-93	284	Impatiens imbecilla	eudicots	Impatiens imbecilla
c8559f7375206c4bd3edd29c0efa36a0	gi|2259146929|emb|OW835828.1|	90.441	1.83e-93	272	uncultured fungus	fungi	uncultured fungus
fc3b876a58385ff0cdb0cfed432b3141	gi|2259493815|emb|OW836641.1|	78.723	9.12e-42	282	uncultured fungus	fungi	uncultured fungus
fc3b876a58385ff0cdb0cfed432b3141	gi|2259493659|emb|OW836558.1|	78.322	1.18e-40	286	uncultured fungus	fungi	uncultured fungus
fc3b876a58385ff0cdb0cfed432b3141	gi|2259393484|emb|OW837426.1|	78.731	5.49e-39	268	uncultured fungus	fungi	uncultured fungus
fc3b876a58385ff0cdb0cfed432b3141	gi|1279124608|gb|MF807895.1|	100.000	1.24e-05	35	Nidirana pleuraden	frogs & toads	Yunnan pond frog
fc3b876a58385ff0cdb0cfed432b3141	gi|1279124607|gb|MF807894.1|	100.000	1.24e-05	35	Nidirana pleuraden	frogs & toads	Yunnan pond frog
8f6ab7b20cdb9a70c4de1e9654ea297a	gi|2259492676|emb|OW835199.1|	90.690	8.38e-102	290	uncultured fungus	fungi	uncultured fungus
8f6ab7b20cdb9a70c4de1e9654ea297a	gi|2259394355|emb|OW837529.1|	90.493	1.81e-98	284	uncultured fungus	fungi	uncultured fungus
8f6ab7b20cdb9a70c4de1e9654ea297a	gi|2854503517|gb|PQ611765.1|	90.141	8.44e-97	284	Impatiens imbecilla	eudicots	Impatiens imbecilla
8f6ab7b20cdb9a70c4de1e9654ea297a	gi|2259492646|emb|OW835169.1|	89.474	5.08e-94	285	uncultured fungus	fungi	uncultured fungus
8f6ab7b20cdb9a70c4de1e9654ea297a	gi|2259389413|emb|OW836490.1|	89.474	5.08e-94	285	uncultured fungus	fungi	uncultured fungus
675eb20216af28fbf29bce44be07c151	gi|2259493815|emb|OW836641.1|	79.787	9.06e-47	282	uncultured fungus	fungi	uncultured fungus
675eb20216af28fbf29bce44be07c151	gi|2259493659|emb|OW836558.1|	79.371	1.17e-45	286	uncultured fungus	fungi	uncultured fungus
675eb20216af28fbf29bce44be07c151	gi|2259393484|emb|OW837426.1|	79.851	5.45e-44	268	uncultured fungus	fungi	uncultured fungus
675eb20216af28fbf29bce44be07c151	gi|1279124608|gb|MF807895.1|	100.000	1.24e-05	35	Nidirana pleuraden	frogs & toads	Yunnan pond frog
675eb20216af28fbf29bce44be07c151	gi|1279124607|gb|MF807894.1|	100.000	1.24e-05	35	Nidirana pleuraden	frogs & toads	Yunnan pond frog
9818f07a0346b883ac0203cc989d7a0c	gi|1835269738|gb|MN917497.1|	97.059	0.002	34	Paratelmatobius cardosoi	frogs & toads	Paratelmatobius cardosoi
9818f07a0346b883ac0203cc989d7a0c	gi|1540304408|gb|MH688244.1|	90.698	0.007	43	Aperioptus gracilentus	ray-finned fishes	Aperioptus gracilentus
9818f07a0346b883ac0203cc989d7a0c	gi|694879759|gb|KJ845345.1|	90.698	0.007	43	Opsariichthys sp. 'chengtui'	ray-finned fishes	Opsariichthys sp. 'chengtui'
9818f07a0346b883ac0203cc989d7a0c	gi|2329468051|gb|OP056813.1|	90.698	0.007	43	Bathygobius geminatus	ray-finned fishes	twin-spotted frillfin
9818f07a0346b883ac0203cc989d7a0c	gi|953274311|gb|KT725244.1|	90.698	0.007	43	Opsariichthys sp. 'chengtui'	ray-finned fishes	Opsariichthys sp. 'chengtui'
a27991c2a4f9c771f5b1fbcf40100809	gi|2259393447|emb|OW837389.1|	87.241	1.86e-83	290	uncultured fungus	fungi	uncultured fungus
a27991c2a4f9c771f5b1fbcf40100809	gi|2259493903|emb|OW836685.1|	86.348	1.12e-80	293	uncultured fungus	fungi	uncultured fungus
a27991c2a4f9c771f5b1fbcf40100809	gi|2259415324|emb|OW842537.1|	85.959	1.87e-78	292	uncultured Ascomycota	ascomycete fungi	uncultured Ascomycota
a27991c2a4f9c771f5b1fbcf40100809	gi|2259388928|emb|OW836240.1|	85.315	5.25e-74	286	uncultured fungus	fungi	uncultured fungus
a27991c2a4f9c771f5b1fbcf40100809	gi|2046854230|emb|LR989581.1|	85.121	6.79e-73	289	Simulium tani	flies	Simulium tani
295b0096692104b8467b22aa8b6b16f0	gi|397789437|gb|JN603943.1|	74.576	5.60e-19	295	Monomorphina pseudonordstedtii	euglenoids	Monomorphina pseudonordstedtii
295b0096692104b8467b22aa8b6b16f0	gi|397789436|gb|JN603942.1|	74.576	5.60e-19	295	Monomorphina pseudonordstedtii	euglenoids	Monomorphina pseudonordstedtii
295b0096692104b8467b22aa8b6b16f0	gi|944274364|gb|KT305048.1|	74.150	9.38e-17	294	Euglena pseudostellata	euglenoids	Euglena pseudostellata
295b0096692104b8467b22aa8b6b16f0	gi|261361970|gb|FJ719660.1|	74.150	9.38e-17	294	Euglena sp. Jilnal030207I	euglenoids	Euglena sp. Jilnal030207I
295b0096692104b8467b22aa8b6b16f0	gi|169730619|gb|EU370507.1|	74.150	9.38e-17	294	Euglena pseudostellata	euglenoids	Euglena pseudostellata
932f481b9d6027607799dc403970054f	gi|1798183348|emb|LR745847.1|	98.925	2.03e-86	186	Asterias rubens	starfish	European starfish
932f481b9d6027607799dc403970054f	gi|2567033648|gb|OR473298.1|	94.086	2.07e-71	186	Asterias amurensis	starfish	Northern Pacific seastar
932f481b9d6027607799dc403970054f	gi|2582205361|gb|CP134956.1|	94.536	2.07e-71	183	Asterias amurensis	starfish	Northern Pacific seastar
932f481b9d6027607799dc403970054f	gi|2582205361|gb|CP134956.1|	97.059	8.00e-21	68	Asterias amurensis	starfish	Northern Pacific seastar
932f481b9d6027607799dc403970054f	gi|2499155095|gb|OP747303.1|	94.086	2.07e-71	186	Asterias amurensis	starfish	Northern Pacific seastar
932f481b9d6027607799dc403970054f	gi|2499155067|gb|OP747301.1|	94.086	2.07e-71	186	Asterias amurensis	starfish	Northern Pacific seastar
fc88d6cdbcc5dac7dd21b30c9988d393	gi|756877602|ref|NC_026312.1|	84.706	9.56e-12	85	Stachyamoeba lipophora	eukaryotes	Stachyamoeba lipophora
fc88d6cdbcc5dac7dd21b30c9988d393	gi|1464314298|ref|NC_039156.1|	80.612	7.44e-08	98	Euglena hiemalis	euglenoids	Euglena hiemalis
fc88d6cdbcc5dac7dd21b30c9988d393	gi|1464314298|ref|NC_039156.1|	80.612	7.44e-08	98	Euglena hiemalis	euglenoids	Euglena hiemalis
fc88d6cdbcc5dac7dd21b30c9988d393	gi|2987827517|dbj|LC875782.1|	82.895	9.62e-07	76	Euglena gracilis	euglenoids	Euglena gracilis
fc88d6cdbcc5dac7dd21b30c9988d393	gi|3063895414|gb|PX406057.1|	93.182	4.48e-05	44	Falco rusticolus	birds	gyrfalcon
fc88d6cdbcc5dac7dd21b30c9988d393	gi|2581904439|gb|OR601765.1|	81.250	4.48e-05	80	Euglena pseudostellata	euglenoids	Euglena pseudostellata
59922956c42ebd68bef76227500e7ac0	gi|2259389068|emb|OW836347.1|	91.549	1.79e-103	284	uncultured fungus	fungi	uncultured fungus
59922956c42ebd68bef76227500e7ac0	gi|2259143914|emb|OW835495.1|	91.197	8.35e-102	284	uncultured fungus	fungi	uncultured fungus
59922956c42ebd68bef76227500e7ac0	gi|2259493791|emb|OW836629.1|	91.941	1.08e-100	273	uncultured fungus	fungi	uncultured fungus
59922956c42ebd68bef76227500e7ac0	gi|2259142372|emb|OW834895.1|	91.941	1.08e-100	273	uncultured fungus	fungi	uncultured fungus
59922956c42ebd68bef76227500e7ac0	gi|2259146922|emb|OW835821.1|	89.377	5.10e-89	273	uncultured fungus	fungi	uncultured fungus
af369223953260ae7c373d92938d6de8	gi|2547295|gb|U76020.1|HFU76020	100.000	0.001	31	Heliornis fulica	birds	sungrebe
af369223953260ae7c373d92938d6de8	gi|803666071|ref|NC_026783.1|	97.059	0.005	34	Corvus hawaiiensis	birds	hawaiian crow
af369223953260ae7c373d92938d6de8	gi|768320438|gb|KP161619.1|	97.059	0.005	34	Corvus hawaiiensis	birds	hawaiian crow
b0d9292fb22763a8469403b156237df3	gi|2882954833|gb|PQ858633.1|	100.000	9.37e-90	186	Sebastes mentella	ray-finned fishes	deepwater redfish
b0d9292fb22763a8469403b156237df3	gi|2882954819|gb|PQ858632.1|	100.000	9.37e-90	186	Sebastes mentella	ray-finned fishes	deepwater redfish
b0d9292fb22763a8469403b156237df3	gi|2882954805|gb|PQ858631.1|	100.000	9.37e-90	186	Sebastes fasciatus	ray-finned fishes	Acadian redfish
b0d9292fb22763a8469403b156237df3	gi|2882954791|gb|PQ858630.1|	100.000	9.37e-90	186	Sebastes fasciatus	ray-finned fishes	Acadian redfish
b0d9292fb22763a8469403b156237df3	gi|2882954777|gb|PQ858629.1|	100.000	9.37e-90	186	Sebastes fasciatus	ray-finned fishes	Acadian redfish
5da6fe4f018f91fdb6de0d0909298adc	gi|1735234843|ref|NC_044408.1|	95.819	3.76e-125	287	Pseudopedinella elastica	heterokonts	Pseudopedinella elastica
5da6fe4f018f91fdb6de0d0909298adc	gi|1735234843|ref|NC_044408.1|	95.517	3.76e-125	290	Pseudopedinella elastica	heterokonts	Pseudopedinella elastica
5da6fe4f018f91fdb6de0d0909298adc	gi|1132318726|gb|KX937695.1|	95.122	8.15e-122	287	uncultured marine eukaryote	eukaryotes	uncultured marine eukaryote
5da6fe4f018f91fdb6de0d0909298adc	gi|1132318729|gb|KX937698.1|	94.774	3.79e-120	287	uncultured marine eukaryote	eukaryotes	uncultured marine eukaryote
5da6fe4f018f91fdb6de0d0909298adc	gi|54125646|gb|AY702192.1|	94.774	3.79e-120	287	uncultured phototrophic eukaryote	eukaryotes	uncultured phototrophic eukaryote
5da6fe4f018f91fdb6de0d0909298adc	gi|3106443530|gb|PX512529.1|	94.425	1.76e-118	287	Pedinellales sp.	heterokonts	Pedinellales sp.
5da6fe4f018f91fdb6de0d0909298adc	gi|3106443530|gb|PX512529.1|	93.793	8.20e-117	290	Pedinellales sp.	heterokonts	Pedinellales sp.
d213773d2569722d85f25006d0ad9162	gi|2259493815|emb|OW836641.1|	78.369	4.24e-40	282	uncultured fungus	fungi	uncultured fungus
d213773d2569722d85f25006d0ad9162	gi|2259493659|emb|OW836558.1|	77.972	5.49e-39	286	uncultured fungus	fungi	uncultured fungus
d213773d2569722d85f25006d0ad9162	gi|2259393484|emb|OW837426.1|	78.358	2.55e-37	268	uncultured fungus	fungi	uncultured fungus
d213773d2569722d85f25006d0ad9162	gi|1279124608|gb|MF807895.1|	100.000	1.24e-05	35	Nidirana pleuraden	frogs & toads	Yunnan pond frog
d213773d2569722d85f25006d0ad9162	gi|1279124607|gb|MF807894.1|	100.000	1.24e-05	35	Nidirana pleuraden	frogs & toads	Yunnan pond frog
28ffff93f57072875b8e59cb1b8b0468	gi|2259492687|emb|OW835210.1|	95.070	3.79e-120	284	uncultured fungus	fungi	uncultured fungus
28ffff93f57072875b8e59cb1b8b0468	gi|2259141778|emb|OW834522.1|	94.366	8.20e-117	284	uncultured fungus	fungi	uncultured fungus
28ffff93f57072875b8e59cb1b8b0468	gi|2259392349|emb|OW837222.1|	89.085	8.50e-92	284	uncultured fungus	fungi	uncultured fungus
28ffff93f57072875b8e59cb1b8b0468	gi|2259140839|emb|OW834139.1|	88.462	5.12e-89	286	uncultured fungus	fungi	uncultured fungus
28ffff93f57072875b8e59cb1b8b0468	gi|2259389059|emb|OW836338.1|	85.315	5.23e-74	286	uncultured fungus	fungi	uncultured fungus
fb4af491c1efcfe4b0dc176077f00375	gi|1515576548|gb|MH377833.1|	100.000	9.55e-85	177	Merluccius bilinearis	ray-finned fishes	silver hake
fb4af491c1efcfe4b0dc176077f00375	gi|2571476436|gb|OR499725.1|	100.000	9.55e-85	177	Merluccius bilinearis	ray-finned fishes	silver hake
fb4af491c1efcfe4b0dc176077f00375	gi|3211598001|gb|PZ091031.1|	100.000	9.55e-85	177	Merluccius bilinearis	ray-finned fishes	silver hake
fb4af491c1efcfe4b0dc176077f00375	gi|3211597805|gb|PZ091017.1|	100.000	9.55e-85	177	Merluccius bilinearis	ray-finned fishes	silver hake
fb4af491c1efcfe4b0dc176077f00375	gi|3053320529|gb|PX070008.1|	99.435	4.44e-83	177	Merluccius bilinearis	ray-finned fishes	silver hake
e9d8fe2076414ef06b0cf9bc53bedcc4	gi|2259390327|emb|OW836836.1|	81.053	1.93e-53	285	uncultured fungus	fungi	uncultured fungus
e9d8fe2076414ef06b0cf9bc53bedcc4	gi|2259165817|emb|OW835991.1|	79.239	3.26e-46	289	uncultured fungus	fungi	uncultured fungus
e9d8fe2076414ef06b0cf9bc53bedcc4	gi|613433395|gb|KJ410683.1|	79.094	5.45e-44	287	Nannochloropsis oceanica	heterokonts	Nannochloropsis oceanica
e9d8fe2076414ef06b0cf9bc53bedcc4	gi|380705915|gb|JQ177983.1|	78.746	5.45e-44	287	uncultured Riftia	tube worms	uncultured Riftia
e9d8fe2076414ef06b0cf9bc53bedcc4	gi|1158627360|gb|KX013881.1|	78.621	9.12e-42	290	uncultured eukaryotic phytoplankton	eukaryotes	uncultured eukaryotic phytoplankton
c23760b72e88ee1e7f1951907008fb9d	gi|2259493815|emb|OW836641.1|	78.723	9.12e-42	282	uncultured fungus	fungi	uncultured fungus
c23760b72e88ee1e7f1951907008fb9d	gi|2259493659|emb|OW836558.1|	78.322	1.18e-40	286	uncultured fungus	fungi	uncultured fungus
c23760b72e88ee1e7f1951907008fb9d	gi|2259393484|emb|OW837426.1|	79.528	1.53e-39	254	uncultured fungus	fungi	uncultured fungus
c23760b72e88ee1e7f1951907008fb9d	gi|1279124608|gb|MF807895.1|	100.000	1.24e-05	35	Nidirana pleuraden	frogs & toads	Yunnan pond frog
c23760b72e88ee1e7f1951907008fb9d	gi|1279124607|gb|MF807894.1|	100.000	1.24e-05	35	Nidirana pleuraden	frogs & toads	Yunnan pond frog
d71f9951875302ec8f0cd7df0a468de1	gi|2259493815|emb|OW836641.1|	79.078	1.96e-43	282	uncultured fungus	fungi	uncultured fungus
d71f9951875302ec8f0cd7df0a468de1	gi|2259493659|emb|OW836558.1|	78.671	2.54e-42	286	uncultured fungus	fungi	uncultured fungus
d71f9951875302ec8f0cd7df0a468de1	gi|2259393484|emb|OW837426.1|	79.104	1.18e-40	268	uncultured fungus	fungi	uncultured fungus
d71f9951875302ec8f0cd7df0a468de1	gi|1279124608|gb|MF807895.1|	100.000	1.24e-05	35	Nidirana pleuraden	frogs & toads	Yunnan pond frog
d71f9951875302ec8f0cd7df0a468de1	gi|1279124607|gb|MF807894.1|	100.000	1.24e-05	35	Nidirana pleuraden	frogs & toads	Yunnan pond frog
77c15260bb6d6b68c9fda9bbff99429d	gi|2259492687|emb|OW835210.1|	94.718	1.76e-118	284	uncultured fungus	fungi	uncultured fungus
77c15260bb6d6b68c9fda9bbff99429d	gi|2259141778|emb|OW834522.1|	93.310	8.26e-112	284	uncultured fungus	fungi	uncultured fungus
77c15260bb6d6b68c9fda9bbff99429d	gi|2259392349|emb|OW837222.1|	89.437	1.83e-93	284	uncultured fungus	fungi	uncultured fungus
77c15260bb6d6b68c9fda9bbff99429d	gi|2259140839|emb|OW834139.1|	88.462	5.12e-89	286	uncultured fungus	fungi	uncultured fungus
77c15260bb6d6b68c9fda9bbff99429d	gi|2259142013|emb|OW834713.1|	87.226	1.44e-79	274	uncultured fungus	fungi	uncultured fungus
5fdea6eb837d26436c0c13d9ec8e0754	gi|3053320473|gb|PX070004.1|	98.333	2.10e-81	180	Brevoortia tyrannus	ray-finned fishes	Atlantic menhaden
5fdea6eb837d26436c0c13d9ec8e0754	gi|3053320445|gb|PX070002.1|	98.333	2.10e-81	180	Brevoortia tyrannus	ray-finned fishes	Atlantic menhaden
5fdea6eb837d26436c0c13d9ec8e0754	gi|3053320431|gb|PX070001.1|	98.333	2.10e-81	180	Brevoortia tyrannus	ray-finned fishes	Atlantic menhaden
5fdea6eb837d26436c0c13d9ec8e0754	gi|1129799464|gb|KX686086.1|	98.333	2.10e-81	180	Brevoortia tyrannus	ray-finned fishes	Atlantic menhaden
5fdea6eb837d26436c0c13d9ec8e0754	gi|1129799462|gb|KX686084.1|	98.333	2.10e-81	180	Brevoortia tyrannus	ray-finned fishes	Atlantic menhaden
df8fd8a3b3d5d09b784f76329cccc261	gi|2591482342|ref|NC_083190.1|	92.090	2.16e-61	177	Sclerasterias satsumana	starfish	Sclerasterias satsumana
df8fd8a3b3d5d09b784f76329cccc261	gi|1790179811|dbj|LC493940.1|	93.617	1.81e-07	47	Paraliparis sp. NSMT P92399	ray-finned fishes	Paraliparis sp. NSMT P92399
df8fd8a3b3d5d09b784f76329cccc261	gi|1790179710|dbj|LC493934.1|	93.617	1.81e-07	47	Paraliparis dipterus	ray-finned fishes	Paraliparis dipterus
df8fd8a3b3d5d09b784f76329cccc261	gi|1790179570|dbj|LC493924.1|	93.617	1.81e-07	47	Paraliparis meridionalis	ray-finned fishes	Paraliparis meridionalis
df8fd8a3b3d5d09b784f76329cccc261	gi|1189408146|gb|KY815341.1|	93.617	1.81e-07	47	Terelabrus rubrovittatus	ray-finned fishes	Terelabrus rubrovittatus
5779fa7d495a1fee4dad7eb6c38981fd	gi|1515576548|gb|MH377833.1|	99.415	9.62e-80	171	Merluccius bilinearis	ray-finned fishes	silver hake
5779fa7d495a1fee4dad7eb6c38981fd	gi|2571476436|gb|OR499725.1|	99.415	9.62e-80	171	Merluccius bilinearis	ray-finned fishes	silver hake
5779fa7d495a1fee4dad7eb6c38981fd	gi|3211598001|gb|PZ091031.1|	99.415	9.62e-80	171	Merluccius bilinearis	ray-finned fishes	silver hake
5779fa7d495a1fee4dad7eb6c38981fd	gi|3211597805|gb|PZ091017.1|	99.415	9.62e-80	171	Merluccius bilinearis	ray-finned fishes	silver hake
5779fa7d495a1fee4dad7eb6c38981fd	gi|3053320529|gb|PX070008.1|	100.000	1.24e-78	166	Merluccius bilinearis	ray-finned fishes	silver hake
c3e507c39ea1dc05bfc9d2737c9a1570	gi|2698751178|gb|PP492856.1|	85.185	2.87e-10	81	Parapercis pulchella	ray-finned fishes	harlequin sandsmelt
c3e507c39ea1dc05bfc9d2737c9a1570	gi|2174708416|dbj|LC552461.2|	85.185	2.87e-10	81	Parapercis pulchella	ray-finned fishes	harlequin sandsmelt
c3e507c39ea1dc05bfc9d2737c9a1570	gi|3248864470|gb|PZ137313.1|	85.185	2.87e-10	81	Parapercis pulchella	ray-finned fishes	harlequin sandsmelt
c3e507c39ea1dc05bfc9d2737c9a1570	gi|1189408146|gb|KY815341.1|	95.745	3.71e-09	47	Terelabrus rubrovittatus	ray-finned fishes	Terelabrus rubrovittatus
c3e507c39ea1dc05bfc9d2737c9a1570	gi|2967563626|gb|PV590091.1|	84.416	1.33e-08	77	Polydactylus quadrifilis	ray-finned fishes	Polydactylus quadrifilis
a2a8fb996cda52b70c1cc4713230eaf6	gi|2259146955|emb|OW835854.1|	83.681	3.17e-66	288	uncultured fungus	fungi	uncultured fungus
a2a8fb996cda52b70c1cc4713230eaf6	gi|2259493621|emb|OW836520.1|	83.577	8.87e-62	274	uncultured fungus	fungi	uncultured fungus
a2a8fb996cda52b70c1cc4713230eaf6	gi|2259492656|emb|OW835179.1|	82.807	8.87e-62	285	uncultured fungus	fungi	uncultured fungus
a2a8fb996cda52b70c1cc4713230eaf6	gi|2259389329|emb|OW836406.1|	82.168	1.48e-59	286	uncultured fungus	fungi	uncultured fungus
a2a8fb996cda52b70c1cc4713230eaf6	gi|1428077394|gb|MH625410.1|	82.292	5.34e-59	288	fungal sp.	fungi	fungal sp.
c55fa88b43b68333a167de029c633fbb	gi|2698751178|gb|PP492856.1|	85.185	2.87e-10	81	Parapercis pulchella	ray-finned fishes	harlequin sandsmelt
c55fa88b43b68333a167de029c633fbb	gi|2174708416|dbj|LC552461.2|	85.185	2.87e-10	81	Parapercis pulchella	ray-finned fishes	harlequin sandsmelt
c55fa88b43b68333a167de029c633fbb	gi|3248864470|gb|PZ137313.1|	85.185	2.87e-10	81	Parapercis pulchella	ray-finned fishes	harlequin sandsmelt
c55fa88b43b68333a167de029c633fbb	gi|1189408146|gb|KY815341.1|	95.745	3.71e-09	47	Terelabrus rubrovittatus	ray-finned fishes	Terelabrus rubrovittatus
c55fa88b43b68333a167de029c633fbb	gi|2967563626|gb|PV590091.1|	84.416	1.33e-08	77	Polydactylus quadrifilis	ray-finned fishes	Polydactylus quadrifilis
d4495f36fee790dce08b8022de2177f0	gi|1808626605|gb|MT048578.1|	96.970	0.007	33	Homo sapiens	primates	human
d4495f36fee790dce08b8022de2177f0	gi|21449916|ref|NC_004023.1|	100.000	0.007	30	Arctocephalus forsteri	carnivores	New Zealand fur seal
2298e1a110282032722fa519beeccbfe	gi|2259492625|emb|OW835148.1|	86.505	3.10e-81	289	uncultured fungus	fungi	uncultured fungus
2298e1a110282032722fa519beeccbfe	gi|2259165806|emb|OW835980.1|	86.851	1.12e-80	289	uncultured fungus	fungi	uncultured fungus
2298e1a110282032722fa519beeccbfe	gi|2488341349|gb|OQ826526.1|	86.505	5.19e-79	289	Phlebotomus perniciosus	flies	Phlebotomus perniciosus
2298e1a110282032722fa519beeccbfe	gi|2259415394|emb|OW842607.1|	86.552	1.87e-78	290	uncultured Ascomycota	ascomycete fungi	uncultured Ascomycota
2298e1a110282032722fa519beeccbfe	gi|2259390332|emb|OW836841.1|	86.364	1.87e-78	286	uncultured fungus	fungi	uncultured fungus
68b36a5267c82948a57588d5d49a6d26	gi|2843360742|gb|PQ424522.1|	89.560	2.40e-55	182	Crossaster sp.	starfish	Crossaster sp.
68b36a5267c82948a57588d5d49a6d26	gi|39753123|gb|AY370717.1|	77.041	7.05e-16	196	Pseudonepanthia troughtoni	starfish	Pseudonepanthia troughtoni
68b36a5267c82948a57588d5d49a6d26	gi|3108862302|dbj|LC901971.1|	97.674	1.19e-08	43	Sarcocheilichthys variegatus microoculus	ray-finned fishes	Sarcocheilichthys variegatus microoculus
68b36a5267c82948a57588d5d49a6d26	gi|3106446776|gb|PX508878.1|	97.674	1.19e-08	43	Nemacheilus chrysolaimos	ray-finned fishes	Nemacheilus chrysolaimos
68b36a5267c82948a57588d5d49a6d26	gi|1847739484|gb|MN709617.1|	97.674	1.19e-08	43	Sinibotia superciliaris	ray-finned fishes	golden Chinese loach
87b86c540eec1c858640abbc67eb8f52	gi|2591482342|ref|NC_083190.1|	92.754	2.46e-76	207	Sclerasterias satsumana	starfish	Sclerasterias satsumana
87b86c540eec1c858640abbc67eb8f52	gi|1693290266|ref|NC_042741.1|	81.159	1.21e-34	207	Pisaster ochraceus	starfish	purple sea star
87b86c540eec1c858640abbc67eb8f52	gi|2499155081|gb|OP747302.1|	78.469	1.23e-24	209	Asterias amurensis	starfish	Northern Pacific seastar
87b86c540eec1c858640abbc67eb8f52	gi|2567033648|gb|OR473298.1|	77.990	5.72e-23	209	Asterias amurensis	starfish	Northern Pacific seastar
87b86c540eec1c858640abbc67eb8f52	gi|2582205361|gb|CP134956.1|	77.990	5.72e-23	209	Asterias amurensis	starfish	Northern Pacific seastar
4109159c5cb32e2fa06fbe6755f6d4ae	gi|2281537582|ref|NC_065088.1|	97.143	2.22e-75	175	Cucumaria frondosa	sea cucumbers	Cucumaria frondosa
4109159c5cb32e2fa06fbe6755f6d4ae	gi|2620464675|gb|OR805536.1|	92.000	2.27e-60	175	Cucumaria miniata	sea cucumbers	Cucumaria miniata
2ec3e9d22d29a704439b597b4d3c834d	gi|2259146955|emb|OW835854.1|	84.028	6.81e-68	288	uncultured fungus	fungi	uncultured fungus
2ec3e9d22d29a704439b597b4d3c834d	gi|1428077394|gb|MH625410.1|	82.639	1.15e-60	288	fungal sp.	fungi	fungal sp.
2ec3e9d22d29a704439b597b4d3c834d	gi|2259492656|emb|OW835179.1|	82.456	4.13e-60	285	uncultured fungus	fungi	uncultured fungus
2ec3e9d22d29a704439b597b4d3c834d	gi|380705915|gb|JQ177983.1|	81.882	5.34e-59	287	uncultured Riftia	tube worms	uncultured Riftia
2ec3e9d22d29a704439b597b4d3c834d	gi|2259493621|emb|OW836520.1|	82.784	1.92e-58	273	uncultured fungus	fungi	uncultured fungus
babeaaa94b4eb625373a4b31b4b6af32	gi|313847550|emb|FN869549.1|	91.930	1.08e-105	285	Lucinidae gen. sp. TB-2010	bivalves	Lucinidae gen. sp. TB-2010
babeaaa94b4eb625373a4b31b4b6af32	gi|926657240|dbj|LC000744.1|	91.259	2.33e-102	286	Lucina environmental sample	bivalves	Lucina environmental sample
babeaaa94b4eb625373a4b31b4b6af32	gi|2259493903|emb|OW836685.1|	90.753	8.38e-102	292	uncultured fungus	fungi	uncultured fungus
babeaaa94b4eb625373a4b31b4b6af32	gi|2259394355|emb|OW837529.1|	91.197	8.38e-102	284	uncultured fungus	fungi	uncultured fungus
babeaaa94b4eb625373a4b31b4b6af32	gi|2259415324|emb|OW842537.1|	90.657	3.01e-101	289	uncultured Ascomycota	ascomycete fungi	uncultured Ascomycota
b7c393b634ae932b205896d19afe27b1	gi|3057012933|gb|PX273259.1|	99.438	1.24e-83	178	Homo sapiens	primates	human
b7c393b634ae932b205896d19afe27b1	gi|3057012919|gb|PX273258.1|	99.438	1.24e-83	178	Homo sapiens	primates	human
b7c393b634ae932b205896d19afe27b1	gi|3057012905|gb|PX273257.1|	99.438	1.24e-83	178	Homo sapiens	primates	human
b7c393b634ae932b205896d19afe27b1	gi|3057012891|gb|PX273256.1|	99.438	1.24e-83	178	Homo sapiens	primates	human
b7c393b634ae932b205896d19afe27b1	gi|3057012877|gb|PX273255.1|	99.438	1.24e-83	178	Homo sapiens	primates	human
9c1103b0e9e3edd20718f51b5229a201	gi|2259143737|emb|OW835366.1|	86.296	5.23e-74	270	uncultured fungus	fungi	uncultured fungus
9c1103b0e9e3edd20718f51b5229a201	gi|2747357890|gb|PP949287.1|	77.003	4.27e-35	287	Pterocladiella capillacea	red algae	Pterocladiella capillacea
9c1103b0e9e3edd20718f51b5229a201	gi|2228968764|ref|NC_062670.1|	75.768	1.56e-24	293	Bidens parviflora	eudicots	Bidens parviflora
9c1103b0e9e3edd20718f51b5229a201	gi|2228968878|ref|NC_062671.1|	75.503	5.61e-24	298	Bidens tripartita	eudicots	Bidens tripartita
9c1103b0e9e3edd20718f51b5229a201	gi|1540304408|gb|MH688244.1|	95.122	4.46e-05	41	Aperioptus gracilentus	ray-finned fishes	Aperioptus gracilentus
b5684a4ee0d785b1db4ff76ea299dce6	gi|21449916|ref|NC_004023.1|	100.000	0.007	30	Arctocephalus forsteri	carnivores	New Zealand fur seal
bedb605df8821d3a4089ac94cbafd4b6	gi|2259492676|emb|OW835199.1|	90.690	8.38e-102	290	uncultured fungus	fungi	uncultured fungus
bedb605df8821d3a4089ac94cbafd4b6	gi|2259389413|emb|OW836490.1|	90.526	5.04e-99	285	uncultured fungus	fungi	uncultured fungus
bedb605df8821d3a4089ac94cbafd4b6	gi|2259493903|emb|OW836685.1|	89.041	1.83e-93	292	uncultured fungus	fungi	uncultured fungus
bedb605df8821d3a4089ac94cbafd4b6	gi|2259394355|emb|OW837529.1|	89.437	1.83e-93	284	uncultured fungus	fungi	uncultured fungus
bedb605df8821d3a4089ac94cbafd4b6	gi|2669162164|emb|OZ007508.1|	89.123	2.36e-92	285	Axinella damicornis	sponges	Axinella damicornis
c7357d9b0d090333431fa2c36e116d5d	gi|1418587958|ref|NC_038002.1|	98.606	1.71e-138	287	Pseudictyota dubia	diatoms	Pseudictyota dubia
c7357d9b0d090333431fa2c36e116d5d	gi|1418587958|ref|NC_038002.1|	98.276	1.71e-138	290	Pseudictyota dubia	diatoms	Pseudictyota dubia
c7357d9b0d090333431fa2c36e116d5d	gi|1158627482|gb|KX014003.1|	98.606	1.71e-138	287	uncultured eukaryotic phytoplankton	eukaryotes	uncultured eukaryotic phytoplankton
c7357d9b0d090333431fa2c36e116d5d	gi|1158627367|gb|KX013888.1|	98.606	1.71e-138	287	uncultured eukaryotic phytoplankton	eukaryotes	uncultured eukaryotic phytoplankton
c7357d9b0d090333431fa2c36e116d5d	gi|1132318822|gb|KX937791.1|	98.606	1.71e-138	287	uncultured marine eukaryote	eukaryotes	uncultured marine eukaryote
c7357d9b0d090333431fa2c36e116d5d	gi|1132318820|gb|KX937789.1|	98.606	1.71e-138	287	uncultured marine eukaryote	eukaryotes	uncultured marine eukaryote
ac985631d9093989f89ba5dc9594ea01	gi|2259141516|emb|OW834486.1|	90.311	1.40e-99	289	uncultured fungus	fungi	uncultured fungus
ac985631d9093989f89ba5dc9594ea01	gi|2259392349|emb|OW837222.1|	90.526	1.81e-98	285	uncultured fungus	fungi	uncultured fungus
ac985631d9093989f89ba5dc9594ea01	gi|2259492687|emb|OW835210.1|	89.437	1.83e-93	284	uncultured fungus	fungi	uncultured fungus
ac985631d9093989f89ba5dc9594ea01	gi|2259141778|emb|OW834522.1|	88.811	3.95e-90	286	uncultured fungus	fungi	uncultured fungus
ac985631d9093989f89ba5dc9594ea01	gi|2259142013|emb|OW834713.1|	88.686	3.08e-86	274	uncultured fungus	fungi	uncultured fungus
e0bce5b83757b3dfba1a62d20fdb4262	gi|1489792029|gb|MH011824.1|	97.213	8.03e-132	287	Thalassiosira sp.	diatoms	Thalassiosira sp.
e0bce5b83757b3dfba1a62d20fdb4262	gi|1489792028|gb|MH011823.1|	97.213	8.03e-132	287	Thalassiosira sp.	diatoms	Thalassiosira sp.
e0bce5b83757b3dfba1a62d20fdb4262	gi|1489792018|gb|MH011813.1|	97.213	8.03e-132	287	Thalassiosira sp.	diatoms	Thalassiosira sp.
e0bce5b83757b3dfba1a62d20fdb4262	gi|1489792009|gb|MH011804.1|	97.213	8.03e-132	287	Thalassiosira sp.	diatoms	Thalassiosira sp.
e0bce5b83757b3dfba1a62d20fdb4262	gi|1489792007|gb|MH011802.1|	97.213	8.03e-132	287	Thalassiosira sp.	diatoms	Thalassiosira sp.
d0ee0b9588bd75448d5814fd25cc008f	gi|313847550|emb|FN869549.1|	91.930	1.08e-105	285	Lucinidae gen. sp. TB-2010	bivalves	Lucinidae gen. sp. TB-2010
d0ee0b9588bd75448d5814fd25cc008f	gi|926657240|dbj|LC000744.1|	91.579	5.01e-104	285	Lucina environmental sample	bivalves	Lucina environmental sample
d0ee0b9588bd75448d5814fd25cc008f	gi|2259415324|emb|OW842537.1|	91.003	6.48e-103	289	uncultured Ascomycota	ascomycete fungi	uncultured Ascomycota
d0ee0b9588bd75448d5814fd25cc008f	gi|2259493903|emb|OW836685.1|	90.411	3.90e-100	292	uncultured fungus	fungi	uncultured fungus
d0ee0b9588bd75448d5814fd25cc008f	gi|2259394355|emb|OW837529.1|	90.493	1.81e-98	284	uncultured fungus	fungi	uncultured fungus
4b7c546374f9c6426e3d56747bc1cc8d	gi|2451390798|gb|OQ571767.1|	94.595	0.007	37	Neodon leucurus	rodents	Blyth's vole
4b7c546374f9c6426e3d56747bc1cc8d	gi|325652625|gb|JF293093.1|	97.059	0.007	34	Rhinopithecus avunculus	primates	Tonkin snub-nosed monkey
4b7c546374f9c6426e3d56747bc1cc8d	gi|239997551|gb|GQ244469.1|	97.059	0.007	34	Geotrypetes seraphini	caecilians	Gabon caecilian
4b7c546374f9c6426e3d56747bc1cc8d	gi|157361362|gb|EU004480.1|	97.059	0.007	34	Rhinopithecus avunculus	primates	Tonkin snub-nosed monkey
63eda26f8b43eb89f5f3103dd94df1ae	gi|974073769|gb|KP792491.1|	97.561	1.73e-133	287	Virgulinella fragilis	forams	Virgulinella fragilis
63eda26f8b43eb89f5f3103dd94df1ae	gi|974073768|gb|KP792490.1|	97.561	1.73e-133	287	Virgulinella fragilis	forams	Virgulinella fragilis
63eda26f8b43eb89f5f3103dd94df1ae	gi|2231654745|gb|MT896721.1|	97.561	1.73e-133	287	Coscinodiscus granii	diatoms	Coscinodiscus granii
63eda26f8b43eb89f5f3103dd94df1ae	gi|2231654745|gb|MT896721.1|	97.241	1.73e-133	290	Coscinodiscus granii	diatoms	Coscinodiscus granii
63eda26f8b43eb89f5f3103dd94df1ae	gi|2065930033|gb|MZ544479.1|	97.561	1.73e-133	287	Coscinodiscus granii	diatoms	Coscinodiscus granii
63eda26f8b43eb89f5f3103dd94df1ae	gi|2065930032|gb|MZ544478.1|	97.561	1.73e-133	287	Coscinodiscus granii	diatoms	Coscinodiscus granii
69d2a371264b00f6dc7dc97701f0524d	gi|3057012933|gb|PX273259.1|	100.000	5.78e-82	172	Homo sapiens	primates	human
69d2a371264b00f6dc7dc97701f0524d	gi|3057012919|gb|PX273258.1|	100.000	5.78e-82	172	Homo sapiens	primates	human
69d2a371264b00f6dc7dc97701f0524d	gi|3057012905|gb|PX273257.1|	100.000	5.78e-82	172	Homo sapiens	primates	human
69d2a371264b00f6dc7dc97701f0524d	gi|3057012891|gb|PX273256.1|	100.000	5.78e-82	172	Homo sapiens	primates	human
69d2a371264b00f6dc7dc97701f0524d	gi|3057012877|gb|PX273255.1|	100.000	5.78e-82	172	Homo sapiens	primates	human
9ee32dbbfb3213b9533e222c113c575e	gi|2259493168|emb|OW836098.1|	88.850	3.06e-91	287	uncultured fungus	fungi	uncultured fungus
9ee32dbbfb3213b9533e222c113c575e	gi|691189712|gb|KM242645.1|	88.502	5.12e-89	287	Dicathais orbita	gastropods	Dicathais orbita
9ee32dbbfb3213b9533e222c113c575e	gi|2259492676|emb|OW835199.1|	87.629	8.56e-87	291	uncultured fungus	fungi	uncultured fungus
9ee32dbbfb3213b9533e222c113c575e	gi|557470434|gb|KF589848.1|	87.805	1.11e-85	287	Amphioctopus fangsiao	cephalopods	Amphioctopus fangsiao
9ee32dbbfb3213b9533e222c113c575e	gi|2259493624|emb|OW836523.1|	87.805	3.98e-85	287	uncultured fungus	fungi	uncultured fungus
98d0e3b33b4588df909e1bb0ed26d733	gi|2259146955|emb|OW835854.1|	83.681	3.17e-66	288	uncultured fungus	fungi	uncultured fungus
98d0e3b33b4588df909e1bb0ed26d733	gi|380705915|gb|JQ177983.1|	82.230	1.15e-60	287	uncultured Riftia	tube worms	uncultured Riftia
98d0e3b33b4588df909e1bb0ed26d733	gi|2259492656|emb|OW835179.1|	82.456	4.13e-60	285	uncultured fungus	fungi	uncultured fungus
98d0e3b33b4588df909e1bb0ed26d733	gi|2259143720|emb|OW835349.1|	81.469	4.16e-55	286	uncultured fungus	fungi	uncultured fungus
98d0e3b33b4588df909e1bb0ed26d733	gi|2259493621|emb|OW836520.1|	81.685	1.93e-53	273	uncultured fungus	fungi	uncultured fungus
a93e9c586b24c1f0a918a8d7cc621d01	gi|2882954833|gb|PQ858633.1|	100.000	2.64e-80	169	Sebastes mentella	ray-finned fishes	deepwater redfish
a93e9c586b24c1f0a918a8d7cc621d01	gi|2882954819|gb|PQ858632.1|	100.000	2.64e-80	169	Sebastes mentella	ray-finned fishes	deepwater redfish
a93e9c586b24c1f0a918a8d7cc621d01	gi|2882954805|gb|PQ858631.1|	100.000	2.64e-80	169	Sebastes fasciatus	ray-finned fishes	Acadian redfish
a93e9c586b24c1f0a918a8d7cc621d01	gi|2882954791|gb|PQ858630.1|	100.000	2.64e-80	169	Sebastes fasciatus	ray-finned fishes	Acadian redfish
a93e9c586b24c1f0a918a8d7cc621d01	gi|2882954777|gb|PQ858629.1|	100.000	2.64e-80	169	Sebastes fasciatus	ray-finned fishes	Acadian redfish
89147e358bf074a79dcfcc4e441269d3	gi|1540304408|gb|MH688244.1|	93.023	1.60e-04	43	Aperioptus gracilentus	ray-finned fishes	Aperioptus gracilentus
89147e358bf074a79dcfcc4e441269d3	gi|2064684336|dbj|LC640023.1|	93.023	1.60e-04	43	Paraplagusia japonica	ray-finned fishes	black cow-tongue
89147e358bf074a79dcfcc4e441269d3	gi|511347697|ref|NC_021376.1|	93.023	1.60e-04	43	Paraplagusia japonica	ray-finned fishes	black cow-tongue
89147e358bf074a79dcfcc4e441269d3	gi|1918448007|dbj|LC579409.1|	93.023	1.60e-04	43	Paraplagusia japonica	ray-finned fishes	black cow-tongue
89147e358bf074a79dcfcc4e441269d3	gi|169665021|gb|EU341086.1|	97.143	5.75e-04	35	Anodonthyla rouxae	frogs & toads	Madagascar climbing frog
06e22c88209e797ef31ab551f38e8d7c	gi|662012956|ref|NC_024084.1|	97.561	1.73e-133	287	Leptocylindrus danicus	diatoms	Leptocylindrus danicus
06e22c88209e797ef31ab551f38e8d7c	gi|662012956|ref|NC_024084.1|	97.241	1.73e-133	290	Leptocylindrus danicus	diatoms	Leptocylindrus danicus
06e22c88209e797ef31ab551f38e8d7c	gi|1489792029|gb|MH011824.1|	96.864	3.74e-130	287	Thalassiosira sp.	diatoms	Thalassiosira sp.
06e22c88209e797ef31ab551f38e8d7c	gi|1489792028|gb|MH011823.1|	96.864	3.74e-130	287	Thalassiosira sp.	diatoms	Thalassiosira sp.
06e22c88209e797ef31ab551f38e8d7c	gi|1489792018|gb|MH011813.1|	96.864	3.74e-130	287	Thalassiosira sp.	diatoms	Thalassiosira sp.
06e22c88209e797ef31ab551f38e8d7c	gi|1489792009|gb|MH011804.1|	96.864	3.74e-130	287	Thalassiosira sp.	diatoms	Thalassiosira sp.
9b4ff0102050229137e901eea10a7c3b	gi|971455552|emb|LM652125.1|	98.258	7.98e-137	287	uncultured protist	eukaryotes	uncultured protist
9b4ff0102050229137e901eea10a7c3b	gi|971455536|emb|LM652109.1|	98.258	7.98e-137	287	uncultured protist	eukaryotes	uncultured protist
9b4ff0102050229137e901eea10a7c3b	gi|971455521|emb|LM652094.1|	98.258	7.98e-137	287	uncultured protist	eukaryotes	uncultured protist
9b4ff0102050229137e901eea10a7c3b	gi|971455512|emb|LM652085.1|	98.258	7.98e-137	287	uncultured protist	eukaryotes	uncultured protist
9b4ff0102050229137e901eea10a7c3b	gi|387235434|gb|JN207230.1|	98.258	7.98e-137	287	Virgulinella fragilis	forams	Virgulinella fragilis
caeed77561955b88a4f83f21500cdbf9	gi|691189712|gb|KM242645.1|	91.228	2.33e-102	285	Dicathais orbita	gastropods	Dicathais orbita
caeed77561955b88a4f83f21500cdbf9	gi|557470434|gb|KF589848.1|	91.228	2.33e-102	285	Amphioctopus fangsiao	cephalopods	Amphioctopus fangsiao
caeed77561955b88a4f83f21500cdbf9	gi|2259494369|emb|OW836709.1|	90.909	1.08e-100	286	uncultured fungus	fungi	uncultured fungus
caeed77561955b88a4f83f21500cdbf9	gi|2259408387|emb|OW840528.1|	89.619	3.04e-96	289	uncultured fungus	fungi	uncultured fungus
caeed77561955b88a4f83f21500cdbf9	gi|1969812215|emb|LR994622.1|	89.825	1.09e-95	285	Digitaria exilis	monocots	Digitaria exilis
caeed77561955b88a4f83f21500cdbf9	gi|1969812215|emb|LR994622.1|	89.825	1.09e-95	285	Digitaria exilis	monocots	Digitaria exilis
caeed77561955b88a4f83f21500cdbf9	gi|1969812215|emb|LR994622.1|	89.825	1.09e-95	285	Digitaria exilis	monocots	Digitaria exilis
caeed77561955b88a4f83f21500cdbf9	gi|1969812215|emb|LR994622.1|	89.825	1.09e-95	285	Digitaria exilis	monocots	Digitaria exilis
caeed77561955b88a4f83f21500cdbf9	gi|1969812215|emb|LR994622.1|	89.825	1.09e-95	285	Digitaria exilis	monocots	Digitaria exilis
caeed77561955b88a4f83f21500cdbf9	gi|1969812215|emb|LR994622.1|	89.825	1.09e-95	285	Digitaria exilis	monocots	Digitaria exilis
caeed77561955b88a4f83f21500cdbf9	gi|1969812215|emb|LR994622.1|	89.825	1.09e-95	285	Digitaria exilis	monocots	Digitaria exilis
7486c12da66e5c9bc37218e777f01689	gi|2259146955|emb|OW835854.1|	84.028	6.81e-68	288	uncultured fungus	fungi	uncultured fungus
7486c12da66e5c9bc37218e777f01689	gi|380705915|gb|JQ177983.1|	82.578	2.47e-62	287	uncultured Riftia	tube worms	uncultured Riftia
7486c12da66e5c9bc37218e777f01689	gi|2259492656|emb|OW835179.1|	82.807	8.87e-62	285	uncultured fungus	fungi	uncultured fungus
7486c12da66e5c9bc37218e777f01689	gi|1428077394|gb|MH625410.1|	81.944	2.48e-57	288	fungal sp.	fungi	fungal sp.
7486c12da66e5c9bc37218e777f01689	gi|2259143720|emb|OW835349.1|	81.818	8.93e-57	286	uncultured fungus	fungi	uncultured fungus
39f8e5113b7e3a339abcc0a058529bf5	gi|2994737912|gb|PV656772.1|	99.435	4.44e-83	177	Melanogrammus aeglefinus	ray-finned fishes	haddock
39f8e5113b7e3a339abcc0a058529bf5	gi|2994737898|gb|PV656771.1|	99.435	4.44e-83	177	Melanogrammus aeglefinus	ray-finned fishes	haddock
39f8e5113b7e3a339abcc0a058529bf5	gi|2994737884|gb|PV656770.1|	99.435	4.44e-83	177	Melanogrammus aeglefinus	ray-finned fishes	haddock
39f8e5113b7e3a339abcc0a058529bf5	gi|821091578|gb|KP644364.1|	99.435	4.44e-83	177	Melanogrammus aeglefinus	ray-finned fishes	haddock
39f8e5113b7e3a339abcc0a058529bf5	gi|124377065|emb|AM489717.1|	99.435	4.44e-83	177	Melanogrammus aeglefinus	ray-finned fishes	haddock
98770645ca2079f0a5c07ba2020090d9	gi|1279124608|gb|MF807895.1|	100.000	1.24e-05	35	Nidirana pleuraden	frogs & toads	Yunnan pond frog
98770645ca2079f0a5c07ba2020090d9	gi|1279124607|gb|MF807894.1|	100.000	1.24e-05	35	Nidirana pleuraden	frogs & toads	Yunnan pond frog
98770645ca2079f0a5c07ba2020090d9	gi|169665021|gb|EU341086.1|	100.000	4.46e-05	34	Anodonthyla rouxae	frogs & toads	Madagascar climbing frog
98770645ca2079f0a5c07ba2020090d9	gi|148524037|gb|EF566970.1|	97.143	5.77e-04	35	Acris crepitans	frogs & toads	northern cricket frog
98770645ca2079f0a5c07ba2020090d9	gi|148524036|gb|EF566969.1|	97.143	5.77e-04	35	Acris crepitans	frogs & toads	northern cricket frog
0ba8f8c6617497f4c5859154f2ac94c1	gi|2259146955|emb|OW835854.1|	84.028	6.81e-68	288	uncultured fungus	fungi	uncultured fungus
0ba8f8c6617497f4c5859154f2ac94c1	gi|2259492656|emb|OW835179.1|	82.807	8.87e-62	285	uncultured fungus	fungi	uncultured fungus
0ba8f8c6617497f4c5859154f2ac94c1	gi|1428077394|gb|MH625410.1|	82.292	5.34e-59	288	fungal sp.	fungi	fungal sp.
0ba8f8c6617497f4c5859154f2ac94c1	gi|380705915|gb|JQ177983.1|	81.818	5.34e-59	286	uncultured Riftia	tube worms	uncultured Riftia
0ba8f8c6617497f4c5859154f2ac94c1	gi|2259493621|emb|OW836520.1|	82.784	1.92e-58	273	uncultured fungus	fungi	uncultured fungus
9ba2cf451f9db8ae4e5eedb7ad90e19e	gi|1279124608|gb|MF807895.1|	100.000	1.24e-05	35	Nidirana pleuraden	frogs & toads	Yunnan pond frog
9ba2cf451f9db8ae4e5eedb7ad90e19e	gi|1279124607|gb|MF807894.1|	100.000	1.24e-05	35	Nidirana pleuraden	frogs & toads	Yunnan pond frog
9ba2cf451f9db8ae4e5eedb7ad90e19e	gi|169665021|gb|EU341086.1|	100.000	4.46e-05	34	Anodonthyla rouxae	frogs & toads	Madagascar climbing frog
9ba2cf451f9db8ae4e5eedb7ad90e19e	gi|148524037|gb|EF566970.1|	97.143	5.77e-04	35	Acris crepitans	frogs & toads	northern cricket frog
9ba2cf451f9db8ae4e5eedb7ad90e19e	gi|148524036|gb|EF566969.1|	97.143	5.77e-04	35	Acris crepitans	frogs & toads	northern cricket frog
c00c5555ccfed33153c870d1cb24649d	gi|2259389118|emb|OW836397.1|	87.413	5.15e-84	286	uncultured fungus	fungi	uncultured fungus
c00c5555ccfed33153c870d1cb24649d	gi|2259389329|emb|OW836406.1|	84.615	3.15e-71	286	uncultured fungus	fungi	uncultured fungus
c00c5555ccfed33153c870d1cb24649d	gi|2259493621|emb|OW836520.1|	84.615	8.81e-67	273	uncultured fungus	fungi	uncultured fungus
c00c5555ccfed33153c870d1cb24649d	gi|2259143720|emb|OW835349.1|	83.509	4.10e-65	285	uncultured fungus	fungi	uncultured fungus
c00c5555ccfed33153c870d1cb24649d	gi|2259141931|emb|OW834675.1|	85.597	2.47e-62	243	uncultured fungus	fungi	uncultured fungus
fdc0b58eea182045ab2a5fbdef46247e	gi|2259414726|emb|OW842418.1|	82.867	8.87e-62	286	uncultured Ascomycota	ascomycete fungi	uncultured Ascomycota
fdc0b58eea182045ab2a5fbdef46247e	gi|2259141516|emb|OW834486.1|	82.131	1.48e-59	291	uncultured fungus	fungi	uncultured fungus
fdc0b58eea182045ab2a5fbdef46247e	gi|2259492687|emb|OW835210.1|	82.007	8.93e-57	289	uncultured fungus	fungi	uncultured fungus
fdc0b58eea182045ab2a5fbdef46247e	gi|2259146832|emb|OW835731.1|	81.423	2.52e-47	253	uncultured fungus	fungi	uncultured fungus
fdc0b58eea182045ab2a5fbdef46247e	gi|2259393517|emb|OW837459.1|	79.720	9.06e-47	286	uncultured fungus	fungi	uncultured fungus
a0a81daf65c0960549c0e95b0b2e4c7c	gi|2259390409|emb|OW836914.1|	88.927	1.10e-90	289	uncultured fungus	fungi	uncultured fungus
a0a81daf65c0960549c0e95b0b2e4c7c	gi|2259390333|emb|OW836842.1|	87.324	1.85e-83	284	uncultured fungus	fungi	uncultured fungus
a0a81daf65c0960549c0e95b0b2e4c7c	gi|2259390768|emb|OW836940.1|	87.365	1.44e-79	277	uncultured fungus	fungi	uncultured fungus
a0a81daf65c0960549c0e95b0b2e4c7c	gi|523512344|gb|KC740663.1|	85.366	5.23e-74	287	Phyllachora sp. UB03986	ascomycete fungi	Phyllachora sp. UB03986
a0a81daf65c0960549c0e95b0b2e4c7c	gi|2259146880|emb|OW835779.1|	84.965	8.74e-72	286	uncultured fungus	fungi	uncultured fungus
40c96b3090e362a62e0e6c277f588fbb	gi|2989059643|gb|PV710553.1|	100.000	3.41e-84	176	Ammodytes dubius	ray-finned fishes	northern sand lance
40c96b3090e362a62e0e6c277f588fbb	gi|2989059629|gb|PV710552.1|	100.000	3.41e-84	176	Ammodytes dubius	ray-finned fishes	northern sand lance
40c96b3090e362a62e0e6c277f588fbb	gi|2949335892|gb|PV423377.1|	100.000	3.41e-84	176	Ammodytes dubius	ray-finned fishes	northern sand lance
40c96b3090e362a62e0e6c277f588fbb	gi|959122913|ref|NC_028529.1|	100.000	3.41e-84	176	Ammodytes dubius	ray-finned fishes	northern sand lance
40c96b3090e362a62e0e6c277f588fbb	gi|2989059657|gb|PV710554.1|	99.432	1.59e-82	176	Ammodytes dubius	ray-finned fishes	northern sand lance
2e475eb675d6cbbcdcfa6af7b7d1fbf6	gi|3053320641|gb|PX070016.1|	98.324	7.52e-81	179	Clupea harengus	ray-finned fishes	Atlantic herring
2e475eb675d6cbbcdcfa6af7b7d1fbf6	gi|1799624616|gb|MN122931.1|	98.324	7.52e-81	179	Clupea harengus	ray-finned fishes	Atlantic herring
2e475eb675d6cbbcdcfa6af7b7d1fbf6	gi|1517391475|gb|MH194498.2|	98.324	7.52e-81	179	Clupea harengus	ray-finned fishes	Atlantic herring
2e475eb675d6cbbcdcfa6af7b7d1fbf6	gi|2018537065|gb|MW818226.1|	98.324	7.52e-81	179	Clupea harengus	ray-finned fishes	Atlantic herring
2e475eb675d6cbbcdcfa6af7b7d1fbf6	gi|2018537050|gb|MW818211.1|	98.324	7.52e-81	179	Clupea harengus	ray-finned fishes	Atlantic herring
13ea9725e24367d232c4b06ef654a7cf	gi|2259493659|emb|OW836558.1|	76.842	5.53e-34	285	uncultured fungus	fungi	uncultured fungus
13ea9725e24367d232c4b06ef654a7cf	gi|2259493815|emb|OW836641.1|	76.512	9.25e-32	281	uncultured fungus	fungi	uncultured fungus
13ea9725e24367d232c4b06ef654a7cf	gi|2259393484|emb|OW837426.1|	76.404	5.57e-29	267	uncultured fungus	fungi	uncultured fungus
13ea9725e24367d232c4b06ef654a7cf	gi|1279124608|gb|MF807895.1|	100.000	1.24e-05	35	Nidirana pleuraden	frogs & toads	Yunnan pond frog
13ea9725e24367d232c4b06ef654a7cf	gi|1279124607|gb|MF807894.1|	100.000	1.24e-05	35	Nidirana pleuraden	frogs & toads	Yunnan pond frog
2750b0e6da4f88790e8f790480ecee9d	gi|2259492676|emb|OW835199.1|	89.384	3.93e-95	292	uncultured fungus	fungi	uncultured fungus
2750b0e6da4f88790e8f790480ecee9d	gi|2259500059|emb|OW842512.1|	89.161	2.36e-92	286	uncultured Ascomycota	ascomycete fungi	uncultured Ascomycota
2750b0e6da4f88790e8f790480ecee9d	gi|2259408387|emb|OW840528.1|	88.621	3.06e-91	290	uncultured fungus	fungi	uncultured fungus
2750b0e6da4f88790e8f790480ecee9d	gi|926657240|dbj|LC000744.1|	88.772	1.10e-90	285	Lucina environmental sample	bivalves	Lucina environmental sample
2750b0e6da4f88790e8f790480ecee9d	gi|1969812215|emb|LR994622.1|	88.811	1.10e-90	286	Digitaria exilis	monocots	Digitaria exilis
2750b0e6da4f88790e8f790480ecee9d	gi|1969812215|emb|LR994622.1|	88.811	1.10e-90	286	Digitaria exilis	monocots	Digitaria exilis
2750b0e6da4f88790e8f790480ecee9d	gi|1969812215|emb|LR994622.1|	88.811	1.10e-90	286	Digitaria exilis	monocots	Digitaria exilis
2750b0e6da4f88790e8f790480ecee9d	gi|1969812215|emb|LR994622.1|	88.811	1.10e-90	286	Digitaria exilis	monocots	Digitaria exilis
2750b0e6da4f88790e8f790480ecee9d	gi|1969812215|emb|LR994622.1|	88.811	1.10e-90	286	Digitaria exilis	monocots	Digitaria exilis
2750b0e6da4f88790e8f790480ecee9d	gi|1969812215|emb|LR994622.1|	88.811	1.10e-90	286	Digitaria exilis	monocots	Digitaria exilis
2750b0e6da4f88790e8f790480ecee9d	gi|1969812215|emb|LR994622.1|	88.811	1.10e-90	286	Digitaria exilis	monocots	Digitaria exilis
fdce0151a1f13dbaf619d718854c101c	gi|2259493659|emb|OW836558.1|	77.273	1.19e-35	286	uncultured fungus	fungi	uncultured fungus
fdce0151a1f13dbaf619d718854c101c	gi|2259493815|emb|OW836641.1|	76.596	9.25e-32	282	uncultured fungus	fungi	uncultured fungus
fdce0151a1f13dbaf619d718854c101c	gi|2259393484|emb|OW837426.1|	76.493	5.57e-29	268	uncultured fungus	fungi	uncultured fungus
fdce0151a1f13dbaf619d718854c101c	gi|1279124608|gb|MF807895.1|	100.000	1.24e-05	35	Nidirana pleuraden	frogs & toads	Yunnan pond frog
fdce0151a1f13dbaf619d718854c101c	gi|1279124607|gb|MF807894.1|	100.000	1.24e-05	35	Nidirana pleuraden	frogs & toads	Yunnan pond frog
fd9472db44fcbb7acf0ec348659fd1ed	gi|2259492667|emb|OW835190.1|	82.818	3.20e-61	291	uncultured fungus	fungi	uncultured fungus
fd9472db44fcbb7acf0ec348659fd1ed	gi|2259143938|emb|OW835519.1|	82.699	1.15e-60	289	uncultured fungus	fungi	uncultured fungus
fd9472db44fcbb7acf0ec348659fd1ed	gi|2259494430|emb|OW837491.1|	81.100	1.94e-53	291	uncultured fungus	fungi	uncultured fungus
fd9472db44fcbb7acf0ec348659fd1ed	gi|2259389090|emb|OW836369.1|	79.932	3.27e-46	294	uncultured fungus	fungi	uncultured fungus
fd9472db44fcbb7acf0ec348659fd1ed	gi|2259146901|emb|OW835800.1|	74.653	7.28e-23	288	uncultured fungus	fungi	uncultured fungus
6985eeb80a7036823139ea35f348e73f	gi|2329468051|gb|OP056813.1|	97.059	0.002	34	Bathygobius geminatus	ray-finned fishes	twin-spotted frillfin
6985eeb80a7036823139ea35f348e73f	gi|2426930353|dbj|LC049831.2|	97.059	0.002	34	Rhinogobius rong	ray-finned fishes	Rhinogobius rong
6985eeb80a7036823139ea35f348e73f	gi|751868327|ref|NC_026284.1|	97.059	0.002	34	Pelotretis flavilatus	ray-finned fishes	southern lemon sole
6985eeb80a7036823139ea35f348e73f	gi|2064684336|dbj|LC640023.1|	97.059	0.002	34	Paraplagusia japonica	ray-finned fishes	black cow-tongue
6985eeb80a7036823139ea35f348e73f	gi|511347697|ref|NC_021376.1|	97.059	0.002	34	Paraplagusia japonica	ray-finned fishes	black cow-tongue
2b6678d65c1b3a54fa16c399dbef89d9	gi|164420935|ref|NC_010201.1|	82.063	6.83e-42	223	Amphimedon compressa	sponges	erect rope sponge
2b6678d65c1b3a54fa16c399dbef89d9	gi|3104607743|emb|OZ364656.1|	84.028	1.94e-27	144	Ephydatia muelleri	sponges	Ephydatia muelleri
2b6678d65c1b3a54fa16c399dbef89d9	gi|2801480801|emb|OZ179923.1|	84.028	1.94e-27	144	Ephydatia muelleri	sponges	Ephydatia muelleri
2b6678d65c1b3a54fa16c399dbef89d9	gi|2648840783|emb|OY811994.1|	84.028	1.94e-27	144	Eunapius fragilis	sponges	Eunapius fragilis
2b6678d65c1b3a54fa16c399dbef89d9	gi|2666713341|ref|NC_085825.1|	84.028	1.94e-27	144	Corvomeyenia everetti	sponges	Corvomeyenia everetti
e8ec30b6c320226e4a811e3dcb3806dc	gi|2259492656|emb|OW835179.1|	83.916	8.81e-67	286	uncultured fungus	fungi	uncultured fungus
e8ec30b6c320226e4a811e3dcb3806dc	gi|2259143720|emb|OW835349.1|	82.807	8.87e-62	285	uncultured fungus	fungi	uncultured fungus
e8ec30b6c320226e4a811e3dcb3806dc	gi|17104837|gb|AF346426.1|	82.353	5.34e-59	289	Morchella esculenta	ascomycete fungi	Morchella esculenta
e8ec30b6c320226e4a811e3dcb3806dc	gi|2259493621|emb|OW836520.1|	82.721	1.92e-58	272	uncultured fungus	fungi	uncultured fungus
e8ec30b6c320226e4a811e3dcb3806dc	gi|2259165850|emb|OW836024.1|	82.784	1.92e-58	273	uncultured fungus	fungi	uncultured fungus
2a1ffd78662abc5d46ca3e18a893643c	gi|2259492676|emb|OW835199.1|	92.069	1.79e-108	290	uncultured fungus	fungi	uncultured fungus
2a1ffd78662abc5d46ca3e18a893643c	gi|2259493217|emb|OW836147.1|	91.544	2.35e-97	272	uncultured fungus	fungi	uncultured fungus
2a1ffd78662abc5d46ca3e18a893643c	gi|926657240|dbj|LC000744.1|	90.244	2.35e-97	287	Lucina environmental sample	bivalves	Lucina environmental sample
2a1ffd78662abc5d46ca3e18a893643c	gi|2259394355|emb|OW837529.1|	90.141	8.44e-97	284	uncultured fungus	fungi	uncultured fungus
2a1ffd78662abc5d46ca3e18a893643c	gi|2259146851|emb|OW835750.1|	90.141	8.44e-97	284	uncultured fungus	fungi	uncultured fungus
aa547b6fc097a2b5107de2f171d3b9ee	gi|2259393447|emb|OW837389.1|	86.897	8.66e-82	290	uncultured fungus	fungi	uncultured fungus
aa547b6fc097a2b5107de2f171d3b9ee	gi|2259493903|emb|OW836685.1|	86.007	5.21e-79	293	uncultured fungus	fungi	uncultured fungus
aa547b6fc097a2b5107de2f171d3b9ee	gi|2259415324|emb|OW842537.1|	85.616	8.72e-77	292	uncultured Ascomycota	ascomycete fungi	uncultured Ascomycota
aa547b6fc097a2b5107de2f171d3b9ee	gi|2259388928|emb|OW836240.1|	84.965	2.44e-72	286	uncultured fungus	fungi	uncultured fungus
aa547b6fc097a2b5107de2f171d3b9ee	gi|2046854230|emb|LR989581.1|	84.775	3.16e-71	289	Simulium tani	flies	Simulium tani
fb4356076af8b55e35a65389f6256b4c	gi|2259415324|emb|OW842537.1|	91.034	6.48e-103	290	uncultured Ascomycota	ascomycete fungi	uncultured Ascomycota
fb4356076af8b55e35a65389f6256b4c	gi|2259493903|emb|OW836685.1|	89.761	8.44e-97	293	uncultured fungus	fungi	uncultured fungus
fb4356076af8b55e35a65389f6256b4c	gi|2259165558|emb|OW835890.1|	89.510	5.08e-94	286	uncultured fungus	fungi	uncultured fungus
fb4356076af8b55e35a65389f6256b4c	gi|2854503517|gb|PQ611765.1|	89.437	1.83e-93	284	Impatiens imbecilla	eudicots	Impatiens imbecilla
fb4356076af8b55e35a65389f6256b4c	gi|113374088|dbj|AB252057.1|	88.772	1.10e-90	285	Brassica napus	eudicots	rape
0cea571f03acb10d8ff1d824efd98ddc	gi|1418576929|ref|NC_037728.1|	83.333	7.28e-18	114	Melosira undulata	diatoms	Melosira undulata
0cea571f03acb10d8ff1d824efd98ddc	gi|2838034601|gb|PQ496698.1|	90.278	1.58e-14	72	Jaagichlorella sp. HS-2024	green algae	Jaagichlorella sp. HS-2024
0cea571f03acb10d8ff1d824efd98ddc	gi|1352192330|gb|KY798495.1|	97.297	4.44e-05	37	Galaxias rostratus	ray-finned fishes	Murray jollytail
0cea571f03acb10d8ff1d824efd98ddc	gi|2554491059|ref|NC_081029.1|	97.297	4.44e-05	37	Galaxias rostratus	ray-finned fishes	Murray jollytail
0cea571f03acb10d8ff1d824efd98ddc	gi|3064604341|gb|PX416533.1|	93.023	1.60e-04	43	Microphis lineatus	ray-finned fishes	Microphis lineatus
3e5c017986eccec7814277afd3968feb	gi|1825511896|gb|MT103923.1|	100.000	3.41e-84	176	Myoxocephalus octodecemspinosus	ray-finned fishes	longhorn sculpin
3e5c017986eccec7814277afd3968feb	gi|1788585373|gb|MN883209.1|	100.000	3.41e-84	176	Myoxocephalus octodecemspinosus	ray-finned fishes	longhorn sculpin
3e5c017986eccec7814277afd3968feb	gi|669175226|gb|KM057973.1|	100.000	3.41e-84	176	Myoxocephalus octodecemspinosus	ray-finned fishes	longhorn sculpin
3e5c017986eccec7814277afd3968feb	gi|1788585376|gb|MN883210.1|	99.432	1.59e-82	176	Myoxocephalus octodecemspinosus	ray-finned fishes	longhorn sculpin
3e5c017986eccec7814277afd3968feb	gi|3139176565|gb|PX704692.1|	99.432	1.59e-82	176	Myoxocephalus octodecemspinosus	ray-finned fishes	longhorn sculpin
96750480e344698cef12d5b97caea2cf	gi|2281537582|ref|NC_065088.1|	97.714	4.77e-77	175	Cucumaria frondosa	sea cucumbers	Cucumaria frondosa
96750480e344698cef12d5b97caea2cf	gi|2620464678|gb|OR805539.1|	92.571	4.87e-62	175	Cucumaria miniata	sea cucumbers	Cucumaria miniata
96750480e344698cef12d5b97caea2cf	gi|2620464677|gb|OR805538.1|	92.571	4.87e-62	175	Cucumaria miniata	sea cucumbers	Cucumaria miniata
96750480e344698cef12d5b97caea2cf	gi|2620464674|gb|OR805535.1|	92.000	2.27e-60	175	Cucumaria miniata	sea cucumbers	Cucumaria miniata
96750480e344698cef12d5b97caea2cf	gi|2620464676|gb|OR805537.1|	91.379	3.79e-58	174	Cucumaria miniata	sea cucumbers	Cucumaria miniata
2ace4e33746788c4b5cb86ab73c4b7de	gi|2259415336|emb|OW842549.1|	85.121	2.44e-72	289	uncultured Ascomycota	ascomycete fungi	uncultured Ascomycota
2ace4e33746788c4b5cb86ab73c4b7de	gi|926657291|dbj|LC000795.1|	84.669	3.16e-71	287	Olavius environmental sample	segmented worms	Olavius environmental sample
2ace4e33746788c4b5cb86ab73c4b7de	gi|926657265|dbj|LC000769.1|	84.028	6.83e-68	288	Olavius environmental sample	segmented worms	Olavius environmental sample
2ace4e33746788c4b5cb86ab73c4b7de	gi|2259393440|emb|OW837382.1|	83.860	2.46e-67	285	uncultured fungus	fungi	uncultured fungus
2ace4e33746788c4b5cb86ab73c4b7de	gi|926657301|dbj|LC000805.1|	83.045	6.88e-63	289	Olavius environmental sample	segmented worms	Olavius environmental sample
50b0dfb2a7cde64fa40dfeb436e314be	gi|3053320641|gb|PX070016.1|	98.429	1.61e-87	191	Clupea harengus	ray-finned fishes	Atlantic herring
50b0dfb2a7cde64fa40dfeb436e314be	gi|1799624616|gb|MN122931.1|	98.429	1.61e-87	191	Clupea harengus	ray-finned fishes	Atlantic herring
50b0dfb2a7cde64fa40dfeb436e314be	gi|1517391475|gb|MH194498.2|	98.429	1.61e-87	191	Clupea harengus	ray-finned fishes	Atlantic herring
50b0dfb2a7cde64fa40dfeb436e314be	gi|2018537065|gb|MW818226.1|	98.429	1.61e-87	191	Clupea harengus	ray-finned fishes	Atlantic herring
50b0dfb2a7cde64fa40dfeb436e314be	gi|2018537050|gb|MW818211.1|	98.429	1.61e-87	191	Clupea harengus	ray-finned fishes	Atlantic herring
ae8db4260b8ae5776fc294e81f3c0ab5	gi|2259492646|emb|OW835169.1|	88.850	1.10e-90	287	uncultured fungus	fungi	uncultured fungus
ae8db4260b8ae5776fc294e81f3c0ab5	gi|2259389413|emb|OW836490.1|	88.811	1.10e-90	286	uncultured fungus	fungi	uncultured fungus
ae8db4260b8ae5776fc294e81f3c0ab5	gi|2854503517|gb|PQ611765.1|	88.421	1.84e-88	285	Impatiens imbecilla	eudicots	Impatiens imbecilla
ae8db4260b8ae5776fc294e81f3c0ab5	gi|325194922|emb|FR825719.1|	88.380	1.84e-88	284	Albugo laibachii Nc14	oomycetes	Albugo laibachii Nc14
ae8db4260b8ae5776fc294e81f3c0ab5	gi|2259146959|emb|OW835858.1|	89.377	6.62e-88	273	uncultured fungus	fungi	uncultured fungus
ee5bc0e1f251d9396bbd76868649f149	gi|2259494446|emb|OW837507.1|	91.930	1.08e-105	285	uncultured fungus	fungi	uncultured fungus
ee5bc0e1f251d9396bbd76868649f149	gi|2259414726|emb|OW842418.1|	91.901	3.87e-105	284	uncultured Ascomycota	ascomycete fungi	uncultured Ascomycota
ee5bc0e1f251d9396bbd76868649f149	gi|2259143944|emb|OW835525.1|	90.909	1.08e-100	286	uncultured fungus	fungi	uncultured fungus
ee5bc0e1f251d9396bbd76868649f149	gi|2259146879|emb|OW835778.1|	88.772	3.95e-90	285	uncultured fungus	fungi	uncultured fungus
ee5bc0e1f251d9396bbd76868649f149	gi|2259493193|emb|OW836123.1|	85.348	4.07e-70	273	uncultured fungus	fungi	uncultured fungus
e7dc410e40c43c936869ac6e72d4b232	gi|2259146955|emb|OW835854.1|	84.375	1.46e-69	288	uncultured fungus	fungi	uncultured fungus
e7dc410e40c43c936869ac6e72d4b232	gi|1428077394|gb|MH625410.1|	82.639	1.15e-60	288	fungal sp.	fungi	fungal sp.
e7dc410e40c43c936869ac6e72d4b232	gi|2259492656|emb|OW835179.1|	82.456	4.13e-60	285	uncultured fungus	fungi	uncultured fungus
e7dc410e40c43c936869ac6e72d4b232	gi|380705915|gb|JQ177983.1|	82.007	5.34e-59	289	uncultured Riftia	tube worms	uncultured Riftia
e7dc410e40c43c936869ac6e72d4b232	gi|2259493621|emb|OW836520.1|	82.784	1.92e-58	273	uncultured fungus	fungi	uncultured fungus
1d8c7ff46826f09ea7d31eb6e49a3658	gi|2259388964|emb|OW836258.1|	86.851	6.66e-83	289	uncultured fungus	fungi	uncultured fungus
1d8c7ff46826f09ea7d31eb6e49a3658	gi|2259390328|emb|OW836837.1|	86.851	3.10e-81	289	uncultured fungus	fungi	uncultured fungus
1d8c7ff46826f09ea7d31eb6e49a3658	gi|1815521097|gb|MN181444.1|	86.667	1.12e-80	285	Ectocarpus siliculosus	brown algae	Ectocarpus siliculosus
1d8c7ff46826f09ea7d31eb6e49a3658	gi|2259390870|emb|OW836991.1|	86.014	6.71e-78	286	uncultured fungus	fungi	uncultured fungus
1d8c7ff46826f09ea7d31eb6e49a3658	gi|673537795|gb|KM277027.1|	86.296	6.76e-73	270	uncultured Cryptomonadaceae	cryptomonads	uncultured Cryptomonadaceae
c571e3afc3042f2d6adede140f7076fa	gi|2259493168|emb|OW836098.1|	89.510	1.41e-94	286	uncultured fungus	fungi	uncultured fungus
c571e3afc3042f2d6adede140f7076fa	gi|2259406298|emb|OW840390.1|	89.123	8.50e-92	285	uncultured fungus	fungi	uncultured fungus
c571e3afc3042f2d6adede140f7076fa	gi|2259408387|emb|OW840528.1|	88.660	3.06e-91	291	uncultured fungus	fungi	uncultured fungus
c571e3afc3042f2d6adede140f7076fa	gi|2259494369|emb|OW836709.1|	88.772	1.10e-90	285	uncultured fungus	fungi	uncultured fungus
c571e3afc3042f2d6adede140f7076fa	gi|1969812215|emb|LR994622.1|	88.850	1.10e-90	287	Digitaria exilis	monocots	Digitaria exilis
c571e3afc3042f2d6adede140f7076fa	gi|1969812215|emb|LR994622.1|	88.850	1.10e-90	287	Digitaria exilis	monocots	Digitaria exilis
c571e3afc3042f2d6adede140f7076fa	gi|1969812215|emb|LR994622.1|	88.850	1.10e-90	287	Digitaria exilis	monocots	Digitaria exilis
c571e3afc3042f2d6adede140f7076fa	gi|1969812215|emb|LR994622.1|	88.850	1.10e-90	287	Digitaria exilis	monocots	Digitaria exilis
c571e3afc3042f2d6adede140f7076fa	gi|1969812215|emb|LR994622.1|	88.850	1.10e-90	287	Digitaria exilis	monocots	Digitaria exilis
c571e3afc3042f2d6adede140f7076fa	gi|1969812215|emb|LR994622.1|	88.850	1.10e-90	287	Digitaria exilis	monocots	Digitaria exilis
c571e3afc3042f2d6adede140f7076fa	gi|1969812215|emb|LR994622.1|	88.850	1.10e-90	287	Digitaria exilis	monocots	Digitaria exilis
f2bb39ef357c3b5429ad9688233ee479	gi|426260563|gb|KC193773.1|	99.441	3.48e-84	179	Clupea harengus	ray-finned fishes	Atlantic herring
f2bb39ef357c3b5429ad9688233ee479	gi|426259961|gb|KC193730.1|	99.441	3.48e-84	179	Clupea harengus	ray-finned fishes	Atlantic herring
f2bb39ef357c3b5429ad9688233ee479	gi|3053320641|gb|PX070016.1|	98.883	1.62e-82	179	Clupea harengus	ray-finned fishes	Atlantic herring
f2bb39ef357c3b5429ad9688233ee479	gi|1799624616|gb|MN122931.1|	98.883	1.62e-82	179	Clupea harengus	ray-finned fishes	Atlantic herring
f2bb39ef357c3b5429ad9688233ee479	gi|1517391475|gb|MH194498.2|	98.883	1.62e-82	179	Clupea harengus	ray-finned fishes	Atlantic herring
be0fc146539c77f65bf2202ac77762cd	gi|618731371|emb|HE803997.1|	83.275	1.47e-64	287	uncultured phototrophic eukaryote	eukaryotes	uncultured phototrophic eukaryote
be0fc146539c77f65bf2202ac77762cd	gi|2259389377|emb|OW836454.1|	83.158	5.30e-64	285	uncultured fungus	fungi	uncultured fungus
be0fc146539c77f65bf2202ac77762cd	gi|392313586|gb|JQ990194.1|	83.158	5.30e-64	285	uncultured fungus	fungi	uncultured fungus
be0fc146539c77f65bf2202ac77762cd	gi|2259493247|emb|OW836177.1|	82.517	1.15e-60	286	uncultured fungus	fungi	uncultured fungus
be0fc146539c77f65bf2202ac77762cd	gi|2259146897|emb|OW835796.1|	82.192	4.13e-60	292	uncultured fungus	fungi	uncultured fungus
4e588e51766001be38496dea0b505510	gi|2771396400|gb|PQ043683.1|	98.601	6.17e-138	286	Pelagophyceae sp.	pelagophytes	Pelagophyceae sp.
4e588e51766001be38496dea0b505510	gi|2771396376|gb|PQ043659.1|	97.909	3.71e-135	287	Pelagophyceae sp.	pelagophytes	Pelagophyceae sp.
4e588e51766001be38496dea0b505510	gi|2771396375|gb|PQ043658.1|	97.909	3.71e-135	287	Pelagomonadaceae sp. C	pelagophytes	Pelagomonadaceae sp. C
4e588e51766001be38496dea0b505510	gi|2771396372|gb|PQ043655.1|	97.909	3.71e-135	287	Pelagomonadaceae sp. C	pelagophytes	Pelagomonadaceae sp. C
4e588e51766001be38496dea0b505510	gi|2771396378|gb|PQ043661.1|	97.872	2.23e-132	282	Pelagomonadaceae sp. C	pelagophytes	Pelagomonadaceae sp. C
cebbbd5996e7919e67a05fa766845008	gi|2259493815|emb|OW836641.1|	78.014	1.97e-38	282	uncultured fungus	fungi	uncultured fungus
cebbbd5996e7919e67a05fa766845008	gi|2259493659|emb|OW836558.1|	77.622	2.55e-37	286	uncultured fungus	fungi	uncultured fungus
cebbbd5996e7919e67a05fa766845008	gi|2259393484|emb|OW837426.1|	77.985	1.19e-35	268	uncultured fungus	fungi	uncultured fungus
cebbbd5996e7919e67a05fa766845008	gi|1279124608|gb|MF807895.1|	100.000	1.24e-05	35	Nidirana pleuraden	frogs & toads	Yunnan pond frog
cebbbd5996e7919e67a05fa766845008	gi|1279124607|gb|MF807894.1|	100.000	1.24e-05	35	Nidirana pleuraden	frogs & toads	Yunnan pond frog
4c8f3fa90fa6aee8c6a94de0afcf42f4	gi|297037241|gb|HM343646.1|	80.969	2.50e-52	289	uncultured eukaryote	eukaryotes	uncultured eukaryote
4c8f3fa90fa6aee8c6a94de0afcf42f4	gi|2452630277|ref|NC_071864.1|	80.769	9.00e-52	286	Phacus arnoldii	euglenoids	Phacus arnoldii
4c8f3fa90fa6aee8c6a94de0afcf42f4	gi|261362006|gb|FJ719696.1|	80.769	9.00e-52	286	Phacus warszewiczii	euglenoids	Phacus warszewiczii
4c8f3fa90fa6aee8c6a94de0afcf42f4	gi|208968937|gb|EU750703.1|	80.769	9.00e-52	286	Phacus warszewiczii	euglenoids	Phacus warszewiczii
4c8f3fa90fa6aee8c6a94de0afcf42f4	gi|560732877|gb|KF744163.1|	80.420	4.19e-50	286	Phacus carinata	euglenoids	Phacus carinata
6e5e4278aae704a983028692145870e2	gi|2259494369|emb|OW836709.1|	91.608	5.01e-104	286	uncultured fungus	fungi	uncultured fungus
6e5e4278aae704a983028692145870e2	gi|2259408387|emb|OW840528.1|	90.311	1.40e-99	289	uncultured fungus	fungi	uncultured fungus
6e5e4278aae704a983028692145870e2	gi|691189712|gb|KM242645.1|	90.526	5.04e-99	285	Dicathais orbita	gastropods	Dicathais orbita
6e5e4278aae704a983028692145870e2	gi|557470434|gb|KF589848.1|	90.526	5.04e-99	285	Amphioctopus fangsiao	cephalopods	Amphioctopus fangsiao
6e5e4278aae704a983028692145870e2	gi|1969812215|emb|LR994622.1|	90.526	5.04e-99	285	Digitaria exilis	monocots	Digitaria exilis
6e5e4278aae704a983028692145870e2	gi|1969812215|emb|LR994622.1|	90.526	5.04e-99	285	Digitaria exilis	monocots	Digitaria exilis
6e5e4278aae704a983028692145870e2	gi|1969812215|emb|LR994622.1|	90.526	5.04e-99	285	Digitaria exilis	monocots	Digitaria exilis
6e5e4278aae704a983028692145870e2	gi|1969812215|emb|LR994622.1|	90.526	5.04e-99	285	Digitaria exilis	monocots	Digitaria exilis
6e5e4278aae704a983028692145870e2	gi|1969812215|emb|LR994622.1|	90.526	5.04e-99	285	Digitaria exilis	monocots	Digitaria exilis
6e5e4278aae704a983028692145870e2	gi|1969812215|emb|LR994622.1|	90.526	5.04e-99	285	Digitaria exilis	monocots	Digitaria exilis
6e5e4278aae704a983028692145870e2	gi|1969812215|emb|LR994622.1|	90.526	5.04e-99	285	Digitaria exilis	monocots	Digitaria exilis
fe9bdaf71d1d86bbf8b086770d0a2923	gi|336111217|gb|JF488670.1|	77.133	7.15e-33	293	eukaryote SCGC AAA074-E07	eukaryotes	eukaryote SCGC AAA074-E07
fe9bdaf71d1d86bbf8b086770d0a2923	gi|815074665|emb|LN735202.2|	75.593	5.61e-24	295	Prorocentrum sp. RCC1012	dinoflagellates	Prorocentrum sp. RCC1012
fe9bdaf71d1d86bbf8b086770d0a2923	gi|2624363711|gb|OR840007.1|	75.000	7.26e-23	292	Pavlova sp. RD-2023a	haptophytes	Pavlova sp. RD-2023a
fe9bdaf71d1d86bbf8b086770d0a2923	gi|220682009|gb|FJ535844.1|	74.916	7.26e-23	299	Kraftalia crassa	green algae	Kraftalia crassa
fe9bdaf71d1d86bbf8b086770d0a2923	gi|2727549889|emb|OZ038325.1|	75.254	2.61e-22	295	Pterobdella sp. o SKG-2022	segmented worms	Pterobdella sp. o SKG-2022
bfb4f0c0be39f9947ca7d6d313d1a9b8	gi|1799624491|gb|MN122853.1|	99.512	1.20e-98	205	Scomber scombrus	ray-finned fishes	Atlantic mackerel
bfb4f0c0be39f9947ca7d6d313d1a9b8	gi|2626245879|emb|OY829942.1|	99.512	1.20e-98	205	Scomber scombrus	ray-finned fishes	Atlantic mackerel
bfb4f0c0be39f9947ca7d6d313d1a9b8	gi|2018537119|gb|MW818280.1|	99.512	1.20e-98	205	Scomber scombrus	ray-finned fishes	Atlantic mackerel
bfb4f0c0be39f9947ca7d6d313d1a9b8	gi|2018537108|gb|MW818269.1|	99.512	1.20e-98	205	Scomber scombrus	ray-finned fishes	Atlantic mackerel
bfb4f0c0be39f9947ca7d6d313d1a9b8	gi|55376093|ref|NC_006398.1|	99.512	1.20e-98	205	Scomber scombrus	ray-finned fishes	Atlantic mackerel
72e4e291d6a1bc2910855958999cd189	gi|2259493815|emb|OW836641.1|	78.723	9.12e-42	282	uncultured fungus	fungi	uncultured fungus
72e4e291d6a1bc2910855958999cd189	gi|2259493659|emb|OW836558.1|	78.322	1.18e-40	286	uncultured fungus	fungi	uncultured fungus
72e4e291d6a1bc2910855958999cd189	gi|2259393484|emb|OW837426.1|	78.731	5.49e-39	268	uncultured fungus	fungi	uncultured fungus
72e4e291d6a1bc2910855958999cd189	gi|1279124608|gb|MF807895.1|	100.000	1.24e-05	35	Nidirana pleuraden	frogs & toads	Yunnan pond frog
72e4e291d6a1bc2910855958999cd189	gi|1279124607|gb|MF807894.1|	100.000	1.24e-05	35	Nidirana pleuraden	frogs & toads	Yunnan pond frog
a5c6d47e9233daa28bd4b9c37f97231f	gi|1798174185|gb|MN122882.1|	99.024	5.59e-97	205	Cyclopterus lumpus	ray-finned fishes	lumpfish
a5c6d47e9233daa28bd4b9c37f97231f	gi|2578658267|emb|OY735173.1|	99.024	5.59e-97	205	Cyclopterus lumpus	ray-finned fishes	lumpfish
a5c6d47e9233daa28bd4b9c37f97231f	gi|2424877622|ref|NC_069208.1|	99.024	5.59e-97	205	Cyclopterus lumpus	ray-finned fishes	lumpfish
a5c6d47e9233daa28bd4b9c37f97231f	gi|669175207|gb|KM057954.1|	99.024	5.59e-97	205	Cyclopterus lumpus	ray-finned fishes	lumpfish
a5c6d47e9233daa28bd4b9c37f97231f	gi|669175195|gb|KM057942.1|	97.561	5.63e-92	205	Aptocyclus ventricosus	ray-finned fishes	smooth lumpsucker
9cbbb8b4408733b915e033c57cb134b2	gi|1011058769|ref|NC_029758.1|	95.000	2.78e-05	40	Phalacrocorax brasilianus	birds	Neotropic cormorant
9cbbb8b4408733b915e033c57cb134b2	gi|1980528885|ref|NC_052822.1|	95.000	2.78e-05	40	Phalacrocorax auritus	birds	double-crested cormorant
9cbbb8b4408733b915e033c57cb134b2	gi|1897829248|gb|MN356401.1|	95.000	2.78e-05	40	Phalacrocorax harrisi	birds	Galapagos flightless cormorant
9cbbb8b4408733b915e033c57cb134b2	gi|7339780|gb|AF173580.1|AF173580	95.000	2.78e-05	40	Phalacrocorax brasilianus	birds	Neotropic cormorant
9cbbb8b4408733b915e033c57cb134b2	gi|1820516637|gb|MN547487.1|	94.872	1.00e-04	39	Ochotona thibetana	rabbits & hares	Moupin pika
2222871cd7e09fbe97b16de25a876bde	gi|2259389413|emb|OW836490.1|	91.930	1.08e-105	285	uncultured fungus	fungi	uncultured fungus
2222871cd7e09fbe97b16de25a876bde	gi|2259500059|emb|OW842512.1|	90.877	1.08e-100	285	uncultured Ascomycota	ascomycete fungi	uncultured Ascomycota
2222871cd7e09fbe97b16de25a876bde	gi|325194922|emb|FR825719.1|	90.845	3.90e-100	284	Albugo laibachii Nc14	oomycetes	Albugo laibachii Nc14
2222871cd7e09fbe97b16de25a876bde	gi|2259408387|emb|OW840528.1|	90.311	1.40e-99	289	uncultured fungus	fungi	uncultured fungus
2222871cd7e09fbe97b16de25a876bde	gi|1969812215|emb|LR994622.1|	90.526	5.04e-99	285	Digitaria exilis	monocots	Digitaria exilis
2222871cd7e09fbe97b16de25a876bde	gi|1969812215|emb|LR994622.1|	90.526	5.04e-99	285	Digitaria exilis	monocots	Digitaria exilis
2222871cd7e09fbe97b16de25a876bde	gi|1969812215|emb|LR994622.1|	90.526	5.04e-99	285	Digitaria exilis	monocots	Digitaria exilis
2222871cd7e09fbe97b16de25a876bde	gi|1969812215|emb|LR994622.1|	90.526	5.04e-99	285	Digitaria exilis	monocots	Digitaria exilis
2222871cd7e09fbe97b16de25a876bde	gi|1969812215|emb|LR994622.1|	90.526	5.04e-99	285	Digitaria exilis	monocots	Digitaria exilis
2222871cd7e09fbe97b16de25a876bde	gi|1969812215|emb|LR994622.1|	90.526	5.04e-99	285	Digitaria exilis	monocots	Digitaria exilis
2222871cd7e09fbe97b16de25a876bde	gi|1969812215|emb|LR994622.1|	90.526	5.04e-99	285	Digitaria exilis	monocots	Digitaria exilis
e731b8db03533779ca2f0f14c13ed690	gi|2192928254|ref|NC_060630.1|	100.000	9.10e-101	206	Anisarchus medius	ray-finned fishes	stout eelblenny
e731b8db03533779ca2f0f14c13ed690	gi|2216790233|gb|MT627596.1|	99.515	4.23e-99	206	Askoldia variegata	ray-finned fishes	Askoldia variegata
e731b8db03533779ca2f0f14c13ed690	gi|2228970367|ref|NC_062695.1|	99.515	4.23e-99	206	Askoldia variegata	ray-finned fishes	Askoldia variegata
e731b8db03533779ca2f0f14c13ed690	gi|1825511880|gb|MT103910.1|	99.029	1.97e-97	206	Eumesogrammus praecisus	ray-finned fishes	fourline snakeblenny
e731b8db03533779ca2f0f14c13ed690	gi|1812094577|ref|NC_045921.1|	99.029	1.97e-97	206	Opisthocentrus ocellatus	ray-finned fishes	Opisthocentrus ocellatus
417b040f32c00b4e1b3cd880ab4f0d9d	gi|313575309|emb|FN651883.1|	81.714	3.43e-29	175	Siphonochelus boucheti	gastropods	Siphonochelus boucheti
417b040f32c00b4e1b3cd880ab4f0d9d	gi|1433039887|gb|MH198165.1|	80.000	4.44e-28	195	Penion fairfieldae	gastropods	Penion fairfieldae
417b040f32c00b4e1b3cd880ab4f0d9d	gi|1433039731|gb|MH140429.1|	80.000	4.44e-28	195	Penion chathamensis	gastropods	Penion chathamensis
417b040f32c00b4e1b3cd880ab4f0d9d	gi|1464311969|ref|NC_039116.1|	80.000	4.44e-28	195	Penion chathamensis	gastropods	Penion chathamensis
417b040f32c00b4e1b3cd880ab4f0d9d	gi|313575291|emb|FN651865.1|	82.313	1.24e-23	147	Timbellus fulgens	gastropods	Timbellus fulgens
a06088709d4019817fdb886f7b950945	gi|2259393440|emb|OW837382.1|	85.614	4.04e-75	285	uncultured fungus	fungi	uncultured fungus
a06088709d4019817fdb886f7b950945	gi|2259390345|emb|OW836854.1|	84.775	6.76e-73	289	uncultured fungus	fungi	uncultured fungus
a06088709d4019817fdb886f7b950945	gi|2259390902|emb|OW837007.1|	85.926	1.46e-69	270	uncultured fungus	fungi	uncultured fungus
a06088709d4019817fdb886f7b950945	gi|926657301|dbj|LC000805.1|	84.028	6.81e-68	288	Olavius environmental sample	segmented worms	Olavius environmental sample
a06088709d4019817fdb886f7b950945	gi|926657265|dbj|LC000769.1|	83.624	3.17e-66	287	Olavius environmental sample	segmented worms	Olavius environmental sample
9f1d81ab20f3a45b17d7a018f04e5e93	gi|2507491278|emb|OX621290.1|	100.000	0.002	31	Cnephaeus nilssonii	bats	northern bat
9f1d81ab20f3a45b17d7a018f04e5e93	gi|28189960|dbj|AB099115.1|	100.000	0.002	31	Bos taurus	even-toed ungulates & whales	domestic cattle
9f1d81ab20f3a45b17d7a018f04e5e93	gi|3075515200|emb|OZ337939.1|	94.595	0.006	37	Tadarida teniotis	bats	European free-tailed bat
9f1d81ab20f3a45b17d7a018f04e5e93	gi|3075444922|emb|OZ337966.1|	94.595	0.006	37	Tadarida teniotis	bats	European free-tailed bat
9f1d81ab20f3a45b17d7a018f04e5e93	gi|2580276870|gb|OP035279.2|	96.970	0.006	33	Alepisaurus ferox	ray-finned fishes	longnose lancetfish
eb27792a32073b7ebf20b254823a1452	gi|1693290266|ref|NC_042741.1|	88.614	3.45e-59	202	Pisaster ochraceus	starfish	purple sea star
eb27792a32073b7ebf20b254823a1452	gi|726972397|ref|NC_025766.1|	86.207	7.53e-51	203	Aphelasterias japonica	starfish	Aphelasterias japonica
eb27792a32073b7ebf20b254823a1452	gi|2567033649|gb|OR473299.1|	82.927	2.75e-40	205	Marthasterias glacialis	starfish	spiny starfish
eb27792a32073b7ebf20b254823a1452	gi|2076208768|emb|OU452241.1|	82.927	2.75e-40	205	Marthasterias glacialis	starfish	spiny starfish
eb27792a32073b7ebf20b254823a1452	gi|2499155081|gb|OP747302.1|	82.843	3.55e-39	204	Asterias amurensis	starfish	Northern Pacific seastar
80f37307bfc0ad90f3aca72e78cc9353	gi|2259493903|emb|OW836685.1|	95.172	1.75e-123	290	uncultured fungus	fungi	uncultured fungus
80f37307bfc0ad90f3aca72e78cc9353	gi|3146758453|emb|OZ404000.1|	92.982	3.84e-110	285	Sclerolinum annulatum	tube worms	Sclerolinum annulatum
80f37307bfc0ad90f3aca72e78cc9353	gi|313847550|emb|FN869549.1|	92.281	2.31e-107	285	Lucinidae gen. sp. TB-2010	bivalves	Lucinidae gen. sp. TB-2010
80f37307bfc0ad90f3aca72e78cc9353	gi|926657240|dbj|LC000744.1|	91.958	1.08e-105	286	Lucina environmental sample	bivalves	Lucina environmental sample
80f37307bfc0ad90f3aca72e78cc9353	gi|2259146851|emb|OW835750.1|	91.549	1.80e-103	284	uncultured fungus	fungi	uncultured fungus
9b81c84bb2701d25ff1f1704626e0e0c	gi|1798183348|emb|LR745847.1|	99.505	6.49e-97	202	Asterias rubens	starfish	European starfish
9b81c84bb2701d25ff1f1704626e0e0c	gi|2567033648|gb|OR473298.1|	95.050	6.63e-82	202	Asterias amurensis	starfish	Northern Pacific seastar
9b81c84bb2701d25ff1f1704626e0e0c	gi|2582205361|gb|CP134956.1|	95.050	6.63e-82	202	Asterias amurensis	starfish	Northern Pacific seastar
9b81c84bb2701d25ff1f1704626e0e0c	gi|2582205361|gb|CP134956.1|	97.059	9.33e-21	68	Asterias amurensis	starfish	Northern Pacific seastar
9b81c84bb2701d25ff1f1704626e0e0c	gi|2499155095|gb|OP747303.1|	95.050	6.63e-82	202	Asterias amurensis	starfish	Northern Pacific seastar
9b81c84bb2701d25ff1f1704626e0e0c	gi|2499155067|gb|OP747301.1|	95.050	6.63e-82	202	Asterias amurensis	starfish	Northern Pacific seastar
bb1649d5e3aee439ac5a84cdaf639902	gi|2987591825|gb|PV691872.1|	98.049	1.21e-93	205	Citharichthys arctifrons	ray-finned fishes	Gulf Stream flounder
bb1649d5e3aee439ac5a84cdaf639902	gi|2987591727|gb|PV691865.1|	98.049	1.21e-93	205	Citharichthys arctifrons	ray-finned fishes	Gulf Stream flounder
bb1649d5e3aee439ac5a84cdaf639902	gi|3157076626|gb|PX939998.1|	98.049	1.21e-93	205	Citharichthys arctifrons	ray-finned fishes	Gulf Stream flounder
bb1649d5e3aee439ac5a84cdaf639902	gi|2587933576|ref|NC_083038.1|	97.561	5.63e-92	205	Citharichthys arctifrons	ray-finned fishes	Gulf Stream flounder
bb1649d5e3aee439ac5a84cdaf639902	gi|1788585354|gb|MN883203.1|	97.970	3.39e-89	197	Citharichthys arctifrons	ray-finned fishes	Gulf Stream flounder
174a61653666d9ecb303f41f77cf0eb6	gi|2259493168|emb|OW836098.1|	89.510	1.41e-94	286	uncultured fungus	fungi	uncultured fungus
174a61653666d9ecb303f41f77cf0eb6	gi|2259406298|emb|OW840390.1|	89.123	8.50e-92	285	uncultured fungus	fungi	uncultured fungus
174a61653666d9ecb303f41f77cf0eb6	gi|2259408387|emb|OW840528.1|	88.660	3.06e-91	291	uncultured fungus	fungi	uncultured fungus
174a61653666d9ecb303f41f77cf0eb6	gi|2259494369|emb|OW836709.1|	88.772	1.10e-90	285	uncultured fungus	fungi	uncultured fungus
174a61653666d9ecb303f41f77cf0eb6	gi|1969812215|emb|LR994622.1|	88.850	1.10e-90	287	Digitaria exilis	monocots	Digitaria exilis
174a61653666d9ecb303f41f77cf0eb6	gi|1969812215|emb|LR994622.1|	88.850	1.10e-90	287	Digitaria exilis	monocots	Digitaria exilis
174a61653666d9ecb303f41f77cf0eb6	gi|1969812215|emb|LR994622.1|	88.850	1.10e-90	287	Digitaria exilis	monocots	Digitaria exilis
174a61653666d9ecb303f41f77cf0eb6	gi|1969812215|emb|LR994622.1|	88.850	1.10e-90	287	Digitaria exilis	monocots	Digitaria exilis
174a61653666d9ecb303f41f77cf0eb6	gi|1969812215|emb|LR994622.1|	88.850	1.10e-90	287	Digitaria exilis	monocots	Digitaria exilis
174a61653666d9ecb303f41f77cf0eb6	gi|1969812215|emb|LR994622.1|	88.850	1.10e-90	287	Digitaria exilis	monocots	Digitaria exilis
174a61653666d9ecb303f41f77cf0eb6	gi|1969812215|emb|LR994622.1|	88.850	1.10e-90	287	Digitaria exilis	monocots	Digitaria exilis
ca4186a7a6fe18e532d82e44882f6686	gi|2571476450|gb|OR499726.1|	99.512	1.22e-98	205	Merluccius albidus	ray-finned fishes	offshore hake
ca4186a7a6fe18e532d82e44882f6686	gi|1788585394|gb|MN883216.1|	99.495	9.47e-95	198	Merluccius albidus	ray-finned fishes	offshore hake
ca4186a7a6fe18e532d82e44882f6686	gi|1788585391|gb|MN883215.1|	99.495	9.47e-95	198	Merluccius albidus	ray-finned fishes	offshore hake
ca4186a7a6fe18e532d82e44882f6686	gi|2715331780|ref|NC_088010.1|	96.098	2.06e-86	205	Merluccius hubbsi	ray-finned fishes	Argentine hake
ca4186a7a6fe18e532d82e44882f6686	gi|2580316395|gb|OR575596.1|	95.610	2.67e-85	205	Merluccius angustimanus	ray-finned fishes	Panama hake
48403bb1a3ed491c0b709d2d9dc910e1	gi|3105471555|emb|OZ366960.1|	86.316	5.19e-79	285	Sarcotragus fasciculatus	sponges	Sarcotragus fasciculatus
48403bb1a3ed491c0b709d2d9dc910e1	gi|2259492712|emb|OW835235.1|	85.915	8.68e-77	284	uncultured fungus	fungi	uncultured fungus
48403bb1a3ed491c0b709d2d9dc910e1	gi|2259500066|emb|OW842519.1|	85.614	1.12e-75	285	uncultured Ascomycota	ascomycete fungi	uncultured Ascomycota
48403bb1a3ed491c0b709d2d9dc910e1	gi|2259146897|emb|OW835796.1|	84.536	8.74e-72	291	uncultured fungus	fungi	uncultured fungus
48403bb1a3ed491c0b709d2d9dc910e1	gi|2259494396|emb|OW837108.1|	85.609	3.15e-71	271	uncultured fungus	fungi	uncultured fungus
2b9f2982adada7d6c2cd06f7045339f6	gi|2989059657|gb|PV710554.1|	100.000	3.03e-100	205	Ammodytes dubius	ray-finned fishes	northern sand lance
2b9f2982adada7d6c2cd06f7045339f6	gi|959122927|ref|NC_028530.1|	100.000	3.03e-100	205	Ammodytes americanus	ray-finned fishes	American sand lance
2b9f2982adada7d6c2cd06f7045339f6	gi|2989059643|gb|PV710553.1|	99.512	1.41e-98	205	Ammodytes dubius	ray-finned fishes	northern sand lance
2b9f2982adada7d6c2cd06f7045339f6	gi|2989059629|gb|PV710552.1|	99.512	1.41e-98	205	Ammodytes dubius	ray-finned fishes	northern sand lance
2b9f2982adada7d6c2cd06f7045339f6	gi|2949335892|gb|PV423377.1|	99.512	1.41e-98	205	Ammodytes dubius	ray-finned fishes	northern sand lance
d1b40d83d9598dafd6d8ffcd2e955e2a	gi|2248499876|ref|NC_063523.1|	99.515	3.36e-99	206	Brosme brosme	ray-finned fishes	Brosme brosme
d1b40d83d9598dafd6d8ffcd2e955e2a	gi|2119746849|gb|MZ329990.1|	99.515	3.36e-99	206	Brosme brosme	ray-finned fishes	Brosme brosme
d1b40d83d9598dafd6d8ffcd2e955e2a	gi|14485460|emb|AJ315617.1|	98.942	4.41e-88	189	Brosme brosme	ray-finned fishes	Brosme brosme
d1b40d83d9598dafd6d8ffcd2e955e2a	gi|700587773|gb|KM201364.1|	95.631	7.38e-86	206	Lota lota	ray-finned fishes	burbot
d1b40d83d9598dafd6d8ffcd2e955e2a	gi|697994615|gb|KM363244.1|	95.631	7.38e-86	206	Lota lota	ray-finned fishes	burbot
d0b08ad5227c3066d9a30a928609e3c0	gi|2259492676|emb|OW835199.1|	96.207	1.74e-128	290	uncultured fungus	fungi	uncultured fungus
d0b08ad5227c3066d9a30a928609e3c0	gi|2669162164|emb|OZ007508.1|	90.175	2.35e-97	285	Axinella damicornis	sponges	Axinella damicornis
d0b08ad5227c3066d9a30a928609e3c0	gi|926657240|dbj|LC000744.1|	90.210	2.35e-97	286	Lucina environmental sample	bivalves	Lucina environmental sample
d0b08ad5227c3066d9a30a928609e3c0	gi|2259493217|emb|OW836147.1|	90.741	5.08e-94	270	uncultured fungus	fungi	uncultured fungus
d0b08ad5227c3066d9a30a928609e3c0	gi|815075962|emb|LN735469.3|	91.011	1.83e-93	267	Lepidodinium sp. RCC854	dinoflagellates	Lepidodinium sp. RCC854
f1d0a3a0de6f60eb3ab2e9ed08efe960	gi|1540304408|gb|MH688244.1|	93.023	1.60e-04	43	Aperioptus gracilentus	ray-finned fishes	Aperioptus gracilentus
f1d0a3a0de6f60eb3ab2e9ed08efe960	gi|2064684336|dbj|LC640023.1|	93.023	1.60e-04	43	Paraplagusia japonica	ray-finned fishes	black cow-tongue
f1d0a3a0de6f60eb3ab2e9ed08efe960	gi|511347697|ref|NC_021376.1|	93.023	1.60e-04	43	Paraplagusia japonica	ray-finned fishes	black cow-tongue
f1d0a3a0de6f60eb3ab2e9ed08efe960	gi|1918448007|dbj|LC579409.1|	93.023	1.60e-04	43	Paraplagusia japonica	ray-finned fishes	black cow-tongue
f1d0a3a0de6f60eb3ab2e9ed08efe960	gi|169665021|gb|EU341086.1|	97.143	5.75e-04	35	Anodonthyla rouxae	frogs & toads	Madagascar climbing frog
5f0c6de41f8f19bb1894c55562241648	gi|2259389413|emb|OW836490.1|	90.877	1.08e-100	285	uncultured fungus	fungi	uncultured fungus
5f0c6de41f8f19bb1894c55562241648	gi|2259500059|emb|OW842512.1|	89.474	5.08e-94	285	uncultured Ascomycota	ascomycete fungi	uncultured Ascomycota
5f0c6de41f8f19bb1894c55562241648	gi|2259493903|emb|OW836685.1|	89.041	1.83e-93	292	uncultured fungus	fungi	uncultured fungus
5f0c6de41f8f19bb1894c55562241648	gi|325194922|emb|FR825719.1|	89.437	1.83e-93	284	Albugo laibachii Nc14	oomycetes	Albugo laibachii Nc14
5f0c6de41f8f19bb1894c55562241648	gi|2259408387|emb|OW840528.1|	88.927	6.57e-93	289	uncultured fungus	fungi	uncultured fungus
fb3a735dbfa2639d12ed877065a41959	gi|1279124608|gb|MF807895.1|	100.000	1.24e-05	35	Nidirana pleuraden	frogs & toads	Yunnan pond frog
fb3a735dbfa2639d12ed877065a41959	gi|1279124607|gb|MF807894.1|	100.000	1.24e-05	35	Nidirana pleuraden	frogs & toads	Yunnan pond frog
fb3a735dbfa2639d12ed877065a41959	gi|169665021|gb|EU341086.1|	100.000	4.44e-05	34	Anodonthyla rouxae	frogs & toads	Madagascar climbing frog
fb3a735dbfa2639d12ed877065a41959	gi|148524037|gb|EF566970.1|	97.143	5.75e-04	35	Acris crepitans	frogs & toads	northern cricket frog
fb3a735dbfa2639d12ed877065a41959	gi|148524036|gb|EF566969.1|	97.143	5.75e-04	35	Acris crepitans	frogs & toads	northern cricket frog
7ee2fefcc71e4d9a839fa04c576522b6	gi|2259143938|emb|OW835519.1|	86.458	5.21e-79	288	uncultured fungus	fungi	uncultured fungus
7ee2fefcc71e4d9a839fa04c576522b6	gi|2259492667|emb|OW835190.1|	84.138	6.83e-68	290	uncultured fungus	fungi	uncultured fungus
7ee2fefcc71e4d9a839fa04c576522b6	gi|2259494430|emb|OW837491.1|	83.162	1.91e-63	291	uncultured fungus	fungi	uncultured fungus
7ee2fefcc71e4d9a839fa04c576522b6	gi|2259389090|emb|OW836369.1|	80.000	7.03e-48	290	uncultured fungus	fungi	uncultured fungus
7ee2fefcc71e4d9a839fa04c576522b6	gi|2259165774|emb|OW835948.1|	74.394	3.39e-21	289	uncultured fungus	fungi	uncultured fungus
c8b6ab23b4d5a6eb06afe71389e557e3	gi|2259143737|emb|OW835366.1|	82.812	4.35e-20	128	uncultured fungus	fungi	uncultured fungus
c8b6ab23b4d5a6eb06afe71389e557e3	gi|2259140883|emb|OW834183.1|	80.405	3.39e-16	148	uncultured fungus	fungi	uncultured fungus
c8b6ab23b4d5a6eb06afe71389e557e3	gi|2259494389|emb|OW836729.1|	85.714	1.22e-15	98	uncultured fungus	fungi	uncultured fungus
c8b6ab23b4d5a6eb06afe71389e557e3	gi|2259390339|emb|OW836848.1|	84.848	5.67e-14	99	uncultured fungus	fungi	uncultured fungus
c8b6ab23b4d5a6eb06afe71389e557e3	gi|2259389376|emb|OW836453.1|	84.694	5.67e-14	98	uncultured fungus	fungi	uncultured fungus
3ef0071033b3142177f463c3f9bb6ff7	gi|2329468051|gb|OP056813.1|	97.059	0.002	34	Bathygobius geminatus	ray-finned fishes	twin-spotted frillfin
3ef0071033b3142177f463c3f9bb6ff7	gi|2426930353|dbj|LC049831.2|	97.059	0.002	34	Rhinogobius rong	ray-finned fishes	Rhinogobius rong
3ef0071033b3142177f463c3f9bb6ff7	gi|751868327|ref|NC_026284.1|	97.059	0.002	34	Pelotretis flavilatus	ray-finned fishes	southern lemon sole
3ef0071033b3142177f463c3f9bb6ff7	gi|2064684336|dbj|LC640023.1|	97.059	0.002	34	Paraplagusia japonica	ray-finned fishes	black cow-tongue
3ef0071033b3142177f463c3f9bb6ff7	gi|511347697|ref|NC_021376.1|	97.059	0.002	34	Paraplagusia japonica	ray-finned fishes	black cow-tongue
201fca9c06bbf73cf320d366020f3fb3	gi|2756199818|ref|XR_010751721.1|	92.683	0.002	41	Saccopteryx leptura	bats	lesser sac-winged bat
201fca9c06bbf73cf320d366020f3fb3	gi|2756181183|ref|XR_010750309.1|	92.683	0.002	41	Saccopteryx leptura	bats	lesser sac-winged bat
201fca9c06bbf73cf320d366020f3fb3	gi|1299050037|ref|NC_036421.1|	92.683	0.002	41	Saccopteryx leptura	bats	lesser sac-winged bat
201fca9c06bbf73cf320d366020f3fb3	gi|2753742324|ref|XR_010725719.1|	92.683	0.002	41	Saccopteryx bilineata	bats	greater sac-winged bat
201fca9c06bbf73cf320d366020f3fb3	gi|1131301062|gb|KX381769.1|	92.683	0.002	41	Rhynchonycteris naso	bats	proboscis bat
af2f79895b304a1e6cf0aeeb9c7d27f1	gi|2801893672|gb|PQ306151.1|	99.524	2.29e-101	210	Homo sapiens	primates	human
af2f79895b304a1e6cf0aeeb9c7d27f1	gi|3057012933|gb|PX273259.1|	99.522	8.25e-101	209	Homo sapiens	primates	human
af2f79895b304a1e6cf0aeeb9c7d27f1	gi|3057012919|gb|PX273258.1|	99.522	8.25e-101	209	Homo sapiens	primates	human
af2f79895b304a1e6cf0aeeb9c7d27f1	gi|3057012905|gb|PX273257.1|	99.522	8.25e-101	209	Homo sapiens	primates	human
af2f79895b304a1e6cf0aeeb9c7d27f1	gi|3057012891|gb|PX273256.1|	99.522	8.25e-101	209	Homo sapiens	primates	human
d3ebb43c757cd373afe283438960823c	gi|1799624491|gb|MN122853.1|	99.512	1.20e-98	205	Scomber scombrus	ray-finned fishes	Atlantic mackerel
d3ebb43c757cd373afe283438960823c	gi|2626245879|emb|OY829942.1|	99.512	1.20e-98	205	Scomber scombrus	ray-finned fishes	Atlantic mackerel
d3ebb43c757cd373afe283438960823c	gi|2018537119|gb|MW818280.1|	99.512	1.20e-98	205	Scomber scombrus	ray-finned fishes	Atlantic mackerel
d3ebb43c757cd373afe283438960823c	gi|2018537108|gb|MW818269.1|	99.512	1.20e-98	205	Scomber scombrus	ray-finned fishes	Atlantic mackerel
d3ebb43c757cd373afe283438960823c	gi|55376093|ref|NC_006398.1|	99.512	1.20e-98	205	Scomber scombrus	ray-finned fishes	Atlantic mackerel
720e7d922bb1b0824f85b7dcc23b132a	gi|2259146955|emb|OW835854.1|	83.333	1.47e-64	288	uncultured fungus	fungi	uncultured fungus
720e7d922bb1b0824f85b7dcc23b132a	gi|2259492656|emb|OW835179.1|	82.867	8.87e-62	286	uncultured fungus	fungi	uncultured fungus
720e7d922bb1b0824f85b7dcc23b132a	gi|1428077394|gb|MH625410.1|	82.639	1.15e-60	288	fungal sp.	fungi	fungal sp.
720e7d922bb1b0824f85b7dcc23b132a	gi|380705915|gb|JQ177983.1|	82.230	1.15e-60	287	uncultured Riftia	tube worms	uncultured Riftia
720e7d922bb1b0824f85b7dcc23b132a	gi|2259493621|emb|OW836520.1|	83.212	4.13e-60	274	uncultured fungus	fungi	uncultured fungus
b023cbac0cb28bb1bce52b6e8d7cc7ff	gi|2882954833|gb|PQ858633.1|	99.024	6.65e-97	205	Sebastes mentella	ray-finned fishes	deepwater redfish
b023cbac0cb28bb1bce52b6e8d7cc7ff	gi|2882954819|gb|PQ858632.1|	99.024	6.65e-97	205	Sebastes mentella	ray-finned fishes	deepwater redfish
b023cbac0cb28bb1bce52b6e8d7cc7ff	gi|2882954805|gb|PQ858631.1|	99.024	6.65e-97	205	Sebastes fasciatus	ray-finned fishes	Acadian redfish
b023cbac0cb28bb1bce52b6e8d7cc7ff	gi|2882954791|gb|PQ858630.1|	99.024	6.65e-97	205	Sebastes fasciatus	ray-finned fishes	Acadian redfish
b023cbac0cb28bb1bce52b6e8d7cc7ff	gi|2882954777|gb|PQ858629.1|	99.024	6.65e-97	205	Sebastes fasciatus	ray-finned fishes	Acadian redfish
a4e11532eaf0726768fb80104cdd4a6c	gi|2259389329|emb|OW836406.1|	88.811	3.06e-91	286	uncultured fungus	fungi	uncultured fungus
a4e11532eaf0726768fb80104cdd4a6c	gi|2259141931|emb|OW834675.1|	91.803	6.62e-88	244	uncultured fungus	fungi	uncultured fungus
a4e11532eaf0726768fb80104cdd4a6c	gi|2259392414|emb|OW837259.1|	87.676	3.98e-85	284	uncultured fungus	fungi	uncultured fungus
a4e11532eaf0726768fb80104cdd4a6c	gi|2259165850|emb|OW836024.1|	88.235	1.85e-83	272	uncultured fungus	fungi	uncultured fungus
a4e11532eaf0726768fb80104cdd4a6c	gi|2259493621|emb|OW836520.1|	87.868	8.62e-82	272	uncultured fungus	fungi	uncultured fungus
7b16e05504aeea12221df3d9a77e5d40	gi|336111270|gb|JF488723.1|	93.007	1.07e-110	286	eukaryote SCGC AAA074-N03	eukaryotes	eukaryote SCGC AAA074-N03
7b16e05504aeea12221df3d9a77e5d40	gi|1535790385|ref|NC_040134.1|	92.281	2.31e-107	285	Synura uvella	heterokonts	Synura uvella
7b16e05504aeea12221df3d9a77e5d40	gi|1535790385|ref|NC_040134.1|	92.281	2.31e-107	285	Synura uvella	heterokonts	Synura uvella
7b16e05504aeea12221df3d9a77e5d40	gi|29692372|gb|AF534438.1|	92.308	2.31e-107	286	uncultured eukaryote	eukaryotes	uncultured eukaryote
7b16e05504aeea12221df3d9a77e5d40	gi|62959431|gb|AY948053.1|	92.308	2.31e-107	286	uncultured phototrophic eukaryote	eukaryotes	uncultured phototrophic eukaryote
7b16e05504aeea12221df3d9a77e5d40	gi|430000370|gb|JX869342.1|	91.958	1.08e-105	286	uncultured Chrysophyceae	golden algae	uncultured Chrysophyceae
5ec38e363c8dfae95c3b549ec3c305ec	gi|1132318769|gb|KX937738.1|	95.470	1.75e-123	287	uncultured marine eukaryote	eukaryotes	uncultured marine eukaryote
5ec38e363c8dfae95c3b549ec3c305ec	gi|1918167945|gb|MW152980.1|	96.255	2.28e-117	267	uncultured phototrophic eukaryote	eukaryotes	uncultured phototrophic eukaryote
5ec38e363c8dfae95c3b549ec3c305ec	gi|1918167679|gb|MW152714.1|	95.880	1.06e-115	267	uncultured phototrophic eukaryote	eukaryotes	uncultured phototrophic eukaryote
5ec38e363c8dfae95c3b549ec3c305ec	gi|1918167649|gb|MW152684.1|	95.880	1.06e-115	267	uncultured phototrophic eukaryote	eukaryotes	uncultured phototrophic eukaryote
5ec38e363c8dfae95c3b549ec3c305ec	gi|3004233978|tpd|BR002544.1|	92.334	1.79e-108	287	Lepidoparma frigida	heterokonts	Lepidoparma frigida
e8d231cb7179f8ad1f4b4f2084edfd15	gi|2248504590|ref|NC_063631.1|	97.241	1.73e-133	290	Chaetoceros gelidus	diatoms	Chaetoceros gelidus
e8d231cb7179f8ad1f4b4f2084edfd15	gi|2248504590|ref|NC_063631.1|	97.561	1.73e-133	287	Chaetoceros gelidus	diatoms	Chaetoceros gelidus
e8d231cb7179f8ad1f4b4f2084edfd15	gi|404427627|gb|JQ515126.1|	97.561	1.73e-133	287	uncultured diatom	diatoms	uncultured diatom
e8d231cb7179f8ad1f4b4f2084edfd15	gi|365788340|dbj|AB645299.1|	97.561	1.73e-133	287	uncultured Skeletonema	diatoms	uncultured Skeletonema
e8d231cb7179f8ad1f4b4f2084edfd15	gi|259151099|emb|FN396754.1|	97.561	1.73e-133	287	uncultured eukaryote	eukaryotes	uncultured eukaryote
e8d231cb7179f8ad1f4b4f2084edfd15	gi|259151097|emb|FN396752.1|	97.561	1.73e-133	287	uncultured eukaryote	eukaryotes	uncultured eukaryote
58131edfb9950539deab9b318b4217ca	gi|2259494446|emb|OW837507.1|	93.684	4.94e-114	285	uncultured fungus	fungi	uncultured fungus
58131edfb9950539deab9b318b4217ca	gi|2259143944|emb|OW835525.1|	93.333	2.30e-112	285	uncultured fungus	fungi	uncultured fungus
58131edfb9950539deab9b318b4217ca	gi|2259146879|emb|OW835778.1|	92.606	1.79e-108	284	uncultured fungus	fungi	uncultured fungus
58131edfb9950539deab9b318b4217ca	gi|2259414726|emb|OW842418.1|	91.549	1.80e-103	284	uncultured Ascomycota	ascomycete fungi	uncultured Ascomycota
58131edfb9950539deab9b318b4217ca	gi|2259493193|emb|OW836123.1|	88.603	3.98e-85	272	uncultured fungus	fungi	uncultured fungus
be8e0a43eb3b6092f92cd56248358085	gi|2259494446|emb|OW837507.1|	90.877	1.08e-100	285	uncultured fungus	fungi	uncultured fungus
be8e0a43eb3b6092f92cd56248358085	gi|2259414726|emb|OW842418.1|	90.141	8.44e-97	284	uncultured Ascomycota	ascomycete fungi	uncultured Ascomycota
be8e0a43eb3b6092f92cd56248358085	gi|2259143944|emb|OW835525.1|	89.825	1.09e-95	285	uncultured fungus	fungi	uncultured fungus
be8e0a43eb3b6092f92cd56248358085	gi|2259146879|emb|OW835778.1|	88.380	1.84e-88	284	uncultured fungus	fungi	uncultured fungus
be8e0a43eb3b6092f92cd56248358085	gi|2259493193|emb|OW836123.1|	85.294	4.07e-70	272	uncultured fungus	fungi	uncultured fungus
a23b4cb04bbc20c2c3dd8d1633334e8a	gi|926657291|dbj|LC000795.1|	84.669	3.16e-71	287	Olavius environmental sample	segmented worms	Olavius environmental sample
a23b4cb04bbc20c2c3dd8d1633334e8a	gi|2259415336|emb|OW842549.1|	84.775	1.14e-70	289	uncultured Ascomycota	ascomycete fungi	uncultured Ascomycota
a23b4cb04bbc20c2c3dd8d1633334e8a	gi|926657265|dbj|LC000769.1|	84.028	6.83e-68	288	Olavius environmental sample	segmented worms	Olavius environmental sample
a23b4cb04bbc20c2c3dd8d1633334e8a	gi|2259393440|emb|OW837382.1|	83.860	2.46e-67	285	uncultured fungus	fungi	uncultured fungus
a23b4cb04bbc20c2c3dd8d1633334e8a	gi|926657301|dbj|LC000805.1|	83.045	6.88e-63	289	Olavius environmental sample	segmented worms	Olavius environmental sample
9f05d17c7c6fe01c7d777edfd2955aac	gi|2259143720|emb|OW835349.1|	83.803	8.81e-67	284	uncultured fungus	fungi	uncultured fungus
9f05d17c7c6fe01c7d777edfd2955aac	gi|2259141931|emb|OW834675.1|	86.008	5.30e-64	243	uncultured fungus	fungi	uncultured fungus
9f05d17c7c6fe01c7d777edfd2955aac	gi|2259165850|emb|OW836024.1|	83.824	1.91e-63	272	uncultured fungus	fungi	uncultured fungus
9f05d17c7c6fe01c7d777edfd2955aac	gi|2259146955|emb|OW835854.1|	82.986	6.86e-63	288	uncultured fungus	fungi	uncultured fungus
9f05d17c7c6fe01c7d777edfd2955aac	gi|2259392235|emb|OW837158.1|	82.867	2.47e-62	286	uncultured fungus	fungi	uncultured fungus
525eb9391323180645047e937b216e64	gi|3004233984|tpd|BR002550.1|	98.258	7.98e-137	287	Triparma verrucosa	heterokonts	Triparma verrucosa
525eb9391323180645047e937b216e64	gi|3004233984|tpd|BR002550.1|	97.931	7.98e-137	290	Triparma verrucosa	heterokonts	Triparma verrucosa
525eb9391323180645047e937b216e64	gi|3004233983|tpd|BR002549.1|	98.258	7.98e-137	287	Triparma strigata	heterokonts	Triparma strigata
525eb9391323180645047e937b216e64	gi|3004233983|tpd|BR002549.1|	97.931	7.98e-137	290	Triparma strigata	heterokonts	Triparma strigata
525eb9391323180645047e937b216e64	gi|1197379053|gb|KX602049.1|	98.258	7.98e-137	287	uncultured diatom	diatoms	uncultured diatom
525eb9391323180645047e937b216e64	gi|3004233981|tpd|BR002547.1|	97.561	1.73e-133	287	Triparma laevis f. longispina	heterokonts	Triparma laevis f. longispina
525eb9391323180645047e937b216e64	gi|3004233981|tpd|BR002547.1|	97.241	1.73e-133	290	Triparma laevis f. longispina	heterokonts	Triparma laevis f. longispina
525eb9391323180645047e937b216e64	gi|918021166|ref|NC_027746.1|	97.241	1.73e-133	290	Triparma laevis	heterokonts	Triparma laevis
525eb9391323180645047e937b216e64	gi|918021166|ref|NC_027746.1|	97.561	1.73e-133	287	Triparma laevis	heterokonts	Triparma laevis
c854c07931c8b88ec363b0b43593bad3	gi|1253558257|ref|NG_009191.3|	98.507	4.28e-93	201	Homo sapiens	primates	human
c854c07931c8b88ec363b0b43593bad3	gi|21306612|gb|AC074322.4|	98.507	4.28e-93	201	Homo sapiens	primates	human
c854c07931c8b88ec363b0b43593bad3	gi|110005885|gb|AC188299.1|	88.177	1.25e-58	203	Macaca mulatta	primates	Rhesus monkey
c854c07931c8b88ec363b0b43593bad3	gi|3129234823|ref|XR_013413162.1|	85.149	4.56e-48	202	Macaca mulatta	primates	Rhesus monkey
c854c07931c8b88ec363b0b43593bad3	gi|19572408|emb|AL590396.13|	82.587	3.57e-39	201	Homo sapiens	primates	human
522cfcc2ae047767c7642b0ca133af76	gi|2994737870|gb|PV656769.1|	100.000	5.78e-82	172	Urophycis chuss	ray-finned fishes	red hake
522cfcc2ae047767c7642b0ca133af76	gi|2580283387|gb|OP057106.2|	100.000	5.78e-82	172	Urophycis chuss	ray-finned fishes	red hake
522cfcc2ae047767c7642b0ca133af76	gi|227463873|gb|FJ215093.1|	100.000	7.53e-76	161	Urophycis chuss	ray-finned fishes	red hake
522cfcc2ae047767c7642b0ca133af76	gi|2557040009|gb|OR380056.1|	100.000	5.91e-67	145	Urophycis chuss	ray-finned fishes	red hake
522cfcc2ae047767c7642b0ca133af76	gi|1825511901|gb|MT103927.1|	94.253	2.75e-65	174	Urophycis tenuis	ray-finned fishes	white hake
9f046a8b53fa54e16e6ad87890a2338d	gi|2259493815|emb|OW836641.1|	78.014	1.97e-38	282	uncultured fungus	fungi	uncultured fungus
9f046a8b53fa54e16e6ad87890a2338d	gi|2259493659|emb|OW836558.1|	77.622	2.55e-37	286	uncultured fungus	fungi	uncultured fungus
9f046a8b53fa54e16e6ad87890a2338d	gi|2259393484|emb|OW837426.1|	77.985	1.19e-35	268	uncultured fungus	fungi	uncultured fungus
9f046a8b53fa54e16e6ad87890a2338d	gi|1279124608|gb|MF807895.1|	100.000	1.24e-05	35	Nidirana pleuraden	frogs & toads	Yunnan pond frog
9f046a8b53fa54e16e6ad87890a2338d	gi|1279124607|gb|MF807894.1|	100.000	1.24e-05	35	Nidirana pleuraden	frogs & toads	Yunnan pond frog
db2508fe7d7970da1e6663ce3769b84c	gi|1132318726|gb|KX937695.1|	95.122	8.15e-122	287	uncultured marine eukaryote	eukaryotes	uncultured marine eukaryote
db2508fe7d7970da1e6663ce3769b84c	gi|261411524|gb|GQ863833.1|	94.774	3.79e-120	287	uncultured eukaryote	eukaryotes	uncultured eukaryote
db2508fe7d7970da1e6663ce3769b84c	gi|1132318729|gb|KX937698.1|	94.774	3.79e-120	287	uncultured marine eukaryote	eukaryotes	uncultured marine eukaryote
db2508fe7d7970da1e6663ce3769b84c	gi|1132318724|gb|KX937693.1|	94.774	3.79e-120	287	uncultured marine eukaryote	eukaryotes	uncultured marine eukaryote
db2508fe7d7970da1e6663ce3769b84c	gi|3106443530|gb|PX512529.1|	94.425	1.76e-118	287	Pedinellales sp.	heterokonts	Pedinellales sp.
db2508fe7d7970da1e6663ce3769b84c	gi|3106443530|gb|PX512529.1|	93.793	8.20e-117	290	Pedinellales sp.	heterokonts	Pedinellales sp.
f85b4495f843fc8b5eb3e7275f4d92e8	gi|2259143944|emb|OW835525.1|	88.772	1.10e-90	285	uncultured fungus	fungi	uncultured fungus
f85b4495f843fc8b5eb3e7275f4d92e8	gi|2259146816|emb|OW835715.1|	82.353	1.92e-58	289	uncultured fungus	fungi	uncultured fungus
f85b4495f843fc8b5eb3e7275f4d92e8	gi|2159203749|emb|OU942151.1|	81.944	2.48e-57	288	uncultured fungus	fungi	uncultured fungus
f85b4495f843fc8b5eb3e7275f4d92e8	gi|2159204677|emb|OU943079.1|	81.315	5.38e-54	289	uncultured fungus	fungi	uncultured fungus
f85b4495f843fc8b5eb3e7275f4d92e8	gi|2259389109|emb|OW836388.1|	81.379	1.93e-53	290	uncultured fungus	fungi	uncultured fungus
0d130980c97e127b5c4b060da8644246	gi|2801893672|gb|PQ306151.1|	99.524	2.44e-101	210	Homo sapiens	primates	human
0d130980c97e127b5c4b060da8644246	gi|3057012933|gb|PX273259.1|	99.522	8.76e-101	209	Homo sapiens	primates	human
0d130980c97e127b5c4b060da8644246	gi|3057012919|gb|PX273258.1|	99.522	8.76e-101	209	Homo sapiens	primates	human
0d130980c97e127b5c4b060da8644246	gi|3057012905|gb|PX273257.1|	99.522	8.76e-101	209	Homo sapiens	primates	human
0d130980c97e127b5c4b060da8644246	gi|3057012891|gb|PX273256.1|	99.522	8.76e-101	209	Homo sapiens	primates	human
34a97f20be7a32cca1e15238bf7304f5	gi|2259492755|emb|OW835278.1|	97.887	1.73e-133	284	uncultured fungus	fungi	uncultured fungus
34a97f20be7a32cca1e15238bf7304f5	gi|2259390768|emb|OW836940.1|	92.336	6.48e-103	274	uncultured fungus	fungi	uncultured fungus
34a97f20be7a32cca1e15238bf7304f5	gi|2259143759|emb|OW835388.1|	87.956	6.66e-83	274	uncultured fungus	fungi	uncultured fungus
34a97f20be7a32cca1e15238bf7304f5	gi|815075240|emb|LN735314.2|	85.764	1.12e-75	288	Testudodinium testudo	dinoflagellates	Testudodinium testudo
34a97f20be7a32cca1e15238bf7304f5	gi|2259165762|emb|OW835936.1|	85.664	4.04e-75	286	uncultured fungus	fungi	uncultured fungus
70166687773ca498018a2f7c6b89bf42	gi|1825511896|gb|MT103923.1|	89.268	4.49e-63	205	Myoxocephalus octodecemspinosus	ray-finned fishes	longhorn sculpin
70166687773ca498018a2f7c6b89bf42	gi|669175226|gb|KM057973.1|	89.268	4.49e-63	205	Myoxocephalus octodecemspinosus	ray-finned fishes	longhorn sculpin
70166687773ca498018a2f7c6b89bf42	gi|2095925495|gb|OK172567.1|	89.268	4.49e-63	205	Myoxocephalus aenaeus	ray-finned fishes	grubby sculpin
70166687773ca498018a2f7c6b89bf42	gi|3139171237|gb|PX560190.1|	89.268	4.49e-63	205	Myoxocephalus aenaeus	ray-finned fishes	grubby sculpin
70166687773ca498018a2f7c6b89bf42	gi|73611139|dbj|AB188195.1|	89.268	4.49e-63	205	Myoxocephalus stelleri	ray-finned fishes	Steller's sculpin
b61eb31bfb7b49650405401784c27a92	gi|1489792029|gb|MH011824.1|	98.606	1.71e-138	287	Thalassiosira sp.	diatoms	Thalassiosira sp.
b61eb31bfb7b49650405401784c27a92	gi|1489792028|gb|MH011823.1|	98.606	1.71e-138	287	Thalassiosira sp.	diatoms	Thalassiosira sp.
b61eb31bfb7b49650405401784c27a92	gi|1489792018|gb|MH011813.1|	98.606	1.71e-138	287	Thalassiosira sp.	diatoms	Thalassiosira sp.
b61eb31bfb7b49650405401784c27a92	gi|1489792009|gb|MH011804.1|	98.606	1.71e-138	287	Thalassiosira sp.	diatoms	Thalassiosira sp.
b61eb31bfb7b49650405401784c27a92	gi|1489792007|gb|MH011802.1|	98.606	1.71e-138	287	Thalassiosira sp.	diatoms	Thalassiosira sp.
2976051f9b8a3ea6496ad2341a2defc4	gi|2259146955|emb|OW835854.1|	84.375	1.46e-69	288	uncultured fungus	fungi	uncultured fungus
2976051f9b8a3ea6496ad2341a2defc4	gi|380705915|gb|JQ177983.1|	82.230	1.15e-60	287	uncultured Riftia	tube worms	uncultured Riftia
2976051f9b8a3ea6496ad2341a2defc4	gi|2259492656|emb|OW835179.1|	82.456	4.13e-60	285	uncultured fungus	fungi	uncultured fungus
2976051f9b8a3ea6496ad2341a2defc4	gi|1428077394|gb|MH625410.1|	82.292	5.34e-59	288	fungal sp.	fungi	fungal sp.
2976051f9b8a3ea6496ad2341a2defc4	gi|2259493621|emb|OW836520.1|	82.784	1.92e-58	273	uncultured fungus	fungi	uncultured fungus
98b124929e53370274355865a8dce8eb	gi|22550330|ref|NC_004118.1|	82.677	2.40e-17	127	Chaetosphaeridium globosum	green plants	Chaetosphaeridium globosum
98b124929e53370274355865a8dce8eb	gi|2259390272|emb|OW836785.1|	87.342	6.72e-13	79	uncultured fungus	fungi	uncultured fungus
98b124929e53370274355865a8dce8eb	gi|2259143832|emb|OW835458.1|	87.342	6.72e-13	79	uncultured fungus	fungi	uncultured fungus
98b124929e53370274355865a8dce8eb	gi|1964807194|emb|OC914826.1|	81.579	6.72e-13	114	Oppiella nova	mites & ticks	Oppiella nova
98b124929e53370274355865a8dce8eb	gi|1824305634|gb|MK720949.1|	85.227	8.70e-12	88	Coleochaete scutata	green plants	Coleochaete scutata
3fd6c93eff93665985afad0d6de559e7	gi|1825511885|gb|MT103914.1|	100.000	2.31e-101	207	Hippoglossoides platessoides	ray-finned fishes	American plaice
3fd6c93eff93665985afad0d6de559e7	gi|1799624449|gb|MN122825.1|	100.000	2.31e-101	207	Hippoglossoides platessoides	ray-finned fishes	American plaice
3fd6c93eff93665985afad0d6de559e7	gi|2995380200|gb|PV748024.1|	100.000	2.31e-101	207	Hippoglossoides elassodon	ray-finned fishes	flathead sole
3fd6c93eff93665985afad0d6de559e7	gi|2587926775|ref|NC_082804.1|	100.000	2.31e-101	207	Hippoglossoides elassodon	ray-finned fishes	flathead sole
3fd6c93eff93665985afad0d6de559e7	gi|2587926284|ref|NC_082769.1|	100.000	2.31e-101	207	Hippoglossoides robustus	ray-finned fishes	Bering flounder
697b19fd54d678dd9d966f55133f65d3	gi|1535790385|ref|NC_040134.1|	93.333	2.30e-112	285	Synura uvella	heterokonts	Synura uvella
697b19fd54d678dd9d966f55133f65d3	gi|1535790385|ref|NC_040134.1|	93.333	2.30e-112	285	Synura uvella	heterokonts	Synura uvella
697b19fd54d678dd9d966f55133f65d3	gi|679091872|gb|KJ877675.1|	93.333	2.30e-112	285	Ochromonas sp. CCMP1393	golden algae	Ochromonas sp. CCMP1393
697b19fd54d678dd9d966f55133f65d3	gi|679091872|gb|KJ877675.1|	93.333	2.30e-112	285	Ochromonas sp. CCMP1393	golden algae	Ochromonas sp. CCMP1393
697b19fd54d678dd9d966f55133f65d3	gi|336111279|gb|JF488732.1|	93.333	2.30e-112	285	eukaryote SCGC AAA074-O17	eukaryotes	eukaryote SCGC AAA074-O17
697b19fd54d678dd9d966f55133f65d3	gi|336111272|gb|JF488725.1|	93.333	2.30e-112	285	eukaryote SCGC AAA074-N15	eukaryotes	eukaryote SCGC AAA074-N15
697b19fd54d678dd9d966f55133f65d3	gi|336111267|gb|JF488720.1|	93.333	2.30e-112	285	eukaryote SCGC AAA074-M11	eukaryotes	eukaryote SCGC AAA074-M11
ebe9f24ff6098628a91478ffbc4e621a	gi|586946454|gb|KF991387.1|	98.624	1.66e-102	218	Cetorhinus maximus	sharks & rays	Cetorhinus maximus
ebe9f24ff6098628a91478ffbc4e621a	gi|2750968131|emb|OZ077486.1|	98.624	1.66e-102	218	Cetorhinus maximus	sharks & rays	Cetorhinus maximus
ebe9f24ff6098628a91478ffbc4e621a	gi|2576858446|gb|OR546235.1|	98.624	1.66e-102	218	Cetorhinus maximus	sharks & rays	Cetorhinus maximus
ebe9f24ff6098628a91478ffbc4e621a	gi|700275310|gb|KM096989.1|	98.624	1.66e-102	218	Cetorhinus maximus	sharks & rays	Cetorhinus maximus
ebe9f24ff6098628a91478ffbc4e621a	gi|700275282|gb|KM096987.1|	98.624	1.66e-102	218	Cetorhinus maximus	sharks & rays	Cetorhinus maximus
09940002eaddb16b8c7aa24791842920	gi|2692953615|ref|NC_086796.1|	98.529	9.31e-95	204	Zoarces americanus	ray-finned fishes	ocean pout
09940002eaddb16b8c7aa24791842920	gi|3139203650|gb|PX719005.1|	98.529	9.31e-95	204	Zoarces americanus	ray-finned fishes	ocean pout
09940002eaddb16b8c7aa24791842920	gi|3139210563|gb|PX740847.1|	98.039	4.33e-93	204	Zoarces americanus	ray-finned fishes	ocean pout
09940002eaddb16b8c7aa24791842920	gi|2724829064|ref|NC_088490.1|	97.549	2.01e-91	204	Zoarces viviparus	ray-finned fishes	viviparous blenny
09940002eaddb16b8c7aa24791842920	gi|1788585388|gb|MN883214.1|	98.469	2.61e-90	196	Zoarces americanus	ray-finned fishes	ocean pout
a1afb9482e08436b0e65e0dd7f967e9b	gi|1540304408|gb|MH688244.1|	93.023	1.59e-04	43	Aperioptus gracilentus	ray-finned fishes	Aperioptus gracilentus
a1afb9482e08436b0e65e0dd7f967e9b	gi|2064684336|dbj|LC640023.1|	93.023	1.59e-04	43	Paraplagusia japonica	ray-finned fishes	black cow-tongue
a1afb9482e08436b0e65e0dd7f967e9b	gi|511347697|ref|NC_021376.1|	93.023	1.59e-04	43	Paraplagusia japonica	ray-finned fishes	black cow-tongue
a1afb9482e08436b0e65e0dd7f967e9b	gi|1918448007|dbj|LC579409.1|	93.023	1.59e-04	43	Paraplagusia japonica	ray-finned fishes	black cow-tongue
a1afb9482e08436b0e65e0dd7f967e9b	gi|169665021|gb|EU341086.1|	97.143	5.72e-04	35	Anodonthyla rouxae	frogs & toads	Madagascar climbing frog
c5c1ab42373d48026407cf91f1602655	gi|2259143944|emb|OW835525.1|	89.123	2.36e-92	285	uncultured fungus	fungi	uncultured fungus
c5c1ab42373d48026407cf91f1602655	gi|2259146879|emb|OW835778.1|	88.732	3.95e-90	284	uncultured fungus	fungi	uncultured fungus
c5c1ab42373d48026407cf91f1602655	gi|2259494446|emb|OW837507.1|	88.070	2.38e-87	285	uncultured fungus	fungi	uncultured fungus
c5c1ab42373d48026407cf91f1602655	gi|2259414726|emb|OW842418.1|	88.028	8.56e-87	284	uncultured Ascomycota	ascomycete fungi	uncultured Ascomycota
c5c1ab42373d48026407cf91f1602655	gi|2259146851|emb|OW835750.1|	84.211	1.89e-68	285	uncultured fungus	fungi	uncultured fungus
d8ebb27d8952b9f583cf467fd40064cf	gi|2196428203|gb|OM751412.1|	84.571	5.73e-37	175	Falsuszafrona idalina	gastropods	Falsuszafrona idalina
d8ebb27d8952b9f583cf467fd40064cf	gi|1433039887|gb|MH198165.1|	81.313	5.77e-32	198	Penion fairfieldae	gastropods	Penion fairfieldae
d8ebb27d8952b9f583cf467fd40064cf	gi|1433039731|gb|MH140429.1|	81.313	5.77e-32	198	Penion chathamensis	gastropods	Penion chathamensis
d8ebb27d8952b9f583cf467fd40064cf	gi|1464311969|ref|NC_039116.1|	81.313	5.77e-32	198	Penion chathamensis	gastropods	Penion chathamensis
d8ebb27d8952b9f583cf467fd40064cf	gi|2196428108|gb|OM751375.1|	78.409	1.27e-18	176	Graphicomassa adiostina	gastropods	Graphicomassa adiostina
072c530bf5c47746ecd92bad61a83ca4	gi|2259143930|emb|OW835511.1|	85.870	6.76e-73	276	uncultured fungus	fungi	uncultured fungus
072c530bf5c47746ecd92bad61a83ca4	gi|2259394431|emb|OW837582.1|	82.168	1.48e-59	286	uncultured fungus	fungi	uncultured fungus
072c530bf5c47746ecd92bad61a83ca4	gi|2259392247|emb|OW837169.1|	80.634	9.00e-52	284	uncultured fungus	fungi	uncultured fungus
072c530bf5c47746ecd92bad61a83ca4	gi|2259496405|emb|OW840742.1|	78.276	3.28e-41	290	uncultured fungus	fungi	uncultured fungus
072c530bf5c47746ecd92bad61a83ca4	gi|2259389384|emb|OW836461.1|	78.388	1.97e-38	273	uncultured fungus	fungi	uncultured fungus
d401e729df067ec54c342128dbd7ed51	gi|1158627499|gb|KX014020.1|	98.606	1.71e-138	287	uncultured eukaryotic phytoplankton	eukaryotes	uncultured eukaryotic phytoplankton
d401e729df067ec54c342128dbd7ed51	gi|2065945222|gb|MW845776.1|	98.606	1.71e-138	287	Chaetoceros socialis	diatoms	Chaetoceros socialis
d401e729df067ec54c342128dbd7ed51	gi|2065945222|gb|MW845776.1|	98.276	1.71e-138	290	Chaetoceros socialis	diatoms	Chaetoceros socialis
d401e729df067ec54c342128dbd7ed51	gi|204305352|gb|FJ159135.1|	98.606	1.71e-138	287	Chaetoceros socialis	diatoms	Chaetoceros socialis
d401e729df067ec54c342128dbd7ed51	gi|118138908|gb|EF051808.1|	98.606	1.71e-138	287	uncultured diatom	diatoms	uncultured diatom
d401e729df067ec54c342128dbd7ed51	gi|21489333|emb|AJ319825.1|	98.606	1.71e-138	287	Chaetoceros socialis	diatoms	Chaetoceros socialis
dca5de0ad02738bb41ed908336460a94	gi|2259389120|emb|OW836399.1|	94.386	2.28e-117	285	uncultured fungus	fungi	uncultured fungus
dca5de0ad02738bb41ed908336460a94	gi|19682835|emb|AJ439357.1|	92.982	1.07e-110	285	Prionitis sp. GIg-5	red algae	Prionitis sp. GIg-5
dca5de0ad02738bb41ed908336460a94	gi|2259390343|emb|OW836852.1|	92.958	3.84e-110	284	uncultured fungus	fungi	uncultured fungus
dca5de0ad02738bb41ed908336460a94	gi|213958819|gb|FJ360754.1|	93.165	1.79e-108	278	Dunaliella salina	green algae	Dunaliella salina
dca5de0ad02738bb41ed908336460a94	gi|2259394445|emb|OW837590.1|	92.254	8.32e-107	284	uncultured fungus	fungi	uncultured fungus
8617b6571f2d02b481c2fe8a0ed9e38f	gi|2025192367|gb|MT762154.1|	92.157	2.07e-71	204	Tritia mutabilis	gastropods	mutable nassa
8617b6571f2d02b481c2fe8a0ed9e38f	gi|86990319|ref|NC_007781.1|	92.079	7.45e-71	202	Tritia obsoleta	gastropods	Tritia obsoleta
8617b6571f2d02b481c2fe8a0ed9e38f	gi|2025192213|gb|MT755654.1|	91.584	1.25e-68	202	Tritia ephamilla	gastropods	Tritia ephamilla
8617b6571f2d02b481c2fe8a0ed9e38f	gi|1188501809|gb|KY488949.1|	92.593	5.80e-67	189	Tritia obsoleta	gastropods	Tritia obsoleta
8617b6571f2d02b481c2fe8a0ed9e38f	gi|1188501836|gb|KY488976.1|	92.553	2.09e-66	188	Tritia burchardi	gastropods	Tritia burchardi
5756889aefdd3fcae0fe3a2490aea5e8	gi|2591482342|ref|NC_083190.1|	92.271	9.86e-75	207	Sclerasterias satsumana	starfish	Sclerasterias satsumana
5756889aefdd3fcae0fe3a2490aea5e8	gi|1693290266|ref|NC_042741.1|	81.159	1.04e-34	207	Pisaster ochraceus	starfish	purple sea star
5756889aefdd3fcae0fe3a2490aea5e8	gi|2499155081|gb|OP747302.1|	78.947	2.27e-26	209	Asterias amurensis	starfish	Northern Pacific seastar
5756889aefdd3fcae0fe3a2490aea5e8	gi|2567033648|gb|OR473298.1|	78.469	1.06e-24	209	Asterias amurensis	starfish	Northern Pacific seastar
5756889aefdd3fcae0fe3a2490aea5e8	gi|2582205361|gb|CP134956.1|	78.469	1.06e-24	209	Asterias amurensis	starfish	Northern Pacific seastar
8442eefac5a99cb164894dab7d1241f6	gi|2259492687|emb|OW835210.1|	82.807	8.87e-62	285	uncultured fungus	fungi	uncultured fungus
8442eefac5a99cb164894dab7d1241f6	gi|2259392247|emb|OW837169.1|	81.119	1.93e-53	286	uncultured fungus	fungi	uncultured fungus
8442eefac5a99cb164894dab7d1241f6	gi|2259146561|emb|OW835662.1|	80.420	4.19e-50	286	uncultured fungus	fungi	uncultured fungus
8442eefac5a99cb164894dab7d1241f6	gi|2259492605|emb|OW835128.1|	80.070	1.95e-48	286	uncultured fungus	fungi	uncultured fungus
8442eefac5a99cb164894dab7d1241f6	gi|2259143101|emb|OW834945.1|	79.310	3.26e-46	290	uncultured fungus	fungi	uncultured fungus
3cf7ed7c1a86cc2b9ec76f7865c74418	gi|2259391028|emb|OW837070.1|	85.965	2.41e-77	285	uncultured fungus	fungi	uncultured fungus
3cf7ed7c1a86cc2b9ec76f7865c74418	gi|2259393455|emb|OW837397.1|	85.172	4.04e-75	290	uncultured fungus	fungi	uncultured fungus
3cf7ed7c1a86cc2b9ec76f7865c74418	gi|2259493234|emb|OW836164.1|	85.614	4.04e-75	285	uncultured fungus	fungi	uncultured fungus
3cf7ed7c1a86cc2b9ec76f7865c74418	gi|2259141262|emb|OW834443.1|	83.793	6.81e-68	290	uncultured fungus	fungi	uncultured fungus
3cf7ed7c1a86cc2b9ec76f7865c74418	gi|2259165798|emb|OW835972.1|	83.681	1.14e-65	288	uncultured fungus	fungi	uncultured fungus
ce3d374c9ac801e63de6be1f09d44738	gi|373863272|gb|HQ868202.1|	90.809	1.41e-94	272	uncultured eukaryote	eukaryotes	uncultured eukaryote
ce3d374c9ac801e63de6be1f09d44738	gi|2259390345|emb|OW836854.1|	82.699	6.86e-63	289	uncultured fungus	fungi	uncultured fungus
ce3d374c9ac801e63de6be1f09d44738	gi|2259492609|emb|OW835132.1|	83.045	8.87e-62	289	uncultured fungus	fungi	uncultured fungus
ce3d374c9ac801e63de6be1f09d44738	gi|3105471555|emb|OZ366960.1|	82.230	5.34e-59	287	Sarcotragus fasciculatus	sponges	Sarcotragus fasciculatus
ce3d374c9ac801e63de6be1f09d44738	gi|354952428|dbj|AB559814.1|	81.944	1.92e-58	288	uncultured eukaryote	eukaryotes	uncultured eukaryote
3d7f998c8d4647efcd28aece24a4072d	gi|1798183348|emb|LR745847.1|	99.505	6.88e-97	202	Asterias rubens	starfish	European starfish
3d7f998c8d4647efcd28aece24a4072d	gi|2567033648|gb|OR473298.1|	95.050	7.03e-82	202	Asterias amurensis	starfish	Northern Pacific seastar
3d7f998c8d4647efcd28aece24a4072d	gi|2582205361|gb|CP134956.1|	95.050	7.03e-82	202	Asterias amurensis	starfish	Northern Pacific seastar
3d7f998c8d4647efcd28aece24a4072d	gi|2582205361|gb|CP134956.1|	97.059	9.90e-21	68	Asterias amurensis	starfish	Northern Pacific seastar
3d7f998c8d4647efcd28aece24a4072d	gi|2499155095|gb|OP747303.1|	95.050	7.03e-82	202	Asterias amurensis	starfish	Northern Pacific seastar
3d7f998c8d4647efcd28aece24a4072d	gi|2499155067|gb|OP747301.1|	95.050	7.03e-82	202	Asterias amurensis	starfish	Northern Pacific seastar
0a30559165b52397f7bca4e279f64d41	gi|2259143944|emb|OW835525.1|	89.825	1.09e-95	285	uncultured fungus	fungi	uncultured fungus
0a30559165b52397f7bca4e279f64d41	gi|2259146879|emb|OW835778.1|	89.789	3.93e-95	284	uncultured fungus	fungi	uncultured fungus
0a30559165b52397f7bca4e279f64d41	gi|2259414726|emb|OW842418.1|	89.437	1.83e-93	284	uncultured Ascomycota	ascomycete fungi	uncultured Ascomycota
0a30559165b52397f7bca4e279f64d41	gi|2259494446|emb|OW837507.1|	88.772	1.10e-90	285	uncultured fungus	fungi	uncultured fungus
0a30559165b52397f7bca4e279f64d41	gi|2259493193|emb|OW836123.1|	86.029	1.88e-73	272	uncultured fungus	fungi	uncultured fungus
2304aa9e28fa02f6d18f3dba1ed5e49b	gi|1132318924|gb|KX937893.1|	98.258	7.98e-137	287	uncultured marine eukaryote	eukaryotes	uncultured marine eukaryote
2304aa9e28fa02f6d18f3dba1ed5e49b	gi|339460414|gb|JF968594.1|	98.258	7.98e-137	287	uncultured phototrophic eukaryote	eukaryotes	uncultured phototrophic eukaryote
2304aa9e28fa02f6d18f3dba1ed5e49b	gi|2572567011|gb|OR506246.1|	97.909	3.71e-135	287	Rhizosolenia sp.	diatoms	Rhizosolenia sp.
2304aa9e28fa02f6d18f3dba1ed5e49b	gi|2572567010|gb|OR506245.1|	97.909	3.71e-135	287	Rhizosolenia sp.	diatoms	Rhizosolenia sp.
2304aa9e28fa02f6d18f3dba1ed5e49b	gi|2392241845|gb|OM827251.1|	97.909	3.71e-135	287	Guinardia striata	diatoms	Guinardia striata
2304aa9e28fa02f6d18f3dba1ed5e49b	gi|2392241845|gb|OM827251.1|	97.586	3.71e-135	290	Guinardia striata	diatoms	Guinardia striata
fa9311f9cfaaf474c399103044adab8e	gi|3053320585|gb|PX070012.1|	99.432	1.59e-82	176	Lophius americanus	ray-finned fishes	American anglerfish
fa9311f9cfaaf474c399103044adab8e	gi|1515576491|gb|MH377776.1|	99.432	1.59e-82	176	Lophius americanus	ray-finned fishes	American anglerfish
fa9311f9cfaaf474c399103044adab8e	gi|2569352339|gb|OR482505.1|	99.432	1.59e-82	176	Lophius americanus	ray-finned fishes	American anglerfish
fa9311f9cfaaf474c399103044adab8e	gi|2569352297|gb|OR482502.1|	99.432	1.59e-82	176	Lophiidae sp.	ray-finned fishes	Lophiidae sp.
fa9311f9cfaaf474c399103044adab8e	gi|2569352269|gb|OR482500.1|	99.432	1.59e-82	176	Lophius americanus	ray-finned fishes	American anglerfish
b0d1bf5a42dc0f78945a6db928fc1218	gi|2259494446|emb|OW837507.1|	92.982	1.07e-110	285	uncultured fungus	fungi	uncultured fungus
b0d1bf5a42dc0f78945a6db928fc1218	gi|2259143944|emb|OW835525.1|	92.632	4.97e-109	285	uncultured fungus	fungi	uncultured fungus
b0d1bf5a42dc0f78945a6db928fc1218	gi|2259146879|emb|OW835778.1|	92.606	1.79e-108	284	uncultured fungus	fungi	uncultured fungus
b0d1bf5a42dc0f78945a6db928fc1218	gi|2259414726|emb|OW842418.1|	91.197	8.38e-102	284	uncultured Ascomycota	ascomycete fungi	uncultured Ascomycota
b0d1bf5a42dc0f78945a6db928fc1218	gi|2259493193|emb|OW836123.1|	88.603	3.98e-85	272	uncultured fungus	fungi	uncultured fungus
beee00954eff3f1f34a777bd00278bfd	gi|2259494446|emb|OW837507.1|	91.579	4.99e-104	285	uncultured fungus	fungi	uncultured fungus
beee00954eff3f1f34a777bd00278bfd	gi|2259143944|emb|OW835525.1|	90.877	1.08e-100	285	uncultured fungus	fungi	uncultured fungus
beee00954eff3f1f34a777bd00278bfd	gi|2259414726|emb|OW842418.1|	90.493	1.81e-98	284	uncultured Ascomycota	ascomycete fungi	uncultured Ascomycota
beee00954eff3f1f34a777bd00278bfd	gi|2259146879|emb|OW835778.1|	89.437	1.82e-93	284	uncultured fungus	fungi	uncultured fungus
beee00954eff3f1f34a777bd00278bfd	gi|2259493193|emb|OW836123.1|	85.662	8.71e-72	272	uncultured fungus	fungi	uncultured fungus
49079fe6f94fe886dfe831bf0b8d6fa2	gi|2259492656|emb|OW835179.1|	83.509	4.10e-65	285	uncultured fungus	fungi	uncultured fungus
49079fe6f94fe886dfe831bf0b8d6fa2	gi|2259146955|emb|OW835854.1|	82.986	6.86e-63	288	uncultured fungus	fungi	uncultured fungus
49079fe6f94fe886dfe831bf0b8d6fa2	gi|2259493621|emb|OW836520.1|	82.847	1.92e-58	274	uncultured fungus	fungi	uncultured fungus
49079fe6f94fe886dfe831bf0b8d6fa2	gi|380705915|gb|JQ177983.1|	81.533	2.48e-57	287	uncultured Riftia	tube worms	uncultured Riftia
49079fe6f94fe886dfe831bf0b8d6fa2	gi|2259146914|emb|OW835813.1|	81.661	1.16e-55	289	uncultured fungus	fungi	uncultured fungus
9ff8ac3ae9c05838752d4a9b1aa632bf	gi|375076342|gb|JQ327974.1|	90.909	3.01e-101	286	uncultured eukaryote	eukaryotes	uncultured eukaryote
9ff8ac3ae9c05838752d4a9b1aa632bf	gi|2259146932|emb|OW835831.1|	90.493	1.81e-98	284	uncultured fungus	fungi	uncultured fungus
9ff8ac3ae9c05838752d4a9b1aa632bf	gi|2259393517|emb|OW837459.1|	89.789	3.93e-95	284	uncultured fungus	fungi	uncultured fungus
9ff8ac3ae9c05838752d4a9b1aa632bf	gi|2259141516|emb|OW834486.1|	87.889	6.62e-88	289	uncultured fungus	fungi	uncultured fungus
9ff8ac3ae9c05838752d4a9b1aa632bf	gi|2259394431|emb|OW837582.1|	86.364	1.44e-79	286	uncultured fungus	fungi	uncultured fungus
0884bb774f12d7ec030db5c472acc590	gi|2192928254|ref|NC_060630.1|	99.432	1.59e-82	176	Anisarchus medius	ray-finned fishes	stout eelblenny
0884bb774f12d7ec030db5c472acc590	gi|2216790233|gb|MT627596.1|	98.864	7.39e-81	176	Askoldia variegata	ray-finned fishes	Askoldia variegata
0884bb774f12d7ec030db5c472acc590	gi|2228970367|ref|NC_062695.1|	98.864	7.39e-81	176	Askoldia variegata	ray-finned fishes	Askoldia variegata
0884bb774f12d7ec030db5c472acc590	gi|1825511880|gb|MT103910.1|	98.295	3.44e-79	176	Eumesogrammus praecisus	ray-finned fishes	fourline snakeblenny
0884bb774f12d7ec030db5c472acc590	gi|1812094577|ref|NC_045921.1|	98.295	3.44e-79	176	Opisthocentrus ocellatus	ray-finned fishes	Opisthocentrus ocellatus
f07d4095ccb0046d0e068ce1de6fab62	gi|2259146577|emb|OW835678.1|	94.828	8.15e-122	290	uncultured fungus	fungi	uncultured fungus
f07d4095ccb0046d0e068ce1de6fab62	gi|2259394445|emb|OW837590.1|	93.662	1.78e-113	284	uncultured fungus	fungi	uncultured fungus
f07d4095ccb0046d0e068ce1de6fab62	gi|2259141262|emb|OW834443.1|	93.080	6.39e-113	289	uncultured fungus	fungi	uncultured fungus
f07d4095ccb0046d0e068ce1de6fab62	gi|2716172061|gb|PP646497.1|	94.444	2.97e-111	270	Haematococcus lacustris	green algae	Haematococcus lacustris
f07d4095ccb0046d0e068ce1de6fab62	gi|213958819|gb|FJ360754.1|	93.525	3.84e-110	278	Dunaliella salina	green algae	Dunaliella salina
1b1daee22e15a3707646252a26dcfd50	gi|2259493815|emb|OW836641.1|	79.787	9.06e-47	282	uncultured fungus	fungi	uncultured fungus
1b1daee22e15a3707646252a26dcfd50	gi|2259493659|emb|OW836558.1|	79.371	1.17e-45	286	uncultured fungus	fungi	uncultured fungus
1b1daee22e15a3707646252a26dcfd50	gi|2259393484|emb|OW837426.1|	79.851	5.45e-44	268	uncultured fungus	fungi	uncultured fungus
1b1daee22e15a3707646252a26dcfd50	gi|1279124608|gb|MF807895.1|	100.000	1.24e-05	35	Nidirana pleuraden	frogs & toads	Yunnan pond frog
1b1daee22e15a3707646252a26dcfd50	gi|1279124607|gb|MF807894.1|	100.000	1.24e-05	35	Nidirana pleuraden	frogs & toads	Yunnan pond frog
8b3a6536c3215c75ba9531ca4e195a38	gi|1642523983|ref|NC_042218.1|	99.515	3.36e-99	206	Mesoplodon bidens	whales & dolphins	Sowerby's beaked whale
8b3a6536c3215c75ba9531ca4e195a38	gi|2740298215|emb|OZ073234.1|	99.515	3.36e-99	206	Mesoplodon bidens	whales & dolphins	Sowerby's beaked whale
8b3a6536c3215c75ba9531ca4e195a38	gi|902686693|ref|NC_027593.1|	97.087	7.33e-91	206	Mesoplodon ginkgodens	whales & dolphins	Ginkgo-toothed beaked whale
8b3a6536c3215c75ba9531ca4e195a38	gi|1229646288|gb|KF032866.2|	96.602	3.41e-89	206	Mesoplodon densirostris	whales & dolphins	Blainville's beaked whale
8b3a6536c3215c75ba9531ca4e195a38	gi|1229646284|gb|KF032862.2|	96.602	3.41e-89	206	Mesoplodon densirostris	whales & dolphins	Blainville's beaked whale
bc92cf068c566cea6ec056e717b5184c	gi|3024681915|dbj|AP040283.1|	100.000	0.006	30	Heterocephalus glaber	rodents	naked mole-rat
bc92cf068c566cea6ec056e717b5184c	gi|1496231571|gb|MK060137.1|	100.000	0.006	30	Merops nubicus	birds	carmine bee-eater
bc92cf068c566cea6ec056e717b5184c	gi|2799133877|emb|OZ179212.1|	100.000	0.006	30	Heterocephalus glaber	rodents	naked mole-rat
bc92cf068c566cea6ec056e717b5184c	gi|2770086061|gb|PP391764.1|	100.000	0.006	30	Trachops cirrhosus	bats	Trachops cirrhosus
bc92cf068c566cea6ec056e717b5184c	gi|2770086033|gb|PP391762.1|	100.000	0.006	30	Trachops cirrhosus	bats	Trachops cirrhosus
071e3677508ca530d5e845eb4d3aeea6	gi|1540304408|gb|MH688244.1|	93.023	1.59e-04	43	Aperioptus gracilentus	ray-finned fishes	Aperioptus gracilentus
071e3677508ca530d5e845eb4d3aeea6	gi|2064684336|dbj|LC640023.1|	93.023	1.59e-04	43	Paraplagusia japonica	ray-finned fishes	black cow-tongue
071e3677508ca530d5e845eb4d3aeea6	gi|511347697|ref|NC_021376.1|	93.023	1.59e-04	43	Paraplagusia japonica	ray-finned fishes	black cow-tongue
071e3677508ca530d5e845eb4d3aeea6	gi|1918448007|dbj|LC579409.1|	93.023	1.59e-04	43	Paraplagusia japonica	ray-finned fishes	black cow-tongue
071e3677508ca530d5e845eb4d3aeea6	gi|169665021|gb|EU341086.1|	97.143	5.72e-04	35	Anodonthyla rouxae	frogs & toads	Madagascar climbing frog
34984ddbb9e5a0fbddb805239479ef83	gi|3101868669|emb|OZ362433.1|	78.322	3.29e-41	286	Anoectangium aestivum	mosses	Anoectangium aestivum
34984ddbb9e5a0fbddb805239479ef83	gi|3101868672|emb|OZ362436.1|	77.622	7.13e-38	286	Anoectangium aestivum	mosses	Anoectangium aestivum
34984ddbb9e5a0fbddb805239479ef83	gi|3101868667|emb|OZ362431.1|	77.622	7.13e-38	286	Anoectangium aestivum	mosses	Anoectangium aestivum
34984ddbb9e5a0fbddb805239479ef83	gi|3101708747|emb|OZ350282.1|	77.622	7.13e-38	286	Pohlia annotina	mosses	Pohlia annotina
34984ddbb9e5a0fbddb805239479ef83	gi|1829777479|ref|NC_046951.1|	78.626	7.13e-38	262	Gonatozygon brebissonii	green plants	Gonatozygon brebissonii
8ab9268704e15f64baf7672845db6212	gi|2698751178|gb|PP492856.1|	85.185	2.87e-10	81	Parapercis pulchella	ray-finned fishes	harlequin sandsmelt
8ab9268704e15f64baf7672845db6212	gi|2174708416|dbj|LC552461.2|	85.185	2.87e-10	81	Parapercis pulchella	ray-finned fishes	harlequin sandsmelt
8ab9268704e15f64baf7672845db6212	gi|3248864470|gb|PZ137313.1|	85.185	2.87e-10	81	Parapercis pulchella	ray-finned fishes	harlequin sandsmelt
8ab9268704e15f64baf7672845db6212	gi|1189408146|gb|KY815341.1|	95.745	3.71e-09	47	Terelabrus rubrovittatus	ray-finned fishes	Terelabrus rubrovittatus
8ab9268704e15f64baf7672845db6212	gi|2967563626|gb|PV590091.1|	84.416	1.33e-08	77	Polydactylus quadrifilis	ray-finned fishes	Polydactylus quadrifilis
db74d7ee2afda1876ec48209197bc15c	gi|2259393447|emb|OW837389.1|	84.138	6.81e-68	290	uncultured fungus	fungi	uncultured fungus
db74d7ee2afda1876ec48209197bc15c	gi|926657240|dbj|LC000744.1|	84.028	2.45e-67	288	Lucina environmental sample	bivalves	Lucina environmental sample
db74d7ee2afda1876ec48209197bc15c	gi|2604803856|emb|OY751556.1|	84.028	8.81e-67	288	Caenorhabditis doughertyi	nematodes	Caenorhabditis doughertyi
db74d7ee2afda1876ec48209197bc15c	gi|2259389104|emb|OW836383.1|	83.737	1.14e-65	289	uncultured fungus	fungi	uncultured fungus
db74d7ee2afda1876ec48209197bc15c	gi|1545376348|gb|MK342574.1|	83.860	4.10e-65	285	Diplodiscus sp. CW1D	flatworms	Diplodiscus sp. CW1D
17379a2c305b3ffd7b827c149bf838c3	gi|2571476436|gb|OR499725.1|	100.000	8.21e-101	206	Merluccius bilinearis	ray-finned fishes	silver hake
17379a2c305b3ffd7b827c149bf838c3	gi|3211598001|gb|PZ091031.1|	100.000	8.21e-101	206	Merluccius bilinearis	ray-finned fishes	silver hake
17379a2c305b3ffd7b827c149bf838c3	gi|3211597805|gb|PZ091017.1|	100.000	8.21e-101	206	Merluccius bilinearis	ray-finned fishes	silver hake
17379a2c305b3ffd7b827c149bf838c3	gi|3053320529|gb|PX070008.1|	99.515	3.82e-99	206	Merluccius bilinearis	ray-finned fishes	silver hake
17379a2c305b3ffd7b827c149bf838c3	gi|3211597665|gb|PZ091007.1|	99.515	1.37e-98	206	Merluccius bilinearis	ray-finned fishes	silver hake
56e756252e619b9531a37b94198aa63f	gi|2562576181|gb|OQ934684.1|	100.000	0.004	30	Scinax sateremawe	frogs & toads	Scinax sateremawe
56e756252e619b9531a37b94198aa63f	gi|2562576180|gb|OQ934683.1|	100.000	0.004	30	Scinax sateremawe	frogs & toads	Scinax sateremawe
56e756252e619b9531a37b94198aa63f	gi|2562575992|gb|OQ934495.1|	100.000	0.004	30	Scinax duartei	frogs & toads	Duarte's snouted treefrog
56e756252e619b9531a37b94198aa63f	gi|2562575991|gb|OQ934494.1|	100.000	0.004	30	Scinax duartei	frogs & toads	Duarte's snouted treefrog
56e756252e619b9531a37b94198aa63f	gi|2562575990|gb|OQ934493.1|	100.000	0.004	30	Scinax duartei	frogs & toads	Duarte's snouted treefrog
8e9cf47984156fb4300bbf3fa85fd486	gi|2159203749|emb|OU942151.1|	91.608	5.01e-104	286	uncultured fungus	fungi	uncultured fungus
8e9cf47984156fb4300bbf3fa85fd486	gi|2231654897|gb|MT902155.1|	90.244	2.35e-97	287	Staurastrum pseudofurcigerum	green plants	Staurastrum pseudofurcigerum
8e9cf47984156fb4300bbf3fa85fd486	gi|2159204677|emb|OU943079.1|	89.825	1.09e-95	285	uncultured fungus	fungi	uncultured fungus
8e9cf47984156fb4300bbf3fa85fd486	gi|2259165834|emb|OW836008.1|	89.236	6.57e-93	288	uncultured fungus	fungi	uncultured fungus
8e9cf47984156fb4300bbf3fa85fd486	gi|2259415359|emb|OW842572.1|	89.161	8.50e-92	286	uncultured Ascomycota	ascomycete fungi	uncultured Ascomycota
b3fa5ed9fe43910058b40cce83f4a9ca	gi|1418576929|ref|NC_037728.1|	83.333	7.28e-18	114	Melosira undulata	diatoms	Melosira undulata
b3fa5ed9fe43910058b40cce83f4a9ca	gi|2838034601|gb|PQ496698.1|	90.278	1.58e-14	72	Jaagichlorella sp. HS-2024	green algae	Jaagichlorella sp. HS-2024
b3fa5ed9fe43910058b40cce83f4a9ca	gi|2732653165|gb|PP484879.1|	92.000	9.55e-07	50	Pneumocystis sp.	ascomycete fungi	Pneumocystis sp.
b3fa5ed9fe43910058b40cce83f4a9ca	gi|2021375520|gb|MT726212.1|	92.000	9.55e-07	50	Pneumocystis sp. 'ludovicianus'	ascomycete fungi	Pneumocystis sp. 'ludovicianus'
b3fa5ed9fe43910058b40cce83f4a9ca	gi|2192911120|ref|NC_060318.1|	92.000	9.55e-07	50	Pneumocystis wakefieldiae	ascomycete fungi	Pneumocystis wakefieldiae
872504c15c291515ce444c5994874dfc	gi|1540304408|gb|MH688244.1|	97.674	7.38e-08	43	Aperioptus gracilentus	ray-finned fishes	Aperioptus gracilentus
872504c15c291515ce444c5994874dfc	gi|694879759|gb|KJ845345.1|	95.349	3.43e-06	43	Opsariichthys sp. 'chengtui'	ray-finned fishes	Opsariichthys sp. 'chengtui'
872504c15c291515ce444c5994874dfc	gi|953274311|gb|KT725244.1|	95.349	3.43e-06	43	Opsariichthys sp. 'chengtui'	ray-finned fishes	Opsariichthys sp. 'chengtui'
872504c15c291515ce444c5994874dfc	gi|3064604341|gb|PX416533.1|	93.182	1.60e-04	44	Microphis lineatus	ray-finned fishes	Microphis lineatus
872504c15c291515ce444c5994874dfc	gi|2329468051|gb|OP056813.1|	93.182	1.60e-04	44	Bathygobius geminatus	ray-finned fishes	twin-spotted frillfin
5acb4660159070487fe04b9fe8cc913c	gi|1957966784|gb|MW487687.1|	97.143	0.002	35	Canis lupus	carnivores	wolf
5acb4660159070487fe04b9fe8cc913c	gi|59894138|gb|AY766388.1|	100.000	0.002	31	Ciconia ciconia	birds	White stork
5acb4660159070487fe04b9fe8cc913c	gi|1957966748|gb|MW487651.1|	100.000	0.006	30	Lepus capensis	rabbits & hares	brown hare
c499e100f5ef92be2e2813ed9a93fb8f	gi|312982358|gb|HM593553.1|	81.250	1.49e-54	288	uncultured phototrophic eukaryote	eukaryotes	uncultured phototrophic eukaryote
c499e100f5ef92be2e2813ed9a93fb8f	gi|404427683|gb|JQ516589.1|	80.903	6.95e-53	288	uncultured Chlorophyta	green algae	uncultured Chlorophyta
c499e100f5ef92be2e2813ed9a93fb8f	gi|404427682|gb|JQ516583.1|	80.903	6.95e-53	288	uncultured Chlorophyta	green algae	uncultured Chlorophyta
c499e100f5ef92be2e2813ed9a93fb8f	gi|404427678|gb|JQ516566.1|	80.903	6.95e-53	288	uncultured Chlorophyta	green algae	uncultured Chlorophyta
c499e100f5ef92be2e2813ed9a93fb8f	gi|3065321867|gb|PX422587.1|	80.556	9.00e-52	288	Ishige foliacea	brown algae	Ishige foliacea
c499e100f5ef92be2e2813ed9a93fb8f	gi|3065321867|gb|PX422587.1|	80.412	9.00e-52	291	Ishige foliacea	brown algae	Ishige foliacea
052e41310f15fd24473af95c5a4133ad	gi|2259493903|emb|OW836685.1|	90.345	3.90e-100	290	uncultured fungus	fungi	uncultured fungus
052e41310f15fd24473af95c5a4133ad	gi|926657240|dbj|LC000744.1|	90.526	5.04e-99	285	Lucina environmental sample	bivalves	Lucina environmental sample
052e41310f15fd24473af95c5a4133ad	gi|2259146851|emb|OW835750.1|	90.559	1.81e-98	286	uncultured fungus	fungi	uncultured fungus
052e41310f15fd24473af95c5a4133ad	gi|2259415324|emb|OW842537.1|	89.619	3.04e-96	289	uncultured Ascomycota	ascomycete fungi	uncultured Ascomycota
052e41310f15fd24473af95c5a4133ad	gi|313847550|emb|FN869549.1|	89.860	1.09e-95	286	Lucinidae gen. sp. TB-2010	bivalves	Lucinidae gen. sp. TB-2010
ce3081f72a10a46e93a0a4f137183f1e	gi|756877602|ref|NC_026312.1|	85.882	2.05e-13	85	Stachyamoeba lipophora	eukaryotes	Stachyamoeba lipophora
ce3081f72a10a46e93a0a4f137183f1e	gi|3063895414|gb|PX406057.1|	93.182	4.48e-05	44	Falco rusticolus	birds	gyrfalcon
ce3081f72a10a46e93a0a4f137183f1e	gi|2866541673|gb|PQ723583.1|	93.182	4.48e-05	44	Ninox connivens	birds	Barking owl
ce3081f72a10a46e93a0a4f137183f1e	gi|1049087133|gb|KU497492.1|	93.182	4.48e-05	44	Cynoglossus joyneri	ray-finned fishes	red tonguesole
ce3081f72a10a46e93a0a4f137183f1e	gi|1084353136|gb|KX098448.1|	93.182	4.48e-05	44	Sceloglaux albifacies	birds	Laughing owl
d8feca8ac24ed246e2ca96ed76a1efd1	gi|2854503517|gb|PQ611765.1|	88.112	8.56e-87	286	Impatiens imbecilla	eudicots	Impatiens imbecilla
d8feca8ac24ed246e2ca96ed76a1efd1	gi|325194922|emb|FR825719.1|	88.112	8.56e-87	286	Albugo laibachii Nc14	oomycetes	Albugo laibachii Nc14
d8feca8ac24ed246e2ca96ed76a1efd1	gi|926657240|dbj|LC000744.1|	87.889	1.11e-85	289	Lucina environmental sample	bivalves	Lucina environmental sample
d8feca8ac24ed246e2ca96ed76a1efd1	gi|1761192551|gb|CP044614.1|	87.413	5.15e-84	286	Nannochloropsis oceanica	heterokonts	Nannochloropsis oceanica
d8feca8ac24ed246e2ca96ed76a1efd1	gi|1761192519|gb|CP044582.1|	87.413	5.15e-84	286	Nannochloropsis oceanica	heterokonts	Nannochloropsis oceanica
d6726a5c24f1809f2e1c59b71abddc8c	gi|1491985860|gb|MH844842.1|	97.222	3.53e-04	36	Centrolene buckleyi	frogs & toads	Buckley's giant glass frog
d6726a5c24f1809f2e1c59b71abddc8c	gi|1491985859|gb|MH844841.1|	97.222	3.53e-04	36	Centrolene buckleyi	frogs & toads	Buckley's giant glass frog
d6726a5c24f1809f2e1c59b71abddc8c	gi|1491985858|gb|MH844840.1|	97.222	3.53e-04	36	Centrolene buckleyi	frogs & toads	Buckley's giant glass frog
d6726a5c24f1809f2e1c59b71abddc8c	gi|1491985857|gb|MH844839.1|	97.222	3.53e-04	36	Centrolene buckleyi	frogs & toads	Buckley's giant glass frog
d6726a5c24f1809f2e1c59b71abddc8c	gi|1491985856|gb|MH844838.1|	97.222	3.53e-04	36	Centrolene buckleyi	frogs & toads	Buckley's giant glass frog
7d95f1cd403c37fbe1a36ec014e819c9	gi|2801893672|gb|PQ306151.1|	99.524	2.28e-101	210	Homo sapiens	primates	human
7d95f1cd403c37fbe1a36ec014e819c9	gi|3057012933|gb|PX273259.1|	99.522	8.21e-101	209	Homo sapiens	primates	human
7d95f1cd403c37fbe1a36ec014e819c9	gi|3057012919|gb|PX273258.1|	99.522	8.21e-101	209	Homo sapiens	primates	human
7d95f1cd403c37fbe1a36ec014e819c9	gi|3057012905|gb|PX273257.1|	99.522	8.21e-101	209	Homo sapiens	primates	human
7d95f1cd403c37fbe1a36ec014e819c9	gi|3057012891|gb|PX273256.1|	99.522	8.21e-101	209	Homo sapiens	primates	human
081b52b1e4be5af5785b12f7920106bf	gi|381235592|gb|JQ703041.1|	99.387	2.71e-75	163	Homo sapiens	primates	human
081b52b1e4be5af5785b12f7920106bf	gi|3057012933|gb|PX273259.1|	99.383	9.74e-75	162	Homo sapiens	primates	human
081b52b1e4be5af5785b12f7920106bf	gi|3057012919|gb|PX273258.1|	99.383	9.74e-75	162	Homo sapiens	primates	human
081b52b1e4be5af5785b12f7920106bf	gi|3057012905|gb|PX273257.1|	99.383	9.74e-75	162	Homo sapiens	primates	human
081b52b1e4be5af5785b12f7920106bf	gi|3057012891|gb|PX273256.1|	99.383	9.74e-75	162	Homo sapiens	primates	human
2de99c05bbbee4ed3c24e09ec4c5b40e	gi|2259146955|emb|OW835854.1|	83.972	6.81e-68	287	uncultured fungus	fungi	uncultured fungus
2de99c05bbbee4ed3c24e09ec4c5b40e	gi|1972856186|gb|MW559979.1|	83.509	1.14e-65	285	Scrophularia ningpoensis	eudicots	Scrophularia ningpoensis
2de99c05bbbee4ed3c24e09ec4c5b40e	gi|1918617957|gb|MW164494.1|	82.578	3.19e-61	287	uncultured fungus	fungi	uncultured fungus
2de99c05bbbee4ed3c24e09ec4c5b40e	gi|2259394479|emb|OW837612.1|	82.517	1.15e-60	286	uncultured fungus	fungi	uncultured fungus
2de99c05bbbee4ed3c24e09ec4c5b40e	gi|2259142269|emb|OW834839.1|	82.517	1.15e-60	286	uncultured fungus	fungi	uncultured fungus
35768e76deac41e18cfd4d982482d47b	gi|2259389059|emb|OW836338.1|	90.526	5.04e-99	285	uncultured fungus	fungi	uncultured fungus
35768e76deac41e18cfd4d982482d47b	gi|2259141516|emb|OW834486.1|	89.003	6.57e-93	291	uncultured fungus	fungi	uncultured fungus
35768e76deac41e18cfd4d982482d47b	gi|375076342|gb|JQ327974.1|	89.161	6.57e-93	286	uncultured eukaryote	eukaryotes	uncultured eukaryote
35768e76deac41e18cfd4d982482d47b	gi|2259394431|emb|OW837582.1|	88.462	1.42e-89	286	uncultured fungus	fungi	uncultured fungus
35768e76deac41e18cfd4d982482d47b	gi|2259393517|emb|OW837459.1|	88.380	1.84e-88	284	uncultured fungus	fungi	uncultured fungus
51ba0005426d670bfc342a8694089192	gi|3003545726|tpg|BK070411.1|	86.667	3.42e-11	75	Padina crassa	brown algae	Padina crassa
51ba0005426d670bfc342a8694089192	gi|1540304408|gb|MH688244.1|	95.349	3.45e-06	43	Aperioptus gracilentus	ray-finned fishes	Aperioptus gracilentus
51ba0005426d670bfc342a8694089192	gi|2064684336|dbj|LC640023.1|	95.349	3.45e-06	43	Paraplagusia japonica	ray-finned fishes	black cow-tongue
51ba0005426d670bfc342a8694089192	gi|511347697|ref|NC_021376.1|	95.349	3.45e-06	43	Paraplagusia japonica	ray-finned fishes	black cow-tongue
51ba0005426d670bfc342a8694089192	gi|1918448007|dbj|LC579409.1|	95.349	3.45e-06	43	Paraplagusia japonica	ray-finned fishes	black cow-tongue
049a2a2ed2eabc4b4ad30a32eeefb834	gi|2989059643|gb|PV710553.1|	98.824	1.60e-77	170	Ammodytes dubius	ray-finned fishes	northern sand lance
049a2a2ed2eabc4b4ad30a32eeefb834	gi|2989059629|gb|PV710552.1|	98.824	1.60e-77	170	Ammodytes dubius	ray-finned fishes	northern sand lance
049a2a2ed2eabc4b4ad30a32eeefb834	gi|2949335892|gb|PV423377.1|	98.824	1.60e-77	170	Ammodytes dubius	ray-finned fishes	northern sand lance
049a2a2ed2eabc4b4ad30a32eeefb834	gi|959122913|ref|NC_028529.1|	98.824	1.60e-77	170	Ammodytes dubius	ray-finned fishes	northern sand lance
049a2a2ed2eabc4b4ad30a32eeefb834	gi|2989059657|gb|PV710554.1|	98.235	7.44e-76	170	Ammodytes dubius	ray-finned fishes	northern sand lance
d5c6707988e6af5b8e4c9c62e2fb62f5	gi|3057012933|gb|PX273259.1|	99.419	2.69e-80	172	Homo sapiens	primates	human
d5c6707988e6af5b8e4c9c62e2fb62f5	gi|3057012919|gb|PX273258.1|	99.419	2.69e-80	172	Homo sapiens	primates	human
d5c6707988e6af5b8e4c9c62e2fb62f5	gi|3057012905|gb|PX273257.1|	99.419	2.69e-80	172	Homo sapiens	primates	human
d5c6707988e6af5b8e4c9c62e2fb62f5	gi|3057012891|gb|PX273256.1|	99.419	2.69e-80	172	Homo sapiens	primates	human
d5c6707988e6af5b8e4c9c62e2fb62f5	gi|3057012877|gb|PX273255.1|	99.419	2.69e-80	172	Homo sapiens	primates	human
616a5df4780cb663485c6b07f225e12c	gi|2259146955|emb|OW835854.1|	84.375	1.46e-69	288	uncultured fungus	fungi	uncultured fungus
616a5df4780cb663485c6b07f225e12c	gi|2259493621|emb|OW836520.1|	83.516	8.87e-62	273	uncultured fungus	fungi	uncultured fungus
616a5df4780cb663485c6b07f225e12c	gi|2259389329|emb|OW836406.1|	82.517	3.19e-61	286	uncultured fungus	fungi	uncultured fungus
616a5df4780cb663485c6b07f225e12c	gi|1428077394|gb|MH625410.1|	82.639	1.15e-60	288	fungal sp.	fungi	fungal sp.
616a5df4780cb663485c6b07f225e12c	gi|2259146914|emb|OW835813.1|	82.292	5.34e-59	288	uncultured fungus	fungi	uncultured fungus
6bdde6201acf5832a5f4b7ce3c2546f0	gi|2994737912|gb|PV656772.1|	100.000	8.63e-101	206	Melanogrammus aeglefinus	ray-finned fishes	haddock
6bdde6201acf5832a5f4b7ce3c2546f0	gi|2994737898|gb|PV656771.1|	100.000	8.63e-101	206	Melanogrammus aeglefinus	ray-finned fishes	haddock
6bdde6201acf5832a5f4b7ce3c2546f0	gi|2994737884|gb|PV656770.1|	100.000	8.63e-101	206	Melanogrammus aeglefinus	ray-finned fishes	haddock
6bdde6201acf5832a5f4b7ce3c2546f0	gi|124377065|emb|AM489717.1|	100.000	8.63e-101	206	Melanogrammus aeglefinus	ray-finned fishes	haddock
6bdde6201acf5832a5f4b7ce3c2546f0	gi|94481723|gb|DQ356942.1|	100.000	8.63e-101	206	Melanogrammus aeglefinus	ray-finned fishes	haddock
76949d0de25e7d79add98e94342e6486	gi|2259492687|emb|OW835210.1|	82.639	4.13e-60	288	uncultured fungus	fungi	uncultured fungus
76949d0de25e7d79add98e94342e6486	gi|2259414726|emb|OW842418.1|	82.394	4.13e-60	284	uncultured Ascomycota	ascomycete fungi	uncultured Ascomycota
76949d0de25e7d79add98e94342e6486	gi|2259392289|emb|OW837189.1|	80.556	4.19e-50	288	uncultured fungus	fungi	uncultured fungus
76949d0de25e7d79add98e94342e6486	gi|2259392247|emb|OW837169.1|	80.139	1.95e-48	287	uncultured fungus	fungi	uncultured fungus
76949d0de25e7d79add98e94342e6486	gi|1946453781|emb|OB794246.1|	77.241	5.53e-34	290	Timema monikensis	walking sticks	Timema monikensis
7446f2096ba3eb70ecf37a31e510b4c7	gi|815075187|emb|LN735304.2|	98.258	7.98e-137	287	Bacillariophyceae sp. RCC1950	diatoms	Bacillariophyceae sp. RCC1950
7446f2096ba3eb70ecf37a31e510b4c7	gi|662012663|ref|NC_024082.1|	98.258	7.98e-137	287	Cylindrotheca closterium	diatoms	Cylindrotheca closterium
7446f2096ba3eb70ecf37a31e510b4c7	gi|662012663|ref|NC_024082.1|	97.931	7.98e-137	290	Cylindrotheca closterium	diatoms	Cylindrotheca closterium
7446f2096ba3eb70ecf37a31e510b4c7	gi|2194766343|gb|OK505010.1|	97.909	3.71e-135	287	Cylindrotheca closterium	diatoms	Cylindrotheca closterium
7446f2096ba3eb70ecf37a31e510b4c7	gi|2194766343|gb|OK505010.1|	97.586	3.71e-135	290	Cylindrotheca closterium	diatoms	Cylindrotheca closterium
7446f2096ba3eb70ecf37a31e510b4c7	gi|5051684|gb|AF146241.1|	98.227	4.80e-134	282	uncultured stramenopile CLEAR-18	heterokonts	uncultured stramenopile CLEAR-18
7446f2096ba3eb70ecf37a31e510b4c7	gi|1132318833|gb|KX937802.1|	97.561	1.73e-133	287	uncultured marine eukaryote	eukaryotes	uncultured marine eukaryote
09df48fb6ccfd680617901ca36a4fed8	gi|1540304408|gb|MH688244.1|	93.023	1.60e-04	43	Aperioptus gracilentus	ray-finned fishes	Aperioptus gracilentus
09df48fb6ccfd680617901ca36a4fed8	gi|2064684336|dbj|LC640023.1|	93.023	1.60e-04	43	Paraplagusia japonica	ray-finned fishes	black cow-tongue
09df48fb6ccfd680617901ca36a4fed8	gi|511347697|ref|NC_021376.1|	93.023	1.60e-04	43	Paraplagusia japonica	ray-finned fishes	black cow-tongue
09df48fb6ccfd680617901ca36a4fed8	gi|1918448007|dbj|LC579409.1|	93.023	1.60e-04	43	Paraplagusia japonica	ray-finned fishes	black cow-tongue
09df48fb6ccfd680617901ca36a4fed8	gi|169665021|gb|EU341086.1|	97.143	5.75e-04	35	Anodonthyla rouxae	frogs & toads	Madagascar climbing frog
e78652bf3358cbd988c15c5572c876c1	gi|815075962|emb|LN735469.3|	93.258	1.80e-103	267	Lepidodinium sp. RCC854	dinoflagellates	Lepidodinium sp. RCC854
e78652bf3358cbd988c15c5572c876c1	gi|2259494369|emb|OW836709.1|	91.228	2.33e-102	285	uncultured fungus	fungi	uncultured fungus
e78652bf3358cbd988c15c5572c876c1	gi|2259492676|emb|OW835199.1|	90.345	3.90e-100	290	uncultured fungus	fungi	uncultured fungus
e78652bf3358cbd988c15c5572c876c1	gi|2259408387|emb|OW840528.1|	90.311	1.40e-99	289	uncultured fungus	fungi	uncultured fungus
e78652bf3358cbd988c15c5572c876c1	gi|1969812215|emb|LR994622.1|	90.526	5.04e-99	285	Digitaria exilis	monocots	Digitaria exilis
e78652bf3358cbd988c15c5572c876c1	gi|1969812215|emb|LR994622.1|	90.526	5.04e-99	285	Digitaria exilis	monocots	Digitaria exilis
e78652bf3358cbd988c15c5572c876c1	gi|1969812215|emb|LR994622.1|	90.526	5.04e-99	285	Digitaria exilis	monocots	Digitaria exilis
e78652bf3358cbd988c15c5572c876c1	gi|1969812215|emb|LR994622.1|	90.526	5.04e-99	285	Digitaria exilis	monocots	Digitaria exilis
e78652bf3358cbd988c15c5572c876c1	gi|1969812215|emb|LR994622.1|	90.526	5.04e-99	285	Digitaria exilis	monocots	Digitaria exilis
e78652bf3358cbd988c15c5572c876c1	gi|1969812215|emb|LR994622.1|	90.526	5.04e-99	285	Digitaria exilis	monocots	Digitaria exilis
e78652bf3358cbd988c15c5572c876c1	gi|1969812215|emb|LR994622.1|	90.526	5.04e-99	285	Digitaria exilis	monocots	Digitaria exilis
7f6cd6918adc55df75c1746979286e21	gi|3071562083|emb|OZ333898.1|	97.059	0.002	34	Falco tinnunculus	birds	common kestrel
7f6cd6918adc55df75c1746979286e21	gi|3071561955|emb|OZ333875.1|	97.059	0.002	34	Falco tinnunculus	birds	common kestrel
7f6cd6918adc55df75c1746979286e21	gi|3063895443|gb|PX406086.1|	97.059	0.002	34	Glaucidium passerinum	birds	eurasian pygmy-owl
7f6cd6918adc55df75c1746979286e21	gi|1868778476|emb|LR822064.1|	86.792	0.002	53	Gouania willdenowi	ray-finned fishes	blunt-snouted clingfish
7f6cd6918adc55df75c1746979286e21	gi|3063895394|gb|PX406037.1|	96.970	0.007	33	Circus macrourus	hawks & eagles	Circus macrourus
3f488bc44b3e58a1cb2ac55f4dae8127	gi|3053320641|gb|PX070016.1|	100.000	6.21e-102	208	Clupea harengus	ray-finned fishes	Atlantic herring
3f488bc44b3e58a1cb2ac55f4dae8127	gi|1799624616|gb|MN122931.1|	100.000	6.21e-102	208	Clupea harengus	ray-finned fishes	Atlantic herring
3f488bc44b3e58a1cb2ac55f4dae8127	gi|1517391475|gb|MH194498.2|	100.000	6.21e-102	208	Clupea harengus	ray-finned fishes	Atlantic herring
3f488bc44b3e58a1cb2ac55f4dae8127	gi|2018537065|gb|MW818226.1|	100.000	6.21e-102	208	Clupea harengus	ray-finned fishes	Atlantic herring
3f488bc44b3e58a1cb2ac55f4dae8127	gi|2018537050|gb|MW818211.1|	100.000	6.21e-102	208	Clupea harengus	ray-finned fishes	Atlantic herring
d0cc8cc6718b6e3bccea16fc74e8ec7b	gi|1798183348|emb|LR745847.1|	99.010	2.88e-95	202	Asterias rubens	starfish	European starfish
d0cc8cc6718b6e3bccea16fc74e8ec7b	gi|2567033648|gb|OR473298.1|	94.554	2.94e-80	202	Asterias amurensis	starfish	Northern Pacific seastar
d0cc8cc6718b6e3bccea16fc74e8ec7b	gi|2582205361|gb|CP134956.1|	94.554	2.94e-80	202	Asterias amurensis	starfish	Northern Pacific seastar
d0cc8cc6718b6e3bccea16fc74e8ec7b	gi|2582205361|gb|CP134956.1|	95.588	4.14e-19	68	Asterias amurensis	starfish	Northern Pacific seastar
d0cc8cc6718b6e3bccea16fc74e8ec7b	gi|2499155095|gb|OP747303.1|	94.554	2.94e-80	202	Asterias amurensis	starfish	Northern Pacific seastar
d0cc8cc6718b6e3bccea16fc74e8ec7b	gi|2499155067|gb|OP747301.1|	94.554	2.94e-80	202	Asterias amurensis	starfish	Northern Pacific seastar
5017079cd36e12417e6fc0b2b3293d44	gi|691189712|gb|KM242645.1|	91.930	1.08e-105	285	Dicathais orbita	gastropods	Dicathais orbita
5017079cd36e12417e6fc0b2b3293d44	gi|557470434|gb|KF589848.1|	91.930	1.08e-105	285	Amphioctopus fangsiao	cephalopods	Amphioctopus fangsiao
5017079cd36e12417e6fc0b2b3293d44	gi|2259494369|emb|OW836709.1|	90.526	5.04e-99	285	uncultured fungus	fungi	uncultured fungus
5017079cd36e12417e6fc0b2b3293d44	gi|2259139526|emb|OW833740.1|	90.493	1.81e-98	284	uncultured fungus	fungi	uncultured fungus
5017079cd36e12417e6fc0b2b3293d44	gi|2259493624|emb|OW836523.1|	90.141	8.44e-97	284	uncultured fungus	fungi	uncultured fungus
769132d7b046b9d2ceded3a63d402ee8	gi|2994718532|gb|PV651714.1|	99.078	1.43e-103	217	Squalus acanthias	sharks & rays	spiny dogfish
769132d7b046b9d2ceded3a63d402ee8	gi|3211614248|gb|PZ086324.1|	99.078	1.43e-103	217	Squalus suckleyi	sharks & rays	Puget Sound dogfish
769132d7b046b9d2ceded3a63d402ee8	gi|3139203272|gb|PX718978.1|	99.078	1.43e-103	217	Squalus acanthias	sharks & rays	spiny dogfish
769132d7b046b9d2ceded3a63d402ee8	gi|5835708|ref|NC_002012.1|	99.078	1.43e-103	217	Squalus acanthias	sharks & rays	spiny dogfish
769132d7b046b9d2ceded3a63d402ee8	gi|1515576520|gb|MH377805.1|	99.020	2.42e-96	204	Squalus acanthias	sharks & rays	spiny dogfish
f005f612ce0f08da47fd15877ac57ee4	gi|815075962|emb|LN735469.3|	95.113	8.26e-112	266	Lepidodinium sp. RCC854	dinoflagellates	Lepidodinium sp. RCC854
f005f612ce0f08da47fd15877ac57ee4	gi|2259492676|emb|OW835199.1|	92.069	1.79e-108	290	uncultured fungus	fungi	uncultured fungus
f005f612ce0f08da47fd15877ac57ee4	gi|2604803856|emb|OY751556.1|	89.123	8.50e-92	285	Caenorhabditis doughertyi	nematodes	Caenorhabditis doughertyi
f005f612ce0f08da47fd15877ac57ee4	gi|2259494369|emb|OW836709.1|	88.772	1.10e-90	285	uncultured fungus	fungi	uncultured fungus
f005f612ce0f08da47fd15877ac57ee4	gi|2259493217|emb|OW836147.1|	90.000	1.10e-90	270	uncultured fungus	fungi	uncultured fungus
dd3c7565dc2c06e7772e576e86dccc06	gi|336111307|gb|JF488760.1|	73.810	9.49e-17	294	eukaryote SCGC AAA071-N23	eukaryotes	eukaryote SCGC AAA071-N23
dd3c7565dc2c06e7772e576e86dccc06	gi|1333373464|dbj|LC088206.1|	88.732	2.66e-12	71	uncultured Thalassiosira	diatoms	uncultured Thalassiosira
dd3c7565dc2c06e7772e576e86dccc06	gi|3025065630|gb|PV826132.1|	86.250	9.56e-12	80	Sphaerosorus coelastroides	yellow-green algae	Sphaerosorus coelastroides
dd3c7565dc2c06e7772e576e86dccc06	gi|3003545726|tpg|BK070411.1|	85.366	3.44e-11	82	Padina crassa	brown algae	Padina crassa
dd3c7565dc2c06e7772e576e86dccc06	gi|1540304408|gb|MH688244.1|	95.349	3.46e-06	43	Aperioptus gracilentus	ray-finned fishes	Aperioptus gracilentus
3f9d57f24d53afab94f1960bd895f3de	gi|1515576548|gb|MH377833.1|	99.435	4.44e-83	177	Merluccius bilinearis	ray-finned fishes	silver hake
3f9d57f24d53afab94f1960bd895f3de	gi|2571476436|gb|OR499725.1|	99.435	4.44e-83	177	Merluccius bilinearis	ray-finned fishes	silver hake
3f9d57f24d53afab94f1960bd895f3de	gi|3211598001|gb|PZ091031.1|	99.435	4.44e-83	177	Merluccius bilinearis	ray-finned fishes	silver hake
3f9d57f24d53afab94f1960bd895f3de	gi|3211597805|gb|PZ091017.1|	99.435	4.44e-83	177	Merluccius bilinearis	ray-finned fishes	silver hake
3f9d57f24d53afab94f1960bd895f3de	gi|3053320529|gb|PX070008.1|	98.870	2.07e-81	177	Merluccius bilinearis	ray-finned fishes	silver hake
abf20c5d0d80eeebc3751d8061cabfd1	gi|2259146955|emb|OW835854.1|	83.681	3.17e-66	288	uncultured fungus	fungi	uncultured fungus
abf20c5d0d80eeebc3751d8061cabfd1	gi|2259493621|emb|OW836520.1|	83.516	8.87e-62	273	uncultured fungus	fungi	uncultured fungus
abf20c5d0d80eeebc3751d8061cabfd1	gi|2259492656|emb|OW835179.1|	82.807	8.87e-62	285	uncultured fungus	fungi	uncultured fungus
abf20c5d0d80eeebc3751d8061cabfd1	gi|1428077394|gb|MH625410.1|	82.639	1.15e-60	288	fungal sp.	fungi	fungal sp.
abf20c5d0d80eeebc3751d8061cabfd1	gi|2259389329|emb|OW836406.1|	82.168	1.48e-59	286	uncultured fungus	fungi	uncultured fungus
058bd1498a1a2ddd88c169b9d474d2c2	gi|3053320641|gb|PX070016.1|	100.000	6.38e-102	208	Clupea harengus	ray-finned fishes	Atlantic herring
058bd1498a1a2ddd88c169b9d474d2c2	gi|1799624616|gb|MN122931.1|	100.000	6.38e-102	208	Clupea harengus	ray-finned fishes	Atlantic herring
058bd1498a1a2ddd88c169b9d474d2c2	gi|1517391475|gb|MH194498.2|	100.000	6.38e-102	208	Clupea harengus	ray-finned fishes	Atlantic herring
058bd1498a1a2ddd88c169b9d474d2c2	gi|2018537065|gb|MW818226.1|	100.000	6.38e-102	208	Clupea harengus	ray-finned fishes	Atlantic herring
058bd1498a1a2ddd88c169b9d474d2c2	gi|2018537050|gb|MW818211.1|	100.000	6.38e-102	208	Clupea harengus	ray-finned fishes	Atlantic herring
1d31af2f751286e6137e32ea72ebb044	gi|2891888040|gb|PP467801.1|	100.000	1.91e-97	200	Scomberesox saurus	ray-finned fishes	Scomberesox saurus
1d31af2f751286e6137e32ea72ebb044	gi|2580316241|gb|OR575551.1|	98.049	1.49e-93	205	Cololabis saira	ray-finned fishes	Pacific saury
1d31af2f751286e6137e32ea72ebb044	gi|16357079|ref|NC_003183.1|	98.049	1.49e-93	205	Cololabis saira	ray-finned fishes	Pacific saury
1d31af2f751286e6137e32ea72ebb044	gi|2486668737|gb|OQ819310.1|	99.471	1.16e-89	189	Scomberesox saurus	ray-finned fishes	Scomberesox saurus
1d31af2f751286e6137e32ea72ebb044	gi|985563190|dbj|LC091873.1|	97.619	5.51e-73	168	Cololabis saira	ray-finned fishes	Pacific saury
36c134b9aa2f28b30042769d2929b186	gi|2989059657|gb|PV710554.1|	100.000	9.18e-101	206	Ammodytes dubius	ray-finned fishes	northern sand lance
36c134b9aa2f28b30042769d2929b186	gi|959122927|ref|NC_028530.1|	100.000	9.18e-101	206	Ammodytes americanus	ray-finned fishes	American sand lance
36c134b9aa2f28b30042769d2929b186	gi|2989059643|gb|PV710553.1|	99.515	4.27e-99	206	Ammodytes dubius	ray-finned fishes	northern sand lance
36c134b9aa2f28b30042769d2929b186	gi|2989059629|gb|PV710552.1|	99.515	4.27e-99	206	Ammodytes dubius	ray-finned fishes	northern sand lance
36c134b9aa2f28b30042769d2929b186	gi|2949335892|gb|PV423377.1|	99.515	4.27e-99	206	Ammodytes dubius	ray-finned fishes	northern sand lance
7939bb2f64909df9a5cd174fad5f31e8	gi|2989059643|gb|PV710553.1|	100.000	9.18e-101	206	Ammodytes dubius	ray-finned fishes	northern sand lance
7939bb2f64909df9a5cd174fad5f31e8	gi|2989059629|gb|PV710552.1|	100.000	9.18e-101	206	Ammodytes dubius	ray-finned fishes	northern sand lance
7939bb2f64909df9a5cd174fad5f31e8	gi|2949335892|gb|PV423377.1|	100.000	9.18e-101	206	Ammodytes dubius	ray-finned fishes	northern sand lance
7939bb2f64909df9a5cd174fad5f31e8	gi|959122913|ref|NC_028529.1|	100.000	9.18e-101	206	Ammodytes dubius	ray-finned fishes	northern sand lance
7939bb2f64909df9a5cd174fad5f31e8	gi|2989059657|gb|PV710554.1|	99.515	4.27e-99	206	Ammodytes dubius	ray-finned fishes	northern sand lance
53450641aeb622650e7505944bc33eb9	gi|2882954833|gb|PQ858633.1|	99.512	1.34e-98	205	Sebastes mentella	ray-finned fishes	deepwater redfish
53450641aeb622650e7505944bc33eb9	gi|2882954819|gb|PQ858632.1|	99.512	1.34e-98	205	Sebastes mentella	ray-finned fishes	deepwater redfish
53450641aeb622650e7505944bc33eb9	gi|2882954805|gb|PQ858631.1|	99.512	1.34e-98	205	Sebastes fasciatus	ray-finned fishes	Acadian redfish
53450641aeb622650e7505944bc33eb9	gi|2882954791|gb|PQ858630.1|	99.512	1.34e-98	205	Sebastes fasciatus	ray-finned fishes	Acadian redfish
53450641aeb622650e7505944bc33eb9	gi|2882954777|gb|PQ858629.1|	99.512	1.34e-98	205	Sebastes fasciatus	ray-finned fishes	Acadian redfish
75358fbe953675a9a8c1244e87ca9844	gi|2952869385|gb|PV454015.1|	100.000	9.06e-101	206	Enchelyopus cimbrius	ray-finned fishes	fourbeard rockling
75358fbe953675a9a8c1244e87ca9844	gi|2329468151|gb|OP056913.1|	100.000	9.06e-101	206	Enchelyopus cimbrius	ray-finned fishes	fourbeard rockling
75358fbe953675a9a8c1244e87ca9844	gi|2018537178|gb|MW818339.1|	100.000	9.06e-101	206	Enchelyopus cimbrius	ray-finned fishes	fourbeard rockling
75358fbe953675a9a8c1244e87ca9844	gi|2891888077|gb|PP467849.1|	100.000	2.54e-96	198	Enchelyopus cimbrius	ray-finned fishes	fourbeard rockling
75358fbe953675a9a8c1244e87ca9844	gi|14485470|emb|AJ315623.1|	100.000	2.55e-91	189	Enchelyopus cimbrius	ray-finned fishes	fourbeard rockling
6f8457629b09fb0b53437f4bba628515	gi|404427683|gb|JQ516589.1|	81.882	6.90e-58	287	uncultured Chlorophyta	green algae	uncultured Chlorophyta
6f8457629b09fb0b53437f4bba628515	gi|404427682|gb|JQ516583.1|	81.882	6.90e-58	287	uncultured Chlorophyta	green algae	uncultured Chlorophyta
6f8457629b09fb0b53437f4bba628515	gi|404427678|gb|JQ516566.1|	81.882	6.90e-58	287	uncultured Chlorophyta	green algae	uncultured Chlorophyta
6f8457629b09fb0b53437f4bba628515	gi|312982358|gb|HM593553.1|	81.533	3.21e-56	287	uncultured phototrophic eukaryote	eukaryotes	uncultured phototrophic eukaryote
6f8457629b09fb0b53437f4bba628515	gi|312982342|gb|HM593538.1|	81.533	3.21e-56	287	uncultured phototrophic eukaryote	eukaryotes	uncultured phototrophic eukaryote
52c6baccaee5ccc3261f992dd047734d	gi|3053320557|gb|PX070010.1|	99.517	1.14e-99	207	Hippoglossus hippoglossus	ray-finned fishes	Atlantic halibut
52c6baccaee5ccc3261f992dd047734d	gi|3053320515|gb|PX070007.1|	99.517	1.14e-99	207	Hippoglossus hippoglossus	ray-finned fishes	Atlantic halibut
52c6baccaee5ccc3261f992dd047734d	gi|2987591881|gb|PV691876.1|	99.517	1.14e-99	207	Hippoglossus hippoglossus	ray-finned fishes	Atlantic halibut
52c6baccaee5ccc3261f992dd047734d	gi|2987591867|gb|PV691875.1|	99.517	1.14e-99	207	Hippoglossus hippoglossus	ray-finned fishes	Atlantic halibut
52c6baccaee5ccc3261f992dd047734d	gi|2987591853|gb|PV691874.1|	99.517	1.14e-99	207	Hippoglossus hippoglossus	ray-finned fishes	Atlantic halibut
46572a4315ac9772b2b65689f382ebf8	gi|2259390870|emb|OW836991.1|	92.308	6.43e-108	286	uncultured fungus	fungi	uncultured fungus
46572a4315ac9772b2b65689f382ebf8	gi|2259394445|emb|OW837590.1|	91.549	1.80e-103	284	uncultured fungus	fungi	uncultured fungus
46572a4315ac9772b2b65689f382ebf8	gi|2259141262|emb|OW834443.1|	91.003	6.48e-103	289	uncultured fungus	fungi	uncultured fungus
46572a4315ac9772b2b65689f382ebf8	gi|19682835|emb|AJ439357.1|	90.526	5.04e-99	285	Prionitis sp. GIg-5	red algae	Prionitis sp. GIg-5
46572a4315ac9772b2b65689f382ebf8	gi|2259388964|emb|OW836258.1|	89.965	6.52e-98	289	uncultured fungus	fungi	uncultured fungus
cad76887c5093858c070f49304691903	gi|2259146955|emb|OW835854.1|	83.333	1.47e-64	288	uncultured fungus	fungi	uncultured fungus
cad76887c5093858c070f49304691903	gi|2259492656|emb|OW835179.1|	82.807	8.87e-62	285	uncultured fungus	fungi	uncultured fungus
cad76887c5093858c070f49304691903	gi|380705915|gb|JQ177983.1|	82.230	1.15e-60	287	uncultured Riftia	tube worms	uncultured Riftia
cad76887c5093858c070f49304691903	gi|2259493621|emb|OW836520.1|	82.784	1.92e-58	273	uncultured fungus	fungi	uncultured fungus
cad76887c5093858c070f49304691903	gi|1428077394|gb|MH625410.1|	81.944	2.48e-57	288	fungal sp.	fungi	fungal sp.
93dbc0b015ca28c85975d444a379da33	gi|1788585394|gb|MN883216.1|	100.000	9.55e-85	177	Merluccius albidus	ray-finned fishes	offshore hake
93dbc0b015ca28c85975d444a379da33	gi|1788585391|gb|MN883215.1|	100.000	9.55e-85	177	Merluccius albidus	ray-finned fishes	offshore hake
93dbc0b015ca28c85975d444a379da33	gi|2571476450|gb|OR499726.1|	100.000	9.55e-85	177	Merluccius albidus	ray-finned fishes	offshore hake
93dbc0b015ca28c85975d444a379da33	gi|4929508|gb|AF149989.1|	99.375	4.51e-73	160	Merluccius bilinearis	ray-finned fishes	silver hake
93dbc0b015ca28c85975d444a379da33	gi|2715331780|ref|NC_088010.1|	96.045	1.62e-72	177	Merluccius hubbsi	ray-finned fishes	Argentine hake
59f995bba0888ff06d599e0da13ca26e	gi|2064684336|dbj|LC640023.1|	93.023	1.12e-04	43	Paraplagusia japonica	ray-finned fishes	black cow-tongue
59f995bba0888ff06d599e0da13ca26e	gi|511347697|ref|NC_021376.1|	93.023	1.12e-04	43	Paraplagusia japonica	ray-finned fishes	black cow-tongue
59f995bba0888ff06d599e0da13ca26e	gi|1918448007|dbj|LC579409.1|	93.023	1.12e-04	43	Paraplagusia japonica	ray-finned fishes	black cow-tongue
59f995bba0888ff06d599e0da13ca26e	gi|1540304408|gb|MH688244.1|	100.000	0.001	31	Aperioptus gracilentus	ray-finned fishes	Aperioptus gracilentus
59f995bba0888ff06d599e0da13ca26e	gi|2329468051|gb|OP056813.1|	90.698	0.005	43	Bathygobius geminatus	ray-finned fishes	twin-spotted frillfin
8f2161b8a9729628851f1309f2b88424	gi|1798183348|emb|LR745847.1|	99.505	6.12e-97	202	Asterias rubens	starfish	European starfish
8f2161b8a9729628851f1309f2b88424	gi|2567033648|gb|OR473298.1|	95.050	6.25e-82	202	Asterias amurensis	starfish	Northern Pacific seastar
8f2161b8a9729628851f1309f2b88424	gi|2582205361|gb|CP134956.1|	95.050	6.25e-82	202	Asterias amurensis	starfish	Northern Pacific seastar
8f2161b8a9729628851f1309f2b88424	gi|2582205361|gb|CP134956.1|	97.059	8.81e-21	68	Asterias amurensis	starfish	Northern Pacific seastar
8f2161b8a9729628851f1309f2b88424	gi|2499155095|gb|OP747303.1|	95.050	6.25e-82	202	Asterias amurensis	starfish	Northern Pacific seastar
8f2161b8a9729628851f1309f2b88424	gi|2499155067|gb|OP747301.1|	95.050	6.25e-82	202	Asterias amurensis	starfish	Northern Pacific seastar
8ee3e6ac6c9923528f21de65204132de	gi|1540304408|gb|MH688244.1|	95.349	3.45e-06	43	Aperioptus gracilentus	ray-finned fishes	Aperioptus gracilentus
8ee3e6ac6c9923528f21de65204132de	gi|2064684336|dbj|LC640023.1|	95.349	3.45e-06	43	Paraplagusia japonica	ray-finned fishes	black cow-tongue
8ee3e6ac6c9923528f21de65204132de	gi|511347697|ref|NC_021376.1|	95.349	3.45e-06	43	Paraplagusia japonica	ray-finned fishes	black cow-tongue
8ee3e6ac6c9923528f21de65204132de	gi|1918448007|dbj|LC579409.1|	95.349	3.45e-06	43	Paraplagusia japonica	ray-finned fishes	black cow-tongue
8ee3e6ac6c9923528f21de65204132de	gi|1835269738|gb|MN917497.1|	93.023	1.60e-04	43	Paratelmatobius cardosoi	frogs & toads	Paratelmatobius cardosoi
e67382cb6a5b6c9ad8c1b0e361143ed1	gi|2547295|gb|U76020.1|HFU76020	100.000	0.002	31	Heliornis fulica	birds	sungrebe
e67382cb6a5b6c9ad8c1b0e361143ed1	gi|1824664091|ref|NC_046485.1|	94.595	0.007	37	Hydrictis maculicollis	carnivores	Spotted-necked otter
e67382cb6a5b6c9ad8c1b0e361143ed1	gi|1824664077|ref|NC_046484.1|	97.059	0.007	34	Aonyx capensis	carnivores	African clawless otter
e67382cb6a5b6c9ad8c1b0e361143ed1	gi|1798174024|gb|MN122929.1|	94.595	0.007	37	Merops apiaster	birds	European bee-eater
e67382cb6a5b6c9ad8c1b0e361143ed1	gi|1771909800|dbj|LC094961.1|	94.595	0.007	37	Lutra lutra	carnivores	Eurasian river otter
90ba0f6e87c1aeabaf001b26ba87171d	gi|2994737912|gb|PV656772.1|	100.000	8.72e-101	206	Melanogrammus aeglefinus	ray-finned fishes	haddock
90ba0f6e87c1aeabaf001b26ba87171d	gi|2994737898|gb|PV656771.1|	100.000	8.72e-101	206	Melanogrammus aeglefinus	ray-finned fishes	haddock
90ba0f6e87c1aeabaf001b26ba87171d	gi|2994737884|gb|PV656770.1|	100.000	8.72e-101	206	Melanogrammus aeglefinus	ray-finned fishes	haddock
90ba0f6e87c1aeabaf001b26ba87171d	gi|124377065|emb|AM489717.1|	100.000	8.72e-101	206	Melanogrammus aeglefinus	ray-finned fishes	haddock
90ba0f6e87c1aeabaf001b26ba87171d	gi|94481723|gb|DQ356942.1|	100.000	8.72e-101	206	Melanogrammus aeglefinus	ray-finned fishes	haddock
10eba399b23264c96ecac2e277cff1d0	gi|5359953|gb|AF142971.1|	76.389	5.57e-29	288	diatom TAYNAYA-23	diatoms	diatom TAYNAYA-23
10eba399b23264c96ecac2e277cff1d0	gi|3052108509|gb|PX233968.1|	74.306	3.38e-21	288	Lethocolea sp. HX-2025a	liverworts	Lethocolea sp. HX-2025a
10eba399b23264c96ecac2e277cff1d0	gi|3052108509|gb|PX233968.1|	74.227	3.38e-21	291	Lethocolea sp. HX-2025a	liverworts	Lethocolea sp. HX-2025a
10eba399b23264c96ecac2e277cff1d0	gi|2970664262|gb|PP979532.1|	74.490	3.38e-21	294	Crucigenia lauterbornii	green algae	Crucigenia lauterbornii
10eba399b23264c96ecac2e277cff1d0	gi|2970664262|gb|PP979532.1|	74.570	3.38e-21	291	Crucigenia lauterbornii	green algae	Crucigenia lauterbornii
10eba399b23264c96ecac2e277cff1d0	gi|2970664023|gb|PP979529.1|	74.490	3.38e-21	294	Actinastrum hantzschii	green algae	Actinastrum hantzschii
10eba399b23264c96ecac2e277cff1d0	gi|2970664023|gb|PP979529.1|	74.570	3.38e-21	291	Actinastrum hantzschii	green algae	Actinastrum hantzschii
10eba399b23264c96ecac2e277cff1d0	gi|2970662891|gb|PP979515.1|	74.490	3.38e-21	294	Actinastrum hantzschii	green algae	Actinastrum hantzschii
10eba399b23264c96ecac2e277cff1d0	gi|2970662891|gb|PP979515.1|	74.570	3.38e-21	291	Actinastrum hantzschii	green algae	Actinastrum hantzschii
5f177178040f3e3d7103e8e34e33d9a7	gi|410060980|gb|JX174058.1|	89.199	1.83e-93	287	uncultured Cymbella	diatoms	uncultured Cymbella
5f177178040f3e3d7103e8e34e33d9a7	gi|2259493903|emb|OW836685.1|	88.621	8.50e-92	290	uncultured fungus	fungi	uncultured fungus
5f177178040f3e3d7103e8e34e33d9a7	gi|380705915|gb|JQ177983.1|	88.421	1.10e-90	285	uncultured Riftia	tube worms	uncultured Riftia
5f177178040f3e3d7103e8e34e33d9a7	gi|2259146851|emb|OW835750.1|	88.732	3.95e-90	284	uncultured fungus	fungi	uncultured fungus
5f177178040f3e3d7103e8e34e33d9a7	gi|2259388900|emb|OW836226.1|	88.421	1.84e-88	285	uncultured fungus	fungi	uncultured fungus
4d1affec2a2b7d31d1afd1857c217419	gi|2259492712|emb|OW835235.1|	85.915	8.68e-77	284	uncultured fungus	fungi	uncultured fungus
4d1affec2a2b7d31d1afd1857c217419	gi|1918617880|gb|MW164417.1|	83.972	6.81e-68	287	uncultured fungus	fungi	uncultured fungus
4d1affec2a2b7d31d1afd1857c217419	gi|2259146929|emb|OW835828.1|	83.883	1.91e-63	273	uncultured fungus	fungi	uncultured fungus
4d1affec2a2b7d31d1afd1857c217419	gi|2259494396|emb|OW837108.1|	83.516	3.19e-61	273	uncultured fungus	fungi	uncultured fungus
4d1affec2a2b7d31d1afd1857c217419	gi|2259393470|emb|OW837412.1|	82.517	4.13e-60	286	uncultured fungus	fungi	uncultured fungus
19e7b92dddcc6880185b3a355bf75deb	gi|2259143938|emb|OW835519.1|	83.737	3.19e-66	289	uncultured fungus	fungi	uncultured fungus
19e7b92dddcc6880185b3a355bf75deb	gi|2259492667|emb|OW835190.1|	83.505	1.49e-64	291	uncultured fungus	fungi	uncultured fungus
19e7b92dddcc6880185b3a355bf75deb	gi|2259494430|emb|OW837491.1|	82.192	1.93e-58	292	uncultured fungus	fungi	uncultured fungus
19e7b92dddcc6880185b3a355bf75deb	gi|2259389090|emb|OW836369.1|	79.522	4.25e-45	293	uncultured fungus	fungi	uncultured fungus
19e7b92dddcc6880185b3a355bf75deb	gi|2259143761|emb|OW835390.1|	78.767	9.20e-42	292	uncultured fungus	fungi	uncultured fungus
ad91feead7d856cb661899baef89cbdf	gi|1251775573|gb|MF947452.1|	77.206	1.93e-07	136	Plenaster craigi	sponges	Plenaster craigi
a1d79cb3d328a8aeb6d6df03d56fc3ce	gi|2259141863|emb|OW834607.1|	93.793	8.24e-117	290	uncultured fungus	fungi	uncultured fungus
a1d79cb3d328a8aeb6d6df03d56fc3ce	gi|1352414964|gb|MH009263.1|	93.993	1.38e-114	283	uncultured eukaryote	eukaryotes	uncultured eukaryote
a1d79cb3d328a8aeb6d6df03d56fc3ce	gi|2259392505|emb|OW837316.1|	85.965	2.42e-77	285	uncultured fungus	fungi	uncultured fungus
a1d79cb3d328a8aeb6d6df03d56fc3ce	gi|2259392349|emb|OW837222.1|	81.034	2.51e-52	290	uncultured fungus	fungi	uncultured fungus
a1d79cb3d328a8aeb6d6df03d56fc3ce	gi|296964445|gb|HM270850.1|	77.816	9.22e-37	293	uncultured eukaryote	eukaryotes	uncultured eukaryote
6548af507b870b9ab7d9bd8787f87334	gi|2259492671|emb|OW835194.1|	98.947	4.79e-139	285	uncultured fungus	fungi	uncultured fungus
6548af507b870b9ab7d9bd8787f87334	gi|2259393447|emb|OW837389.1|	84.828	8.78e-72	290	uncultured fungus	fungi	uncultured fungus
6548af507b870b9ab7d9bd8787f87334	gi|2259493903|emb|OW836685.1|	84.247	1.14e-70	292	uncultured fungus	fungi	uncultured fungus
6548af507b870b9ab7d9bd8787f87334	gi|926657291|dbj|LC000795.1|	84.083	6.83e-68	289	Olavius environmental sample	segmented worms	Olavius environmental sample
6548af507b870b9ab7d9bd8787f87334	gi|926657265|dbj|LC000769.1|	84.138	6.83e-68	290	Olavius environmental sample	segmented worms	Olavius environmental sample
a15b4a3e06fd6df83cf8da0adf021828	gi|2698751178|gb|PP492856.1|	85.185	2.87e-10	81	Parapercis pulchella	ray-finned fishes	harlequin sandsmelt
a15b4a3e06fd6df83cf8da0adf021828	gi|2174708416|dbj|LC552461.2|	85.185	2.87e-10	81	Parapercis pulchella	ray-finned fishes	harlequin sandsmelt
a15b4a3e06fd6df83cf8da0adf021828	gi|3248864470|gb|PZ137313.1|	85.185	2.87e-10	81	Parapercis pulchella	ray-finned fishes	harlequin sandsmelt
a15b4a3e06fd6df83cf8da0adf021828	gi|1189408146|gb|KY815341.1|	95.745	3.71e-09	47	Terelabrus rubrovittatus	ray-finned fishes	Terelabrus rubrovittatus
a15b4a3e06fd6df83cf8da0adf021828	gi|2967563626|gb|PV590091.1|	84.416	1.33e-08	77	Polydactylus quadrifilis	ray-finned fishes	Polydactylus quadrifilis
d02ba48550153c34e5ad12e4b12cbff2	gi|2259494396|emb|OW837108.1|	83.764	6.86e-63	271	uncultured fungus	fungi	uncultured fungus
d02ba48550153c34e5ad12e4b12cbff2	gi|2259492625|emb|OW835148.1|	82.699	6.86e-63	289	uncultured fungus	fungi	uncultured fungus
d02ba48550153c34e5ad12e4b12cbff2	gi|2259389093|emb|OW836372.1|	82.807	2.47e-62	285	uncultured fungus	fungi	uncultured fungus
d02ba48550153c34e5ad12e4b12cbff2	gi|221326780|gb|FJ540919.1|	82.807	2.47e-62	285	Branchiostoma floridae	lancelets	Florida lancelet
d02ba48550153c34e5ad12e4b12cbff2	gi|2259389090|emb|OW836369.1|	82.517	3.19e-61	286	uncultured fungus	fungi	uncultured fungus
5ab60165b70d0d52c9893a7733c0b3ce	gi|2692953615|ref|NC_086796.1|	98.537	3.20e-95	205	Zoarces americanus	ray-finned fishes	ocean pout
5ab60165b70d0d52c9893a7733c0b3ce	gi|3139203650|gb|PX719005.1|	98.537	3.20e-95	205	Zoarces americanus	ray-finned fishes	ocean pout
5ab60165b70d0d52c9893a7733c0b3ce	gi|3139210563|gb|PX740847.1|	98.049	1.49e-93	205	Zoarces americanus	ray-finned fishes	ocean pout
5ab60165b70d0d52c9893a7733c0b3ce	gi|2724829064|ref|NC_088490.1|	97.561	6.93e-92	205	Zoarces viviparus	ray-finned fishes	viviparous blenny
5ab60165b70d0d52c9893a7733c0b3ce	gi|1788585388|gb|MN883214.1|	98.477	8.97e-91	197	Zoarces americanus	ray-finned fishes	ocean pout
e02f2e952a806909e4b47c18ed247cf7	gi|3053320641|gb|PX070016.1|	100.000	2.02e-102	209	Clupea harengus	ray-finned fishes	Atlantic herring
e02f2e952a806909e4b47c18ed247cf7	gi|1799624616|gb|MN122931.1|	100.000	2.02e-102	209	Clupea harengus	ray-finned fishes	Atlantic herring
e02f2e952a806909e4b47c18ed247cf7	gi|2018537050|gb|MW818211.1|	100.000	2.02e-102	209	Clupea harengus	ray-finned fishes	Atlantic herring
e02f2e952a806909e4b47c18ed247cf7	gi|426260619|gb|KC193777.1|	100.000	2.02e-102	209	Clupea harengus	ray-finned fishes	Atlantic herring
e02f2e952a806909e4b47c18ed247cf7	gi|426260605|gb|KC193776.1|	100.000	2.02e-102	209	Clupea harengus	ray-finned fishes	Atlantic herring
f9c2c5193618b9dc673ebb07a432d739	gi|3053320473|gb|PX070004.1|	99.522	8.16e-101	209	Brevoortia tyrannus	ray-finned fishes	Atlantic menhaden
f9c2c5193618b9dc673ebb07a432d739	gi|3053320445|gb|PX070002.1|	99.522	8.16e-101	209	Brevoortia tyrannus	ray-finned fishes	Atlantic menhaden
f9c2c5193618b9dc673ebb07a432d739	gi|3053320431|gb|PX070001.1|	99.522	8.16e-101	209	Brevoortia tyrannus	ray-finned fishes	Atlantic menhaden
f9c2c5193618b9dc673ebb07a432d739	gi|2579851516|gb|OR577203.1|	99.522	8.16e-101	209	Brevoortia patronus	ray-finned fishes	Gulf menhaden
f9c2c5193618b9dc673ebb07a432d739	gi|2422575726|gb|OQ198733.1|	99.522	8.16e-101	209	Brevoortia gunteri	ray-finned fishes	finescale menhaden
980ab594da4e59245c90cfe418c9a1de	gi|223674426|gb|FJ649253.1|	98.252	2.87e-136	286	uncultured phototrophic eukaryote	eukaryotes	uncultured phototrophic eukaryote
980ab594da4e59245c90cfe418c9a1de	gi|1132315901|gb|KX934870.1|	98.252	2.87e-136	286	uncultured marine eukaryote	eukaryotes	uncultured marine eukaryote
980ab594da4e59245c90cfe418c9a1de	gi|1132315856|gb|KX934825.1|	98.252	2.87e-136	286	uncultured marine eukaryote	eukaryotes	uncultured marine eukaryote
980ab594da4e59245c90cfe418c9a1de	gi|301139729|gb|GQ385802.1|	98.252	2.87e-136	286	uncultured phototrophic eukaryote	eukaryotes	uncultured phototrophic eukaryote
980ab594da4e59245c90cfe418c9a1de	gi|256275677|gb|GQ380479.1|	98.252	2.87e-136	286	uncultured marine phototrophic eukaryote	eukaryotes	uncultured marine phototrophic eukaryote
db51b01dc17e02174d19cfc2e39282ae	gi|373863272|gb|HQ868202.1|	90.441	6.57e-93	272	uncultured eukaryote	eukaryotes	uncultured eukaryote
db51b01dc17e02174d19cfc2e39282ae	gi|2259390345|emb|OW836854.1|	82.353	3.19e-61	289	uncultured fungus	fungi	uncultured fungus
db51b01dc17e02174d19cfc2e39282ae	gi|3105471555|emb|OZ366960.1|	82.578	1.15e-60	287	Sarcotragus fasciculatus	sponges	Sarcotragus fasciculatus
db51b01dc17e02174d19cfc2e39282ae	gi|2259492609|emb|OW835132.1|	82.699	4.13e-60	289	uncultured fungus	fungi	uncultured fungus
db51b01dc17e02174d19cfc2e39282ae	gi|354952428|dbj|AB559814.1|	81.597	8.93e-57	288	uncultured eukaryote	eukaryotes	uncultured eukaryote
3ca452936a319f8acbf0b1530e7d2d0e	gi|2259390343|emb|OW836852.1|	94.366	8.20e-117	284	uncultured fungus	fungi	uncultured fungus
3ca452936a319f8acbf0b1530e7d2d0e	gi|213958819|gb|FJ360754.1|	94.604	3.82e-115	278	Dunaliella salina	green algae	Dunaliella salina
3ca452936a319f8acbf0b1530e7d2d0e	gi|2259146577|emb|OW835678.1|	93.103	1.78e-113	290	uncultured fungus	fungi	uncultured fungus
3ca452936a319f8acbf0b1530e7d2d0e	gi|2259141262|emb|OW834443.1|	93.127	6.39e-113	291	uncultured fungus	fungi	uncultured fungus
3ca452936a319f8acbf0b1530e7d2d0e	gi|2259392253|emb|OW837172.1|	93.310	8.26e-112	284	uncultured fungus	fungi	uncultured fungus
e3a61f162a4961894f39b18146e5eeff	gi|1802566577|gb|MN714194.1|	98.857	2.64e-80	175	Bos taurus	even-toed ungulates & whales	domestic cattle
e3a61f162a4961894f39b18146e5eeff	gi|1802566563|gb|MN714193.1|	98.857	2.64e-80	175	Bos taurus	even-toed ungulates & whales	domestic cattle
e3a61f162a4961894f39b18146e5eeff	gi|1802566521|gb|MN714190.1|	98.857	2.64e-80	175	Bos taurus	even-toed ungulates & whales	domestic cattle
e3a61f162a4961894f39b18146e5eeff	gi|1802566437|gb|MN714184.1|	98.857	2.64e-80	175	Bos taurus	even-toed ungulates & whales	domestic cattle
e3a61f162a4961894f39b18146e5eeff	gi|1802566423|gb|MN714183.1|	98.857	2.64e-80	175	Bos taurus	even-toed ungulates & whales	domestic cattle
238841064c4a6e1131c357ee5cfcfe82	gi|3053320641|gb|PX070016.1|	100.000	1.88e-102	209	Clupea harengus	ray-finned fishes	Atlantic herring
238841064c4a6e1131c357ee5cfcfe82	gi|1799624616|gb|MN122931.1|	100.000	1.88e-102	209	Clupea harengus	ray-finned fishes	Atlantic herring
238841064c4a6e1131c357ee5cfcfe82	gi|2018537050|gb|MW818211.1|	100.000	1.88e-102	209	Clupea harengus	ray-finned fishes	Atlantic herring
238841064c4a6e1131c357ee5cfcfe82	gi|426260619|gb|KC193777.1|	100.000	1.88e-102	209	Clupea harengus	ray-finned fishes	Atlantic herring
238841064c4a6e1131c357ee5cfcfe82	gi|426260605|gb|KC193776.1|	100.000	1.88e-102	209	Clupea harengus	ray-finned fishes	Atlantic herring
f3e10faa9f3ddb7282db20292ca1bfaf	gi|2989059657|gb|PV710554.1|	100.000	3.00e-100	205	Ammodytes dubius	ray-finned fishes	northern sand lance
f3e10faa9f3ddb7282db20292ca1bfaf	gi|959122927|ref|NC_028530.1|	100.000	3.00e-100	205	Ammodytes americanus	ray-finned fishes	American sand lance
f3e10faa9f3ddb7282db20292ca1bfaf	gi|2989059643|gb|PV710553.1|	99.512	1.39e-98	205	Ammodytes dubius	ray-finned fishes	northern sand lance
f3e10faa9f3ddb7282db20292ca1bfaf	gi|2989059629|gb|PV710552.1|	99.512	1.39e-98	205	Ammodytes dubius	ray-finned fishes	northern sand lance
f3e10faa9f3ddb7282db20292ca1bfaf	gi|2949335892|gb|PV423377.1|	99.512	1.39e-98	205	Ammodytes dubius	ray-finned fishes	northern sand lance
87b8b93d7f5716572eb85b6acc8bedf7	gi|3053320641|gb|PX070016.1|	100.000	6.67e-102	208	Clupea harengus	ray-finned fishes	Atlantic herring
87b8b93d7f5716572eb85b6acc8bedf7	gi|1799624616|gb|MN122931.1|	100.000	6.67e-102	208	Clupea harengus	ray-finned fishes	Atlantic herring
87b8b93d7f5716572eb85b6acc8bedf7	gi|1517391475|gb|MH194498.2|	100.000	6.67e-102	208	Clupea harengus	ray-finned fishes	Atlantic herring
87b8b93d7f5716572eb85b6acc8bedf7	gi|2018537065|gb|MW818226.1|	100.000	6.67e-102	208	Clupea harengus	ray-finned fishes	Atlantic herring
87b8b93d7f5716572eb85b6acc8bedf7	gi|2018537050|gb|MW818211.1|	100.000	6.67e-102	208	Clupea harengus	ray-finned fishes	Atlantic herring
15b52e0ca622ed16b1b68ebd2bab5bcf	gi|3053320641|gb|PX070016.1|	100.000	6.97e-102	208	Clupea harengus	ray-finned fishes	Atlantic herring
15b52e0ca622ed16b1b68ebd2bab5bcf	gi|1799624616|gb|MN122931.1|	100.000	6.97e-102	208	Clupea harengus	ray-finned fishes	Atlantic herring
15b52e0ca622ed16b1b68ebd2bab5bcf	gi|1517391475|gb|MH194498.2|	100.000	6.97e-102	208	Clupea harengus	ray-finned fishes	Atlantic herring
15b52e0ca622ed16b1b68ebd2bab5bcf	gi|2018537065|gb|MW818226.1|	100.000	6.97e-102	208	Clupea harengus	ray-finned fishes	Atlantic herring
15b52e0ca622ed16b1b68ebd2bab5bcf	gi|2018537050|gb|MW818211.1|	100.000	6.97e-102	208	Clupea harengus	ray-finned fishes	Atlantic herring
00fcce90bb856ace505b118f0efd000a	gi|691189712|gb|KM242645.1|	91.579	5.01e-104	285	Dicathais orbita	gastropods	Dicathais orbita
00fcce90bb856ace505b118f0efd000a	gi|557470434|gb|KF589848.1|	91.579	5.01e-104	285	Amphioctopus fangsiao	cephalopods	Amphioctopus fangsiao
00fcce90bb856ace505b118f0efd000a	gi|2259494369|emb|OW836709.1|	90.877	1.08e-100	285	uncultured fungus	fungi	uncultured fungus
00fcce90bb856ace505b118f0efd000a	gi|2259139526|emb|OW833740.1|	90.141	8.44e-97	284	uncultured fungus	fungi	uncultured fungus
00fcce90bb856ace505b118f0efd000a	gi|2259492677|emb|OW835200.1|	89.825	1.09e-95	285	uncultured fungus	fungi	uncultured fungus
935d50f28d6d74a85393dbbc35c64b95	gi|2259492676|emb|OW835199.1|	91.379	3.87e-105	290	uncultured fungus	fungi	uncultured fungus
935d50f28d6d74a85393dbbc35c64b95	gi|2259493903|emb|OW836685.1|	89.655	8.44e-97	290	uncultured fungus	fungi	uncultured fungus
935d50f28d6d74a85393dbbc35c64b95	gi|2259493217|emb|OW836147.1|	90.741	5.08e-94	270	uncultured fungus	fungi	uncultured fungus
935d50f28d6d74a85393dbbc35c64b95	gi|2669162164|emb|OZ007508.1|	89.474	5.08e-94	285	Axinella damicornis	sponges	Axinella damicornis
935d50f28d6d74a85393dbbc35c64b95	gi|2259394355|emb|OW837529.1|	89.437	1.83e-93	284	uncultured fungus	fungi	uncultured fungus
87fc7d59489aa4bc13e2fd1001e8dd9b	gi|2259415344|emb|OW842557.1|	86.972	8.62e-82	284	uncultured Ascomycota	ascomycete fungi	uncultured Ascomycota
87fc7d59489aa4bc13e2fd1001e8dd9b	gi|2259393447|emb|OW837389.1|	86.760	3.10e-81	287	uncultured fungus	fungi	uncultured fungus
87fc7d59489aa4bc13e2fd1001e8dd9b	gi|2259493747|emb|OW836607.1|	86.620	4.01e-80	284	uncultured fungus	fungi	uncultured fungus
87fc7d59489aa4bc13e2fd1001e8dd9b	gi|2259393440|emb|OW837382.1|	86.620	4.01e-80	284	uncultured fungus	fungi	uncultured fungus
87fc7d59489aa4bc13e2fd1001e8dd9b	gi|2259388928|emb|OW836240.1|	86.667	4.01e-80	285	uncultured fungus	fungi	uncultured fungus
257077992553c783dfed2eb0063ae68f	gi|2591482342|ref|NC_083190.1|	92.754	2.67e-76	207	Sclerasterias satsumana	starfish	Sclerasterias satsumana
257077992553c783dfed2eb0063ae68f	gi|1693290266|ref|NC_042741.1|	81.159	1.31e-34	207	Pisaster ochraceus	starfish	purple sea star
257077992553c783dfed2eb0063ae68f	gi|2499155081|gb|OP747302.1|	78.469	1.33e-24	209	Asterias amurensis	starfish	Northern Pacific seastar
257077992553c783dfed2eb0063ae68f	gi|2567033648|gb|OR473298.1|	77.990	6.20e-23	209	Asterias amurensis	starfish	Northern Pacific seastar
257077992553c783dfed2eb0063ae68f	gi|2582205361|gb|CP134956.1|	77.990	6.20e-23	209	Asterias amurensis	starfish	Northern Pacific seastar
2018bd60c9769b2dac358b44936c3cfd	gi|1693290266|ref|NC_042741.1|	88.177	1.90e-57	203	Pisaster ochraceus	starfish	purple sea star
2018bd60c9769b2dac358b44936c3cfd	gi|726972397|ref|NC_025766.1|	85.714	1.15e-49	203	Aphelasterias japonica	starfish	Aphelasterias japonica
2018bd60c9769b2dac358b44936c3cfd	gi|2567033649|gb|OR473299.1|	82.126	7.03e-37	207	Marthasterias glacialis	starfish	spiny starfish
2018bd60c9769b2dac358b44936c3cfd	gi|2076208768|emb|OU452241.1|	82.126	7.03e-37	207	Marthasterias glacialis	starfish	spiny starfish
2018bd60c9769b2dac358b44936c3cfd	gi|2499155081|gb|OP747302.1|	81.281	1.18e-34	203	Asterias amurensis	starfish	Northern Pacific seastar
da2c1fc63bcf480643f1fcd9432b56dd	gi|2989059657|gb|PV710554.1|	100.000	2.86e-100	205	Ammodytes dubius	ray-finned fishes	northern sand lance
da2c1fc63bcf480643f1fcd9432b56dd	gi|959122927|ref|NC_028530.1|	100.000	2.86e-100	205	Ammodytes americanus	ray-finned fishes	American sand lance
da2c1fc63bcf480643f1fcd9432b56dd	gi|2989059643|gb|PV710553.1|	99.512	1.33e-98	205	Ammodytes dubius	ray-finned fishes	northern sand lance
da2c1fc63bcf480643f1fcd9432b56dd	gi|2989059629|gb|PV710552.1|	99.512	1.33e-98	205	Ammodytes dubius	ray-finned fishes	northern sand lance
da2c1fc63bcf480643f1fcd9432b56dd	gi|2949335892|gb|PV423377.1|	99.512	1.33e-98	205	Ammodytes dubius	ray-finned fishes	northern sand lance
63375497a1c80aef3d267f95ad9f0afc	gi|2064684336|dbj|LC640023.1|	97.619	2.67e-07	42	Paraplagusia japonica	ray-finned fishes	black cow-tongue
63375497a1c80aef3d267f95ad9f0afc	gi|511347697|ref|NC_021376.1|	97.619	2.67e-07	42	Paraplagusia japonica	ray-finned fishes	black cow-tongue
63375497a1c80aef3d267f95ad9f0afc	gi|1918448007|dbj|LC579409.1|	97.619	2.67e-07	42	Paraplagusia japonica	ray-finned fishes	black cow-tongue
63375497a1c80aef3d267f95ad9f0afc	gi|2329468051|gb|OP056813.1|	95.238	1.24e-05	42	Bathygobius geminatus	ray-finned fishes	twin-spotted frillfin
63375497a1c80aef3d267f95ad9f0afc	gi|2426930353|dbj|LC049831.2|	95.238	1.24e-05	42	Rhinogobius rong	ray-finned fishes	Rhinogobius rong
2a8c05f5507fa55ece9bba70cb11dd31	gi|529539159|gb|JX982298.1|	87.671	2.51e-11	73	Hemigrammocharax ocellicauda	ray-finned fishes	Hemigrammocharax ocellicauda
2a8c05f5507fa55ece9bba70cb11dd31	gi|2591502567|gb|OR552098.1|	86.486	3.25e-10	74	Erimystax harryi	ray-finned fishes	Erimystax harryi
2a8c05f5507fa55ece9bba70cb11dd31	gi|435857065|ref|NC_020042.1|	86.486	3.25e-10	74	Coreius heterodon	ray-finned fishes	Coreius heterodon
2a8c05f5507fa55ece9bba70cb11dd31	gi|435855878|ref|NC_020005.1|	91.525	3.25e-10	59	Rasbora steineri	ray-finned fishes	Chinese rasbora
2a8c05f5507fa55ece9bba70cb11dd31	gi|3064604279|gb|PX416471.1|	90.164	1.17e-09	61	Loricaria cataphracta	ray-finned fishes	Loricaria cataphracta
53334c86bec4351ad149791bb5efb864	gi|2692953615|ref|NC_086796.1|	98.039	4.33e-93	204	Zoarces americanus	ray-finned fishes	ocean pout
53334c86bec4351ad149791bb5efb864	gi|3139203650|gb|PX719005.1|	98.039	4.33e-93	204	Zoarces americanus	ray-finned fishes	ocean pout
53334c86bec4351ad149791bb5efb864	gi|3139210563|gb|PX740847.1|	97.549	2.01e-91	204	Zoarces americanus	ray-finned fishes	ocean pout
53334c86bec4351ad149791bb5efb864	gi|2724829064|ref|NC_088490.1|	97.059	9.37e-90	204	Zoarces viviparus	ray-finned fishes	viviparous blenny
53334c86bec4351ad149791bb5efb864	gi|1788585388|gb|MN883214.1|	97.959	1.21e-88	196	Zoarces americanus	ray-finned fishes	ocean pout
a98bab9beb7c1154ce5f10612e825759	gi|2259414726|emb|OW842418.1|	86.972	8.62e-82	284	uncultured Ascomycota	ascomycete fungi	uncultured Ascomycota
a98bab9beb7c1154ce5f10612e825759	gi|2259492712|emb|OW835235.1|	86.806	4.01e-80	288	uncultured fungus	fungi	uncultured fungus
a98bab9beb7c1154ce5f10612e825759	gi|2259494446|emb|OW837507.1|	85.764	1.12e-75	288	uncultured fungus	fungi	uncultured fungus
a98bab9beb7c1154ce5f10612e825759	gi|2159204677|emb|OU943079.1|	85.017	2.43e-72	287	uncultured fungus	fungi	uncultured fungus
a98bab9beb7c1154ce5f10612e825759	gi|19682835|emb|AJ439357.1|	84.912	2.43e-72	285	Prionitis sp. GIg-5	red algae	Prionitis sp. GIg-5
7311b9d12f0014417c6bf86b6bfbf97b	gi|1798183348|emb|LR745847.1|	99.010	3.26e-95	202	Asterias rubens	starfish	European starfish
7311b9d12f0014417c6bf86b6bfbf97b	gi|2567033648|gb|OR473298.1|	95.545	1.54e-83	202	Asterias amurensis	starfish	Northern Pacific seastar
7311b9d12f0014417c6bf86b6bfbf97b	gi|2582205361|gb|CP134956.1|	95.545	1.54e-83	202	Asterias amurensis	starfish	Northern Pacific seastar
7311b9d12f0014417c6bf86b6bfbf97b	gi|2582205361|gb|CP134956.1|	97.059	1.01e-20	68	Asterias amurensis	starfish	Northern Pacific seastar
7311b9d12f0014417c6bf86b6bfbf97b	gi|2499155095|gb|OP747303.1|	95.545	1.54e-83	202	Asterias amurensis	starfish	Northern Pacific seastar
7311b9d12f0014417c6bf86b6bfbf97b	gi|2499155067|gb|OP747301.1|	95.545	1.54e-83	202	Asterias amurensis	starfish	Northern Pacific seastar
1314141fc707f0345eae6d1f3b67261d	gi|2571476436|gb|OR499725.1|	100.000	8.76e-101	206	Merluccius bilinearis	ray-finned fishes	silver hake
1314141fc707f0345eae6d1f3b67261d	gi|3211598001|gb|PZ091031.1|	100.000	8.76e-101	206	Merluccius bilinearis	ray-finned fishes	silver hake
1314141fc707f0345eae6d1f3b67261d	gi|3211597805|gb|PZ091017.1|	100.000	8.76e-101	206	Merluccius bilinearis	ray-finned fishes	silver hake
1314141fc707f0345eae6d1f3b67261d	gi|3053320529|gb|PX070008.1|	99.515	4.07e-99	206	Merluccius bilinearis	ray-finned fishes	silver hake
1314141fc707f0345eae6d1f3b67261d	gi|3211597665|gb|PZ091007.1|	99.515	1.47e-98	206	Merluccius bilinearis	ray-finned fishes	silver hake
e62f2830e199e9ebcfa652abac0f41ae	gi|2259493747|emb|OW836607.1|	79.514	4.21e-45	288	uncultured fungus	fungi	uncultured fungus
e62f2830e199e9ebcfa652abac0f41ae	gi|2259492701|emb|OW835224.1|	78.498	9.12e-42	293	uncultured fungus	fungi	uncultured fungus
e62f2830e199e9ebcfa652abac0f41ae	gi|2259390367|emb|OW836874.1|	77.972	1.97e-38	286	uncultured fungus	fungi	uncultured fungus
e62f2830e199e9ebcfa652abac0f41ae	gi|2259146872|emb|OW835771.1|	76.125	2.00e-28	289	uncultured fungus	fungi	uncultured fungus
e62f2830e199e9ebcfa652abac0f41ae	gi|192337979|gb|EU751589.1|	75.779	2.59e-27	289	uncultured eukaryote	eukaryotes	uncultured eukaryote
cec0a06e234c441fe201f12ad2ef5b39	gi|586946454|gb|KF991387.1|	99.083	4.24e-104	218	Cetorhinus maximus	sharks & rays	Cetorhinus maximus
cec0a06e234c441fe201f12ad2ef5b39	gi|2750968131|emb|OZ077486.1|	99.083	4.24e-104	218	Cetorhinus maximus	sharks & rays	Cetorhinus maximus
cec0a06e234c441fe201f12ad2ef5b39	gi|2576858446|gb|OR546235.1|	99.083	4.24e-104	218	Cetorhinus maximus	sharks & rays	Cetorhinus maximus
cec0a06e234c441fe201f12ad2ef5b39	gi|700275310|gb|KM096989.1|	99.083	4.24e-104	218	Cetorhinus maximus	sharks & rays	Cetorhinus maximus
cec0a06e234c441fe201f12ad2ef5b39	gi|700275282|gb|KM096987.1|	99.083	4.24e-104	218	Cetorhinus maximus	sharks & rays	Cetorhinus maximus
fc79ccec12c676f343b65f04f97d766e	gi|1540304408|gb|MH688244.1|	95.349	3.43e-06	43	Aperioptus gracilentus	ray-finned fishes	Aperioptus gracilentus
fc79ccec12c676f343b65f04f97d766e	gi|2064684336|dbj|LC640023.1|	95.349	3.43e-06	43	Paraplagusia japonica	ray-finned fishes	black cow-tongue
fc79ccec12c676f343b65f04f97d766e	gi|511347697|ref|NC_021376.1|	95.349	3.43e-06	43	Paraplagusia japonica	ray-finned fishes	black cow-tongue
fc79ccec12c676f343b65f04f97d766e	gi|1918448007|dbj|LC579409.1|	95.349	3.43e-06	43	Paraplagusia japonica	ray-finned fishes	black cow-tongue
fc79ccec12c676f343b65f04f97d766e	gi|1835269738|gb|MN917497.1|	93.023	1.60e-04	43	Paratelmatobius cardosoi	frogs & toads	Paratelmatobius cardosoi
8e3d73dae9c0076d6c49cd81d66c9c85	gi|2571476436|gb|OR499725.1|	100.000	8.25e-101	206	Merluccius bilinearis	ray-finned fishes	silver hake
8e3d73dae9c0076d6c49cd81d66c9c85	gi|3211598001|gb|PZ091031.1|	100.000	8.25e-101	206	Merluccius bilinearis	ray-finned fishes	silver hake
8e3d73dae9c0076d6c49cd81d66c9c85	gi|3211597805|gb|PZ091017.1|	100.000	8.25e-101	206	Merluccius bilinearis	ray-finned fishes	silver hake
8e3d73dae9c0076d6c49cd81d66c9c85	gi|3053320529|gb|PX070008.1|	99.515	3.84e-99	206	Merluccius bilinearis	ray-finned fishes	silver hake
8e3d73dae9c0076d6c49cd81d66c9c85	gi|3211597665|gb|PZ091007.1|	99.515	1.38e-98	206	Merluccius bilinearis	ray-finned fishes	silver hake
d17bef860bc2dd26ef14adba27a57a8d	gi|2994737912|gb|PV656772.1|	100.000	8.38e-101	206	Melanogrammus aeglefinus	ray-finned fishes	haddock
d17bef860bc2dd26ef14adba27a57a8d	gi|2994737898|gb|PV656771.1|	100.000	8.38e-101	206	Melanogrammus aeglefinus	ray-finned fishes	haddock
d17bef860bc2dd26ef14adba27a57a8d	gi|2994737884|gb|PV656770.1|	100.000	8.38e-101	206	Melanogrammus aeglefinus	ray-finned fishes	haddock
d17bef860bc2dd26ef14adba27a57a8d	gi|124377065|emb|AM489717.1|	100.000	8.38e-101	206	Melanogrammus aeglefinus	ray-finned fishes	haddock
d17bef860bc2dd26ef14adba27a57a8d	gi|94481723|gb|DQ356942.1|	100.000	8.38e-101	206	Melanogrammus aeglefinus	ray-finned fishes	haddock
541647a3f62863525581ed53d2703e85	gi|3057012933|gb|PX273259.1|	99.517	1.11e-99	207	Homo sapiens	primates	human
541647a3f62863525581ed53d2703e85	gi|3057012919|gb|PX273258.1|	99.517	1.11e-99	207	Homo sapiens	primates	human
541647a3f62863525581ed53d2703e85	gi|3057012905|gb|PX273257.1|	99.517	1.11e-99	207	Homo sapiens	primates	human
541647a3f62863525581ed53d2703e85	gi|3057012891|gb|PX273256.1|	99.517	1.11e-99	207	Homo sapiens	primates	human
541647a3f62863525581ed53d2703e85	gi|3057012877|gb|PX273255.1|	99.517	1.11e-99	207	Homo sapiens	primates	human
b8daec58536e221921d0c52dea76b98d	gi|1798183348|emb|LR745847.1|	98.515	1.33e-93	202	Asterias rubens	starfish	European starfish
b8daec58536e221921d0c52dea76b98d	gi|2567033648|gb|OR473298.1|	94.059	1.35e-78	202	Asterias amurensis	starfish	Northern Pacific seastar
b8daec58536e221921d0c52dea76b98d	gi|2582205361|gb|CP134956.1|	94.059	1.35e-78	202	Asterias amurensis	starfish	Northern Pacific seastar
b8daec58536e221921d0c52dea76b98d	gi|2499155095|gb|OP747303.1|	94.059	1.35e-78	202	Asterias amurensis	starfish	Northern Pacific seastar
b8daec58536e221921d0c52dea76b98d	gi|2499155067|gb|OP747301.1|	94.059	1.35e-78	202	Asterias amurensis	starfish	Northern Pacific seastar
