77dda00fb505888457b65128bc9a83cc	gi|1515576542|gb|MH377827.1|	100.000	1.24e-61	135	Pholis gunnellus	ray-finned fishes	rock gunnel
66f4b91cd151d040760a9c9e24db6c21	gi|3053320641|gb|PX070016.1|	100.000	1.24e-61	135	Clupea harengus	ray-finned fishes	Atlantic herring
2c18c998a48d47fe297180e99553f4a7	gi|1515576537|gb|MH377822.1|	100.000	1.24e-61	135	Myoxocephalus aenaeus	ray-finned fishes	grubby sculpin
5530d018dee6836ba2c5f64af19e0f98	gi|1798174199|gb|MN122917.1|	100.000	1.24e-61	135	Gasterosteus aculeatus	ray-finned fishes	three-spined stickleback
0d604aa543a0ae81feaf91cada6cc859	gi|1799624491|gb|MN122853.1|	100.000	1.24e-61	135	Scomber scombrus	ray-finned fishes	Atlantic mackerel
273f7210f5edcc60971d8d313f52889f	gi|2987981790|gb|PV624571.1|	100.000	1.24e-61	135	Microgadus tomcod	ray-finned fishes	Atlantic tomcod
7324d2d8287f644613526873164dae38	gi|1799624588|gb|MN122922.1|	100.000	1.24e-61	135	Ammodytes marinus	ray-finned fishes	lesser sand-eel
8c10199c440eb56eca99c8739c4be7c4	gi|1798183348|emb|LR745847.1|	100.000	1.24e-61	135	Asterias rubens	starfish	European starfish
a2df8a113299317729ffc50ef9cbcc34	gi|1825511897|gb|MT103924.1|	100.000	1.24e-61	135	Pseudopleuronectes americanus	ray-finned fishes	winter flounder
31d8e531ff8460e104903ea560aa1fd6	gi|3101708580|emb|OZ349026.1|	100.000	1.24e-61	135	Myoxocephalus scorpius	ray-finned fishes	shorthorn sculpin
fe6ca441f4d8e254ca0b52798e743b7e	gi|2949214765|gb|PV276249.1|	100.000	1.24e-61	135	Tautogolabrus adspersus	ray-finned fishes	cunner
2e32d5bc7a3a4609b3851aed0d793ab2	gi|1799624477|gb|MN122852.1|	100.000	1.24e-61	135	Gadus morhua	ray-finned fishes	Atlantic cod
7b59dea079e9a0c67decd443cfdb3bf0	gi|1517363219|gb|MH538898.1|	100.000	1.24e-61	135	Menidia menidia	ray-finned fishes	Atlantic silverside
d1d0144c13450e376449f4998b3f6732	gi|3045382200|ref|XR_012981633.1|	100.000	1.24e-61	135	Alosa pseudoharengus	ray-finned fishes	alewife
3c6d0310fd4361e39f149239486573a6	gi|3057012933|gb|PX273259.1|	100.000	1.24e-61	135	Homo sapiens	primates	human
47771c036a06e8b096aebdf5b9f42b9c	gi|2995379990|gb|PV748009.1|	100.000	1.24e-61	135	Catostomus commersonii	ray-finned fishes	white sucker
9f3a9e252d5326646536fbb8bb4b34e6	gi|3057012779|gb|PX273248.1|	100.000	1.24e-61	135	Homo sapiens	primates	human
dfc007bd574467a21a23f0c68bcd18f0	gi|2005592611|dbj|LC340110.2|	100.000	1.24e-61	135	Liparis miostomus	ray-finned fishes	kokuchi-kusa snailfish
696d6fd4a2266056857d8183def5d674	gi|2714808865|gb|PP620799.1|	100.000	1.24e-61	135	Anguilla rostrata	ray-finned fishes	American eel
afdcd07df36680de391589c3d6e9d458	gi|1515576548|gb|MH377833.1|	100.000	1.24e-61	135	Merluccius bilinearis	ray-finned fishes	silver hake
a837083c6fe01a01b680b15fb892fb09	gi|2557040437|gb|OR380484.1|	100.000	1.24e-61	135	Pollachius virens	ray-finned fishes	saithe
d76de0562ffffc633dfcf664cbdcee8c	gi|1812757286|gb|MK548578.1|	100.000	1.24e-61	135	Auxis rochei	ray-finned fishes	Auxis rochei
e5103e73bdb93b3156bc8d46d692b1e9	gi|1790179654|dbj|LC493930.1|	100.000	1.24e-61	135	Anarhichas orientalis	ray-finned fishes	Bering wolffish
f16c448eac0a409df8fe3d1a62f435dc	gi|1129799469|gb|KX686091.1|	100.000	1.24e-61	135	Fundulus heteroclitus	ray-finned fishes	mummichog
9e94cb1719aefd60a8794039a188bfb3	gi|1129799456|gb|KX686078.1|	100.000	1.24e-61	135	Syngnathus fuscus	ray-finned fishes	northern pipefish
db8d9227e907e4163cf6b111b06a424c	gi|3053320473|gb|PX070004.1|	100.000	1.24e-61	135	Brevoortia tyrannus	ray-finned fishes	Atlantic menhaden
4e3e9ecb6e6c66a57dfe40019eec1988	gi|2018537049|gb|MW818210.1|	100.000	1.24e-61	135	Clupea harengus	ray-finned fishes	Atlantic herring
b5a89b181b85ed2f6d960cb326214866	gi|1825511896|gb|MT103923.1|	100.000	1.24e-61	135	Myoxocephalus octodecemspinosus	ray-finned fishes	longhorn sculpin
7f76cdfc106dc85b5b25362e60b1533d	gi|669175214|gb|KM057961.1|	100.000	1.24e-61	135	Hemitripterus americanus	ray-finned fishes	sea raven
516872d0038f119f0c4f422f971a4bd2	gi|1515576548|gb|MH377833.1|	99.265	5.76e-60	136	Merluccius bilinearis	ray-finned fishes	silver hake
184354a0c3152629219e1f314ea35edc	gi|726972397|ref|NC_025766.1|	94.074	2.72e-48	135	Aphelasterias japonica	starfish	Aphelasterias japonica
7a8aed6ea132ee3bfc521cc12bbb603f	gi|1825511880|gb|MT103910.1|	100.000	1.24e-61	135	Eumesogrammus praecisus	ray-finned fishes	fourline snakeblenny
e224eaef4c7e6596318e489acd262fa0	gi|1825511901|gb|MT103927.1|	100.000	1.24e-61	135	Urophycis tenuis	ray-finned fishes	white hake
d5f4e2292c4ad62f5c98a904e7124b85	gi|2333441062|gb|OP863192.1|	100.000	1.24e-61	135	Artediellus atlanticus	ray-finned fishes	Atlantic hookear sculpin
df78d8338460c2f1614ce4a5d97922d8	gi|2882954833|gb|PQ858633.1|	100.000	1.24e-61	135	Sebastes mentella	ray-finned fishes	deepwater redfish
3dc64eaf31b370ac95f56a54dd16ca55	gi|2329468156|gb|OP056918.1|	100.000	1.24e-61	135	Cryptacanthodes maculatus	ray-finned fishes	wrymouth
90622299079f6f7dd8766c837e1f8cea	gi|2557039467|gb|OR379514.1|	100.000	1.24e-61	135	Anguilla rostrata	ray-finned fishes	American eel
91db9e7b65d47ca84bf7afd9b34559ec	gi|1790179515|dbj|LC493920.1|	100.000	1.24e-61	135	Lumpenus lampretaeformis	ray-finned fishes	snakeblenny
bc8593d97bc1d65ff47aba94b5f7e628	gi|3053320529|gb|PX070008.1|	100.000	1.24e-61	135	Merluccius bilinearis	ray-finned fishes	silver hake
e0ac58186cd281e732814f32173941ee	gi|1788585388|gb|MN883214.1|	100.000	1.24e-61	135	Zoarces americanus	ray-finned fishes	ocean pout
d72afc6337d657c66afc63d0bd5ac1fb	gi|3057011267|gb|PX273140.1|	100.000	1.24e-61	135	Homo sapiens	primates	human
56bdf1214630f012327346578106a76c	gi|1825511885|gb|MT103914.1|	100.000	1.24e-61	135	Hippoglossoides platessoides	ray-finned fishes	American plaice
c4202f1c45bd19987d5960d6fe5a8935	gi|3053320473|gb|PX070004.1|	99.259	5.76e-60	135	Brevoortia tyrannus	ray-finned fishes	Atlantic menhaden
4431cc99d6e763d851c7a19219751906	gi|2325477952|gb|OM736824.1|	100.000	1.24e-61	135	Osmerus mordax	ray-finned fishes	rainbow smelt
ed83c95b977f5e4905b775aa0768f030	gi|1825511898|gb|MT103925.1|	100.000	1.24e-61	135	Scophthalmus aquosus	ray-finned fishes	windowpane
83d7d34ffeaf32c6f7d2de6934de052a	gi|985566351|dbj|LC049929.1|	100.000	1.24e-61	135	Liparis inquilinus	ray-finned fishes	inquiline snailfish
a7e4eac869c7342f86754e2a8ce8084d	gi|1593084209|emb|LS999104.1|	100.000	1.24e-61	135	Gadus morhua	ray-finned fishes	Atlantic cod
c890009867e9a78fe212441c65d5e891	gi|2952869385|gb|PV454015.1|	100.000	1.24e-61	135	Enchelyopus cimbrius	ray-finned fishes	fourbeard rockling
e2d0c42de05c214e2b83dfa9a5fce1a4	gi|426259359|gb|KC193687.1|	100.000	1.24e-61	135	Clupea harengus	ray-finned fishes	Atlantic herring
3ae12d89b8717d4daa45b9faab54ae54	gi|1798174199|gb|MN122917.1|	99.259	5.76e-60	135	Gasterosteus aculeatus	ray-finned fishes	three-spined stickleback
e16b2a356d140b6602fed0473bb46742	gi|2557040023|gb|OR380070.1|	100.000	1.24e-61	135	Clupea harengus	ray-finned fishes	Atlantic herring
c192ec3328258767e93c69e4e0617342	gi|1848856403|dbj|LC552481.1|	100.000	1.24e-61	135	Platichthys stellatus	ray-finned fishes	starry flounder
e064b5d20e67a4d480ef7d6eaf1dab8f	gi|3045382200|ref|XR_012981633.1|	99.259	5.76e-60	135	Alosa pseudoharengus	ray-finned fishes	alewife
ef843cdc8799f9538c1df0bc1233bb72	gi|1790179515|dbj|LC493920.1|	99.259	5.76e-60	135	Lumpenus lampretaeformis	ray-finned fishes	snakeblenny
b7eea5e957c1c43383cd303c402c936b	gi|2989059643|gb|PV710553.1|	100.000	1.24e-61	135	Ammodytes dubius	ray-finned fishes	northern sand lance
f3857e79e1b64a92c25b65ba34534bf3	gi|985563333|dbj|LC092016.1|	100.000	1.24e-61	135	Pholis clemensi	ray-finned fishes	longfin gunnel
2a4429bfd38c3be9327b7bb6ad993e75	gi|2557039726|gb|OR379773.1|	100.000	1.24e-61	135	Fistularia tabacaria	ray-finned fishes	cornetfish
3a4e60f954b9332debea118b9e1c915c	gi|3053320641|gb|PX070016.1|	99.259	5.76e-60	135	Clupea harengus	ray-finned fishes	Atlantic herring
fd47ea6e8a7062f0ed9820d9642d771e	gi|3064561681|gb|PV814457.1|	100.000	1.24e-61	135	Caranx caninus	ray-finned fishes	Pacific crevalle jack
ee20b66d03a0887884e0e1666b77907b	gi|2991372826|gb|PV742855.1|	100.000	1.24e-61	135	Chaetodon ocellatus	ray-finned fishes	spotfin butterflyfish
a1a4890c1b7c33385b73414a876d9aa0	gi|1476682340|gb|MH918117.1|	100.000	1.24e-61	135	Pungitius pungitius	ray-finned fishes	ninespine stickleback
1c8a596aa201a93b2a6ff95d0c588ece	gi|426260563|gb|KC193773.1|	100.000	1.24e-61	135	Clupea harengus	ray-finned fishes	Atlantic herring
06fe34ecd125742a22b9b0a2bbef3b89	gi|2904584207|gb|PV069719.1|	100.000	1.24e-61	135	Thunnus maccoyii	ray-finned fishes	southern bluefin tuna
7e88313fd7af7b2f29344cbce258ae1c	gi|2018537164|gb|MW818325.1|	100.000	1.24e-61	135	Clupea harengus	ray-finned fishes	Atlantic herring
0e628365294d308d5bdaa7b39be48c2e	gi|1825511900|gb|MT103926.1|	100.000	1.24e-61	135	Triglops murrayi	ray-finned fishes	moustache sculpin
56609c6819f2ac4eb358bec26047bd68	gi|2995379990|gb|PV748009.1|	99.259	5.76e-60	135	Catostomus commersonii	ray-finned fishes	white sucker
a712130b277d51d7a2e2a653ec3eeb94	gi|1707067239|dbj|LC492416.1|	99.259	5.76e-60	135	Pholis crassispina	ray-finned fishes	Pholis crassispina
ec3e3cd5508aabc3dea68645f939f2d7	gi|2095925524|gb|OK172579.1|	100.000	1.24e-61	135	Microgadus tomcod	ray-finned fishes	Atlantic tomcod
cc6e3a2476ff84d3d13dafb4a58dabd3	gi|1799624477|gb|MN122852.1|	99.259	5.76e-60	135	Gadus morhua	ray-finned fishes	Atlantic cod
b161664454b3294c12f12c0a9ab18ffd	gi|2995379990|gb|PV748009.1|	99.259	5.76e-60	135	Catostomus commersonii	ray-finned fishes	white sucker
1125c3db4a32585bc01f7bdffcde2fa7	gi|426259625|gb|KC193706.1|	100.000	1.24e-61	135	Clupea harengus	ray-finned fishes	Atlantic herring
427ea8297f4d8db103b22ee93144814f	gi|3053320487|gb|PX070005.1|	100.000	1.24e-61	135	Selene setapinnis	ray-finned fishes	Atlantic moonfish
4d703d6b826fcf3b291ff95a5c19fbc4	gi|3045382200|ref|XR_012981633.1|	99.259	5.76e-60	135	Alosa pseudoharengus	ray-finned fishes	alewife
6a2518f42ef429867e3b47463b590cfd	gi|2063798826|emb|OU342828.1|	100.000	1.60e-60	133	Pholis gunnellus	ray-finned fishes	rock gunnel
1f652544a57f2bc65a6214973eac94e4	gi|1129799454|gb|KX686076.1|	100.000	1.24e-61	135	Peprilus triacanthus	ray-finned fishes	American butterfish
9dc06c03c1a66afe763fdd271c33369e	gi|1843818469|gb|MT497781.1|	100.000	1.24e-61	135	Scomber colias	ray-finned fishes	Atlantic chub mackerel
90bae5a0e89db3c090ec8b5c1609c47f	gi|2333441062|gb|OP863192.1|	100.000	1.61e-55	124	Artediellus atlanticus	ray-finned fishes	Atlantic hookear sculpin
7de00e20409f0242c86bb1b863f275b5	gi|212725466|ref|NC_011570.1|	100.000	1.24e-61	135	Gasterosteus wheatlandi	ray-finned fishes	blackspotted stickleback
e80339c16b3b6da06ce037e2228c84f5	gi|1802790973|gb|MN122939.1|	100.000	1.24e-61	135	Alosa fallax	ray-finned fishes	twaite shad
a090157b92fd2a4151a54e7b4c2f9990	gi|1798174171|gb|MN122873.1|	100.000	1.24e-61	135	Pleuronectes platessa	ray-finned fishes	European plaice
7b34c19f3f300b29644d5d75c7bd2d1e	gi|1798174171|gb|MN122873.1|	100.000	9.78e-48	110	Pleuronectes platessa	ray-finned fishes	European plaice
72908a05fbea073f7ee081c149cb63f2	gi|2196428162|gb|OM751392.1|	86.029	7.78e-29	136	Parvanachis obesa	gastropods	Parvanachis obesa
25b39a341cce14915772ef74c71297b9	gi|1515576542|gb|MH377827.1|	99.259	5.76e-60	135	Pholis gunnellus	ray-finned fishes	rock gunnel
990d9bbfa4f5315621c3676ba85d31ec	gi|1840514286|gb|MK936042.1|	100.000	1.60e-60	133	Megalocottus platycephalus	ray-finned fishes	Megalocottus platycephalus
c0b219fb25064b3004916b81cc0e90ed	gi|3053320641|gb|PX070016.1|	99.259	5.76e-60	135	Clupea harengus	ray-finned fishes	Atlantic herring
b00c925a895e07f7b9afadcfee935bb8	gi|1799624588|gb|MN122922.1|	99.259	5.76e-60	135	Ammodytes marinus	ray-finned fishes	lesser sand-eel
bb129f62411e2f7d08c88c0cbd91d3f5	gi|2952869385|gb|PV454015.1|	99.259	5.76e-60	135	Enchelyopus cimbrius	ray-finned fishes	fourbeard rockling
1b2c6832a97601d9cd216eb92842c4e7	gi|2705710099|gb|PP116423.1|	92.593	5.89e-45	135	Chasmistes muriei	ray-finned fishes	Chasmistes muriei
f99914d460bc3c82051ad92990f8a325	gi|1798183348|emb|LR745847.1|	99.259	5.76e-60	135	Asterias rubens	starfish	European starfish
ab4cb0d02c59fd894fbb153b20e1947a	gi|1790179294|dbj|LC493904.1|	100.000	1.24e-61	135	Leptoclinus maculatus	ray-finned fishes	Leptoclinus maculatus
b5ef5599f66dab4fb1dd6027675e57a1	gi|2991367879|gb|PV720037.1|	100.000	1.24e-61	135	Selar crumenophthalmus	ray-finned fishes	bigeye scad
e4c1c9031619873ebd4bd79c128dba0d	gi|2491776992|gb|OQ846187.1|	100.000	1.24e-61	135	Katsuwonus pelamis	ray-finned fishes	skipjack tuna
789a151d246f33f434aa0b1a0abcb7ba	gi|1825511879|gb|MT103909.1|	100.000	1.24e-61	135	Aspidophoroides monopterygius	ray-finned fishes	Aspidophoroides monopterygius
bfbb133b46cfe33e52efd925167ee6d6	gi|2259492687|emb|OW835210.1|	94.815	5.84e-50	135	uncultured fungus	fungi	uncultured fungus
eaa68b536fb9c1580c0085a8dac547d5	gi|2989059517|gb|PV710544.1|	100.000	1.24e-61	135	Peprilus triacanthus	ray-finned fishes	American butterfish
cdcc8c29788b1b9f3aaf17af8a6e073d	gi|82623486|gb|DQ273745.1|	93.431	3.52e-47	137	Hymenaster pellucidus	starfish	Hymenaster pellucidus
2c4ce00bd4a34d0e2a0e09bbb9a585b5	gi|985566586|dbj|LC069521.1|	100.000	1.24e-61	135	Careproctus kidoi	ray-finned fishes	Careproctus kidoi
da407ec5132416843fde4478ef6a05dd	gi|2989059657|gb|PV710554.1|	100.000	1.24e-61	135	Ammodytes dubius	ray-finned fishes	northern sand lance
5967567573bcd5f0c7947eff21451327	gi|2333441062|gb|OP863192.1|	99.259	5.76e-60	135	Artediellus atlanticus	ray-finned fishes	Atlantic hookear sculpin
36a18215b0861bbc7f4e51310762bc6e	gi|2113041159|gb|MW591919.1|	99.259	5.76e-60	135	Pteraster militaris	starfish	Pteraster militaris
c6ea36c94291830e0040278ead37c384	gi|426260017|gb|KC193734.1|	100.000	1.24e-61	135	Clupea harengus	ray-finned fishes	Atlantic herring
2387a40a59eb3d2921e8b50f2700548b	gi|1515576537|gb|MH377822.1|	99.259	5.76e-60	135	Myoxocephalus aenaeus	ray-finned fishes	grubby sculpin
6b5d8cb1c282d782313b267934889ca1	gi|2949214765|gb|PV276249.1|	99.259	5.76e-60	135	Tautogolabrus adspersus	ray-finned fishes	cunner
f11101ef41c51c17903623111f01d4ad	gi|1347730035|ref|NC_037017.1|	100.000	1.24e-61	135	Alosa aestivalis	ray-finned fishes	blueback shad
f7e11bdbe35d7ffddaa4e3ff809b9779	gi|1843818456|gb|MT497768.1|	100.000	1.24e-61	135	Trachurus picturatus	ray-finned fishes	blue jack mackerel
42ab7b9c0872426e3e54af05b7abc781	gi|1848856272|dbj|LC552350.1|	100.000	1.24e-61	135	Clupea pallasii	ray-finned fishes	Pacific herring
7924d43e9b02bd993d9e43da3697a46b	gi|1812757286|gb|MK548578.1|	99.259	5.76e-60	135	Auxis rochei	ray-finned fishes	Auxis rochei
d93a263d627493b2e585041dd16e1116	gi|1808706708|gb|MN162695.1|	100.000	4.45e-61	134	Myoxocephalus jaok	ray-finned fishes	plain sculpin
6e25e946b17e5ca7adadb245004089d3	gi|3053320641|gb|PX070016.1|	99.259	5.76e-60	135	Clupea harengus	ray-finned fishes	Atlantic herring
7c252fe1d2a6aa1e391eca9c10f70e8e	gi|3053320641|gb|PX070016.1|	99.259	5.76e-60	135	Clupea harengus	ray-finned fishes	Atlantic herring
0e83424e10eb411cd8b07b503f5cc9ce	gi|2949214765|gb|PV276249.1|	99.259	5.76e-60	135	Tautogolabrus adspersus	ray-finned fishes	cunner
24723ceb239e9cbd02a9a0837dc63233	gi|2259492687|emb|OW835210.1|	95.556	1.26e-51	135	uncultured fungus	fungi	uncultured fungus
c2aed2b72a7ccf04f4db2addb19a0647	gi|1798174199|gb|MN122917.1|	99.259	5.76e-60	135	Gasterosteus aculeatus	ray-finned fishes	three-spined stickleback
32b3e5fb5c152fe70ee765c7ba8505ec	gi|985566950|dbj|LC091617.1|	100.000	1.24e-61	135	Mallotus villosus	ray-finned fishes	capelin
aefb4983b355a8133c4dff7ff67b2c05	gi|1515576537|gb|MH377822.1|	99.259	5.76e-60	135	Myoxocephalus aenaeus	ray-finned fishes	grubby sculpin
bb646ae636570c8d38c3a53fa5bb709b	gi|3053320473|gb|PX070004.1|	99.259	5.76e-60	135	Brevoortia tyrannus	ray-finned fishes	Atlantic menhaden
e6f6fe195f2c2c24b25085fc011a0cb8	gi|261263609|gb|GQ288502.1|	91.111	1.27e-41	135	Crossaster borealis	starfish	Crossaster borealis
418e19815def38a8bc0f1153d4045f33	gi|1799624588|gb|MN122922.1|	99.259	5.76e-60	135	Ammodytes marinus	ray-finned fishes	lesser sand-eel
e379bceceb5a9446c57d9ae390b5a383	gi|3053320641|gb|PX070016.1|	99.259	5.76e-60	135	Clupea harengus	ray-finned fishes	Atlantic herring
3601aa85c6fed5b99c582a9197862a7b	gi|1515576548|gb|MH377833.1|	99.259	5.76e-60	135	Merluccius bilinearis	ray-finned fishes	silver hake
7a6f4c656a230e76d44ed43d93e56cf5	gi|985567161|dbj|LC091828.1|	100.000	1.24e-61	135	Brosme brosme	ray-finned fishes	Brosme brosme
b6835602985cd78515897f171c42cc0b	gi|1642521931|ref|NC_042195.1|	100.000	1.24e-61	135	Salvelinus fontinalis x Salvelinus malma	ray-finned fishes	Salvelinus fontinalis x Salvelinus malma
d4f989add9ba17441da966bc51a033ef	gi|2735072119|gb|PP824515.1|	100.000	1.24e-61	135	Brevoortia patronus	ray-finned fishes	Gulf menhaden
42fca26416e27c9d6625335ec79a61da	gi|2949214765|gb|PV276249.1|	99.259	5.76e-60	135	Tautogolabrus adspersus	ray-finned fishes	cunner
4fe62379673f5a8e399f96a9d9f69061	gi|261263585|gb|GQ288478.1|	96.296	2.70e-53	135	Gilbertaster anacanthus	starfish	Gilbertaster anacanthus
6586e8e1c6f192cc09b8a62c0a977c8b	gi|297037241|gb|HM343646.1|	93.814	6.01e-30	97	uncultured eukaryote	eukaryotes	uncultured eukaryote
52e25a2a546e10ac337cab9ca2e5eca8	gi|2095925524|gb|OK172579.1|	99.259	5.76e-60	135	Microgadus tomcod	ray-finned fishes	Atlantic tomcod
6e967ef670aef4720275be11bcd8bf6d	gi|1798183348|emb|LR745847.1|	99.259	5.76e-60	135	Asterias rubens	starfish	European starfish
5957ad55b7c2fd1467b03184801d6c5c	gi|1798183348|emb|LR745847.1|	99.259	5.76e-60	135	Asterias rubens	starfish	European starfish
e81bb829a557e2cc370564042a98a7c7	gi|3057012933|gb|PX273259.1|	99.259	5.76e-60	135	Homo sapiens	primates	human
165a10bb1b739edc9611181d0f93f6d4	gi|3053320641|gb|PX070016.1|	99.259	5.76e-60	135	Clupea harengus	ray-finned fishes	Atlantic herring
ef867e5c7f34dd7051291f813a8cad47	gi|3053320641|gb|PX070016.1|	99.259	5.76e-60	135	Clupea harengus	ray-finned fishes	Atlantic herring
0e759b405f35c81318ad160ff227e90b	gi|1825511897|gb|MT103924.1|	99.259	5.76e-60	135	Pseudopleuronectes americanus	ray-finned fishes	winter flounder
d6a31a535bd8076d2fd18ca6b32ef9fd	gi|2557040023|gb|OR380070.1|	98.519	2.68e-58	135	Clupea harengus	ray-finned fishes	Atlantic herring
eb22211960e1926b7b82ab5aa1641a47	gi|2714808865|gb|PP620799.1|	99.259	5.76e-60	135	Anguilla rostrata	ray-finned fishes	American eel
a1e874635ab43dfe00fdf9776ae0334f	gi|1517360904|gb|MH538727.1|	99.259	1.60e-60	135	Menidia menidia	ray-finned fishes	Atlantic silverside
93a8cb3db9ddc8cfcb37a23beff87362	gi|1790179376|dbj|LC493910.1|	100.000	1.24e-61	135	Sebastes mentella	ray-finned fishes	deepwater redfish
d715ca7441f242b0e7a9704c2e4feaf0	gi|1798174199|gb|MN122917.1|	99.259	5.76e-60	135	Gasterosteus aculeatus	ray-finned fishes	three-spined stickleback
f30e27e5c94e1731cce73aec33bc0bf6	gi|2452630836|ref|NC_071876.1|	100.000	1.24e-61	135	Ctenodiscus crispatus	starfish	Ctenodiscus crispatus
35fac3df12a388bdb7f59af9c98bed90	gi|2994718560|gb|PV651716.1|	100.000	1.24e-61	135	Leucoraja erinaceus	sharks & rays	little skate
1bb98b7ebe9085622c17d9b27b13b534	gi|2557039535|gb|OR379582.1|	100.000	1.24e-61	135	Apeltes quadracus	ray-finned fishes	fourspine stickleback
a078a2db6a3f958e05de82fb9e49b839	gi|2991367879|gb|PV720037.1|	99.259	5.76e-60	135	Selar crumenophthalmus	ray-finned fishes	bigeye scad
522cade8ba1ae65af7849d13220c18a5	gi|1832296295|gb|MN181405.1|	100.000	1.24e-61	135	Canis lupus familiaris	carnivores	dog
eec5e307caf4bccc2b6f58e1472dc9de	gi|3101708580|emb|OZ349026.1|	99.259	5.76e-60	135	Myoxocephalus scorpius	ray-finned fishes	shorthorn sculpin
107e680c4dfb8ef513452ffef55e67ba	gi|3053320557|gb|PX070010.1|	100.000	1.24e-61	135	Hippoglossus hippoglossus	ray-finned fishes	Atlantic halibut
6bc382b131f8d10b05ca268c936837d1	gi|1798183348|emb|LR745847.1|	99.259	5.76e-60	135	Asterias rubens	starfish	European starfish
099ca980e3855b642d00a6b1b1d85578	gi|2987981790|gb|PV624571.1|	99.259	5.76e-60	135	Microgadus tomcod	ray-finned fishes	Atlantic tomcod
d925322962d988365cbde7a28c808fca	gi|1799624491|gb|MN122853.1|	99.259	5.76e-60	135	Scomber scombrus	ray-finned fishes	Atlantic mackerel
1c1c15e5617eb2a04a22d6f673a6cbeb	gi|1798174199|gb|MN122917.1|	99.259	5.76e-60	135	Gasterosteus aculeatus	ray-finned fishes	three-spined stickleback
fc9d2407d7c5774e235d4404b73e63ab	gi|2721953768|gb|OR865383.1|	100.000	1.24e-61	135	Phoca largha	carnivores	spotted seal
ed0d343471f028ed11cb38efe1224693	gi|7331221|gb|AF239677.1|	99.265	5.76e-60	136	Lutjanus campechanus	ray-finned fishes	northern red snapper
96c431876e8eac2bdb8ff211ab93fe96	gi|1798183348|emb|LR745847.1|	99.259	5.76e-60	135	Asterias rubens	starfish	European starfish
7bbf032df044019320a603ca1672daa6	gi|212725466|ref|NC_011570.1|	99.259	5.76e-60	135	Gasterosteus wheatlandi	ray-finned fishes	blackspotted stickleback
f9fa977a507f644c52a6c6ad14f629be	gi|3053320641|gb|PX070016.1|	99.259	5.76e-60	135	Clupea harengus	ray-finned fishes	Atlantic herring
5d7615e7565a8b891f8fc1b3a42eb8dc	gi|512403967|gb|KC749450.1|	94.595	0.003	37	Bambusicola thoracicus	birds	Chinese bamboo-partridge
ebd96a2bb412cb51bf3ee8f63fa7496b	gi|1812757286|gb|MK548578.1|	99.259	5.76e-60	135	Auxis rochei	ray-finned fishes	Auxis rochei
556592bdadb5e042e527c95ff6b5ad3f	gi|1129799463|gb|KX686085.1|	100.000	1.24e-61	135	Brevoortia tyrannus	ray-finned fishes	Atlantic menhaden
aa05540f9f5a0b04a5911ec959a42073	gi|1799624588|gb|MN122922.1|	99.259	5.76e-60	135	Ammodytes marinus	ray-finned fishes	lesser sand-eel
a39cd0870fae97cea36af560d9a4a441	gi|3053320641|gb|PX070016.1|	99.259	5.76e-60	135	Clupea harengus	ray-finned fishes	Atlantic herring
519878dc4afc620dda9ca4d012565dd5	gi|3065321867|gb|PX422587.1|	85.600	1.68e-25	125	Ishige foliacea	brown algae	Ishige foliacea
519878dc4afc620dda9ca4d012565dd5	gi|3065321867|gb|PX422587.1|	85.600	1.68e-25	125	Ishige foliacea	brown algae	Ishige foliacea
4917c392db6089b15076804353093639	gi|1391895067|dbj|LC385323.1|	100.000	1.24e-61	135	Petromyzon marinus	lampreys	sea lamprey
73e72d3780474aaca3b636530ed6ed5f	gi|1798183348|emb|LR745847.1|	99.259	5.76e-60	135	Asterias rubens	starfish	European starfish
e802ff8428e1518f4465b6776ad53980	gi|3057012933|gb|PX273259.1|	99.259	5.76e-60	135	Homo sapiens	primates	human
68b24d3717e94206ca7c687ce9184ed3	gi|2991372896|gb|PV742860.1|	100.000	1.24e-61	135	Hyporthodus niveatus	ray-finned fishes	snowy grouper
e00e1042bca6b8de6c62aad49340da56	gi|1515576542|gb|MH377827.1|	99.259	5.76e-60	135	Pholis gunnellus	ray-finned fishes	rock gunnel
32027971ad33a8da019aa7c0d64fdd80	gi|2689257695|gb|OR813049.1|	100.000	1.24e-61	135	Amblyraja radiata	sharks & rays	thorny skate
806617b83b2bb9c4e28084a03b50f4a0	gi|3101708580|emb|OZ349026.1|	100.000	2.09e-54	122	Myoxocephalus scorpius	ray-finned fishes	shorthorn sculpin
a8009c05d2eb9bedca21aac5429d054a	gi|3101708580|emb|OZ349026.1|	99.259	5.76e-60	135	Myoxocephalus scorpius	ray-finned fishes	shorthorn sculpin
15ca71991cad563fde6348cdf6705365	gi|2108243286|gb|OK040662.1|	100.000	1.24e-61	135	Mus musculus musculus	rodents	eastern European house mouse
248dc17cc843535c9bed609806f3e112	gi|1129799469|gb|KX686091.1|	99.259	5.76e-60	135	Fundulus heteroclitus	ray-finned fishes	mummichog
42c1a0e780fdd2fb5381c4f807863260	gi|1799624491|gb|MN122853.1|	99.259	5.76e-60	135	Scomber scombrus	ray-finned fishes	Atlantic mackerel
96a1e7126803d41920ac487a610877bd	gi|2987981790|gb|PV624571.1|	99.259	5.76e-60	135	Microgadus tomcod	ray-finned fishes	Atlantic tomcod
148889c59e80bb621806e2fadc233ccb	gi|2987981790|gb|PV624571.1|	99.259	5.76e-60	135	Microgadus tomcod	ray-finned fishes	Atlantic tomcod
7177700d41df9e6ad5e3a7259e9a9875	gi|1515576542|gb|MH377827.1|	99.259	5.76e-60	135	Pholis gunnellus	ray-finned fishes	rock gunnel
b7b90c950ca30846f01c9ffc85d8ce45	gi|1798183348|emb|LR745847.1|	99.259	5.76e-60	135	Asterias rubens	starfish	European starfish
d5cc66b82bccf68635b8e79bb662c707	gi|2949214765|gb|PV276249.1|	99.259	5.76e-60	135	Tautogolabrus adspersus	ray-finned fishes	cunner
2ab51387466ada23e7867b7b9f6aca06	gi|1515576542|gb|MH377827.1|	99.259	5.76e-60	135	Pholis gunnellus	ray-finned fishes	rock gunnel
c606c4b6a29c8b0d3379c70f9d0aaaab	gi|1798183348|emb|LR745847.1|	99.259	5.76e-60	135	Asterias rubens	starfish	European starfish
2c686fa65a8b04906a1fc17bed3d2432	gi|2882954833|gb|PQ858633.1|	99.259	5.76e-60	135	Sebastes mentella	ray-finned fishes	deepwater redfish
4f4d6110b80f0090985449d27090496e	gi|1798174199|gb|MN122917.1|	99.259	5.76e-60	135	Gasterosteus aculeatus	ray-finned fishes	three-spined stickleback
2a46e82872e459b44bc276326e3c1306	gi|3053320641|gb|PX070016.1|	99.259	5.76e-60	135	Clupea harengus	ray-finned fishes	Atlantic herring
061e204a3b4bf4edb0a628bd6f059d97	gi|2666680359|ref|NC_085297.1|	85.470	2.82e-23	117	Choristocarpus tenellus	brown algae	Choristocarpus tenellus
061e204a3b4bf4edb0a628bd6f059d97	gi|2666680359|ref|NC_085297.1|	85.470	2.82e-23	117	Choristocarpus tenellus	brown algae	Choristocarpus tenellus
be7d92916e69b7e2eb30958fa907c623	gi|1799624588|gb|MN122922.1|	99.259	5.76e-60	135	Ammodytes marinus	ray-finned fishes	lesser sand-eel
f4eafadeaeadc0aae5a7986b224e3f31	gi|985567161|dbj|LC091828.1|	99.259	5.76e-60	135	Brosme brosme	ray-finned fishes	Brosme brosme
3976e0bc30ce6070b2bb38c218ee00d5	gi|2931550864|gb|PV329700.1|	100.000	1.24e-61	135	Tautoga onitis	ray-finned fishes	Tautoga onitis
08213c0f1a2c1c778f5678963b683361	gi|3053320529|gb|PX070008.1|	99.259	5.76e-60	135	Merluccius bilinearis	ray-finned fishes	silver hake
3696fe16a8d912289cbe4d45beb0b0d8	gi|1798183348|emb|LR745847.1|	99.259	5.76e-60	135	Asterias rubens	starfish	European starfish
0afbd321f1f76bffeee172b0b15ef83b	gi|1515576542|gb|MH377827.1|	99.259	5.76e-60	135	Pholis gunnellus	ray-finned fishes	rock gunnel
6e5c4d78945137bfa1e50c61dd817a9c	gi|3047138993|gb|PV631331.1|	100.000	1.24e-61	135	Mediolabrus comicus	diatoms	Mediolabrus comicus
6e5c4d78945137bfa1e50c61dd817a9c	gi|3047138993|gb|PV631331.1|	100.000	1.24e-61	135	Mediolabrus comicus	diatoms	Mediolabrus comicus
79a1a723f69e881455179059b34f5303	gi|3053320641|gb|PX070016.1|	99.259	5.76e-60	135	Clupea harengus	ray-finned fishes	Atlantic herring
42fb0500c7cb71665b3b05e9a5ce504c	gi|1798183348|emb|LR745847.1|	99.259	5.76e-60	135	Asterias rubens	starfish	European starfish
9681b9c82b0f6c23e694f7661f22255b	gi|1788585382|gb|MN883212.1|	99.259	5.76e-60	135	Sphyraena borealis	ray-finned fishes	northern sennet
7c14019071d1a92721bb9a83c21e0ceb	gi|2259493815|emb|OW836641.1|	83.088	1.01e-22	136	uncultured fungus	fungi	uncultured fungus
49c6aa9d8342c4d2ed1605c7a4c1d976	gi|1848856272|dbj|LC552350.1|	98.519	9.64e-58	135	Clupea pallasii	ray-finned fishes	Pacific herring
c85856f822c3515ca7ad6cb19a714c62	gi|1798183348|emb|LR745847.1|	99.259	5.76e-60	135	Asterias rubens	starfish	European starfish
e524cb7d2b5c4031eb7e60e2ea77c3f9	gi|2994737870|gb|PV656769.1|	100.000	1.24e-61	135	Urophycis chuss	ray-finned fishes	red hake
29c1cfbbffcb671b74043a225ba80169	gi|3053320641|gb|PX070016.1|	99.259	5.76e-60	135	Clupea harengus	ray-finned fishes	Atlantic herring
57611fcb035737ee6afb98595fa129d3	gi|1798183348|emb|LR745847.1|	99.259	5.76e-60	135	Asterias rubens	starfish	European starfish
4253cf0ffc4ff25611c047a26fbaadfb	gi|3053320641|gb|PX070016.1|	99.259	5.76e-60	135	Clupea harengus	ray-finned fishes	Atlantic herring
e2a2902abb50fe3ebdb0a6bdcd0c512c	gi|1593084209|emb|LS999104.1|	99.259	5.76e-60	135	Gadus morhua	ray-finned fishes	Atlantic cod
e3dd2e3dfcfd770fc2e6c8e9d5f396e0	gi|2714808865|gb|PP620799.1|	99.259	5.76e-60	135	Anguilla rostrata	ray-finned fishes	American eel
477b36b007c32feb8dab5066d0e07794	gi|1799624477|gb|MN122852.1|	99.259	5.76e-60	135	Gadus morhua	ray-finned fishes	Atlantic cod
bc7df8d34e05a6618505f006ccf6f04f	gi|1799624588|gb|MN122922.1|	98.519	2.68e-58	135	Ammodytes marinus	ray-finned fishes	lesser sand-eel
e1470ecf2c9295809c639a56b40d30d1	gi|1858624126|gb|MN849733.1|	100.000	1.24e-61	135	Homo sapiens	primates	human
24150b27776e3c6b808a6f09fb729787	gi|1798174199|gb|MN122917.1|	99.259	5.76e-60	135	Gasterosteus aculeatus	ray-finned fishes	three-spined stickleback
c57aa1256578ee6d53182dc666b37996	gi|2557040437|gb|OR380484.1|	99.259	5.76e-60	135	Pollachius virens	ray-finned fishes	saithe
e339c1580b036c991b6dfc6982cc83cc	gi|1798174199|gb|MN122917.1|	99.259	5.76e-60	135	Gasterosteus aculeatus	ray-finned fishes	three-spined stickleback
c37ea1fd7f9a2971af4f9eddd112a870	gi|3057012933|gb|PX273259.1|	99.259	5.76e-60	135	Homo sapiens	primates	human
f27ebea4f957583cbb8b089132af9141	gi|1799624588|gb|MN122922.1|	99.259	5.76e-60	135	Ammodytes marinus	ray-finned fishes	lesser sand-eel
a45d6462acac749bb03680cbace1e173	gi|1798183348|emb|LR745847.1|	99.259	5.76e-60	135	Asterias rubens	starfish	European starfish
8f10808e3749899d8557ea4085d3726e	gi|3101708580|emb|OZ349026.1|	99.259	5.76e-60	135	Myoxocephalus scorpius	ray-finned fishes	shorthorn sculpin
1e42f67d96a7f44ef43b28e171f827fb	gi|1515576542|gb|MH377827.1|	99.259	5.76e-60	135	Pholis gunnellus	ray-finned fishes	rock gunnel
58fd968992f7494b75e2dd0c8ea99a49	gi|295809473|emb|FN674024.1|	100.000	1.24e-61	135	Homo sapiens	primates	human
820c977892cea51413387b842f9b4548	gi|2005592611|dbj|LC340110.2|	99.259	5.76e-60	135	Liparis miostomus	ray-finned fishes	kokuchi-kusa snailfish
152b6c19f3657f65b53377c7aae49a56	gi|2018537049|gb|MW818210.1|	99.259	5.76e-60	135	Clupea harengus	ray-finned fishes	Atlantic herring
74abdc09e975cd478867f0ebf4fa5a7b	gi|3053320641|gb|PX070016.1|	99.259	5.76e-60	135	Clupea harengus	ray-finned fishes	Atlantic herring
c3bf50f2853f04838e4ebad74c11e3d8	gi|1129799469|gb|KX686091.1|	98.519	2.68e-58	135	Fundulus heteroclitus	ray-finned fishes	mummichog
1f5163c58e286da6142670e70fb5941e	gi|1798174199|gb|MN122917.1|	99.259	5.76e-60	135	Gasterosteus aculeatus	ray-finned fishes	three-spined stickleback
88b0040fd9ec65d455089bb888aa08f0	gi|2557040579|gb|OR380626.1|	100.000	1.24e-61	135	Hemitripterus americanus	ray-finned fishes	sea raven
ad45ab5380c801493c8e45dd88a6efc4	gi|1129799469|gb|KX686091.1|	99.259	5.76e-60	135	Fundulus heteroclitus	ray-finned fishes	mummichog
f0cfbd2ff1d9433ca22739cde94d1272	gi|2580315351|gb|OR582694.1|	100.000	1.24e-61	135	Lumpenus fabricii	ray-finned fishes	slender eelblenny
dbeb246cea2616a871fa324f323e3f54	gi|1825511891|gb|MT103919.1|	100.000	5.76e-60	132	Liparis gibbus	ray-finned fishes	variegated snailfish
013ec26181903f334b88579f3b61e729	gi|1798174199|gb|MN122917.1|	99.259	5.76e-60	135	Gasterosteus aculeatus	ray-finned fishes	three-spined stickleback
029dea4e60105180221a7d63df7ab9c3	gi|1798174199|gb|MN122917.1|	99.259	5.76e-60	135	Gasterosteus aculeatus	ray-finned fishes	three-spined stickleback
0ec293faa653d533be8ea9f3787ec30b	gi|1129799456|gb|KX686078.1|	99.259	5.76e-60	135	Syngnathus fuscus	ray-finned fishes	northern pipefish
a4ee365b8ffe1d5b84263852e0d0dacf	gi|1515576542|gb|MH377827.1|	99.259	5.76e-60	135	Pholis gunnellus	ray-finned fishes	rock gunnel
4ccc95f6b5d9801c4f6da2ed40c23422	gi|1515576537|gb|MH377822.1|	99.259	5.76e-60	135	Myoxocephalus aenaeus	ray-finned fishes	grubby sculpin
c4fbdfbbe7962cb72f05ac754f1d4592	gi|3053320501|gb|PX070006.1|	100.000	1.24e-61	135	Pristipomoides aquilonaris	ray-finned fishes	wrenchman
df6ef598b1f43f64a39baec77c668444	gi|1357260401|gb|MG272653.1|	100.000	1.24e-61	135	Homo sapiens	primates	human
7159440e8643e3b358b75e43d69561a4	gi|2987981790|gb|PV624571.1|	99.259	5.76e-60	135	Microgadus tomcod	ray-finned fishes	Atlantic tomcod
8f9b5d504a5d3b60fcb4933bc55d7c7a	gi|1799624477|gb|MN122852.1|	99.259	5.76e-60	135	Gadus morhua	ray-finned fishes	Atlantic cod
265a9d81d6ad8535c815001573564b72	gi|404427683|gb|JQ516589.1|	87.705	7.78e-29	122	uncultured Chlorophyta	green algae	uncultured Chlorophyta
2cb1882bb3079eea73d47436c2836ba3	gi|2949214765|gb|PV276249.1|	99.259	5.76e-60	135	Tautogolabrus adspersus	ray-finned fishes	cunner
47ef901ccb6c3634f5daa0f2c495d4fc	gi|1517363219|gb|MH538898.1|	99.259	5.76e-60	135	Menidia menidia	ray-finned fishes	Atlantic silverside
cef844d3b0f7d520fa0c029a927f06fb	gi|1799624588|gb|MN122922.1|	99.259	5.76e-60	135	Ammodytes marinus	ray-finned fishes	lesser sand-eel
cc6886954e3a7ad67c44dd2b93deb2ba	gi|2714808865|gb|PP620799.1|	99.259	5.76e-60	135	Anguilla rostrata	ray-finned fishes	American eel
2b0ea3babdd59e1ebf05e5fe3fa05897	gi|1798183348|emb|LR745847.1|	99.259	5.76e-60	135	Asterias rubens	starfish	European starfish
001b953089cbbc941307fcb51ae31138	gi|1825511897|gb|MT103924.1|	99.259	5.76e-60	135	Pseudopleuronectes americanus	ray-finned fishes	winter flounder
b2d34a99849bb9ce8b0991c5ae3e45fe	gi|3053320641|gb|PX070016.1|	99.259	5.76e-60	135	Clupea harengus	ray-finned fishes	Atlantic herring
8ee4b1a195f5d8ab983f8fc5f0b97c44	gi|3053320473|gb|PX070004.1|	97.778	1.25e-56	135	Brevoortia tyrannus	ray-finned fishes	Atlantic menhaden
9ea29b74fd84acb2f62664119dc47906	gi|3053320473|gb|PX070004.1|	98.519	2.68e-58	135	Brevoortia tyrannus	ray-finned fishes	Atlantic menhaden
9db09978b8ca0dab2cb91b160976bce9	gi|1799624477|gb|MN122852.1|	99.259	5.76e-60	135	Gadus morhua	ray-finned fishes	Atlantic cod
adf6e0d9413082a4552379338adf3cc1	gi|1825511897|gb|MT103924.1|	99.259	5.76e-60	135	Pseudopleuronectes americanus	ray-finned fishes	winter flounder
7003a07162c23aa172603cc183366780	gi|2325477952|gb|OM736824.1|	99.259	5.76e-60	135	Osmerus mordax	ray-finned fishes	rainbow smelt
25f146c71c32bccaa45482338ea57449	gi|1799624477|gb|MN122852.1|	99.259	5.76e-60	135	Gadus morhua	ray-finned fishes	Atlantic cod
593b91d2abde92405fa25aeb1b269835	gi|2635771614|gb|ON257910.1|	100.000	1.24e-61	135	Balaenoptera musculus	whales & dolphins	blue whale
e58c8f9ec90831d3059cf7ad0172641a	gi|1515576542|gb|MH377827.1|	99.259	5.76e-60	135	Pholis gunnellus	ray-finned fishes	rock gunnel
86f1ecc1fa2fe981a93e36d921e3ff08	gi|1798183348|emb|LR745847.1|	99.259	5.76e-60	135	Asterias rubens	starfish	European starfish
dc69654615785e82d837fbbee673ad0d	gi|512403967|gb|KC749450.1|	94.595	0.003	37	Bambusicola thoracicus	birds	Chinese bamboo-partridge
ed04fb3aac3a7b663fc65df50852c770	gi|1788585382|gb|MN883212.1|	100.000	1.24e-61	135	Sphyraena borealis	ray-finned fishes	northern sennet
6a53d12df0a2d01d6f4b2453ae3230bc	gi|2329468156|gb|OP056918.1|	99.259	5.76e-60	135	Cryptacanthodes maculatus	ray-finned fishes	wrymouth
11419611fd8fd3c18cacd3e3d21d5f4a	gi|1561111536|dbj|LC458266.1|	99.259	5.76e-60	135	Stichaeus punctatus	ray-finned fishes	Arctic shanny
0fa137dc3f2070a9beedf8140a10b535	gi|3053320641|gb|PX070016.1|	99.259	5.76e-60	135	Clupea harengus	ray-finned fishes	Atlantic herring
0e89d588dcbed4bd08b2a80db5ed5778	gi|1799624588|gb|MN122922.1|	99.259	5.76e-60	135	Ammodytes marinus	ray-finned fishes	lesser sand-eel
74b5bbc720d63199ba0074256004b5ed	gi|3053320641|gb|PX070016.1|	99.259	5.76e-60	135	Clupea harengus	ray-finned fishes	Atlantic herring
461a70ec130f907c78187ce50cabd9a1	gi|1825511897|gb|MT103924.1|	99.259	5.76e-60	135	Pseudopleuronectes americanus	ray-finned fishes	winter flounder
542f2326ed8067d3424c9122a963ccad	gi|212725466|ref|NC_011570.1|	99.254	2.07e-59	134	Gasterosteus wheatlandi	ray-finned fishes	blackspotted stickleback
7a5dc2dd35351a061aaa079ec9dd9e72	gi|1515576542|gb|MH377827.1|	99.259	5.76e-60	135	Pholis gunnellus	ray-finned fishes	rock gunnel
5b44ce1921db55fd3cac125fb7cd51ab	gi|1515576542|gb|MH377827.1|	99.259	5.76e-60	135	Pholis gunnellus	ray-finned fishes	rock gunnel
cea7b5adb1ce59485fa2f3f879838e17	gi|2557040437|gb|OR380484.1|	99.259	5.76e-60	135	Pollachius virens	ray-finned fishes	saithe
ffb596793418045a205fc4912b8c696f	gi|2949214765|gb|PV276249.1|	99.259	5.76e-60	135	Tautogolabrus adspersus	ray-finned fishes	cunner
78476f7433eaf07544fa8e9179356b22	gi|1798183348|emb|LR745847.1|	99.259	5.76e-60	135	Asterias rubens	starfish	European starfish
a8c42da6fd1edbd69fd5cfdd8dc0c7ae	gi|1337993088|gb|MG570438.1|	100.000	1.24e-61	135	Notemigonus crysoleucas	ray-finned fishes	golden shiner
f5a87fa21ce9e3d4d4ce4e49f05db726	gi|1799624491|gb|MN122853.1|	99.259	5.76e-60	135	Scomber scombrus	ray-finned fishes	Atlantic mackerel
e4dcb9df3d311c8d37e1ae69b8ea418e	gi|1798183348|emb|LR745847.1|	99.259	5.76e-60	135	Asterias rubens	starfish	European starfish
98c3c93525f080f1c09c829a34a6e04e	gi|2557040437|gb|OR380484.1|	99.259	5.76e-60	135	Pollachius virens	ray-finned fishes	saithe
b81252bec95d49986ec10df63a2f57ff	gi|2714808865|gb|PP620799.1|	99.259	5.76e-60	135	Anguilla rostrata	ray-finned fishes	American eel
89add6282a412666b651b0e9e95b9acc	gi|1515576537|gb|MH377822.1|	99.259	5.76e-60	135	Myoxocephalus aenaeus	ray-finned fishes	grubby sculpin
716c69caff6f89314d5b5c37b4a1c948	gi|1515576537|gb|MH377822.1|	99.259	5.76e-60	135	Myoxocephalus aenaeus	ray-finned fishes	grubby sculpin
be9d0709b9dacb00b6b14a576d0121a7	gi|1799624491|gb|MN122853.1|	99.259	5.76e-60	135	Scomber scombrus	ray-finned fishes	Atlantic mackerel
3f8d47be164d7b486d78f00a8978bed2	gi|1799624491|gb|MN122853.1|	99.259	5.76e-60	135	Scomber scombrus	ray-finned fishes	Atlantic mackerel
29e01d4d5946d3b3fb76445a9615910d	gi|2987981790|gb|PV624571.1|	99.259	5.76e-60	135	Microgadus tomcod	ray-finned fishes	Atlantic tomcod
06bb03b6d714f8179735d57e9b3690f4	gi|1515576548|gb|MH377833.1|	99.259	5.76e-60	135	Merluccius bilinearis	ray-finned fishes	silver hake
e16fa05bf1b96b96db23f800c267d36b	gi|2370815390|gb|OP931030.1|	100.000	1.24e-61	135	Anguilla anguilla	ray-finned fishes	European eel
bd2560d92c5ea0ec1c926c7b6d896086	gi|3057012933|gb|PX273259.1|	99.259	5.76e-60	135	Homo sapiens	primates	human
b891d338588930d90f5ecbd8f755c861	gi|1515576542|gb|MH377827.1|	99.259	5.76e-60	135	Pholis gunnellus	ray-finned fishes	rock gunnel
de6895c64476a836ebae103111a07fbd	gi|2259165558|emb|OW835890.1|	93.600	9.85e-43	125	uncultured fungus	fungi	uncultured fungus
1cd1ffa27a9a4432cd0a89923cb3f1d8	gi|2329468156|gb|OP056918.1|	99.259	5.76e-60	135	Cryptacanthodes maculatus	ray-finned fishes	wrymouth
b2cbd9b2f95dae1cb221c52ab20da338	gi|3045382200|ref|XR_012981633.1|	99.259	5.76e-60	135	Alosa pseudoharengus	ray-finned fishes	alewife
603f2d286683f352614d74da192b885f	gi|3053320641|gb|PX070016.1|	99.259	5.76e-60	135	Clupea harengus	ray-finned fishes	Atlantic herring
d3e31ffe746c0066c1b13784e7728766	gi|1515576542|gb|MH377827.1|	99.259	5.76e-60	135	Pholis gunnellus	ray-finned fishes	rock gunnel
4b805912639fe7f72bc6f975de7af449	gi|1798183348|emb|LR745847.1|	99.259	5.76e-60	135	Asterias rubens	starfish	European starfish
6332e9ca668c5df63d06ed346cc9761e	gi|2967563486|gb|PV590081.1|	100.000	1.24e-61	135	Mugil curema	ray-finned fishes	white mullet
a21c19227cc767745ace518689c6a0f1	gi|1515576537|gb|MH377822.1|	99.259	5.76e-60	135	Myoxocephalus aenaeus	ray-finned fishes	grubby sculpin
55fd2e9c51ca740669746a140431305b	gi|726972397|ref|NC_025766.1|	93.333	1.27e-46	135	Aphelasterias japonica	starfish	Aphelasterias japonica
21693624700c7527c91c02d8e60e41da	gi|1799624588|gb|MN122922.1|	99.259	5.76e-60	135	Ammodytes marinus	ray-finned fishes	lesser sand-eel
58a501c73ab18e8cc406d7b747e8840a	gi|2949214765|gb|PV276249.1|	99.259	5.76e-60	135	Tautogolabrus adspersus	ray-finned fishes	cunner
ae3963acca2bd099e1ca61582e0d9b13	gi|906357583|dbj|AB972264.1|	100.000	1.24e-61	135	Dactylopterus volitans	ray-finned fishes	flying gurnard
e8496847d5f8d788937e677a2aeb6f8d	gi|3053320641|gb|PX070016.1|	99.259	5.76e-60	135	Clupea harengus	ray-finned fishes	Atlantic herring
cd7ae28e9942daa24467434c092efed7	gi|2995379990|gb|PV748009.1|	99.259	5.76e-60	135	Catostomus commersonii	ray-finned fishes	white sucker
0461e789f38581c6e725fa5d8f97cc1a	gi|1825511897|gb|MT103924.1|	99.259	5.76e-60	135	Pseudopleuronectes americanus	ray-finned fishes	winter flounder
5c0a224b95e4dccb4d2553400e552987	gi|1515576537|gb|MH377822.1|	99.259	5.76e-60	135	Myoxocephalus aenaeus	ray-finned fishes	grubby sculpin
20091941b8203b85824009aab1806067	gi|1515576542|gb|MH377827.1|	99.259	5.76e-60	135	Pholis gunnellus	ray-finned fishes	rock gunnel
cc945b82acb4d0436268a8dcd76451ab	gi|1790179654|dbj|LC493930.1|	99.259	5.76e-60	135	Anarhichas orientalis	ray-finned fishes	Bering wolffish
efdb1899b3800df0750e6144e63c12d1	gi|2714808865|gb|PP620799.1|	99.259	5.76e-60	135	Anguilla rostrata	ray-finned fishes	American eel
1cc283453fe9c05c6d90f2d2d1c45955	gi|261263581|gb|GQ288474.1|	99.265	5.76e-60	136	Solaster dawsoni	starfish	Solaster dawsoni
bc02f91eef34ea5bb8bda6f893f4ca08	gi|1515576542|gb|MH377827.1|	99.259	5.76e-60	135	Pholis gunnellus	ray-finned fishes	rock gunnel
9b6dde1f1d82545e0a41a7b78e5d5923	gi|1799624588|gb|MN122922.1|	99.259	5.76e-60	135	Ammodytes marinus	ray-finned fishes	lesser sand-eel
4f7e106658cb0a35f26d41f5e1703a48	gi|3053320641|gb|PX070016.1|	99.259	5.76e-60	135	Clupea harengus	ray-finned fishes	Atlantic herring
10731c5866110388cb863c6959eca1f8	gi|426260115|gb|KC193741.1|	100.000	1.24e-61	135	Clupea harengus	ray-finned fishes	Atlantic herring
f31460756fb3ddb3ad7e1575ed70ee83	gi|1515576537|gb|MH377822.1|	99.259	5.76e-60	135	Myoxocephalus aenaeus	ray-finned fishes	grubby sculpin
fc2b6852bc377bba348ec13f10375120	gi|1515576542|gb|MH377827.1|	99.259	5.76e-60	135	Pholis gunnellus	ray-finned fishes	rock gunnel
729c2c30314a3943430a379de546bd8d	gi|1515576548|gb|MH377833.1|	99.259	5.76e-60	135	Merluccius bilinearis	ray-finned fishes	silver hake
27505a5821191bc91344c9a90c203f3a	gi|2333441062|gb|OP863192.1|	99.259	5.76e-60	135	Artediellus atlanticus	ray-finned fishes	Atlantic hookear sculpin
4df109ab34818d71962b2188616861f4	gi|2949214765|gb|PV276249.1|	99.259	5.76e-60	135	Tautogolabrus adspersus	ray-finned fishes	cunner
603c6627d62663141938c60f87a03607	gi|1561111536|dbj|LC458266.1|	100.000	1.24e-61	135	Stichaeus punctatus	ray-finned fishes	Arctic shanny
11c3fc7c633264d8b1688568c8151c3f	gi|1515576537|gb|MH377822.1|	99.259	5.76e-60	135	Myoxocephalus aenaeus	ray-finned fishes	grubby sculpin
0470af5431014516bc442acd59be9579	gi|1799624588|gb|MN122922.1|	99.259	5.76e-60	135	Ammodytes marinus	ray-finned fishes	lesser sand-eel
7795d417fc1de2ac3b8aa7a35f601c5c	gi|1515576542|gb|MH377827.1|	99.259	5.76e-60	135	Pholis gunnellus	ray-finned fishes	rock gunnel
873a9f1218ae8fffbcc8fa711f8804e9	gi|726972397|ref|NC_025766.1|	93.333	1.27e-46	135	Aphelasterias japonica	starfish	Aphelasterias japonica
0bde1849deb7af6099fd656845600d99	gi|2995379990|gb|PV748009.1|	99.259	5.76e-60	135	Catostomus commersonii	ray-finned fishes	white sucker
69de34a7bd295542c31d413aa91b56cf	gi|1825511897|gb|MT103924.1|	99.259	5.76e-60	135	Pseudopleuronectes americanus	ray-finned fishes	winter flounder
e20c702dc4eb653b086bae23324a3000	gi|1543384086|ref|NG_016607.2|	100.000	1.24e-61	135	Homo sapiens	primates	human
8145f6df41570aa2a3858196c2b58438	gi|1800684336|emb|LS998775.1|	100.000	1.24e-61	135	Homo sapiens	primates	human
6c59d688089a9c1f23825bfd713e0d37	gi|726972397|ref|NC_025766.1|	93.333	1.27e-46	135	Aphelasterias japonica	starfish	Aphelasterias japonica
54aafaf2455d4a9c5d916f752ce0bee7	gi|2987981790|gb|PV624571.1|	99.259	5.76e-60	135	Microgadus tomcod	ray-finned fishes	Atlantic tomcod
a5a359ba917b15fe61e36a96e8825cf7	gi|2994793358|gb|PV662076.1|	100.000	1.24e-61	135	Acanthostracion quadricornis	ray-finned fishes	scrawled cowfish
1f03641d9007404ae066f0faa94abd41	gi|2842131310|emb|OZ194986.1|	99.259	5.76e-60	135	Haliclona xena	sponges	Haliclona xena
f2cb7c3d3cdb219ca6daf5b8887c8760	gi|3053320641|gb|PX070016.1|	99.259	5.76e-60	135	Clupea harengus	ray-finned fishes	Atlantic herring
e4a27d89e4b1ab2283d3bc69db9b907c	gi|1251775573|gb|MF947452.1|	83.333	6.23e-05	72	Plenaster craigi	sponges	Plenaster craigi
05f70b56472ccde842bedac814f2e232	gi|1825511897|gb|MT103924.1|	99.259	5.76e-60	135	Pseudopleuronectes americanus	ray-finned fishes	winter flounder
53cbd5c7e776fd628597b46c67a0e1b9	gi|2869907778|emb|OZ210076.1|	100.000	1.24e-61	135	Halichoerus grypus	carnivores	gray seal
4688e8c79d4a5db6d96d0f05d2e75ac9	gi|1515576542|gb|MH377827.1|	99.259	5.76e-60	135	Pholis gunnellus	ray-finned fishes	rock gunnel
25d2c6b6c818ce5342cd240f5357e6bd	gi|1515576542|gb|MH377827.1|	99.259	5.76e-60	135	Pholis gunnellus	ray-finned fishes	rock gunnel
a478e638b575ab26e581c25daefb8bcd	gi|3053320473|gb|PX070004.1|	99.242	2.68e-58	132	Brevoortia tyrannus	ray-finned fishes	Atlantic menhaden
772134ee7c3cf68a005af011322e01fc	gi|1515576542|gb|MH377827.1|	99.259	5.76e-60	135	Pholis gunnellus	ray-finned fishes	rock gunnel
d5b957e19f3fa2c51e7625ff08d049e4	gi|1790179654|dbj|LC493930.1|	99.259	5.76e-60	135	Anarhichas orientalis	ray-finned fishes	Bering wolffish
c61d89ac6407dc0dfdf7c4cc2cb6cf74	gi|1790179654|dbj|LC493930.1|	99.259	5.76e-60	135	Anarhichas orientalis	ray-finned fishes	Bering wolffish
22acfb4c47cf75ced9c2f2151f95e994	gi|2018537049|gb|MW818210.1|	99.259	5.76e-60	135	Clupea harengus	ray-finned fishes	Atlantic herring
844019ddf48df98257ff927eb23a859c	gi|2949214765|gb|PV276249.1|	99.259	5.76e-60	135	Tautogolabrus adspersus	ray-finned fishes	cunner
e90f65c80fcfd4cb83bc5e7d561fa963	gi|28628290|gb|AY180235.1|	100.000	8.06e-04	31	Ingerophrynus celebensis	frogs & toads	Ingerophrynus celebensis
53fc7c6ff6c49805c985169a75aba198	gi|512403967|gb|KC749450.1|	94.595	0.003	37	Bambusicola thoracicus	birds	Chinese bamboo-partridge
e001e4f63b6c30611810abd0cffe12dc	gi|1825511885|gb|MT103914.1|	99.259	5.76e-60	135	Hippoglossoides platessoides	ray-finned fishes	American plaice
20210fe363db8f85f36ee61fcce83dd2	gi|2949214765|gb|PV276249.1|	99.259	5.76e-60	135	Tautogolabrus adspersus	ray-finned fishes	cunner
67f3c687daef49a3efb21c27b9f5529a	gi|1515576537|gb|MH377822.1|	99.259	5.76e-60	135	Myoxocephalus aenaeus	ray-finned fishes	grubby sculpin
877ee76fe8c77f5f7fe738f8c80cd01c	gi|1515576542|gb|MH377827.1|	99.259	5.76e-60	135	Pholis gunnellus	ray-finned fishes	rock gunnel
e5e4c6766399b9db430a7cbb21405dbb	gi|1799624588|gb|MN122922.1|	99.259	5.76e-60	135	Ammodytes marinus	ray-finned fishes	lesser sand-eel
0e82fdb6b7b4e01dd838eae83970c530	gi|1799624588|gb|MN122922.1|	99.259	5.76e-60	135	Ammodytes marinus	ray-finned fishes	lesser sand-eel
75aa3aabe8c4df1383465d54f4c3e8f6	gi|1132318740|gb|KX937709.1|	96.296	2.70e-53	135	uncultured marine eukaryote	eukaryotes	uncultured marine eukaryote
1e8d5fe6d24efb3f585c77da157a7df2	gi|1799624491|gb|MN122853.1|	99.259	5.76e-60	135	Scomber scombrus	ray-finned fishes	Atlantic mackerel
5c605fd203378b6e0dad4a7561af8e1b	gi|51557121|gb|AY702282.1|	93.333	1.27e-46	135	Mycosarcoma maydis	smut fungi & allies	corn smut
f5cc2dcb5fa98c9dab194f8d6434b3bb	gi|2018537164|gb|MW818325.1|	99.259	5.76e-60	135	Clupea harengus	ray-finned fishes	Atlantic herring
4b4402f3257140483dae397bddcba5a8	gi|3045382200|ref|XR_012981633.1|	99.259	5.76e-60	135	Alosa pseudoharengus	ray-finned fishes	alewife
d932dbf422726eb651e5ca416d65faed	gi|1798174199|gb|MN122917.1|	99.259	5.76e-60	135	Gasterosteus aculeatus	ray-finned fishes	three-spined stickleback
57d4cf8e0cd1607cc629c45f20a5128a	gi|2018537049|gb|MW818210.1|	99.259	5.76e-60	135	Clupea harengus	ray-finned fishes	Atlantic herring
03a33eae9282a48e87aad359394e3f18	gi|1515576542|gb|MH377827.1|	99.259	5.76e-60	135	Pholis gunnellus	ray-finned fishes	rock gunnel
bb693bde76a0e940e658500aa52fbc2d	gi|1799624477|gb|MN122852.1|	99.259	5.76e-60	135	Gadus morhua	ray-finned fishes	Atlantic cod
497daba38fd61111ebaa0982389ce25a	gi|2989059517|gb|PV710544.1|	98.519	2.68e-58	135	Peprilus triacanthus	ray-finned fishes	American butterfish
faca863e5b04db92b07711c72fabcd38	gi|2949214765|gb|PV276249.1|	99.259	5.76e-60	135	Tautogolabrus adspersus	ray-finned fishes	cunner
b88bc11c149bc94db6d204ce102addc0	gi|2995379990|gb|PV748009.1|	99.259	5.76e-60	135	Catostomus commersonii	ray-finned fishes	white sucker
35dc4084735a5eff4d8e1b81a5ddcfc9	gi|3053320641|gb|PX070016.1|	99.259	5.76e-60	135	Clupea harengus	ray-finned fishes	Atlantic herring
f3f0c1a1e75eb7d00d32cd3048bf260f	gi|3053320473|gb|PX070004.1|	99.259	5.76e-60	135	Brevoortia tyrannus	ray-finned fishes	Atlantic menhaden
fb9683f9878dd28495c8d71ed5c33ef8	gi|1515576548|gb|MH377833.1|	99.259	5.76e-60	135	Merluccius bilinearis	ray-finned fishes	silver hake
0b093d4c76a5627bec0e00bf0f357b48	gi|1790179654|dbj|LC493930.1|	99.259	5.76e-60	135	Anarhichas orientalis	ray-finned fishes	Bering wolffish
07187ec3618001e7d09c1f58464b93de	gi|3057012933|gb|PX273259.1|	99.259	5.76e-60	135	Homo sapiens	primates	human
c71e192d2bead40128db669daf93f372	gi|3057009223|gb|PX272994.1|	100.000	1.24e-61	135	Homo sapiens	primates	human
5379d459ef437a0e00bedb103a25448e	gi|1476682340|gb|MH918117.1|	100.000	1.60e-60	133	Pungitius pungitius	ray-finned fishes	ninespine stickleback
3d6443829ebee67eefd5191d7cd11516	gi|2025192367|gb|MT762154.1|	95.312	3.52e-47	128	Tritia mutabilis	gastropods	mutable nassa
6dc73bda13cbbca9ea9d62dbc0b9d40d	gi|2987981790|gb|PV624571.1|	99.265	5.76e-60	136	Microgadus tomcod	ray-finned fishes	Atlantic tomcod
a69abbd3459ca6884865649391e0baa7	gi|1515576542|gb|MH377827.1|	99.259	5.76e-60	135	Pholis gunnellus	ray-finned fishes	rock gunnel
e2f9c940690fa10199576484f73d7944	gi|1515576537|gb|MH377822.1|	99.259	5.76e-60	135	Myoxocephalus aenaeus	ray-finned fishes	grubby sculpin
39dee40f0b3b31d9fd16229567c9a4c2	gi|82623486|gb|DQ273745.1|	92.701	1.64e-45	137	Hymenaster pellucidus	starfish	Hymenaster pellucidus
e467a2fd3ada08d048271124cdd79743	gi|3045382200|ref|XR_012981633.1|	99.259	5.76e-60	135	Alosa pseudoharengus	ray-finned fishes	alewife
d95010a9dbf6dd8cb3748e78dde04462	gi|1788585388|gb|MN883214.1|	99.259	5.76e-60	135	Zoarces americanus	ray-finned fishes	ocean pout
c0633f10f666ab122cacaeafedcdab5a	gi|1808706708|gb|MN162695.1|	100.000	1.24e-61	135	Myoxocephalus jaok	ray-finned fishes	plain sculpin
8dabc4aa08ab4d455138a1873dba9085	gi|2949214765|gb|PV276249.1|	99.259	5.76e-60	135	Tautogolabrus adspersus	ray-finned fishes	cunner
a6c5407eaa2c8bb8fb2eadfd616e9f2e	gi|2557040437|gb|OR380484.1|	99.259	5.76e-60	135	Pollachius virens	ray-finned fishes	saithe
c992b24cf52295ccd5a05e89bd30c6fe	gi|2991372826|gb|PV742855.1|	99.259	5.76e-60	135	Chaetodon ocellatus	ray-finned fishes	spotfin butterflyfish
dac2d41807fa6afc01ec75f3eee33c45	gi|1515576542|gb|MH377827.1|	99.259	5.76e-60	135	Pholis gunnellus	ray-finned fishes	rock gunnel
64de9c0ac1c5a8ea255faa3184a7c1a9	gi|2557040193|gb|OR380240.1|	100.000	1.24e-61	135	Caranx crysos	ray-finned fishes	blue runner
8b0b86e6871a8b0918634b758c7b0dc8	gi|1799624588|gb|MN122922.1|	99.259	5.76e-60	135	Ammodytes marinus	ray-finned fishes	lesser sand-eel
e3043ef3e7e09bfe28caf08cd653464b	gi|2018537049|gb|MW818210.1|	99.259	5.76e-60	135	Clupea harengus	ray-finned fishes	Atlantic herring
9cc9068422bb5a0316ff6ca8bfd529ff	gi|3057012933|gb|PX273259.1|	99.259	5.76e-60	135	Homo sapiens	primates	human
9e8dc5c9d1a33e5d7e0eeacb716b72da	gi|3053320641|gb|PX070016.1|	99.259	5.76e-60	135	Clupea harengus	ray-finned fishes	Atlantic herring
552e4e4bc035a4e4a28b0798c945b67d	gi|426260017|gb|KC193734.1|	99.259	5.76e-60	135	Clupea harengus	ray-finned fishes	Atlantic herring
e2bf0a84153e04efb14e2bae16e5ba36	gi|1843818456|gb|MT497768.1|	99.259	5.76e-60	135	Trachurus picturatus	ray-finned fishes	blue jack mackerel
8de49b6ab9b2299a42a00636e56034b1	gi|2949214765|gb|PV276249.1|	99.259	5.76e-60	135	Tautogolabrus adspersus	ray-finned fishes	cunner
0f7ed1e27ce12153e451a911f07bc291	gi|1517363219|gb|MH538898.1|	99.259	5.76e-60	135	Menidia menidia	ray-finned fishes	Atlantic silverside
311ea3fa8bdfb711b66e85a1881eafe8	gi|1515576548|gb|MH377833.1|	98.519	2.68e-58	135	Merluccius bilinearis	ray-finned fishes	silver hake
f557e7ca7d11624466d9a53eef433333	gi|3101708580|emb|OZ349026.1|	99.259	5.76e-60	135	Myoxocephalus scorpius	ray-finned fishes	shorthorn sculpin
d4ac90d21f26d40c51d4ab471833e4f3	gi|1825511901|gb|MT103927.1|	99.259	5.76e-60	135	Urophycis tenuis	ray-finned fishes	white hake
376340793fae8ba02531fef815ed39e5	gi|3101708580|emb|OZ349026.1|	99.259	5.76e-60	135	Myoxocephalus scorpius	ray-finned fishes	shorthorn sculpin
838a81136ce69a83b5363924da3550ca	gi|2714808865|gb|PP620799.1|	98.519	2.68e-58	135	Anguilla rostrata	ray-finned fishes	American eel
0131642b2c4205f4a1c5d93b51d4351e	gi|3053320473|gb|PX070004.1|	98.519	2.68e-58	135	Brevoortia tyrannus	ray-finned fishes	Atlantic menhaden
e4b9d2f9a444e06080c9d4a70670b2d0	gi|2995379990|gb|PV748009.1|	99.259	5.76e-60	135	Catostomus commersonii	ray-finned fishes	white sucker
c3bc1c4ee0c31288cd24bbfd989a0ac0	gi|2005592611|dbj|LC340110.2|	99.259	5.76e-60	135	Liparis miostomus	ray-finned fishes	kokuchi-kusa snailfish
d9cb6e950419654ed1643feee0e808a9	gi|3101708580|emb|OZ349026.1|	99.259	5.76e-60	135	Myoxocephalus scorpius	ray-finned fishes	shorthorn sculpin
2d0cfd0e787cfd5b5bd76be62e055e46	gi|3063895396|gb|PX406039.1|	100.000	1.24e-61	135	Calidris maritima	birds	Calidris maritima
d57e916f0831488ee7a8d9a787a03055	gi|2005592611|dbj|LC340110.2|	99.259	5.76e-60	135	Liparis miostomus	ray-finned fishes	kokuchi-kusa snailfish
c945d4b59e2bca3b2aa023a8987960af	gi|1798183348|emb|LR745847.1|	99.259	5.76e-60	135	Asterias rubens	starfish	European starfish
00aed3fe495be326c62afdd1a8baace3	gi|1515576537|gb|MH377822.1|	99.259	5.76e-60	135	Myoxocephalus aenaeus	ray-finned fishes	grubby sculpin
c53eec958d885f92c75d29705b6858f0	gi|2259393455|emb|OW837397.1|	88.095	1.29e-31	126	uncultured fungus	fungi	uncultured fungus
8d2104610b04e329c42d150daca59aa6	gi|2995379990|gb|PV748009.1|	99.259	5.76e-60	135	Catostomus commersonii	ray-finned fishes	white sucker
c54ade4c83c165efafe38474f71f6f59	gi|379317706|gb|JQ664521.1|	100.000	1.24e-61	135	Homo sapiens	primates	human
354f292836bb6e00663d0d6bbcb47395	gi|1798183348|emb|LR745847.1|	99.259	5.76e-60	135	Asterias rubens	starfish	European starfish
9d0a4df618ed397993e25e22570f66c0	gi|1515576537|gb|MH377822.1|	99.259	5.76e-60	135	Myoxocephalus aenaeus	ray-finned fishes	grubby sculpin
38c6b7d31b84bc48d2845a275d219f63	gi|1799624491|gb|MN122853.1|	99.259	5.76e-60	135	Scomber scombrus	ray-finned fishes	Atlantic mackerel
91b8f8f2d5e3a2d9e4ac1eefecae9c40	gi|3101708580|emb|OZ349026.1|	99.259	5.76e-60	135	Myoxocephalus scorpius	ray-finned fishes	shorthorn sculpin
ca9ee0d9d028a6871a554bc493fb0f90	gi|1798183348|emb|LR745847.1|	99.259	5.76e-60	135	Asterias rubens	starfish	European starfish
deeabae48d555b36dd3349de4bc05540	gi|1515576537|gb|MH377822.1|	99.259	5.76e-60	135	Myoxocephalus aenaeus	ray-finned fishes	grubby sculpin
c4d21b35925e63e08122d9059e024fc1	gi|1799624491|gb|MN122853.1|	99.259	5.76e-60	135	Scomber scombrus	ray-finned fishes	Atlantic mackerel
c321084c3629938b6aaad78cb9fcbc87	gi|3101708580|emb|OZ349026.1|	99.259	5.76e-60	135	Myoxocephalus scorpius	ray-finned fishes	shorthorn sculpin
895e38c431c7df4624ebb17e1fb96a9f	gi|2018537164|gb|MW818325.1|	99.259	5.76e-60	135	Clupea harengus	ray-finned fishes	Atlantic herring
fc2e50bde05d89ba737a344be2589316	gi|3057012933|gb|PX273259.1|	99.259	5.76e-60	135	Homo sapiens	primates	human
9043585ce414229163f826ada2d7edba	gi|73611139|dbj|AB188195.1|	100.000	1.24e-61	135	Myoxocephalus stelleri	ray-finned fishes	Steller's sculpin
b4217c804c85b2316ed87ff557ef2792	gi|1517363219|gb|MH538898.1|	99.259	5.76e-60	135	Menidia menidia	ray-finned fishes	Atlantic silverside
3695e9d3b97b917d6af6681c82bf6e6e	gi|1515576537|gb|MH377822.1|	99.259	5.76e-60	135	Myoxocephalus aenaeus	ray-finned fishes	grubby sculpin
1bdd1efd8ce443e94013edad24a861c3	gi|1381389585|ref|NC_037452.1|	81.884	6.10e-20	138	Storeatula sp. CCMP1868	cryptomonads	Storeatula sp. CCMP1868
426fc5744148a3fcff2af1e73764d627	gi|2995379990|gb|PV748009.1|	98.519	2.68e-58	135	Catostomus commersonii	ray-finned fishes	white sucker
05ce71acc22a13ada8210ac8c15fdd10	gi|2995379990|gb|PV748009.1|	98.519	2.68e-58	135	Catostomus commersonii	ray-finned fishes	white sucker
45a36847594d2002ee5b698d52181031	gi|168805888|gb|EU167047.1|	100.000	1.24e-61	135	Gavia immer	birds	great northern loon
74a52a2fb87913dddd72b25fc4acfbe7	gi|1515576537|gb|MH377822.1|	99.259	5.76e-60	135	Myoxocephalus aenaeus	ray-finned fishes	grubby sculpin
0b22269c5893915754c8db658fe74399	gi|2949214765|gb|PV276249.1|	99.259	5.76e-60	135	Tautogolabrus adspersus	ray-finned fishes	cunner
395f2222648018aa9f3f47d113fe672b	gi|2580282983|gb|OP056893.2|	95.556	1.26e-51	135	Ostichthys trachypoma	ray-finned fishes	bigeye soldierfish
5cc1319767f82d555272ac20602cdceb	gi|3064561681|gb|PV814457.1|	99.259	5.76e-60	135	Caranx caninus	ray-finned fishes	Pacific crevalle jack
5e02c074283afce918e631022c58e22f	gi|3024668575|gb|PV919458.1|	100.000	1.24e-61	135	Carcharodon carcharias	sharks & rays	great white shark
0f9c9868dec4708c04085a07e7da4dcd	gi|3101708580|emb|OZ349026.1|	99.259	5.76e-60	135	Myoxocephalus scorpius	ray-finned fishes	shorthorn sculpin
0c44e00db2d54daaa721024092a703a3	gi|1515576537|gb|MH377822.1|	99.259	5.76e-60	135	Myoxocephalus aenaeus	ray-finned fishes	grubby sculpin
ecc5c51d68d433b98baa511ac398cd0b	gi|28628290|gb|AY180235.1|	100.000	8.06e-04	31	Ingerophrynus celebensis	frogs & toads	Ingerophrynus celebensis
cfec95ea4a24b9d1ab9d06cf79c4dcc0	gi|3057011267|gb|PX273140.1|	99.259	5.76e-60	135	Homo sapiens	primates	human
df32b120657e2c35773da1441a6ef8cd	gi|2949214765|gb|PV276249.1|	99.259	5.76e-60	135	Tautogolabrus adspersus	ray-finned fishes	cunner
e95c83b3424042a50cd9b64fc7817848	gi|1476682340|gb|MH918117.1|	99.259	5.76e-60	135	Pungitius pungitius	ray-finned fishes	ninespine stickleback
2f0db25b9a9a46631e9d85e96292f51f	gi|1825511897|gb|MT103924.1|	99.259	5.76e-60	135	Pseudopleuronectes americanus	ray-finned fishes	winter flounder
57c0ba197d16213af2659db0d4fe3bd9	gi|3053320473|gb|PX070004.1|	99.259	5.76e-60	135	Brevoortia tyrannus	ray-finned fishes	Atlantic menhaden
cb4d01bef50d11ee00b1dc8a7f76c359	gi|2714808865|gb|PP620799.1|	99.259	5.76e-60	135	Anguilla rostrata	ray-finned fishes	American eel
6edbb2149b1c63aaa4defa8418913cf1	gi|2714808865|gb|PP620799.1|	99.259	5.76e-60	135	Anguilla rostrata	ray-finned fishes	American eel
1ed6482f192c7a0e8fa4be81ad12f812	gi|336044137|gb|JF901752.1|	85.714	4.68e-26	126	uncultured diatom	diatoms	uncultured diatom
86b465ca09472397cd0cd346f220ae61	gi|2259493791|emb|OW836629.1|	91.111	1.27e-41	135	uncultured fungus	fungi	uncultured fungus
49914e9ae19d4fed91c419344d0c4e6a	gi|1825511897|gb|MT103924.1|	99.259	5.76e-60	135	Pseudopleuronectes americanus	ray-finned fishes	winter flounder
e50458442355381df7140fa2715bb7ca	gi|1825511901|gb|MT103927.1|	99.259	5.76e-60	135	Urophycis tenuis	ray-finned fishes	white hake
b8c211c877447bc47ac0b3ca2d193658	gi|1139416980|gb|KY321562.1|	100.000	1.24e-61	135	Castor canadensis	rodents	American beaver
57439b44739e4c4de9920d8aa06c4fd2	gi|1799624588|gb|MN122922.1|	99.259	5.76e-60	135	Ammodytes marinus	ray-finned fishes	lesser sand-eel
6a4a3cc203055540d245d9612405dd58	gi|1515576542|gb|MH377827.1|	99.259	5.76e-60	135	Pholis gunnellus	ray-finned fishes	rock gunnel
be4fd14549d2b757a2cb62339275b3ca	gi|3045382200|ref|XR_012981633.1|	98.519	2.68e-58	135	Alosa pseudoharengus	ray-finned fishes	alewife
67df99c080a4f7cc18d6a77d622de10e	gi|1158627440|gb|KX013961.1|	100.000	1.24e-61	135	uncultured eukaryotic phytoplankton	eukaryotes	uncultured eukaryotic phytoplankton
2eeed4ea8d995639a41b568d3c92c24d	gi|1798183348|emb|LR745847.1|	99.259	5.76e-60	135	Asterias rubens	starfish	European starfish
dcef4d30d3fa3f288116b0006ded0d1c	gi|2987981790|gb|PV624571.1|	99.259	5.76e-60	135	Microgadus tomcod	ray-finned fishes	Atlantic tomcod
422b414b31a4c73fdac438b0ffb1367d	gi|2714808865|gb|PP620799.1|	99.259	5.76e-60	135	Anguilla rostrata	ray-finned fishes	American eel
5c5dad7f72ca413d38495c4d1b9c9bcc	gi|1825511897|gb|MT103924.1|	99.259	5.76e-60	135	Pseudopleuronectes americanus	ray-finned fishes	winter flounder
cb3e88020286fbc4afe1702e4e8957c3	gi|28628290|gb|AY180235.1|	100.000	2.24e-04	32	Ingerophrynus celebensis	frogs & toads	Ingerophrynus celebensis
58423a808927d8d4437e4310b37d2435	gi|1798183348|emb|LR745847.1|	99.259	5.76e-60	135	Asterias rubens	starfish	European starfish
06dc5431a3018d9c06560e611f75ba9f	gi|3101708580|emb|OZ349026.1|	99.259	5.76e-60	135	Myoxocephalus scorpius	ray-finned fishes	shorthorn sculpin
be879ad7a54c554d28782769e2ad6e41	gi|3053320641|gb|PX070016.1|	99.259	5.76e-60	135	Clupea harengus	ray-finned fishes	Atlantic herring
d82dc9cbba617c3e233f873394d95110	gi|2714808865|gb|PP620799.1|	99.259	5.76e-60	135	Anguilla rostrata	ray-finned fishes	American eel
0a4e5188b65d913b1f179f2d2049743f	gi|1515576542|gb|MH377827.1|	99.259	5.76e-60	135	Pholis gunnellus	ray-finned fishes	rock gunnel
dbce9be42552324aa7907d55211cdada	gi|1825511897|gb|MT103924.1|	99.259	5.76e-60	135	Pseudopleuronectes americanus	ray-finned fishes	winter flounder
5fdc9149186b8d826cfe0b9e51ef9980	gi|2949214765|gb|PV276249.1|	99.259	5.76e-60	135	Tautogolabrus adspersus	ray-finned fishes	cunner
5cca83356eae0ab3edd3264a03fc77b3	gi|1788585388|gb|MN883214.1|	99.259	5.76e-60	135	Zoarces americanus	ray-finned fishes	ocean pout
b95c9797792d125f32bba0b76a552ce5	gi|2987981790|gb|PV624571.1|	99.259	5.76e-60	135	Microgadus tomcod	ray-finned fishes	Atlantic tomcod
20d58fde7cbda10c8be72be3cd49bb0c	gi|1843818479|gb|MT497788.1|	100.000	1.24e-61	135	Sardina pilchardus	ray-finned fishes	European sardine
c5222187838ae337aa1d353dac732512	gi|1798183348|emb|LR745847.1|	99.259	5.76e-60	135	Asterias rubens	starfish	European starfish
d397e4f2771fa535878d9224cb4eaee7	gi|1825511897|gb|MT103924.1|	99.259	5.76e-60	135	Pseudopleuronectes americanus	ray-finned fishes	winter flounder
9e2870b8fdcc6c015a9212a3d33aa23a	gi|726972397|ref|NC_025766.1|	93.333	1.27e-46	135	Aphelasterias japonica	starfish	Aphelasterias japonica
7b5c37b8f4d120551fc08aa9d64b1b45	gi|1515576537|gb|MH377822.1|	99.259	5.76e-60	135	Myoxocephalus aenaeus	ray-finned fishes	grubby sculpin
b35fac59f525fad89ad99acb83fa9dc9	gi|1799624491|gb|MN122853.1|	98.519	2.68e-58	135	Scomber scombrus	ray-finned fishes	Atlantic mackerel
3f57c8ed7488dda6c8cedefd83c5a542	gi|3141029980|gb|PX764283.1|	87.719	1.34e-06	57	Petroderma maculiforme	brown algae	Petroderma maculiforme
0c4dca0834fd99b9803d0b431137a424	gi|3053320641|gb|PX070016.1|	99.259	5.76e-60	135	Clupea harengus	ray-finned fishes	Atlantic herring
4ec5debf6880cc9ee9d4ad4233016c29	gi|1798183348|emb|LR745847.1|	99.259	5.76e-60	135	Asterias rubens	starfish	European starfish
fb676ad2de34ca0e664ca627097c2fb4	gi|1834962145|ref|NC_047224.1|	100.000	1.24e-61	135	Anaxyrus americanus	frogs & toads	American toad
1e1530cfe984ae42c1f8899ffd6ecb4c	gi|1515576542|gb|MH377827.1|	99.259	5.76e-60	135	Pholis gunnellus	ray-finned fishes	rock gunnel
752e109b613beac6fc9f04692c39e3bd	gi|1799624477|gb|MN122852.1|	99.259	5.76e-60	135	Gadus morhua	ray-finned fishes	Atlantic cod
807dfd51238895624b5ffe231704c87d	gi|1798174199|gb|MN122917.1|	98.519	2.68e-58	135	Gasterosteus aculeatus	ray-finned fishes	three-spined stickleback
72ca7068da4abf10db6dc1e63173534b	gi|2949214765|gb|PV276249.1|	99.259	5.76e-60	135	Tautogolabrus adspersus	ray-finned fishes	cunner
49608e23614ca064ec45ac6fc6f0e3f8	gi|3053320641|gb|PX070016.1|	99.259	5.76e-60	135	Clupea harengus	ray-finned fishes	Atlantic herring
d996891cbb0de9998c7a35d1c17bf104	gi|2714808865|gb|PP620799.1|	99.259	5.76e-60	135	Anguilla rostrata	ray-finned fishes	American eel
86e5241e776641babb67dba87b1a7e56	gi|1825511880|gb|MT103910.1|	99.259	5.76e-60	135	Eumesogrammus praecisus	ray-finned fishes	fourline snakeblenny
a1791ff37e9b9cde62ef8b6eb8a76d9c	gi|971455560|emb|LM652133.1|	100.000	1.24e-61	135	uncultured protist	eukaryotes	uncultured protist
491b1e9e2c20b6f8746422084f2ef41c	gi|3045382200|ref|XR_012981633.1|	99.259	5.76e-60	135	Alosa pseudoharengus	ray-finned fishes	alewife
4db5791825d2af67e5ac449c011501d2	gi|2989059517|gb|PV710544.1|	99.259	5.76e-60	135	Peprilus triacanthus	ray-finned fishes	American butterfish
af237232e7eca003d72dfab1e9d5a4e6	gi|1799624588|gb|MN122922.1|	99.259	5.76e-60	135	Ammodytes marinus	ray-finned fishes	lesser sand-eel
1922a15f45c758d774a1e6b9e8733b09	gi|1825511897|gb|MT103924.1|	99.259	5.76e-60	135	Pseudopleuronectes americanus	ray-finned fishes	winter flounder
a804fdf27db063ffd3d687803b2c53c4	gi|1515576537|gb|MH377822.1|	98.519	2.68e-58	135	Myoxocephalus aenaeus	ray-finned fishes	grubby sculpin
d25cc296edbcfa6a39d0575089b6cc31	gi|2259141778|emb|OW834522.1|	96.296	2.70e-53	135	uncultured fungus	fungi	uncultured fungus
dea083d4f4a5bbfe3193eef7bc5b6a10	gi|512403967|gb|KC749450.1|	94.595	0.003	37	Bambusicola thoracicus	birds	Chinese bamboo-partridge
37e9ce90ab82dd1f919100a283731a53	gi|1825511897|gb|MT103924.1|	99.259	5.76e-60	135	Pseudopleuronectes americanus	ray-finned fishes	winter flounder
6810655c9391e7efef62e77907f71b42	gi|2259493651|emb|OW836550.1|	84.615	1.02e-17	104	uncultured fungus	fungi	uncultured fungus
678a49b031fcc78e9e8088f135fdec71	gi|3053320529|gb|PX070008.1|	99.259	5.76e-60	135	Merluccius bilinearis	ray-finned fishes	silver hake
cf994423e25dcf61712803bd777140db	gi|1798183348|emb|LR745847.1|	99.259	5.76e-60	135	Asterias rubens	starfish	European starfish
ff5e88f77f943b7976edfd7dacb868ba	gi|3053320641|gb|PX070016.1|	99.259	5.76e-60	135	Clupea harengus	ray-finned fishes	Atlantic herring
7c2fbc1a8b6577e6140bb73a4a0de181	gi|1790179515|dbj|LC493920.1|	99.259	5.76e-60	135	Lumpenus lampretaeformis	ray-finned fishes	snakeblenny
0353a27594fe21f5bb8640dc59a32e31	gi|3101708580|emb|OZ349026.1|	99.259	5.76e-60	135	Myoxocephalus scorpius	ray-finned fishes	shorthorn sculpin
32345ea99cf16138a7ab06396b47d857	gi|2005592611|dbj|LC340110.2|	99.259	5.76e-60	135	Liparis miostomus	ray-finned fishes	kokuchi-kusa snailfish
33fe866d9c3e52172cda913812ab15fe	gi|3063895438|gb|PX406081.1|	100.000	1.24e-61	135	Larus fuscus	birds	Larus fuscus
fb612bac30a422c4f57084437f68ab8d	gi|1798183348|emb|LR745847.1|	99.259	5.76e-60	135	Asterias rubens	starfish	European starfish
f29ad6813c320bb6453441fc65e5cb6b	gi|2557039726|gb|OR379773.1|	99.259	5.76e-60	135	Fistularia tabacaria	ray-finned fishes	cornetfish
9c9e266ee7afb1d9aeea57ee534a40ce	gi|3053320473|gb|PX070004.1|	99.259	5.76e-60	135	Brevoortia tyrannus	ray-finned fishes	Atlantic menhaden
27dc40ea9f42b4a084f70e13e575afe9	gi|1515576542|gb|MH377827.1|	98.519	2.68e-58	135	Pholis gunnellus	ray-finned fishes	rock gunnel
2d36be66de246333e44cb1869275cb83	gi|2259142165|emb|OW834787.1|	93.600	9.85e-43	125	uncultured fungus	fungi	uncultured fungus
ac6d009c6ce66a1addcd4254ce93f086	gi|1825511897|gb|MT103924.1|	99.259	5.76e-60	135	Pseudopleuronectes americanus	ray-finned fishes	winter flounder
5c5d2a77e7b6198d7b7e3912e2e9d30a	gi|1799624491|gb|MN122853.1|	99.259	5.76e-60	135	Scomber scombrus	ray-finned fishes	Atlantic mackerel
28983fe60372318119badc99497a75c5	gi|1517363219|gb|MH538898.1|	99.259	5.76e-60	135	Menidia menidia	ray-finned fishes	Atlantic silverside
a3793cc58f81a409db36df4e3d0d5753	gi|1812757286|gb|MK548578.1|	98.519	2.68e-58	135	Auxis rochei	ray-finned fishes	Auxis rochei
6d9c4a5f23b2c945cfe5719aadd86b13	gi|2949214765|gb|PV276249.1|	99.259	5.76e-60	135	Tautogolabrus adspersus	ray-finned fishes	cunner
d6cdbb94db1a328d9ab9256aaf1b597d	gi|2416437007|gb|OQ108374.1|	82.677	6.10e-20	127	Aureoumbra geitleri	pelagophytes	Aureoumbra geitleri
692fcaac2e036be1590440e33c78cf58	gi|1517363219|gb|MH538898.1|	99.259	5.76e-60	135	Menidia menidia	ray-finned fishes	Atlantic silverside
e3b2ded54ca835e69e8f501d09c1d606	gi|2995379990|gb|PV748009.1|	98.519	2.68e-58	135	Catostomus commersonii	ray-finned fishes	white sucker
8bae5e73bfb9ceb80573d48734d2d915	gi|1799624491|gb|MN122853.1|	99.259	5.76e-60	135	Scomber scombrus	ray-finned fishes	Atlantic mackerel
18bcb8450883ffe92608f2b6fdaeb4d7	gi|669175214|gb|KM057961.1|	99.259	5.76e-60	135	Hemitripterus americanus	ray-finned fishes	sea raven
083859edb7a6deb4cb6e065e9f50bc69	gi|669175214|gb|KM057961.1|	99.259	5.76e-60	135	Hemitripterus americanus	ray-finned fishes	sea raven
d6f691c14c011dcceb30e5972c4a99fb	gi|985563335|dbj|LC092018.1|	100.000	1.24e-61	135	Pholis ornata	ray-finned fishes	saddleback gunnel
96dd97a9352cc318964d0c8c007ade8a	gi|1343184158|gb|KY498712.1|	100.000	1.24e-61	135	Pararotalia nipponica	forams	Pararotalia nipponica
fdc784eb9f595893a95cb801a8b75358	gi|2018537049|gb|MW818210.1|	99.259	5.76e-60	135	Clupea harengus	ray-finned fishes	Atlantic herring
4ec629137df7be85b74b1a80bf4a7d05	gi|3101868552|emb|OZ361285.1|	100.000	1.24e-61	135	Minutocellus sp. GHC0000111	diatoms	Minutocellus sp. GHC0000111
e9ef90155753c6d921e22bda382bcb53	gi|1799624588|gb|MN122922.1|	99.259	5.76e-60	135	Ammodytes marinus	ray-finned fishes	lesser sand-eel
1509bbf0bed1af95e4eb532397219185	gi|3047139134|gb|PV631332.1|	100.000	1.24e-61	135	Minidiscus trioculatus	diatoms	Minidiscus trioculatus
1509bbf0bed1af95e4eb532397219185	gi|3047139134|gb|PV631332.1|	100.000	1.24e-61	135	Minidiscus trioculatus	diatoms	Minidiscus trioculatus
0f56106e4c86118105c729827a4ccc1c	gi|2373975411|gb|OP035108.1|	100.000	1.24e-61	135	Decapterus punctatus	ray-finned fishes	round scad
59961874943a548e84e7345fb4dc2a07	gi|2987981790|gb|PV624571.1|	99.259	5.76e-60	135	Microgadus tomcod	ray-finned fishes	Atlantic tomcod
fcb879baa2cc0694432c7b132dff0fb7	gi|2995379990|gb|PV748009.1|	98.519	2.68e-58	135	Catostomus commersonii	ray-finned fishes	white sucker
00444a4455da1735f6aca938a84d5bda	gi|3053320641|gb|PX070016.1|	99.259	5.76e-60	135	Clupea harengus	ray-finned fishes	Atlantic herring
c13aa238433a2eefa6b3f7ea7cf4eacc	gi|2018537049|gb|MW818210.1|	99.259	5.76e-60	135	Clupea harengus	ray-finned fishes	Atlantic herring
9a5ede221ff7d83a5eca7459ece6eb2b	gi|726972397|ref|NC_025766.1|	93.333	1.27e-46	135	Aphelasterias japonica	starfish	Aphelasterias japonica
4fe175b741e03839eb52e4a03735a7ec	gi|985566351|dbj|LC049929.1|	99.259	5.76e-60	135	Liparis inquilinus	ray-finned fishes	inquiline snailfish
467bcfe426f981395d156006bfafe19e	gi|1515576542|gb|MH377827.1|	99.259	5.76e-60	135	Pholis gunnellus	ray-finned fishes	rock gunnel
e83c6d3785a9e1d18354a0f3a205c1ca	gi|669175214|gb|KM057961.1|	99.259	5.76e-60	135	Hemitripterus americanus	ray-finned fishes	sea raven
1bf9b99f6ef8fda6130abcdfe15566f6	gi|1517363219|gb|MH538898.1|	99.259	5.76e-60	135	Menidia menidia	ray-finned fishes	Atlantic silverside
d0babcedcf3a73f6c694d0629dcdb41f	gi|1515576548|gb|MH377833.1|	98.529	2.68e-58	136	Merluccius bilinearis	ray-finned fishes	silver hake
f354d0f044bd93285d7184b14025bcc8	gi|1799624588|gb|MN122922.1|	99.259	5.76e-60	135	Ammodytes marinus	ray-finned fishes	lesser sand-eel
88eed3748f1dc74f6ead50dd38421cb4	gi|261263609|gb|GQ288502.1|	91.852	2.74e-43	135	Crossaster borealis	starfish	Crossaster borealis
d6e0b43083f0fe0e2cadb947b53795d3	gi|3101708580|emb|OZ349026.1|	99.259	5.76e-60	135	Myoxocephalus scorpius	ray-finned fishes	shorthorn sculpin
82a103f5bd671cb033573487c698a09c	gi|1798183348|emb|LR745847.1|	99.259	5.76e-60	135	Asterias rubens	starfish	European starfish
efae4c003bb32a989c20e7e5b23dedb7	gi|1515576548|gb|MH377833.1|	99.259	5.76e-60	135	Merluccius bilinearis	ray-finned fishes	silver hake
efedf9607fd44338948647eb3a17bc4f	gi|2557040437|gb|OR380484.1|	99.259	5.76e-60	135	Pollachius virens	ray-finned fishes	saithe
b027305d4945e9999afef35eb941d457	gi|1825511897|gb|MT103924.1|	99.259	5.76e-60	135	Pseudopleuronectes americanus	ray-finned fishes	winter flounder
aed82240ca7024dbec305b870c6cda85	gi|2987981790|gb|PV624571.1|	99.259	5.76e-60	135	Microgadus tomcod	ray-finned fishes	Atlantic tomcod
e75ad2479bcd6528f7f491c2c14c1c41	gi|3101708580|emb|OZ349026.1|	99.259	5.76e-60	135	Myoxocephalus scorpius	ray-finned fishes	shorthorn sculpin
20daa5482a69c489c525f04c49ce45c0	gi|3053320641|gb|PX070016.1|	99.259	5.76e-60	135	Clupea harengus	ray-finned fishes	Atlantic herring
e192a87bbf8f93e462972e64cc2df54c	gi|1129799469|gb|KX686091.1|	99.259	5.76e-60	135	Fundulus heteroclitus	ray-finned fishes	mummichog
83b58cd63a255625f195cf7616b12b5f	gi|1799624588|gb|MN122922.1|	99.259	5.76e-60	135	Ammodytes marinus	ray-finned fishes	lesser sand-eel
c9c76b2919c00056f77c1d552dc728d1	gi|2995379990|gb|PV748009.1|	98.519	2.68e-58	135	Catostomus commersonii	ray-finned fishes	white sucker
db8594d1ceff8eebcbc3141d502deecf	gi|2325477952|gb|OM736824.1|	99.259	5.76e-60	135	Osmerus mordax	ray-finned fishes	rainbow smelt
e3a65bee374fc48c4a8be0eae3a5228b	gi|3053320473|gb|PX070004.1|	98.519	2.68e-58	135	Brevoortia tyrannus	ray-finned fishes	Atlantic menhaden
bc6a0a119ef1b99039d4ceecef2c85b8	gi|3063895399|gb|PX406042.1|	100.000	1.24e-61	135	Somateria mollissima	birds	common eider
dfc7c81f04732ffd53caba5e1810d2eb	gi|1799624588|gb|MN122922.1|	99.259	5.76e-60	135	Ammodytes marinus	ray-finned fishes	lesser sand-eel
1fdd4922ea7f6572a65bd2d2ffce149d	gi|2018537049|gb|MW818210.1|	99.259	5.76e-60	135	Clupea harengus	ray-finned fishes	Atlantic herring
f9dd24c36e8a6cbf73d9d0bb87ffafb4	gi|2018537049|gb|MW818210.1|	99.259	5.76e-60	135	Clupea harengus	ray-finned fishes	Atlantic herring
db3c717f5fa3d3953bd7c6212eb05e49	gi|2714808865|gb|PP620799.1|	99.259	5.76e-60	135	Anguilla rostrata	ray-finned fishes	American eel
58b1e69737a5da0baa37d2714865275f	gi|1515576542|gb|MH377827.1|	99.259	5.76e-60	135	Pholis gunnellus	ray-finned fishes	rock gunnel
7c0763db23cb4e5bb31268f48d99775a	gi|1798183348|emb|LR745847.1|	99.259	5.76e-60	135	Asterias rubens	starfish	European starfish
80b4617541507a2f07184a2041a542d9	gi|1515576542|gb|MH377827.1|	99.259	5.76e-60	135	Pholis gunnellus	ray-finned fishes	rock gunnel
3e6743a3f745a9b132e258a0406fcc61	gi|1799624588|gb|MN122922.1|	99.259	5.76e-60	135	Ammodytes marinus	ray-finned fishes	lesser sand-eel
a99bfcc4590ba162866965045ab42d2a	gi|1825511897|gb|MT103924.1|	99.259	5.76e-60	135	Pseudopleuronectes americanus	ray-finned fishes	winter flounder
42b1dbfed5cdc949a0c6901f5726f7e3	gi|1515576542|gb|MH377827.1|	98.519	2.68e-58	135	Pholis gunnellus	ray-finned fishes	rock gunnel
34d0a4cf7cee47e835b2371ed390f225	gi|1129799456|gb|KX686078.1|	99.259	5.76e-60	135	Syngnathus fuscus	ray-finned fishes	northern pipefish
4a5609ad76f5de5663c79b63d5f5822c	gi|1515576537|gb|MH377822.1|	99.259	5.76e-60	135	Myoxocephalus aenaeus	ray-finned fishes	grubby sculpin
95a0280211fdfa88e19a249e203cc1df	gi|1799624477|gb|MN122852.1|	99.259	5.76e-60	135	Gadus morhua	ray-finned fishes	Atlantic cod
1e01bd3ed0ce6a64cf77421ed261a247	gi|1515576542|gb|MH377827.1|	99.259	5.76e-60	135	Pholis gunnellus	ray-finned fishes	rock gunnel
00e2a3eaf61b18281baefde33b3d6b47	gi|2714808865|gb|PP620799.1|	99.259	5.76e-60	135	Anguilla rostrata	ray-finned fishes	American eel
97404677d28bf4d72435122a71859bc6	gi|2714808865|gb|PP620799.1|	99.259	5.76e-60	135	Anguilla rostrata	ray-finned fishes	American eel
e1fb827843c5032919d028d8f225476d	gi|390198177|gb|JQ859698.1|	99.237	9.64e-58	131	uncultured Aulacoseira	diatoms	uncultured Aulacoseira
7a5956cce3333bc31688d67629f091a1	gi|512403967|gb|KC749450.1|	94.595	0.003	37	Bambusicola thoracicus	birds	Chinese bamboo-partridge
2f353fc924ff56c63a774180fb3667a7	gi|1515576542|gb|MH377827.1|	98.519	2.68e-58	135	Pholis gunnellus	ray-finned fishes	rock gunnel
2319321cf0c1e9307ecab9083ac6465a	gi|2499294728|emb|OX465372.1|	100.000	1.24e-61	135	Balaenoptera acutorostrata	whales & dolphins	minke whale
30866fe6c761bde397555ca78d41e3d2	gi|1799624588|gb|MN122922.1|	99.259	5.76e-60	135	Ammodytes marinus	ray-finned fishes	lesser sand-eel
1a2d23e2234acb9548bc34f320162fb7	gi|2259492667|emb|OW835190.1|	86.458	1.02e-17	96	uncultured fungus	fungi	uncultured fungus
ed6b109dc73dfede729be526acce96dc	gi|1515576542|gb|MH377827.1|	98.519	2.68e-58	135	Pholis gunnellus	ray-finned fishes	rock gunnel
38fadee54b997ad8d53cf91231384129	gi|1799624491|gb|MN122853.1|	98.519	2.68e-58	135	Scomber scombrus	ray-finned fishes	Atlantic mackerel
bfaa454dc4a39c0018e646eecfc39450	gi|1129799469|gb|KX686091.1|	97.778	1.25e-56	135	Fundulus heteroclitus	ray-finned fishes	mummichog
83a0f56c9336f4561e3fa1bc056d551e	gi|1980528885|ref|NC_052822.1|	100.000	1.24e-61	135	Phalacrocorax auritus	birds	double-crested cormorant
dbcd137a17693ac74847adeeb4f44a0a	gi|3045382200|ref|XR_012981633.1|	99.259	5.76e-60	135	Alosa pseudoharengus	ray-finned fishes	alewife
5de776d2801efdea66f65da9e5e7437a	gi|1129799469|gb|KX686091.1|	99.259	5.76e-60	135	Fundulus heteroclitus	ray-finned fishes	mummichog
9b68f8d5ee6242d835b7906ac75afd0c	gi|2991372826|gb|PV742855.1|	99.259	5.76e-60	135	Chaetodon ocellatus	ray-finned fishes	spotfin butterflyfish
907b5544dc2ebc1fdc158640c1b758f2	gi|1517363219|gb|MH538898.1|	99.254	2.07e-59	134	Menidia menidia	ray-finned fishes	Atlantic silverside
650a6ed8c296f53fc69dc6bd7ac7ebf0	gi|1825511897|gb|MT103924.1|	99.259	5.76e-60	135	Pseudopleuronectes americanus	ray-finned fishes	winter flounder
b7df913e39d6e78ad94e0d8b84ac0888	gi|2714808865|gb|PP620799.1|	99.259	5.76e-60	135	Anguilla rostrata	ray-finned fishes	American eel
be77cc5e95889bcb902af75806dd1fc8	gi|1798174199|gb|MN122917.1|	99.259	5.76e-60	135	Gasterosteus aculeatus	ray-finned fishes	three-spined stickleback
a198928838c726363e1f6d2389e38008	gi|726972397|ref|NC_025766.1|	93.333	1.27e-46	135	Aphelasterias japonica	starfish	Aphelasterias japonica
a0a08a2782f53b196bbf14df4317b90c	gi|2987981790|gb|PV624571.1|	99.259	5.76e-60	135	Microgadus tomcod	ray-finned fishes	Atlantic tomcod
1e36eaea0044fe87814aaa287496ce1e	gi|1251775573|gb|MF947452.1|	91.111	2.24e-04	45	Plenaster craigi	sponges	Plenaster craigi
6b3a19c982ba12b6f4632b518bef3fb1	gi|2987981790|gb|PV624571.1|	99.259	5.76e-60	135	Microgadus tomcod	ray-finned fishes	Atlantic tomcod
ab039db665a3a2adf38d4e1069338143	gi|1825511897|gb|MT103924.1|	99.259	5.76e-60	135	Pseudopleuronectes americanus	ray-finned fishes	winter flounder
80a06fa6f40e4d11df3ce381b4448da5	gi|3057012933|gb|PX273259.1|	98.519	2.68e-58	135	Homo sapiens	primates	human
b175551bea65adec630d4988124f3326	gi|2714808865|gb|PP620799.1|	99.259	5.76e-60	135	Anguilla rostrata	ray-finned fishes	American eel
96129f0544a099db410cb386e4f4210d	gi|2095925524|gb|OK172579.1|	99.259	5.76e-60	135	Microgadus tomcod	ray-finned fishes	Atlantic tomcod
163159cabdee59fc848f7027e4616f88	gi|1825511897|gb|MT103924.1|	99.259	5.76e-60	135	Pseudopleuronectes americanus	ray-finned fishes	winter flounder
0485c2184b66ba09007dcc48021e8fc7	gi|669175214|gb|KM057961.1|	99.259	5.76e-60	135	Hemitripterus americanus	ray-finned fishes	sea raven
fefe54f3acb29f77b7a0a1ff32f3df09	gi|3045382200|ref|XR_012981633.1|	99.259	5.76e-60	135	Alosa pseudoharengus	ray-finned fishes	alewife
5e1eaa6b87a22361ec5da2e1d449e3f4	gi|2196428162|gb|OM751392.1|	86.765	1.67e-30	136	Parvanachis obesa	gastropods	Parvanachis obesa
cfe29848208411e8d64ff174a0a6777a	gi|3053320641|gb|PX070016.1|	99.259	5.76e-60	135	Clupea harengus	ray-finned fishes	Atlantic herring
acd98189dbf585e2e5d1220872ea67cc	gi|1515576537|gb|MH377822.1|	98.519	2.68e-58	135	Myoxocephalus aenaeus	ray-finned fishes	grubby sculpin
4ff0814961ab8dc0e5c1002712a21c9e	gi|3053320641|gb|PX070016.1|	99.259	5.76e-60	135	Clupea harengus	ray-finned fishes	Atlantic herring
a7e369e58f277f9ef66e960ea54f0d62	gi|3053320641|gb|PX070016.1|	98.519	2.68e-58	135	Clupea harengus	ray-finned fishes	Atlantic herring
e125590cdb29f601b01edc98f46d6a2a	gi|3053320473|gb|PX070004.1|	99.259	5.76e-60	135	Brevoortia tyrannus	ray-finned fishes	Atlantic menhaden
4eb69e49b4d0bfba7ec86cabf96cc31a	gi|3053320641|gb|PX070016.1|	99.259	5.76e-60	135	Clupea harengus	ray-finned fishes	Atlantic herring
99f7ad7b2cd7e98cd1099b9d0d0a3b15	gi|2259394355|emb|OW837529.1|	92.593	5.89e-45	135	uncultured fungus	fungi	uncultured fungus
8d72ada87600847dc78d4360616dbaa1	gi|1515576537|gb|MH377822.1|	98.519	2.68e-58	135	Myoxocephalus aenaeus	ray-finned fishes	grubby sculpin
721c53117b9c82e519f6a181babdd0e4	gi|1799624491|gb|MN122853.1|	99.259	5.76e-60	135	Scomber scombrus	ray-finned fishes	Atlantic mackerel
51457caac297407b0c32482554e2ebf0	gi|2259492687|emb|OW835210.1|	94.815	5.84e-50	135	uncultured fungus	fungi	uncultured fungus
3bfc20a39d3c8b5fac71d734c3ca379c	gi|1798183348|emb|LR745847.1|	98.519	2.68e-58	135	Asterias rubens	starfish	European starfish
e48ef58ed10aeeada3cf39bb58b09a34	gi|2994821385|gb|PV670474.1|	100.000	1.24e-61	135	Dactylopterus volitans	ray-finned fishes	flying gurnard
4c05f9c10371dc9e75426dd9bd7cc338	gi|2259389090|emb|OW836369.1|	88.095	1.71e-15	84	uncultured fungus	fungi	uncultured fungus
f7951762a185aee1be41cf4064f171f1	gi|426259359|gb|KC193687.1|	99.259	5.76e-60	135	Clupea harengus	ray-finned fishes	Atlantic herring
5208abd55ee3a4c8473045f86523d486	gi|1798174199|gb|MN122917.1|	98.519	2.68e-58	135	Gasterosteus aculeatus	ray-finned fishes	three-spined stickleback
ca27d3619f6473cd8f94791bbe66f746	gi|3053320641|gb|PX070016.1|	99.259	5.76e-60	135	Clupea harengus	ray-finned fishes	Atlantic herring
3ba2b0a1b23db1f385d5311e4ccf2d29	gi|1843818469|gb|MT497781.1|	99.259	5.76e-60	135	Scomber colias	ray-finned fishes	Atlantic chub mackerel
77e35b19c564268c29eacdc03ff8b426	gi|2259143737|emb|OW835366.1|	88.000	4.65e-31	125	uncultured fungus	fungi	uncultured fungus
9c8120a08b638a54d8219770847e93f0	gi|2987981790|gb|PV624571.1|	99.259	5.76e-60	135	Microgadus tomcod	ray-finned fishes	Atlantic tomcod
c758dddd1795a675b27b2c96a321426d	gi|2987981790|gb|PV624571.1|	99.259	5.76e-60	135	Microgadus tomcod	ray-finned fishes	Atlantic tomcod
dc3af4f604dbf696ce1b34cdc29bc1da	gi|3101708580|emb|OZ349026.1|	99.259	5.76e-60	135	Myoxocephalus scorpius	ray-finned fishes	shorthorn sculpin
303a3da06d07ac8b96ba469fc352b82a	gi|1799624588|gb|MN122922.1|	99.259	5.76e-60	135	Ammodytes marinus	ray-finned fishes	lesser sand-eel
c790cd89e06f2f2921e3835716d2f0be	gi|1799624491|gb|MN122853.1|	99.259	5.76e-60	135	Scomber scombrus	ray-finned fishes	Atlantic mackerel
057b99ca34db056c5616060268f6b86c	gi|2452630836|ref|NC_071876.1|	98.519	2.68e-58	135	Ctenodiscus crispatus	starfish	Ctenodiscus crispatus
8fb1bb0e69b65d0466ab4de078d8ada7	gi|2987981790|gb|PV624571.1|	99.259	5.76e-60	135	Microgadus tomcod	ray-finned fishes	Atlantic tomcod
60485bbce7c9726f819111cddd81398b	gi|1999117732|ref|NC_053361.1|	99.259	5.76e-60	135	Crossaster papposus	starfish	Crossaster papposus
90272ae5126f72082da9b76f4af80719	gi|1799624491|gb|MN122853.1|	99.259	5.76e-60	135	Scomber scombrus	ray-finned fishes	Atlantic mackerel
661862c4c02426af3b1f95204390c098	gi|2259392238|emb|OW837161.1|	96.296	2.70e-53	135	uncultured fungus	fungi	uncultured fungus
34cf31ac9c73f023bb5e26264c86ecce	gi|1799624491|gb|MN122853.1|	98.519	2.68e-58	135	Scomber scombrus	ray-finned fishes	Atlantic mackerel
62f8035cfda9c5b743d484451974c01e	gi|410060980|gb|JX174058.1|	91.111	1.27e-41	135	uncultured Cymbella	diatoms	uncultured Cymbella
ad7644c7cdbeb3a09ea73ec35d1cd47a	gi|3053320641|gb|PX070016.1|	98.519	2.68e-58	135	Clupea harengus	ray-finned fishes	Atlantic herring
0943a9f2d4a791380fc9f2e0f8c9e1f6	gi|3053320641|gb|PX070016.1|	99.259	5.76e-60	135	Clupea harengus	ray-finned fishes	Atlantic herring
e1333e3596fbf047fe5dde59f4aaf545	gi|3045382200|ref|XR_012981633.1|	99.259	5.76e-60	135	Alosa pseudoharengus	ray-finned fishes	alewife
b8e206de7e8c869751228b0aa4c17598	gi|2018537049|gb|MW818210.1|	99.259	5.76e-60	135	Clupea harengus	ray-finned fishes	Atlantic herring
a0984b5c94b397a1541c2500a7bc1cc5	gi|1515576542|gb|MH377827.1|	99.259	5.76e-60	135	Pholis gunnellus	ray-finned fishes	rock gunnel
a8350d3231b60de2ac43f92c8ad4bbd3	gi|669175214|gb|KM057961.1|	99.259	5.76e-60	135	Hemitripterus americanus	ray-finned fishes	sea raven
36b97e8b41d7bd718f14707f7b9e89df	gi|2068377345|gb|MZ571702.1|	100.000	4.45e-61	134	uncultured Chlorophyta	green algae	uncultured Chlorophyta
a9b577cd6f892b21a18a0e46ea60c74d	gi|3053320641|gb|PX070016.1|	99.259	5.76e-60	135	Clupea harengus	ray-finned fishes	Atlantic herring
7a66281e371d64ecb39e2f38b6fabd53	gi|2987981790|gb|PV624571.1|	99.259	5.76e-60	135	Microgadus tomcod	ray-finned fishes	Atlantic tomcod
57029cf53814fa274db1b1440b2f377b	gi|1825511880|gb|MT103910.1|	99.259	5.76e-60	135	Eumesogrammus praecisus	ray-finned fishes	fourline snakeblenny
e57d5fd77ba2c39c19b6ed9ca02305f7	gi|3053320641|gb|PX070016.1|	98.519	2.68e-58	135	Clupea harengus	ray-finned fishes	Atlantic herring
527d3656b30a2af79677b7854b32a438	gi|2512952236|gb|OQ884978.1|	99.259	1.60e-60	135	Homo sapiens	primates	human
e1f17095bb2995bf98f2f74a3ad2dff4	gi|1799624491|gb|MN122853.1|	98.519	2.68e-58	135	Scomber scombrus	ray-finned fishes	Atlantic mackerel
2418664bfa7c6138152d95bc3246b126	gi|1747452203|ref|NC_044785.1|	91.339	2.76e-38	127	Nitzschia alba	diatoms	Nitzschia alba
26937bf4a426825680dcb0d57cb27961	gi|410060980|gb|JX174058.1|	91.852	2.74e-43	135	uncultured Cymbella	diatoms	uncultured Cymbella
ed8503fb2a143458dd8333b3dfbaccbb	gi|426259359|gb|KC193687.1|	99.259	5.76e-60	135	Clupea harengus	ray-finned fishes	Atlantic herring
58d22183d9c15a51c9fc04fd258dabe5	gi|1476682340|gb|MH918117.1|	99.259	5.76e-60	135	Pungitius pungitius	ray-finned fishes	ninespine stickleback
98fba3200ff73e2e15ff9e9354ac11d3	gi|1799624588|gb|MN122922.1|	99.259	5.76e-60	135	Ammodytes marinus	ray-finned fishes	lesser sand-eel
bf85552348defbaa29c1b0f428e4d29e	gi|1790179515|dbj|LC493920.1|	99.259	5.76e-60	135	Lumpenus lampretaeformis	ray-finned fishes	snakeblenny
869793733aa3f69ec8f61c6736d1e767	gi|2259143737|emb|OW835366.1|	89.600	2.15e-34	125	uncultured fungus	fungi	uncultured fungus
d6ac355cacae6d80960886ac3e2d1566	gi|2949214765|gb|PV276249.1|	98.519	2.68e-58	135	Tautogolabrus adspersus	ray-finned fishes	cunner
58a765bb3f921a67ef34ac80e6392b02	gi|3053320641|gb|PX070016.1|	98.519	2.68e-58	135	Clupea harengus	ray-finned fishes	Atlantic herring
07575605235d8baa37afb92933d41437	gi|2995379990|gb|PV748009.1|	98.519	2.68e-58	135	Catostomus commersonii	ray-finned fishes	white sucker
69b96ea73e3ac86935bc50186873cc30	gi|985563333|dbj|LC092016.1|	99.259	5.76e-60	135	Pholis clemensi	ray-finned fishes	longfin gunnel
efad3cddb59e9a23d17c4fd4b92f0500	gi|726972397|ref|NC_025766.1|	93.333	1.27e-46	135	Aphelasterias japonica	starfish	Aphelasterias japonica
06ff79b9822d508307630964632419fd	gi|2018537049|gb|MW818210.1|	98.519	2.68e-58	135	Clupea harengus	ray-finned fishes	Atlantic herring
14130e84a2cf1d985c6c041aed3d503e	gi|2995379990|gb|PV748009.1|	98.519	2.68e-58	135	Catostomus commersonii	ray-finned fishes	white sucker
9eabd782a47fdd28d831958022bb63ad	gi|1158627498|gb|KX014019.1|	100.000	1.24e-61	135	uncultured eukaryotic phytoplankton	eukaryotes	uncultured eukaryotic phytoplankton
e1da6d4f76d628ce15121d21c3f26e14	gi|2862665577|dbj|LC852797.1|	100.000	1.24e-61	135	Selar crumenophthalmus	ray-finned fishes	bigeye scad
4fe58bdb6af727035d2ad526a8270616	gi|2259143938|emb|OW835519.1|	80.292	1.32e-16	137	uncultured fungus	fungi	uncultured fungus
420c6acfea5f589004cb51470131ed22	gi|2259143831|emb|OW835457.1|	81.746	1.32e-16	126	uncultured fungus	fungi	uncultured fungus
324cfce3577caba9cf94865b7f55cd46	gi|3045382200|ref|XR_012981633.1|	98.519	2.68e-58	135	Alosa pseudoharengus	ray-finned fishes	alewife
13050f2d788e87ccf0652a5c41a643a5	gi|1517363219|gb|MH538898.1|	99.259	5.76e-60	135	Menidia menidia	ray-finned fishes	Atlantic silverside
6a03fe0f19185fe507316a94a8864363	gi|3053320641|gb|PX070016.1|	98.519	2.68e-58	135	Clupea harengus	ray-finned fishes	Atlantic herring
f008a8b02a1e58f242f7df4df5c37a18	gi|3063895398|gb|PX406041.1|	100.000	1.24e-61	135	Branta leucopsis	birds	barnacle goose
e31468c5f78ae7ccd7643654aec76c96	gi|3057012779|gb|PX273248.1|	97.037	5.80e-55	135	Homo sapiens	primates	human
463f8abfe5570372b19b21da6688dd8d	gi|2329468156|gb|OP056918.1|	99.259	5.76e-60	135	Cryptacanthodes maculatus	ray-finned fishes	wrymouth
246f3e4f8bff43f9d12a3051fb8aaa13	gi|2778382038|gb|PQ010277.1|	100.000	1.24e-61	135	Pseudo-nitzschia sabit	diatoms	Pseudo-nitzschia sabit
246f3e4f8bff43f9d12a3051fb8aaa13	gi|2778382038|gb|PQ010277.1|	100.000	1.24e-61	135	Pseudo-nitzschia sabit	diatoms	Pseudo-nitzschia sabit
9ebf8d50e742b94ee373068a7f4b1032	gi|1515576537|gb|MH377822.1|	98.519	2.68e-58	135	Myoxocephalus aenaeus	ray-finned fishes	grubby sculpin
77d7ae4cc6eaf346fa7cb34d17feb9c8	gi|1798183348|emb|LR745847.1|	98.519	2.68e-58	135	Asterias rubens	starfish	European starfish
f26eba6c0fabe317b106638807992602	gi|1808810808|gb|MT062484.1|	87.500	1.73e-05	56	Sarcocystidae sp.	apicomplexans	Sarcocystidae sp.
976a78442a0c2a63c55e5361c6d0fdde	gi|1999117732|ref|NC_053361.1|	98.519	2.68e-58	135	Crossaster papposus	starfish	Crossaster papposus
853eeac9baaaf68354c8964db74e17cc	gi|1848856403|dbj|LC552481.1|	99.259	5.76e-60	135	Platichthys stellatus	ray-finned fishes	starry flounder
9d56beb2cf1eb0225cf2a9eb6bfb44a4	gi|1799624588|gb|MN122922.1|	99.259	5.76e-60	135	Ammodytes marinus	ray-finned fishes	lesser sand-eel
144b9851363f1bd63a3bf11f2d0f2b27	gi|3063895438|gb|PX406081.1|	99.259	5.76e-60	135	Larus fuscus	birds	Larus fuscus
c8f177e24987aaf2cf8ef111e4050462	gi|426259401|gb|KC193690.1|	99.259	5.76e-60	135	Clupea harengus	ray-finned fishes	Atlantic herring
9ee577738543dc91df8c63d4249c6bb9	gi|1132319083|gb|KX938052.1|	100.000	1.24e-61	135	uncultured marine eukaryote	eukaryotes	uncultured marine eukaryote
e84a947c45a43b7a6a1e4a5955a1a08b	gi|2557039891|gb|OR379938.1|	99.259	5.76e-60	135	Brevoortia tyrannus	ray-finned fishes	Atlantic menhaden
51ce8a1cef555822f2260e9bf76baeaa	gi|1798183348|emb|LR745847.1|	98.519	2.68e-58	135	Asterias rubens	starfish	European starfish
378e02d601cc3356221e14abd4d153ef	gi|390198243|gb|JQ859764.1|	99.237	9.64e-58	131	uncultured Thalassiosira	diatoms	uncultured Thalassiosira
0d669e97552648baccaf25248277bdb3	gi|2714808865|gb|PP620799.1|	98.519	2.68e-58	135	Anguilla rostrata	ray-finned fishes	American eel
207e98d3cd0661bd1e167f3cd9f306c3	gi|1798183348|emb|LR745847.1|	98.519	2.68e-58	135	Asterias rubens	starfish	European starfish
2b9478e417209cef98d344a92e2b09b7	gi|1799624477|gb|MN122852.1|	99.259	5.76e-60	135	Gadus morhua	ray-finned fishes	Atlantic cod
02f167599ff5f6473bfb2965b04a4a0b	gi|1343184158|gb|KY498712.1|	99.259	5.76e-60	135	Pararotalia nipponica	forams	Pararotalia nipponica
e001053640c1810f8da08cda7ff630a2	gi|1041013901|gb|KT600941.1|	99.259	5.76e-60	135	Balistes vetula	ray-finned fishes	queen triggerfish
f4a410962f8e037e8d777019990f53f1	gi|1999117732|ref|NC_053361.1|	99.259	5.76e-60	135	Crossaster papposus	starfish	Crossaster papposus
6568a0161b4af89b5882b7cf84955e89	gi|1543384086|ref|NG_016607.2|	99.259	5.76e-60	135	Homo sapiens	primates	human
79a47a2739d3e78a568aa00a2e8f60a7	gi|1843818469|gb|MT497781.1|	99.259	5.76e-60	135	Scomber colias	ray-finned fishes	Atlantic chub mackerel
8bfdc6a8a524188633cca13c0fe4677f	gi|2228968878|ref|NC_062671.1|	94.643	1.03e-12	56	Bidens tripartita	eudicots	Bidens tripartita
1e740436124b0b49045223ee1799b2af	gi|3057012779|gb|PX273248.1|	99.259	5.76e-60	135	Homo sapiens	primates	human
f0fc2a0e9a2f2b5d710a2f9fff350b24	gi|1158627438|gb|KX013959.1|	100.000	1.24e-61	135	uncultured eukaryotic phytoplankton	eukaryotes	uncultured eukaryotic phytoplankton
10191ec66fc3b65247a7588563bcbb5b	gi|1515576542|gb|MH377827.1|	98.519	2.68e-58	135	Pholis gunnellus	ray-finned fishes	rock gunnel
776e069352160e1532ab8b429983a7b3	gi|1515576548|gb|MH377833.1|	99.259	5.76e-60	135	Merluccius bilinearis	ray-finned fishes	silver hake
3b9d1ce07082d837075ff3a57381ff45	gi|1858625302|gb|MN849817.1|	100.000	1.24e-61	135	Homo sapiens	primates	human
f36b2314518aaca1d629f78fd72812db	gi|815075962|emb|LN735469.3|	92.701	5.89e-45	137	Lepidodinium sp. RCC854	dinoflagellates	Lepidodinium sp. RCC854
112a315566be460d33e667ae2103436e	gi|2949214765|gb|PV276249.1|	98.519	2.68e-58	135	Tautogolabrus adspersus	ray-finned fishes	cunner
e3be64688f701349f648225cf2cbf4f7	gi|2714808865|gb|PP620799.1|	99.259	5.76e-60	135	Anguilla rostrata	ray-finned fishes	American eel
44969ecfa834cd1180b876f60ef8923f	gi|2281537582|ref|NC_065088.1|	98.519	2.68e-58	135	Cucumaria frondosa	sea cucumbers	Cucumaria frondosa
23f79d12484b8f09f4da82facc571b18	gi|1825511897|gb|MT103924.1|	98.519	2.68e-58	135	Pseudopleuronectes americanus	ray-finned fishes	winter flounder
a31b8f6cd418eadb38e4b1fd90ae217c	gi|1515576537|gb|MH377822.1|	98.519	2.68e-58	135	Myoxocephalus aenaeus	ray-finned fishes	grubby sculpin
f1fdbd221e44016e95530f053e9dc1ff	gi|2005592611|dbj|LC340110.2|	98.519	2.68e-58	135	Liparis miostomus	ray-finned fishes	kokuchi-kusa snailfish
bca1ddebee02191b88e1936d0d2f9ac6	gi|3101708580|emb|OZ349026.1|	99.259	5.76e-60	135	Myoxocephalus scorpius	ray-finned fishes	shorthorn sculpin
96db8c49bb960b861395fc5ec41eee61	gi|1515576542|gb|MH377827.1|	98.519	2.68e-58	135	Pholis gunnellus	ray-finned fishes	rock gunnel
d8e0ec06e1faab7e0a05a52fb9e40f09	gi|1515576542|gb|MH377827.1|	98.519	2.68e-58	135	Pholis gunnellus	ray-finned fishes	rock gunnel
8ebd66ef8e68367b183e2b4a0ccbf57b	gi|1467220939|gb|MH818954.1|	100.000	1.24e-61	135	uncultured diatom	diatoms	uncultured diatom
2e700c090588ce1601edbaaa99252582	gi|426259905|gb|KC193726.1|	98.519	2.68e-58	135	Clupea harengus	ray-finned fishes	Atlantic herring
4f3e72b208197f634bd37c6b3f0fb0c5	gi|2714808865|gb|PP620799.1|	93.382	1.27e-46	136	Anguilla rostrata	ray-finned fishes	American eel
fcf57d7917b6b2e90cfff1c961c0d259	gi|1798174199|gb|MN122917.1|	98.519	2.68e-58	135	Gasterosteus aculeatus	ray-finned fishes	three-spined stickleback
a8f7ae20decf5914b44bd351d8be8613	gi|1735234721|ref|NC_044407.1|	100.000	1.24e-61	135	Florenciella parvula	heterokonts	Florenciella parvula
a8f7ae20decf5914b44bd351d8be8613	gi|1735234721|ref|NC_044407.1|	100.000	1.24e-61	135	Florenciella parvula	heterokonts	Florenciella parvula
5cb38b5eca355f0687d2c05545c5fca1	gi|1798183348|emb|LR745847.1|	98.519	2.68e-58	135	Asterias rubens	starfish	European starfish
fe10244d7cf5234fb1b64d6b6ae4c49b	gi|1799624491|gb|MN122853.1|	98.519	2.68e-58	135	Scomber scombrus	ray-finned fishes	Atlantic mackerel
5ae3851ca12fa5be4db39a720d54a2ba	gi|501299653|dbj|AK418307.1|	94.400	2.12e-44	125	Riptortus pedestris	true bugs	Riptortus pedestris
67ddc6bcc824039d2abf4c548e06717c	gi|2663409612|emb|OZ004779.1|	100.000	1.24e-61	135	Phocoena phocoena	whales & dolphins	harbor porpoise
39f6cda19f7cb75d69090ed2049036af	gi|2228968878|ref|NC_062671.1|	94.643	1.03e-12	56	Bidens tripartita	eudicots	Bidens tripartita
11f63da79731326340f753b6c8fa53ed	gi|1515576542|gb|MH377827.1|	98.519	2.68e-58	135	Pholis gunnellus	ray-finned fishes	rock gunnel
5bb9e36fd4408f3589c94c763cd12f7b	gi|1418576929|ref|NC_037728.1|	82.105	4.78e-11	95	Melosira undulata	diatoms	Melosira undulata
83d92fc70ca225d52400eb0f61cd60e3	gi|2005592611|dbj|LC340110.2|	98.519	2.68e-58	135	Liparis miostomus	ray-finned fishes	kokuchi-kusa snailfish
a632cae529f4b830eac98831f62e54bb	gi|1825511897|gb|MT103924.1|	98.519	2.68e-58	135	Pseudopleuronectes americanus	ray-finned fishes	winter flounder
d4f25242718a36a2a60fb7bda16e0c4a	gi|1850794824|gb|MG660582.1|	99.259	5.76e-60	135	Homo sapiens	primates	human
52e7e5df74c49d776b9b86a8f5ed89bd	gi|1515576537|gb|MH377822.1|	98.519	2.68e-58	135	Myoxocephalus aenaeus	ray-finned fishes	grubby sculpin
ff67a6ea387d96e91a4b90323428f97c	gi|3045382200|ref|XR_012981633.1|	98.519	2.68e-58	135	Alosa pseudoharengus	ray-finned fishes	alewife
6abe56075881d0dc6f2efd2b57973080	gi|1418588091|ref|NC_038003.1|	99.259	5.76e-60	135	Rhizosolenia fallax	diatoms	Rhizosolenia fallax
6abe56075881d0dc6f2efd2b57973080	gi|1418588091|ref|NC_038003.1|	99.259	5.76e-60	135	Rhizosolenia fallax	diatoms	Rhizosolenia fallax
c6562e3082c1fbcbf4edff226fd3d1f1	gi|2714808865|gb|PP620799.1|	98.519	2.68e-58	135	Anguilla rostrata	ray-finned fishes	American eel
8bcac8845af808cb469d800f6933edd3	gi|1158627434|gb|KX013955.1|	100.000	1.24e-61	135	uncultured eukaryotic phytoplankton	eukaryotes	uncultured eukaryotic phytoplankton
33860eef580e29fca8c6a081485c68f1	gi|306847603|gb|HM214765.1|	100.000	0.003	30	uncultured phototrophic eukaryote	eukaryotes	uncultured phototrophic eukaryote
744716ee2551eb9f8a92b1a08eeb57b8	gi|2714808865|gb|PP620799.1|	97.778	1.25e-56	135	Anguilla rostrata	ray-finned fishes	American eel
67e13fe2edabe75fe9b6ce00bfa2fd20	gi|985566351|dbj|LC049929.1|	99.259	5.76e-60	135	Liparis inquilinus	ray-finned fishes	inquiline snailfish
bc357fc76207b45a8fee130cb9860371	gi|2018537049|gb|MW818210.1|	98.519	2.68e-58	135	Clupea harengus	ray-finned fishes	Atlantic herring
f1320706449d66435ff7a954fedd514e	gi|1799624588|gb|MN122922.1|	99.248	7.45e-59	133	Ammodytes marinus	ray-finned fishes	lesser sand-eel
e6e3ae2855c685b3913d7ccb3e90b7e6	gi|2259143938|emb|OW835519.1|	84.058	6.05e-25	138	uncultured fungus	fungi	uncultured fungus
fe4f08c54a1a1efc7431c6858e64c6c2	gi|2259493815|emb|OW836641.1|	82.353	4.71e-21	136	uncultured fungus	fungi	uncultured fungus
c5aebe8b8578d1277a7fd8136d58020e	gi|2771396400|gb|PQ043683.1|	98.519	2.68e-58	135	Pelagophyceae sp.	pelagophytes	Pelagophyceae sp.
f5e778569b67c8a8e497d32918fd0715	gi|1798183348|emb|LR745847.1|	98.519	2.68e-58	135	Asterias rubens	starfish	European starfish
ebc82753e2869677313c8ca4faed3c28	gi|1515576537|gb|MH377822.1|	98.519	2.68e-58	135	Myoxocephalus aenaeus	ray-finned fishes	grubby sculpin
598e03a2f518c21762f4ef94302cb012	gi|1799624491|gb|MN122853.1|	98.519	2.68e-58	135	Scomber scombrus	ray-finned fishes	Atlantic mackerel
3182394c6da36cc9bf1b78b58aed995a	gi|1515576537|gb|MH377822.1|	99.259	5.76e-60	135	Myoxocephalus aenaeus	ray-finned fishes	grubby sculpin
8d958e3093f7833d03fdb56b90548035	gi|2259415324|emb|OW842537.1|	93.651	2.74e-43	126	uncultured Ascomycota	ascomycete fungi	uncultured Ascomycota
d5eed1af1c40ee0b4054e71d5d5b7abf	gi|390198243|gb|JQ859764.1|	100.000	2.07e-59	131	uncultured Thalassiosira	diatoms	uncultured Thalassiosira
2f9f7f98e5d3f34d02a330c1a109b1cb	gi|2955318730|dbj|LC860085.1|	91.379	1.72e-10	58	Fabomonas tropica	eukaryotes	Fabomonas tropica
2f9f7f98e5d3f34d02a330c1a109b1cb	gi|2955318730|dbj|LC860085.1|	91.379	1.72e-10	58	Fabomonas tropica	eukaryotes	Fabomonas tropica
2730b02fa594a7e17784cca6f3649b01	gi|261263585|gb|GQ288478.1|	94.815	5.84e-50	135	Gilbertaster anacanthus	starfish	Gilbertaster anacanthus
b0977d44b06a0f0f31c24957a0dcf06c	gi|1828350089|gb|CP050580.1|	100.000	1.24e-61	135	Canis lupus familiaris	carnivores	dog
3590fb872e78f80ff4f8794383ac5c0f	gi|533310373|ref|NC_022179.1|	92.647	5.89e-45	136	Thraustotheca clavata	oomycetes	Thraustotheca clavata
3590fb872e78f80ff4f8794383ac5c0f	gi|533310373|ref|NC_022179.1|	92.647	5.89e-45	136	Thraustotheca clavata	oomycetes	Thraustotheca clavata
7863341b0b16fc3fe81b57da191f13ce	gi|1825511897|gb|MT103924.1|	98.519	2.68e-58	135	Pseudopleuronectes americanus	ray-finned fishes	winter flounder
994c7bb9ea1a2f622675a2b35e78fe15	gi|390198253|gb|JQ859774.1|	92.593	5.89e-45	135	uncultured Aureococcus	pelagophytes	uncultured Aureococcus
83188901e916e9ecc0a3c01ddbbee8fe	gi|426260563|gb|KC193773.1|	98.519	2.68e-58	135	Clupea harengus	ray-finned fishes	Atlantic herring
8223531666c9467a278d3429a557224e	gi|3024664543|gb|PV919170.1|	100.000	1.24e-61	135	Lamna nasus	sharks & rays	Lamna nasus
8883018a882921f6b6541ab89e4b7065	gi|295494785|gb|GU992443.1|	87.121	1.29e-31	132	uncultured Acanthamoeba	eukaryotes	uncultured Acanthamoeba
109291d1380c6274d294e932235277df	gi|1129799469|gb|KX686091.1|	98.519	2.68e-58	135	Fundulus heteroclitus	ray-finned fishes	mummichog
022ed06d413c50d2e35768375bae7d0b	gi|67106779|gb|DQ013172.1|	99.259	5.76e-60	135	uncultured phototrophic eukaryote	eukaryotes	uncultured phototrophic eukaryote
2c3a7c7722d0fd207af42ecff5ccfec3	gi|2771396397|gb|PQ043680.1|	99.259	5.76e-60	135	Pelagococcus subviridis	pelagophytes	Pelagococcus subviridis
cdca8f59258f84c32e3748345c3363c7	gi|484759855|ref|NC_021124.1|	93.103	3.70e-12	58	Andalucia godoyi	eukaryotes	Andalucia godoyi
472af59b268f941e7576a544293782cc	gi|1418576929|ref|NC_037728.1|	82.105	4.78e-11	95	Melosira undulata	diatoms	Melosira undulata
552b4b6172559f4fca987e4404d47681	gi|2259165558|emb|OW835890.1|	93.600	9.85e-43	125	uncultured fungus	fungi	uncultured fungus
505f1d96640012e5e2b4cc8702d5d4df	gi|512403967|gb|KC749450.1|	94.595	0.003	37	Bambusicola thoracicus	birds	Chinese bamboo-partridge
b5c113e97700572600cf4b7486b8d50f	gi|1790179515|dbj|LC493920.1|	99.265	5.76e-60	136	Lumpenus lampretaeformis	ray-finned fishes	snakeblenny
99a80aa31c02a32c24ee1a38a88d4612	gi|297037241|gb|HM343646.1|	94.845	1.29e-31	97	uncultured eukaryote	eukaryotes	uncultured eukaryote
ab0a592343c25d9a08633047a9d7af58	gi|2771396378|gb|PQ043661.1|	100.000	1.24e-61	135	Pelagomonadaceae sp. C	pelagophytes	Pelagomonadaceae sp. C
37687cf3ddef6484a8d85341607ebe27	gi|51557121|gb|AY702282.1|	92.593	5.89e-45	135	Mycosarcoma maydis	smut fungi & allies	corn smut
8c794c7829906e2e34a05879dcc603fc	gi|1003382313|dbj|LC070592.1|	80.992	2.21e-14	121	uncultured Acanthamoeba	eukaryotes	uncultured Acanthamoeba
8648453a77214dbafe81d75bd7f14b3d	gi|1799624588|gb|MN122922.1|	98.519	2.68e-58	135	Ammodytes marinus	ray-finned fishes	lesser sand-eel
3da819ff4c5b1c23803cd6b38e20144d	gi|2259492580|emb|OW835103.1|	96.296	2.70e-53	135	uncultured fungus	fungi	uncultured fungus
6d0c486b2e738a3b0a5b43933d5adcdd	gi|1381389585|ref|NC_037452.1|	81.159	2.84e-18	138	Storeatula sp. CCMP1868	cryptomonads	Storeatula sp. CCMP1868
55ead9f27a726a2ec511ba832649d8be	gi|1132318735|gb|KX937704.1|	100.000	1.24e-61	135	uncultured marine eukaryote	eukaryotes	uncultured marine eukaryote
1db306ef40254e12a970e370b11bb4a9	gi|2452624899|ref|NC_071788.1|	100.000	1.24e-61	135	Lontra canadensis	carnivores	Northern American river otter
52067f46fd7b19971aac40b85ea28d66	gi|1515576542|gb|MH377827.1|	93.333	1.27e-46	135	Pholis gunnellus	ray-finned fishes	rock gunnel
89b0e4a77832add0cc3a09dfda19e5d1	gi|2259393455|emb|OW837397.1|	88.095	1.29e-31	126	uncultured fungus	fungi	uncultured fungus
326b1500e1b8203a3fc711d625161322	gi|1496231571|gb|MK060137.1|	94.872	2.24e-04	39	Merops nubicus	birds	carmine bee-eater
2495fc38b5fd6b179311ae1ec5d6513e	gi|347581929|dbj|AB462049.1|	100.000	1.24e-61	135	Procyon lotor	carnivores	raccoon
da0373720e8cb564f3b8d19546735017	gi|2904573492|gb|PP411914.1|	99.000	1.65e-40	100	Gasterosteus aculeatus	ray-finned fishes	three-spined stickleback
4eca4745cea29408e7c0bfd12ebfaf41	gi|1517363219|gb|MH538898.1|	98.519	2.68e-58	135	Menidia menidia	ray-finned fishes	Atlantic silverside
6af24efa67af34676ecf8f725e4b5056	gi|2018537049|gb|MW818210.1|	99.259	5.76e-60	135	Clupea harengus	ray-finned fishes	Atlantic herring
bb8844b336e2c1b90a82a72bd90c4c33	gi|2259493234|emb|OW836164.1|	87.407	2.78e-33	135	uncultured fungus	fungi	uncultured fungus
4eeb5d023bb429ddcbdf36971677709f	gi|2259492667|emb|OW835190.1|	87.629	2.19e-19	97	uncultured fungus	fungi	uncultured fungus
dd3cfff88121b3330cf8b1e913b59077	gi|1515576537|gb|MH377822.1|	98.519	2.68e-58	135	Myoxocephalus aenaeus	ray-finned fishes	grubby sculpin
55770ced725d49576f820eac10a958f7	gi|297037241|gb|HM343646.1|	93.548	2.80e-28	93	uncultured eukaryote	eukaryotes	uncultured eukaryote
03e94decae0a8ba03fe66190b4ad3d81	gi|1343184151|gb|KY498705.1|	100.000	1.24e-61	135	Glabratella patelliformis	forams	Glabratella patelliformis
d7c2195d42f4ac1e129a35ca737a6356	gi|336111217|gb|JF488670.1|	82.301	4.75e-16	113	eukaryote SCGC AAA074-E07	eukaryotes	eukaryote SCGC AAA074-E07
38cdb54f35471857ee79109852fad529	gi|1798174199|gb|MN122917.1|	91.852	2.74e-43	135	Gasterosteus aculeatus	ray-finned fishes	three-spined stickleback
0f70d3e9fda72d8c12751eb9d6ebe9f3	gi|1761192551|gb|CP044614.1|	92.800	4.58e-41	125	Nannochloropsis oceanica	heterokonts	Nannochloropsis oceanica
295d2e0268ce7a64683f4b34fd59cab5	gi|410060980|gb|JX174058.1|	93.333	1.27e-46	135	uncultured Cymbella	diatoms	uncultured Cymbella
4645e4055a00819ce61c5aaa510ee4a1	gi|152143742|gb|EU005347.1|	99.259	5.76e-60	135	uncultured eukaryote	eukaryotes	uncultured eukaryote
e632c06223d4a70cf0189f77765f26a6	gi|1132319216|gb|KX938185.1|	100.000	1.24e-61	135	uncultured marine eukaryote	eukaryotes	uncultured marine eukaryote
be71f713a61210d89d506a9e3227dd70	gi|2259394355|emb|OW837529.1|	94.815	5.84e-50	135	uncultured fungus	fungi	uncultured fungus
78c1b1b59decc02a7a646f85075f08a0	gi|51557121|gb|AY702282.1|	92.593	5.89e-45	135	Mycosarcoma maydis	smut fungi & allies	corn smut
dc3861b63c97cb2b43bd387e2e00c2c9	gi|2703388310|emb|OZ025266.1|	97.778	1.25e-56	135	Arenicola marina	segmented worms	lugworm
d27092a8bd14bbd78a1a8b2ff706fe7f	gi|1132319039|gb|KX938008.1|	99.259	5.76e-60	135	uncultured marine eukaryote	eukaryotes	uncultured marine eukaryote
42c30fbf3da7d8a07e1839ab320fc67f	gi|2259390367|emb|OW836874.1|	83.168	7.94e-14	101	uncultured fungus	fungi	uncultured fungus
88fdbb75e5415302a41a2ef2ab77b5af	gi|2055411788|ref|NC_056257.1|	100.000	1.24e-61	135	Pluvialis squatarola	birds	Pluvialis squatarola
2d3b9dfe1630295e5f113a05229793cc	gi|197359048|gb|FJ002197.1|	100.000	1.24e-61	135	Thalassionema sp. CCMP1100	diatoms	Thalassionema sp. CCMP1100
181add1a1d4a1c08ae986e38d4b69504	gi|2771396397|gb|PQ043680.1|	100.000	1.24e-61	135	Pelagococcus subviridis	pelagophytes	Pelagococcus subviridis
fab085a3a26c1d8c59a269d9336cf8ae	gi|373863272|gb|HQ868202.1|	98.519	2.68e-58	135	uncultured eukaryote	eukaryotes	uncultured eukaryote
163b3c11b732448357bd05460c3b65df	gi|2172612263|ref|NC_059753.1|	86.047	1.01e-27	129	Pleurosigma inscriptura	diatoms	Pleurosigma inscriptura
811fd77ee924ae09d03d0f98ad69ca8b	gi|175948|gb|M85270.1|SITRRNA	92.593	5.89e-45	135	Sitophilus zeamais	beetles	maize weevil
e0a490c462a1fe4585b6411fed424391	gi|1158627440|gb|KX013961.1|	99.259	5.76e-60	135	uncultured eukaryotic phytoplankton	eukaryotes	uncultured eukaryotic phytoplankton
9cb78524dbe02ebcbe2cfdf0cbd21c45	gi|410060980|gb|JX174058.1|	91.852	2.74e-43	135	uncultured Cymbella	diatoms	uncultured Cymbella
fb873b62a53f9bf5fea0acff5f54d875	gi|926657240|dbj|LC000744.1|	94.074	2.72e-48	135	Lucina environmental sample	bivalves	Lucina environmental sample
ed3bbabe52c1a500b07a617c0cefcc10	gi|971455530|emb|LM652103.1|	100.000	1.24e-61	135	uncultured protist	eukaryotes	uncultured protist
96f74d8508fe9b54384d64d26156e481	gi|2259394355|emb|OW837529.1|	91.111	1.27e-41	135	uncultured fungus	fungi	uncultured fungus
9dc62fbd3ca6b74c87e18f8efa41db93	gi|164653445|gb|EU350906.1|	100.000	1.24e-61	135	uncultured phototrophic eukaryote	eukaryotes	uncultured phototrophic eukaryote
728bb15b76fcc15cc82cef63ba4d9f37	gi|51557121|gb|AY702282.1|	92.593	5.89e-45	135	Mycosarcoma maydis	smut fungi & allies	corn smut
04837ddc9b55ab2c87d63ad511e7164d	gi|2259143737|emb|OW835366.1|	90.400	4.61e-36	125	uncultured fungus	fungi	uncultured fungus
187baada20fd92083d9c5665110ee3ca	gi|2259394355|emb|OW837529.1|	95.556	1.26e-51	135	uncultured fungus	fungi	uncultured fungus
80ec9e742cda9adcde11487c9490e3b0	gi|2259390343|emb|OW836852.1|	94.074	2.72e-48	135	uncultured fungus	fungi	uncultured fungus
4b82365c69ac0ae3e0807716c1f18119	gi|2259492667|emb|OW835190.1|	89.583	1.01e-22	96	uncultured fungus	fungi	uncultured fungus
9e3cb61dfdee5fb666e77ef0d90ea719	gi|1132318924|gb|KX937893.1|	100.000	1.24e-61	135	uncultured marine eukaryote	eukaryotes	uncultured marine eukaryote
13d9fd0e07abeeb833fb9f63a24db8b5	gi|2259392253|emb|OW837172.1|	95.868	5.89e-45	121	uncultured fungus	fungi	uncultured fungus
f42937ed824b9ad6c6eb1f18c307573e	gi|336111279|gb|JF488732.1|	100.000	1.24e-61	135	eukaryote SCGC AAA074-O17	eukaryotes	eukaryote SCGC AAA074-O17
fc6a619aeb8f9a749b85fda6eb854f03	gi|295494785|gb|GU992443.1|	85.606	2.80e-28	132	uncultured Acanthamoeba	eukaryotes	uncultured Acanthamoeba
03693905dd0df10cac5fcf06b50249ea	gi|2770085884|gb|OR830335.1|	100.000	1.24e-61	135	Pseudoscourfieldia marina	green algae	Pseudoscourfieldia marina
e81fed3b54cc3cfdf0a3f65b05b14a28	gi|2029858557|gb|MW849280.1|	100.000	1.24e-61	135	Melanitta perspicillata	birds	surf scoter
ed351be4481b071f00a7ca32038704e6	gi|2955318730|dbj|LC860085.1|	91.379	1.72e-10	58	Fabomonas tropica	eukaryotes	Fabomonas tropica
ed351be4481b071f00a7ca32038704e6	gi|2955318730|dbj|LC860085.1|	91.379	1.72e-10	58	Fabomonas tropica	eukaryotes	Fabomonas tropica
d835b0e426fed58f31a43c03e28db5f7	gi|1802566577|gb|MN714194.1|	100.000	1.24e-61	135	Bos taurus	even-toed ungulates & whales	domestic cattle
6f9654c3204aefb298b6ad7773fe434c	gi|2875989892|gb|PQ827084.1|	100.000	1.24e-61	135	Phoca groenlandica	carnivores	harp seal
0f681264ce21eef614b529935316f52d	gi|3005406240|dbj|LC880101.1|	99.259	5.76e-60	135	Anas platyrhynchos	birds	mallard
c4719aa3c6fc634aa8d0daf53b5d3850	gi|410060980|gb|JX174058.1|	92.593	5.89e-45	135	uncultured Cymbella	diatoms	uncultured Cymbella
022f0ad639570aad0adee89bf5be48e4	gi|334847322|gb|JF835755.1|	82.500	1.03e-07	80	uncultured phototrophic eukaryote	eukaryotes	uncultured phototrophic eukaryote
06937447e825aa3e11f99fd2f4e80973	gi|2714808865|gb|PP620799.1|	99.259	5.76e-60	135	Anguilla rostrata	ray-finned fishes	American eel
9365718a6c0ea24004b36e2f8941ea88	gi|1561759576|gb|MG837549.1|	100.000	1.24e-61	135	Sus scrofa	even-toed ungulates & whales	pig
6f3f244e59ce8b2750a7bd2e6ba717ae	gi|2259146571|emb|OW835672.1|	93.333	1.27e-46	135	uncultured fungus	fungi	uncultured fungus
544b219ca6cbe968107c9c0e30f69a3c	gi|2259493791|emb|OW836629.1|	90.370	5.93e-40	135	uncultured fungus	fungi	uncultured fungus
8554b353b8a7f0db86e5fc0a4dc07637	gi|512403967|gb|KC749450.1|	94.595	0.003	37	Bambusicola thoracicus	birds	Chinese bamboo-partridge
ecbe3275868e926f6ef5ba12a0ef9773	gi|2259389120|emb|OW836399.1|	98.519	2.68e-58	135	uncultured fungus	fungi	uncultured fungus
0b10f8c9c7759d10b6e97f969a87861f	gi|1714604896|ref|NC_044118.1|	93.333	1.27e-46	135	Arisaema ringens	monocots	Arisaema ringens
0b10f8c9c7759d10b6e97f969a87861f	gi|1714604896|ref|NC_044118.1|	93.333	1.27e-46	135	Arisaema ringens	monocots	Arisaema ringens
537924642eabe75a9b5c0d67af756aae	gi|2259492667|emb|OW835190.1|	87.500	2.19e-19	96	uncultured fungus	fungi	uncultured fungus
81923bf49392012c67cf4b3e106f2c6a	gi|1735234843|ref|NC_044408.1|	99.259	1.60e-60	135	Pseudopedinella elastica	heterokonts	Pseudopedinella elastica
81923bf49392012c67cf4b3e106f2c6a	gi|1735234843|ref|NC_044408.1|	99.259	1.60e-60	135	Pseudopedinella elastica	heterokonts	Pseudopedinella elastica
b8d683ed18a2f9aff91b8d391f76e876	gi|501299653|dbj|AK418307.1|	94.400	2.12e-44	125	Riptortus pedestris	true bugs	Riptortus pedestris
77df67f7d7280339659a1e4bb0810891	gi|410060980|gb|JX174058.1|	92.593	5.89e-45	135	uncultured Cymbella	diatoms	uncultured Cymbella
1bfd239ee39ad3908f7e3b50e91368af	gi|2259390225|emb|OW836740.1|	90.370	5.93e-40	135	uncultured fungus	fungi	uncultured fungus
60d1715db5d8cb1fa66e5b2375f33dbf	gi|926657240|dbj|LC000744.1|	94.074	2.72e-48	135	Lucina environmental sample	bivalves	Lucina environmental sample
a10cbac7470fff523fc10682ea5cab69	gi|2228968878|ref|NC_062671.1|	94.643	1.03e-12	56	Bidens tripartita	eudicots	Bidens tripartita
d356f8d17f6bfb649384b2ebaaac6b15	gi|2259492667|emb|OW835190.1|	87.629	2.19e-19	97	uncultured fungus	fungi	uncultured fungus
e282cbb639265161603095295239665c	gi|1515576542|gb|MH377827.1|	100.000	4.58e-41	98	Pholis gunnellus	ray-finned fishes	rock gunnel
b2f9ba46839684cc78265b4a3d23f6de	gi|2259142165|emb|OW834787.1|	91.111	1.27e-41	135	uncultured fungus	fungi	uncultured fungus
faeb9a2861a58be8b582704f04926b02	gi|2259141266|emb|OW834445.1|	90.511	5.93e-40	137	uncultured fungus	fungi	uncultured fungus
03f883bddd61c4093a4d2761ecad764b	gi|2172612263|ref|NC_059753.1|	84.496	2.18e-24	129	Pleurosigma inscriptura	diatoms	Pleurosigma inscriptura
4bed5020775876695e33e1010e2ee29a	gi|1798174199|gb|MN122917.1|	100.000	2.76e-38	93	Gasterosteus aculeatus	ray-finned fishes	three-spined stickleback
1f9f714a7c88a8816b557a05a0c969da	gi|679091872|gb|KJ877675.1|	93.333	1.27e-46	135	Ochromonas sp. CCMP1393	golden algae	Ochromonas sp. CCMP1393
1f9f714a7c88a8816b557a05a0c969da	gi|679091872|gb|KJ877675.1|	93.333	1.27e-46	135	Ochromonas sp. CCMP1393	golden algae	Ochromonas sp. CCMP1393
23682b238791c259739b6120fc4644eb	gi|3004233981|tpd|BR002547.1|	100.000	1.24e-61	135	Triparma laevis f. longispina	heterokonts	Triparma laevis f. longispina
23682b238791c259739b6120fc4644eb	gi|3004233981|tpd|BR002547.1|	100.000	1.24e-61	135	Triparma laevis f. longispina	heterokonts	Triparma laevis f. longispina
bdcb31746295eb317818d6417188c270	gi|3053320641|gb|PX070016.1|	91.852	2.74e-43	135	Clupea harengus	ray-finned fishes	Atlantic herring
1c2c1871264add46a9a2f162eafa6714	gi|971455637|emb|LM652210.1|	100.000	1.24e-61	135	uncultured protist	eukaryotes	uncultured protist
95deca7b07cb552d839ecf72905adce5	gi|2721954796|gb|OR464352.1|	100.000	1.24e-61	135	Entomoneis umbratica	diatoms	Entomoneis umbratica
95deca7b07cb552d839ecf72905adce5	gi|2721954796|gb|OR464352.1|	100.000	1.24e-61	135	Entomoneis umbratica	diatoms	Entomoneis umbratica
e97de13e8870e385c2a492fd41a1901f	gi|390198253|gb|JQ859774.1|	88.235	5.97e-35	136	uncultured Aureococcus	pelagophytes	uncultured Aureococcus
41b3ea0727bcd3366eca6008265ce400	gi|2259143938|emb|OW835519.1|	78.832	2.86e-13	137	uncultured fungus	fungi	uncultured fungus
7944bf04c449c218371505b9eadb0d6b	gi|2259493791|emb|OW836629.1|	91.912	2.74e-43	136	uncultured fungus	fungi	uncultured fungus
f9b4ab3ac3ebca807b248f8b5eab44c1	gi|1016472541|ref|NC_029841.1|	93.798	5.89e-45	129	Pholis nebulosa	ray-finned fishes	tidepool gunnel
af2dafb61d37cf02057f403d7a15e1e8	gi|1808810808|gb|MT062484.1|	93.478	1.34e-06	46	Sarcocystidae sp.	apicomplexans	Sarcocystidae sp.
40fd3d5b7d9fd7f7449f263abfd9cdbc	gi|2960898829|gb|PV475519.1|	100.000	1.24e-61	135	Aureococcus anophagefferens	pelagophytes	Aureococcus anophagefferens
342818cd3de629e8721d94864202ead1	gi|1352415135|gb|MH009434.1|	86.301	1.72e-10	73	uncultured eukaryote	eukaryotes	uncultured eukaryote
46be1a2c67443774da570a20e25f2316	gi|2259143938|emb|OW835519.1|	83.333	2.82e-23	138	uncultured fungus	fungi	uncultured fungus
e192e0c4e7b70241b7de8126f9d0eafd	gi|2281537582|ref|NC_065088.1|	99.259	5.76e-60	135	Cucumaria frondosa	sea cucumbers	Cucumaria frondosa
f840d3c46c3bcf5bab5b4c75ce1ebc97	gi|2259143737|emb|OW835366.1|	91.111	1.27e-41	135	uncultured fungus	fungi	uncultured fungus
54f450bad50b31ac2ceae22474a81796	gi|118139345|gb|EF052245.1|	100.000	1.24e-61	135	uncultured Chrysophyceae	golden algae	uncultured Chrysophyceae
b992b1abde0b2421f66837046cdc55f1	gi|2172612263|ref|NC_059753.1|	85.271	4.68e-26	129	Pleurosigma inscriptura	diatoms	Pleurosigma inscriptura
5757aed30e422522074ee0e78c190b8e	gi|2259492676|emb|OW835199.1|	93.333	1.27e-46	135	uncultured fungus	fungi	uncultured fungus
e587b1ba50cf73cc9f910727adc5854e	gi|2987981790|gb|PV624571.1|	92.593	5.89e-45	135	Microgadus tomcod	ray-finned fishes	Atlantic tomcod
7da8588ee095f5f5d908a3f490770333	gi|1129799469|gb|KX686091.1|	92.308	1.27e-41	130	Fundulus heteroclitus	ray-finned fishes	mummichog
72794d7b6515964b3e63708d3dc06cfc	gi|2259492625|emb|OW835148.1|	97.037	5.80e-55	135	uncultured fungus	fungi	uncultured fungus
383e087b81ff4c3764b1bdca3bf70edc	gi|1132319161|gb|KX938130.1|	99.259	5.76e-60	135	uncultured marine eukaryote	eukaryotes	uncultured marine eukaryote
4f48722722106bf3506d34b624ad93b7	gi|1418576929|ref|NC_037728.1|	83.158	1.03e-12	95	Melosira undulata	diatoms	Melosira undulata
a418893740d7cb82522e35e8c14b4502	gi|2669162164|emb|OZ007508.1|	96.296	2.70e-53	135	Axinella damicornis	sponges	Axinella damicornis
8a5519b2309ac81025b433d5ce7e6209	gi|3005406240|dbj|LC880101.1|	100.000	1.24e-61	135	Anas platyrhynchos	birds	mallard
0c908e38bb441d294a6db1def8ebfcfe	gi|926459919|gb|KT448277.1|	100.000	1.24e-61	135	Canis latrans	carnivores	coyote
7f8457b4863e2170d28d70507494aab3	gi|2259394355|emb|OW837529.1|	94.815	5.84e-50	135	uncultured fungus	fungi	uncultured fungus
499f8bf47c6ad08ddf19287376a98477	gi|410060980|gb|JX174058.1|	92.593	5.89e-45	135	uncultured Cymbella	diatoms	uncultured Cymbella
f441feade486cc8b197ed3a6b25284c2	gi|1798183348|emb|LR745847.1|	88.148	5.97e-35	135	Asterias rubens	starfish	European starfish
c868e340bda067df90da520aa89a0d32	gi|2259492625|emb|OW835148.1|	97.037	5.80e-55	135	uncultured fungus	fungi	uncultured fungus
b44505a111b6c8dae65ec49a0a60c817	gi|926657240|dbj|LC000744.1|	92.593	5.89e-45	135	Lucina environmental sample	bivalves	Lucina environmental sample
93bbb14c83f3b1dcf65c86da093caceb	gi|1515576537|gb|MH377822.1|	92.593	5.89e-45	135	Myoxocephalus aenaeus	ray-finned fishes	grubby sculpin
48bc1150228a7ff4a7cfc562b4119a9e	gi|1825511879|gb|MT103909.1|	99.259	5.76e-60	135	Aspidophoroides monopterygius	ray-finned fishes	Aspidophoroides monopterygius
a5ab8f22d070e78fc46f1b97084f1d2d	gi|118139143|gb|EF052043.1|	100.000	1.24e-61	135	uncultured Chrysophyceae	golden algae	uncultured Chrysophyceae
96088cfff71d5f8b78613b00caa0699d	gi|2259492687|emb|OW835210.1|	97.037	5.80e-55	135	uncultured fungus	fungi	uncultured fungus
6c6a94b5b02948378d64f219de32c7cc	gi|2739899950|gb|PP873936.1|	97.222	2.24e-04	36	Ctenogobius boleosoma	ray-finned fishes	Ctenogobius boleosoma
13289eb609becdc5b4273b25ec3fcefa	gi|2259143938|emb|OW835519.1|	98.246	1.32e-16	57	uncultured fungus	fungi	uncultured fungus
f2d1ce4f85d0b3e163b903e76bdc21ca	gi|354952381|dbj|AB559767.1|	99.259	5.76e-60	135	uncultured eukaryote	eukaryotes	uncultured eukaryote
fbfbdae27a00b6a7d5fee1af81d3f8e5	gi|2259390345|emb|OW836854.1|	89.630	2.76e-38	135	uncultured fungus	fungi	uncultured fungus
663a82d778ee28bcf510781061120536	gi|2259492676|emb|OW835199.1|	92.593	5.89e-45	135	uncultured fungus	fungi	uncultured fungus
5db2bb43a2aef3ca0ba728e7d149b484	gi|1343184158|gb|KY498712.1|	99.259	5.76e-60	135	Pararotalia nipponica	forams	Pararotalia nipponica
c62f255b1eb2dd5798ff00ca1ba53645	gi|2259493901|emb|OW836684.1|	83.088	2.82e-23	136	uncultured fungus	fungi	uncultured fungus
038370776d8e0943cea7cb4c1c365f23	gi|2228968878|ref|NC_062671.1|	93.333	1.03e-12	60	Bidens tripartita	eudicots	Bidens tripartita
e5afa8d9805dd847eedebb2b3a51437a	gi|2716172061|gb|PP646497.1|	90.265	1.67e-30	113	Haematococcus lacustris	green algae	Haematococcus lacustris
030cdf7ebac82ca86b7b1d7e5e4a21b6	gi|1139382406|dbj|LC104782.1|	100.000	1.24e-61	135	Phalacrocorax carbo hanedae	birds	Phalacrocorax carbo hanedae
194a0a1b2d8a14d3c2ba1f65890a3e1a	gi|726972397|ref|NC_025766.1|	93.333	1.27e-46	135	Aphelasterias japonica	starfish	Aphelasterias japonica
3eabfc8b7357979c2efdfb7ab87b5773	gi|3106443530|gb|PX512529.1|	96.992	7.51e-54	133	Pedinellales sp.	heterokonts	Pedinellales sp.
3eabfc8b7357979c2efdfb7ab87b5773	gi|3106443530|gb|PX512529.1|	96.241	3.49e-52	133	Pedinellales sp.	heterokonts	Pedinellales sp.
addadceb7f26cdd3f744e3fcc8b36632	gi|19682835|emb|AJ439357.1|	98.519	2.68e-58	135	Prionitis sp. GIg-5	red algae	Prionitis sp. GIg-5
a22c0cc4c6bb2f5d07ff275328c27f88	gi|390198253|gb|JQ859774.1|	87.500	2.78e-33	136	uncultured Aureococcus	pelagophytes	uncultured Aureococcus
92ae7c38630357d18b9785ddf0ef2ac7	gi|2196428162|gb|OM751392.1|	86.765	1.67e-30	136	Parvanachis obesa	gastropods	Parvanachis obesa
b19be3a76390cf98db515a8ff031e0b5	gi|2259143922|emb|OW835503.1|	90.196	1.30e-26	102	uncultured fungus	fungi	uncultured fungus
b330cd8ae38974d0ef175247617694c2	gi|2259393455|emb|OW837397.1|	88.095	1.29e-31	126	uncultured fungus	fungi	uncultured fungus
84edb182cdb42264a36cfb58557be697	gi|974993644|gb|KT946692.1|	100.000	1.24e-61	135	Sturnus vulgaris	birds	Common starling
5b3fb4d933474b6052b2db04a8227c69	gi|336111258|gb|JF488711.1|	99.259	5.76e-60	135	eukaryote SCGC AAA074-K22	eukaryotes	eukaryote SCGC AAA074-K22
2ec0ace2cb47751c9f5d3d7cb2482400	gi|1158627506|gb|KX014027.1|	100.000	1.24e-61	135	uncultured eukaryotic phytoplankton	eukaryotes	uncultured eukaryotic phytoplankton
ba08cf78ef1cce6a99e0bad8273dbc89	gi|1841577763|gb|MT464602.1|	100.000	1.24e-61	135	uncultured Phalacroma	dinoflagellates	uncultured Phalacroma
bdff0b4be6b84c63a69f123f8860035c	gi|1799624477|gb|MN122852.1|	93.333	1.27e-46	135	Gadus morhua	ray-finned fishes	Atlantic cod
ce34103e42bf58f92d29d7f045a5ccff	gi|3035085839|emb|OZ291596.1|	100.000	0.003	30	Rangifer tarandus	even-toed ungulates & whales	reindeer
9e827e5e14847e91ca99f4919aec9d91	gi|373863272|gb|HQ868202.1|	91.270	9.92e-38	126	uncultured eukaryote	eukaryotes	uncultured eukaryote
d3e9819dbe7fe1226cc185f19761ee66	gi|1848856272|dbj|LC552350.1|	100.000	1.64e-45	106	Clupea pallasii	ray-finned fishes	Pacific herring
6a7de918d2e7b9f5d38dd32ccf704829	gi|1799624477|gb|MN122852.1|	100.000	4.81e-06	35	Gadus morhua	ray-finned fishes	Atlantic cod
aafa85457f58629ddab2413b8aceb4e3	gi|815075962|emb|LN735469.3|	94.815	5.84e-50	135	Lepidodinium sp. RCC854	dinoflagellates	Lepidodinium sp. RCC854
bc524be8383e518ee5a237804b71e3d9	gi|2259143745|emb|OW835374.1|	94.815	5.84e-50	135	uncultured fungus	fungi	uncultured fungus
a4a15091764261d1fff7529f4d07c2c5	gi|3057012779|gb|PX273248.1|	88.148	5.97e-35	135	Homo sapiens	primates	human
08251751440cd34b9d0969400f0194a6	gi|1777435045|gb|MK248682.1|	100.000	1.24e-61	135	Sus scrofa	even-toed ungulates & whales	pig
77e0b74be6e37971e1e6e16b51a66d7c	gi|2960898829|gb|PV475519.1|	99.259	5.76e-60	135	Aureococcus anophagefferens	pelagophytes	Aureococcus anophagefferens
7fa5ae5cb24db75546a9e04c238700a1	gi|3053320641|gb|PX070016.1|	97.895	4.61e-36	95	Clupea harengus	ray-finned fishes	Atlantic herring
3f62521370e6d6ef4751d1e01bf4166a	gi|56787907|gb|AY691825.1|	94.891	1.62e-50	137	Sorex cinereus	insectivores	cinereus shrew
98af007419a38fd2a670e912208f1fd0	gi|1642521931|ref|NC_042195.1|	99.259	5.76e-60	135	Salvelinus fontinalis x Salvelinus malma	ray-finned fishes	Salvelinus fontinalis x Salvelinus malma
ac6cb49cbd70c1b1bce2db0e21eefac7	gi|261411526|gb|GQ863835.1|	100.000	1.24e-61	135	uncultured eukaryote	eukaryotes	uncultured eukaryote
2051e13d5a456487904fa51c459933e6	gi|501299653|dbj|AK418307.1|	95.200	4.55e-46	125	Riptortus pedestris	true bugs	Riptortus pedestris
e24d06651b4d7df508c7866fbcb9e437	gi|56681166|gb|AY731512.1|	80.000	7.94e-14	125	Hypnea sp. DWF-2004	red algae	Hypnea sp. DWF-2004
4afd449f543d82260dd3c2b0e551e448	gi|1132319216|gb|KX938185.1|	99.265	5.76e-60	136	uncultured marine eukaryote	eukaryotes	uncultured marine eukaryote
6293c5e55949eaa17b1af8b560fc8e05	gi|815075962|emb|LN735469.3|	91.971	2.74e-43	137	Lepidodinium sp. RCC854	dinoflagellates	Lepidodinium sp. RCC854
09d5778cdb90bcd7ed30f83c6b2aafb7	gi|2259493234|emb|OW836164.1|	84.444	1.30e-26	135	uncultured fungus	fungi	uncultured fungus
473db7a2f9d77869af768fe9e9f0e755	gi|457210|gb|L25708.1|CYGRRNAA	91.111	1.27e-41	135	Calyptogena sp.	bivalves	Calyptogena sp.
ff896afe3c043feffdc9648c98f75c1c	gi|295494785|gb|GU992443.1|	85.606	2.80e-28	132	uncultured Acanthamoeba	eukaryotes	uncultured Acanthamoeba
de0328adb610cdb65d37b0bebda25021	gi|3602932|gb|AF041468.1|	81.928	3.72e-07	83	Guillardia theta	cryptomonads	Guillardia theta
de0328adb610cdb65d37b0bebda25021	gi|3602932|gb|AF041468.1|	80.723	1.73e-05	83	Guillardia theta	cryptomonads	Guillardia theta
08294225efc80f079fce2974fbca9054	gi|2259143737|emb|OW835366.1|	86.029	6.01e-30	136	uncultured fungus	fungi	uncultured fungus
ab87aca0c520794c60a90cea9b8eade3	gi|2456435612|gb|OQ210100.1|	94.074	2.72e-48	135	Gadus morhua	ray-finned fishes	Atlantic cod
b333de2b9cff3ef5e4a58b281dba290a	gi|2259492747|emb|OW835270.1|	94.815	5.84e-50	135	uncultured fungus	fungi	uncultured fungus
f5b95ca8de247e81bb4506bf37b93ab3	gi|2259390345|emb|OW836854.1|	87.407	2.78e-33	135	uncultured fungus	fungi	uncultured fungus
9df3e3ff3b120c8844b2a6fc54ab51b3	gi|2842131310|emb|OZ194986.1|	98.519	2.68e-58	135	Haliclona xena	sponges	Haliclona xena
538fbc39c63c231ca65e267778d19dd9	gi|2259492755|emb|OW835278.1|	97.037	5.80e-55	135	uncultured fungus	fungi	uncultured fungus
513d0240ef59e803c490dcc4e509c3c3	gi|2259146814|emb|OW835713.1|	88.189	4.65e-31	127	uncultured fungus	fungi	uncultured fungus
4f75f5dd921f37e071b4071747033350	gi|354952428|dbj|AB559814.1|	86.131	6.01e-30	137	uncultured eukaryote	eukaryotes	uncultured eukaryote
0c02d3fce25c4cafe0867ee9c200b93d	gi|390198224|gb|JQ859745.1|	96.899	1.26e-51	129	uncultured Ochromonas	golden algae	uncultured Ochromonas
9f632cb937f36d1323ae95174c3b980d	gi|369938921|gb|JN546773.1|	89.091	3.72e-07	55	Nannochloropsis oceanica	heterokonts	Nannochloropsis oceanica
e183d03a5c0f2e84daffeb1ce73088ce	gi|944274402|gb|KT305086.1|	79.439	2.88e-08	107	Trachelomonas hispida var. coronata	euglenoids	Trachelomonas hispida var. coronata
3a67f1fe8b76428c2f3f4a0d5144c0b8	gi|2259390303|emb|OW836814.1|	91.071	3.59e-32	112	uncultured fungus	fungi	uncultured fungus
47759fc3570348fd19875a1aea458a27	gi|2452630836|ref|NC_071876.1|	99.259	5.76e-60	135	Ctenodiscus crispatus	starfish	Ctenodiscus crispatus
d9d3b472aaf64d53e77c751ddc5f8acb	gi|2314983520|ref|NC_066976.1|	100.000	1.24e-61	135	Eutreptiella eupharyngea	euglenoids	Eutreptiella eupharyngea
d9d3b472aaf64d53e77c751ddc5f8acb	gi|2314983520|ref|NC_066976.1|	100.000	1.24e-61	135	Eutreptiella eupharyngea	euglenoids	Eutreptiella eupharyngea
fce97bf415cccbfb559bf0f2c2a82398	gi|2068377302|gb|MZ571675.1|	100.000	4.45e-61	134	Bolidophyceae sp.	heterokonts	Bolidophyceae sp.
223f5b45c5c6c58a51fda3ff0736dacb	gi|3101708580|emb|OZ349026.1|	100.000	1.25e-56	126	Myoxocephalus scorpius	ray-finned fishes	shorthorn sculpin
d58a5830797d7face10071a3f13473b3	gi|1799624588|gb|MN122922.1|	93.382	1.27e-46	136	Ammodytes marinus	ray-finned fishes	lesser sand-eel
9499dd499c62f56a54798ae79add1766	gi|2259393447|emb|OW837389.1|	85.600	2.18e-24	125	uncultured fungus	fungi	uncultured fungus
859c36f88ccc918f9816ae773c40ae25	gi|1798183348|emb|LR745847.1|	88.889	1.28e-36	135	Asterias rubens	starfish	European starfish
ba7ca83ad8d813bb14506af6993c6661	gi|336111260|gb|JF488713.1|	97.037	5.80e-55	135	eukaryote SCGC AAA074-L09	eukaryotes	eukaryote SCGC AAA074-L09
c60a3798d8c351bc315878454cbd87b1	gi|1693285389|ref|NC_042602.1|	86.957	8.00e-09	69	Chloropicon maureeniae	green algae	Chloropicon maureeniae
af84faa8c1fa6762126a33291fe1d1b3	gi|1557896468|gb|MG646412.1|	99.259	5.76e-60	135	Hemiselmis cryptochromatica	cryptomonads	Hemiselmis cryptochromatica
0f6af3c4aa657622a2ba3582f41d03bf	gi|484759855|ref|NC_021124.1|	92.727	1.72e-10	55	Andalucia godoyi	eukaryotes	Andalucia godoyi
9d7fbf58a27f52e2493fc3009b7eaa75	gi|2259492667|emb|OW835190.1|	89.474	3.64e-22	95	uncultured fungus	fungi	uncultured fungus
4b6bf5bac03186e85433aa67b49844f6	gi|2259494369|emb|OW836709.1|	91.111	1.27e-41	135	uncultured fungus	fungi	uncultured fungus
8e67f8ae0bc0a628375383ddc7c5c7bc	gi|410060980|gb|JX174058.1|	90.511	5.93e-40	137	uncultured Cymbella	diatoms	uncultured Cymbella
7aa732707ca042cfd4350543b9758713	gi|1132318764|gb|KX937733.1|	98.519	2.68e-58	135	uncultured marine eukaryote	eukaryotes	uncultured marine eukaryote
cf0b77280a9d1a665a7012125fb3e91b	gi|1132319215|gb|KX938184.1|	100.000	1.24e-61	135	uncultured marine eukaryote	eukaryotes	uncultured marine eukaryote
6d2772c2a3662b6716698101319b9373	gi|1016472541|ref|NC_029841.1|	100.000	4.52e-51	116	Pholis nebulosa	ray-finned fishes	tidepool gunnel
806ca1f159159c558ef7e292a3b3245f	gi|51557121|gb|AY702282.1|	91.111	1.27e-41	135	Mycosarcoma maydis	smut fungi & allies	corn smut
bef2768f4d14e7631bda046928427386	gi|1799624588|gb|MN122922.1|	99.206	5.80e-55	126	Ammodytes marinus	ray-finned fishes	lesser sand-eel
7b21ae4afe54077016ecff2d5ae75cf1	gi|2647440327|gb|PP109158.1|	100.000	1.24e-61	135	Picochlorum sp. ZL-2024a	green algae	Picochlorum sp. ZL-2024a
8b089dd0decb61ba5bec5aaa77c777fd	gi|1799624477|gb|MN122852.1|	100.000	7.61e-44	103	Gadus morhua	ray-finned fishes	Atlantic cod
9a2cb4d594f7ddcd324a57d0e4ec1648	gi|1418576929|ref|NC_037728.1|	82.105	4.78e-11	95	Melosira undulata	diatoms	Melosira undulata
5ffd10deb1defc58698ea8a85755ac5e	gi|375076342|gb|JQ327974.1|	88.618	1.29e-31	123	uncultured eukaryote	eukaryotes	uncultured eukaryote
75fb5cd420b879c64f0ebc4582160aa8	gi|2259142013|emb|OW834713.1|	84.956	4.71e-21	113	uncultured fungus	fungi	uncultured fungus
006bd298c82b86776f427ec407a13cf2	gi|2259143938|emb|OW835519.1|	80.147	4.75e-16	136	uncultured fungus	fungi	uncultured fungus
22898d945618bf3cb442aaa190339a85	gi|484759855|ref|NC_021124.1|	92.982	1.33e-11	57	Andalucia godoyi	eukaryotes	Andalucia godoyi
67501c76f3417c151afa5393d504d7dd	gi|2960898829|gb|PV475519.1|	99.259	5.76e-60	135	Aureococcus anophagefferens	pelagophytes	Aureococcus anophagefferens
1c7e3df38ade2dbc81cfac5cec204349	gi|2259142013|emb|OW834713.1|	87.719	4.68e-26	114	uncultured fungus	fungi	uncultured fungus
fffb18607b3944d78df5d14ba7bc4b8f	gi|1918167716|gb|MW152751.1|	94.030	9.78e-48	134	uncultured phototrophic eukaryote	eukaryotes	uncultured phototrophic eukaryote
e9edfe08219eb9eb300227c1230a1b8d	gi|1761192551|gb|CP044614.1|	91.852	2.74e-43	135	Nannochloropsis oceanica	heterokonts	Nannochloropsis oceanica
3c3a5b2999906fab510d633607f94492	gi|2259492687|emb|OW835210.1|	95.522	4.52e-51	134	uncultured fungus	fungi	uncultured fungus
ffaad3806cdae9bed26b14acc960b593	gi|2669162164|emb|OZ007508.1|	93.333	1.27e-46	135	Axinella damicornis	sponges	Axinella damicornis
354a8bc88366418aa8033de4d5e4fc47	gi|971455716|emb|LM652289.1|	100.000	1.24e-61	135	uncultured protist	eukaryotes	uncultured protist
470e90f920d48b3ffb6f42878b1746b6	gi|1848856422|dbj|LC552500.1|	100.000	6.23e-05	33	Liparis punctulatus	ray-finned fishes	Liparis punctulatus
b9c66ba8357081f766ab5090c28cf880	gi|295494785|gb|GU992443.1|	86.364	6.01e-30	132	uncultured Acanthamoeba	eukaryotes	uncultured Acanthamoeba
f7d8267586df678f07a372352ee448d6	gi|2259493815|emb|OW836641.1|	84.615	1.73e-05	65	uncultured fungus	fungi	uncultured fungus
aa0b99470ca046d8bf2b249bba777dea	gi|3063895398|gb|PX406041.1|	99.259	5.76e-60	135	Branta leucopsis	birds	barnacle goose
f636f2b42aeb253f3bdb5f71fa7d0a0c	gi|259150486|emb|FN396740.1|	100.000	1.24e-61	135	uncultured eukaryote	eukaryotes	uncultured eukaryote
3a222e7829316a4219a7ed6d3324e172	gi|3063895398|gb|PX406041.1|	99.259	5.76e-60	135	Branta leucopsis	birds	barnacle goose
10a4b8c0e8a4371e7bec325ef650e6f4	gi|663673440|emb|HG975441.1|	82.418	2.22e-09	91	Solanum pennellii	eudicots	Solanum pennellii
f05a99e40bdc8c2dbe79961d68dc03b1	gi|926657304|dbj|LC000808.1|	90.164	1.72e-10	61	Olavius environmental sample	segmented worms	Olavius environmental sample
6902d04cf25e98c00aaeedafbe0672a1	gi|2960898829|gb|PV475519.1|	99.259	5.76e-60	135	Aureococcus anophagefferens	pelagophytes	Aureococcus anophagefferens
d4c46ce78b2720e6d217da60d0f8a211	gi|2732647886|gb|CP155279.1|	92.308	8.00e-09	52	Citrullus amarus	eudicots	Citrullus amarus
5efbe538a3e8f603bfcc87479ebcbae7	gi|1918168076|gb|MW153037.1|	100.000	4.45e-61	134	uncultured phototrophic eukaryote	eukaryotes	uncultured phototrophic eukaryote
4d73be74e87d5a582d10603c3079aed2	gi|2259143737|emb|OW835366.1|	84.921	2.18e-24	126	uncultured fungus	fungi	uncultured fungus
58b8c76e6974d23720c8376f71136e7b	gi|221326780|gb|FJ540919.1|	99.259	5.76e-60	135	Branchiostoma floridae	lancelets	Florida lancelet
773925e206d56bb4d74cefb62dc07687	gi|90102227|gb|DQ442915.1|	95.420	7.56e-49	131	Idotea baltica	isopods	Idotea baltica
75ef3daa8687db8a00993df3a21a6fb8	gi|157780705|gb|EU050703.1|	89.630	2.76e-38	135	uncultured rhodophyte	red algae	uncultured rhodophyte
414e123e040ebab01e1198ada7bac1b0	gi|3064561792|gb|PV814579.1|	93.382	1.27e-46	136	Selene brevoortii	ray-finned fishes	Mexican lookdown
039fcf8c84fe950aeb93cc46ba4ef2cb	gi|1352415135|gb|MH009434.1|	86.486	4.78e-11	74	uncultured eukaryote	eukaryotes	uncultured eukaryote
dad0d4ff41248fa911a1923729c7278d	gi|410060980|gb|JX174058.1|	89.630	2.76e-38	135	uncultured Cymbella	diatoms	uncultured Cymbella
d6fb62a218b3aede765865e28770c3ff	gi|1799624588|gb|MN122922.1|	91.852	2.74e-43	135	Ammodytes marinus	ray-finned fishes	lesser sand-eel
22607501ccae2fdbfc6262acbb8ccc30	gi|2259146932|emb|OW835831.1|	89.630	2.76e-38	135	uncultured fungus	fungi	uncultured fungus
023ddb3d9ee3e86dfad19164c77b2950	gi|51557121|gb|AY702282.1|	92.593	5.89e-45	135	Mycosarcoma maydis	smut fungi & allies	corn smut
d1e87287c9efae238a8414ed7a487cb2	gi|1693290266|ref|NC_042741.1|	89.565	6.01e-30	115	Pisaster ochraceus	starfish	purple sea star
1a73e61f0e90beafae084846009fe70c	gi|2692953615|ref|NC_086796.1|	100.000	1.25e-56	126	Zoarces americanus	ray-finned fishes	ocean pout
4c5182dead08d92633f261d29687aff5	gi|1693290266|ref|NC_042741.1|	89.344	3.59e-32	122	Pisaster ochraceus	starfish	purple sea star
b4f74cb3b773534941f4c6d2ddbf5cde	gi|2571476436|gb|OR499725.1|	100.000	1.60e-60	133	Merluccius bilinearis	ray-finned fishes	silver hake
83b96a8a4f119c6071f6657566a1001e	gi|2692953615|ref|NC_086796.1|	100.000	1.61e-55	124	Zoarces americanus	ray-finned fishes	ocean pout
07f295ad589eefd21044248d87745047	gi|2259493791|emb|OW836629.1|	91.852	2.74e-43	135	uncultured fungus	fungi	uncultured fungus
5d2152c5bb114323b3c920fe32e14aa8	gi|2204340|gb|U90409.1|PGU90409	88.889	1.34e-06	54	Pholis gunnellus	ray-finned fishes	rock gunnel
23f6c0d8ed5727f58c6c7d4f40ef9be9	gi|2259492747|emb|OW835270.1|	92.593	5.89e-45	135	uncultured fungus	fungi	uncultured fungus
c21ab7f3077e2dd2b7b8c42933f4c1d5	gi|1761192551|gb|CP044614.1|	91.852	2.74e-43	135	Nannochloropsis oceanica	heterokonts	Nannochloropsis oceanica
402ad46778de97a0ef9dc37a4d1f5d79	gi|28628290|gb|AY180235.1|	100.000	8.06e-04	31	Ingerophrynus celebensis	frogs & toads	Ingerophrynus celebensis
61724a287d562ff623912eba7d00d9a1	gi|2259492667|emb|OW835190.1|	87.500	2.19e-19	96	uncultured fungus	fungi	uncultured fungus
50ab0acd46f6f7e70b7c0e7d682f7865	gi|2259392235|emb|OW837158.1|	88.608	1.71e-15	79	uncultured fungus	fungi	uncultured fungus
0c4f27f8f3c933a4d19c8f1a5d11c1f1	gi|2259143737|emb|OW835366.1|	84.800	2.18e-24	125	uncultured fungus	fungi	uncultured fungus
f0b5e960d2de93e13f15a5a631d6d0e3	gi|1418576929|ref|NC_037728.1|	92.857	4.78e-11	56	Melosira undulata	diatoms	Melosira undulata
0575dfc16ac3d25daa2801f4a572a47c	gi|2259492712|emb|OW835235.1|	86.400	3.62e-27	125	uncultured fungus	fungi	uncultured fungus
c30f757c0a29856b2cbb8be1e8ce2d8a	gi|2714808865|gb|PP620799.1|	98.148	2.74e-43	108	Anguilla rostrata	ray-finned fishes	American eel
a64d53fde7b4b6fae691e82705cba8d7	gi|2504556390|dbj|LC385123.2|	100.000	1.24e-61	135	Pholis crassispina	ray-finned fishes	Pholis crassispina
557a4fb4d40d79110d88c548096743b0	gi|3045382200|ref|XR_012981633.1|	98.936	3.57e-37	94	Alosa pseudoharengus	ray-finned fishes	alewife
1d092d86ec5998f72096e4e36ff37375	gi|1557896468|gb|MG646412.1|	100.000	1.24e-61	135	Hemiselmis cryptochromatica	cryptomonads	Hemiselmis cryptochromatica
e687177e6640fa577a588e8c8e2e349b	gi|2259492625|emb|OW835148.1|	89.623	1.30e-26	106	uncultured fungus	fungi	uncultured fungus
f0cc584cf49c0204f8b1afad6ab9112c	gi|2259414726|emb|OW842418.1|	85.926	6.01e-30	135	uncultured Ascomycota	ascomycete fungi	uncultured Ascomycota
334ad1f4bcc83b2dbe2a1654543d6519	gi|336111217|gb|JF488670.1|	97.037	5.80e-55	135	eukaryote SCGC AAA074-E07	eukaryotes	eukaryote SCGC AAA074-E07
e9b467056c341254cd63e8502e79f4d7	gi|533310373|ref|NC_022179.1|	91.176	1.27e-41	136	Thraustotheca clavata	oomycetes	Thraustotheca clavata
e9b467056c341254cd63e8502e79f4d7	gi|533310373|ref|NC_022179.1|	91.176	1.27e-41	136	Thraustotheca clavata	oomycetes	Thraustotheca clavata
fe59a83311e4b2b638842a8c7266d520	gi|2259143938|emb|OW835519.1|	80.147	1.32e-16	136	uncultured fungus	fungi	uncultured fungus
be6d86032c657c8a28275046b96d8acd	gi|1707503388|ref|NC_043929.1|	100.000	1.24e-61	135	Octactis speculum	heterokonts	Octactis speculum
ce62df675f06a9a507bb16e1f8aae64c	gi|2689245977|gb|OR242859.1|	99.254	2.07e-59	134	Calidris alpina pacifica	birds	Calidris alpina pacifica
d6449ed4633d90775730cc03fa75cb87	gi|3111511040|tpg|BK073412.1|	97.037	5.80e-55	135	Melampsora laricis-populina	rust fungi & allies	Melampsora laricis-populina
93d840e82a0ee572313d845f4e4e253f	gi|533310373|ref|NC_022179.1|	91.912	2.74e-43	136	Thraustotheca clavata	oomycetes	Thraustotheca clavata
93d840e82a0ee572313d845f4e4e253f	gi|533310373|ref|NC_022179.1|	91.912	2.74e-43	136	Thraustotheca clavata	oomycetes	Thraustotheca clavata
58640b3a0ba27a5005972a223eac4bfa	gi|2259392412|emb|OW837258.1|	83.077	1.31e-21	130	uncultured fungus	fungi	uncultured fungus
4697a16531a6d284ebb548cc0881313b	gi|2987981790|gb|PV624571.1|	100.000	4.52e-51	116	Microgadus tomcod	ray-finned fishes	Atlantic tomcod
864e3c55918fd5c78ecc281fac0a34da	gi|2259390936|emb|OW837024.1|	82.353	1.31e-21	136	uncultured fungus	fungi	uncultured fungus
f8a254069ff8fa9e45cc33b2dd29344f	gi|2259143970|emb|OW835551.1|	86.400	1.01e-27	125	uncultured fungus	fungi	uncultured fungus
5b2bafcb344f72f50dd82827551f4b53	gi|2259143922|emb|OW835503.1|	90.196	1.30e-26	102	uncultured fungus	fungi	uncultured fungus
a3f6a040849bcfba55f8405e06a4026d	gi|295494785|gb|GU992443.1|	85.714	2.80e-28	133	uncultured Acanthamoeba	eukaryotes	uncultured Acanthamoeba
0aa825a0f141863e5be96176eb6ef270	gi|2259143737|emb|OW835366.1|	88.800	9.99e-33	125	uncultured fungus	fungi	uncultured fungus
aa030d01503c7ae791bf47f520cec813	gi|336111294|gb|JF488747.1|	100.000	1.24e-61	135	eukaryote SCGC AAA074-N05	eukaryotes	eukaryote SCGC AAA074-N05
6bf33c7c9c8e4576caaebf40c4c1d93f	gi|2259492598|emb|OW835121.1|	87.069	2.18e-24	116	uncultured fungus	fungi	uncultured fungus
5264c4f5e1374da238f18d22a5f91415	gi|1132319237|gb|KX938206.1|	100.000	1.24e-61	135	uncultured marine eukaryote	eukaryotes	uncultured marine eukaryote
2f95a6306f04b1b04b14cb55cd2a5379	gi|334847322|gb|JF835755.1|	88.235	1.72e-10	68	uncultured phototrophic eukaryote	eukaryotes	uncultured phototrophic eukaryote
c19ff9aaed5e808d7ff825c9c0cddb6f	gi|2259492755|emb|OW835278.1|	99.259	5.76e-60	135	uncultured fungus	fungi	uncultured fungus
39e6440766104ee8113cedc6366f4cbd	gi|1467220893|gb|MH818908.1|	100.000	1.24e-61	135	uncultured diatom	diatoms	uncultured diatom
c883e7e20270ada4989bb828ba540b52	gi|2742254161|dbj|LC819407.1|	86.567	1.67e-30	134	Dictyosoma temminckii	ray-finned fishes	Dictyosoma temminckii
