X6,X3,X962.ENEG.1,X962.ENEG.2,X963.ENEG.1,X963.ENEG.2,X964.ENEG.1,X964.ENEG.2,X965.ENEG.1,X965.ENEG.2,BBL25.521760,CAR25.518830,CAR25.518831,CAR25.518836,CAR25.518837,CAR25.518855,CAR25.518856,CAR25.518862,CAR25.518863,CAR25.518872,CAR25.518873,CAR25.518879,CAR25.518880,CAR25.518927,CAR25.518928,CAR25.519011,CAR25.519012,CAR25.519017,CAR25.519018,CAR25.519028,CAR25.519029,CAR25.519082,CAR25.519083,CAR25.519157,CAR25.519158,CAR25.519163,CAR25.519164,CAR25.519170,CAR25.519171,CAR25.519176,CAR25.519177,CAR25.519182,CAR25.519183,CAR25.519197,CAR25.519198,CAR25.519268,CAR25.519269,CAR25.519329,CAR25.519330,CAR25.519335,CAR25.519336,CAR25.519407,CAR25.519408,CAR25.519590,CAR25.519591,CAR25.519648,CAR25.519649,CAR25.FB101,CAR25.FB111,CAR25.FB114,CAR25.FB128,CAR25.FB131,CAR25.FB141,CAR25.FB144,CAR25.FB585,CAR25.FB614,CAR25.FB67,CAR25.FB72,CAR25.FB75,CAR25.FB82,CAR25.FB86,CAR25.FB98,GUL25.522118,GUL25.522119,GUL25.522134,GUL25.522135,GUL25.522163,GUL25.522164,GUL25.522169,GUL25.522185,GUL25.522186,GUL25.522192,GUL25.FB668,NEC25.521595,NEC25.521596,NEC25.521615,NEC25.521616,NEC25.521631,NEC25.521632,NEC25.521648,NEC25.521649,NEC25.521663,NEC25.521664,NEC25.521686,NEC25.521687,NEC25.521702,NEC25.521703,NEC25.FB641
Micromonas commoda,100,13,0,0,0,0,0,0,0,56,16106,23441,18718,11671,6260,6703,15731,12691,4712,5060,11405,9542,42,133,841,576,1257,2174,3761,3891,131,41,1125,2112,373,941,1910,7189,7398,8521,4334,3157,13,97,820,947,996,613,1394,1281,298,24,3180,3617,78,89,0,0,0,0,0,0,0,0,16,0,0,0,0,0,0,69,121,11,35,140,82,145,253,146,35,0,4687,8652,574,975,323,507,733,1005,917,1264,588,548,192,194,0
Micromonas commoda,100,13,0,0,0,0,0,0,0,56,16106,23441,18718,11671,6260,6703,15731,12691,4712,5060,11405,9542,42,133,841,576,1257,2174,3761,3891,131,41,1125,2112,373,941,1910,7189,7398,8521,4334,3157,13,97,820,947,996,613,1394,1281,298,24,3180,3617,78,89,0,0,0,0,0,0,0,0,16,0,0,0,0,0,0,69,121,11,35,140,82,145,253,146,35,0,4687,8652,574,975,323,507,733,1005,917,1264,588,548,192,194,0
Micromonas pusilla,100,13,0,0,0,0,0,0,0,56,16106,23441,18718,11671,6260,6703,15731,12691,4712,5060,11405,9542,42,133,841,576,1257,2174,3761,3891,131,41,1125,2112,373,941,1910,7189,7398,8521,4334,3157,13,97,820,947,996,613,1394,1281,298,24,3180,3617,78,89,0,0,0,0,0,0,0,0,16,0,0,0,0,0,0,69,121,11,35,140,82,145,253,146,35,0,4687,8652,574,975,323,507,733,1005,917,1264,588,548,192,194,0
Bathycoccus prasinos,100,0,0,12,0,25,0,0,0,252,22595,14805,12807,15540,5735,8016,7397,6474,5007,6957,9984,12155,157,0,505,761,979,1231,3194,4264,0,0,1066,996,1153,845,609,2649,3392,3376,1127,825,0,0,628,656,533,183,450,245,274,0,2830,2714,136,0,12,0,0,0,72,9,0,0,0,0,0,0,0,0,0,166,154,255,212,225,0,81,18,30,128,0,10341,15207,1599,2892,1424,2463,3081,2549,3161,3432,1860,2244,612,518,0
Bathycoccus prasinos,100,0,0,12,0,25,0,0,0,252,22595,14805,12807,15540,5735,8016,7397,6474,5007,6957,9984,12155,157,0,505,761,979,1231,3194,4264,0,0,1066,996,1153,845,609,2649,3392,3376,1127,825,0,0,628,656,533,183,450,245,274,0,2830,2714,136,0,12,0,0,0,72,9,0,0,0,0,0,0,0,0,0,166,154,255,212,225,0,81,18,30,128,0,10341,15207,1599,2892,1424,2463,3081,2549,3161,3432,1860,2244,612,518,0
Bathycoccus prasinos,100,0,0,12,0,25,0,0,0,252,22595,14805,12807,15540,5735,8016,7397,6474,5007,6957,9984,12155,157,0,505,761,979,1231,3194,4264,0,0,1066,996,1153,845,609,2649,3392,3376,1127,825,0,0,628,656,533,183,450,245,274,0,2830,2714,136,0,12,0,0,0,72,9,0,0,0,0,0,0,0,0,0,166,154,255,212,225,0,81,18,30,128,0,10341,15207,1599,2892,1424,2463,3081,2549,3161,3432,1860,2244,612,518,0
Bathycoccus prasinos,100,0,0,12,0,25,0,0,0,252,22595,14805,12807,15540,5735,8016,7397,6474,5007,6957,9984,12155,157,0,505,761,979,1231,3194,4264,0,0,1066,996,1153,845,609,2649,3392,3376,1127,825,0,0,628,656,533,183,450,245,274,0,2830,2714,136,0,12,0,0,0,72,9,0,0,0,0,0,0,0,0,0,166,154,255,212,225,0,81,18,30,128,0,10341,15207,1599,2892,1424,2463,3081,2549,3161,3432,1860,2244,612,518,0
Bathycoccus prasinos,100,0,0,12,0,25,0,0,0,252,22595,14805,12807,15540,5735,8016,7397,6474,5007,6957,9984,12155,157,0,505,761,979,1231,3194,4264,0,0,1066,996,1153,845,609,2649,3392,3376,1127,825,0,0,628,656,533,183,450,245,274,0,2830,2714,136,0,12,0,0,0,72,9,0,0,0,0,0,0,0,0,0,166,154,255,212,225,0,81,18,30,128,0,10341,15207,1599,2892,1424,2463,3081,2549,3161,3432,1860,2244,612,518,0
Nanomia cara,100,10,0,0,0,16,0,0,0,0,280,139,218,194,0,13,26,25,1417,1854,120,58,48974,110783,97,386,0,1039,129,126,0,0,0,0,25,18,20,33,0,3,0,0,14,0,46,0,0,0,0,0,0,0,0,79,0,0,0,35,0,0,0,0,0,0,25,0,0,0,10,0,21,0,0,0,0,0,0,66,0,0,0,0,24,47,41,0,0,0,0,26,11,65,98,382,306,295,0
Nanomia cara,100,10,0,0,0,16,0,0,0,0,280,139,218,194,0,13,26,25,1417,1854,120,58,48974,110783,97,386,0,1039,129,126,0,0,0,0,25,18,20,33,0,3,0,0,14,0,46,0,0,0,0,0,0,0,0,79,0,0,0,35,0,0,0,0,0,0,25,0,0,0,10,0,21,0,0,0,0,0,0,66,0,0,0,0,24,47,41,0,0,0,0,26,11,65,98,382,306,295,0
Nanomia cara,100,10,0,0,0,16,0,0,0,0,280,139,218,194,0,13,26,25,1417,1854,120,58,48974,110783,97,386,0,1039,129,126,0,0,0,0,25,18,20,33,0,3,0,0,14,0,46,0,0,0,0,0,0,0,0,79,0,0,0,35,0,0,0,0,0,0,25,0,0,0,10,0,21,0,0,0,0,0,0,66,0,0,0,0,24,47,41,0,0,0,0,26,11,65,98,382,306,295,0
Nanomia cara,100,10,0,0,0,16,0,0,0,0,280,139,218,194,0,13,26,25,1417,1854,120,58,48974,110783,97,386,0,1039,129,126,0,0,0,0,25,18,20,33,0,3,0,0,14,0,46,0,0,0,0,0,0,0,0,79,0,0,0,35,0,0,0,0,0,0,25,0,0,0,10,0,21,0,0,0,0,0,0,66,0,0,0,0,24,47,41,0,0,0,0,26,11,65,98,382,306,295,0
Nanomia cara,100,10,0,0,0,16,0,0,0,0,280,139,218,194,0,13,26,25,1417,1854,120,58,48974,110783,97,386,0,1039,129,126,0,0,0,0,25,18,20,33,0,3,0,0,14,0,46,0,0,0,0,0,0,0,0,79,0,0,0,35,0,0,0,0,0,0,25,0,0,0,10,0,21,0,0,0,0,0,0,66,0,0,0,0,24,47,41,0,0,0,0,26,11,65,98,382,306,295,0
Bathycoccus prasinos,99.67,25,12,0,0,0,0,0,0,0,11218,7816,6867,8456,3434,4604,4169,3641,4248,5398,8138,9892,0,127,243,748,1610,1540,5650,7193,132,0,701,1498,762,407,564,2568,4112,4300,1101,1319,0,0,981,674,938,222,404,542,664,66,2814,2370,0,0,0,11,0,0,0,0,0,0,15,12,0,0,0,0,0,0,0,0,0,0,124,0,0,0,84,0,6651,9932,645,1135,220,606,372,761,954,900,633,753,150,143,0
Bathycoccus prasinos,99.67,25,12,0,0,0,0,0,0,0,11218,7816,6867,8456,3434,4604,4169,3641,4248,5398,8138,9892,0,127,243,748,1610,1540,5650,7193,132,0,701,1498,762,407,564,2568,4112,4300,1101,1319,0,0,981,674,938,222,404,542,664,66,2814,2370,0,0,0,11,0,0,0,0,0,0,15,12,0,0,0,0,0,0,0,0,0,0,124,0,0,0,84,0,6651,9932,645,1135,220,606,372,761,954,900,633,753,150,143,0
Bathycoccus prasinos,99.67,25,12,0,0,0,0,0,0,0,11218,7816,6867,8456,3434,4604,4169,3641,4248,5398,8138,9892,0,127,243,748,1610,1540,5650,7193,132,0,701,1498,762,407,564,2568,4112,4300,1101,1319,0,0,981,674,938,222,404,542,664,66,2814,2370,0,0,0,11,0,0,0,0,0,0,15,12,0,0,0,0,0,0,0,0,0,0,124,0,0,0,84,0,6651,9932,645,1135,220,606,372,761,954,900,633,753,150,143,0
Bathycoccus prasinos,99.67,25,12,0,0,0,0,0,0,0,11218,7816,6867,8456,3434,4604,4169,3641,4248,5398,8138,9892,0,127,243,748,1610,1540,5650,7193,132,0,701,1498,762,407,564,2568,4112,4300,1101,1319,0,0,981,674,938,222,404,542,664,66,2814,2370,0,0,0,11,0,0,0,0,0,0,15,12,0,0,0,0,0,0,0,0,0,0,124,0,0,0,84,0,6651,9932,645,1135,220,606,372,761,954,900,633,753,150,143,0
Bathycoccus prasinos,99.67,25,12,0,0,0,0,0,0,0,11218,7816,6867,8456,3434,4604,4169,3641,4248,5398,8138,9892,0,127,243,748,1610,1540,5650,7193,132,0,701,1498,762,407,564,2568,4112,4300,1101,1319,0,0,981,674,938,222,404,542,664,66,2814,2370,0,0,0,11,0,0,0,0,0,0,15,12,0,0,0,0,0,0,0,0,0,0,124,0,0,0,84,0,6651,9932,645,1135,220,606,372,761,954,900,633,753,150,143,0
Pseudocalanus minutus,100,0,0,0,31,0,0,0,0,0,0,0,0,0,0,0,0,0,0,0,0,0,28,25,0,0,0,0,0,13,27060,0,0,0,97,0,15,0,10,0,0,0,0,0,115590,0,0,0,16,0,0,0,0,38,0,0,0,0,0,0,0,0,0,0,18,0,0,0,13,0,0,0,5,0,0,0,14,0,0,0,0,0,0,0,0,0,0,0,0,0,0,0,0,0,0,0,0
Pseudocalanus minutus,100,0,0,0,31,0,0,0,0,0,0,0,0,0,0,0,0,0,0,0,0,0,28,25,0,0,0,0,0,13,27060,0,0,0,97,0,15,0,10,0,0,0,0,0,115590,0,0,0,16,0,0,0,0,38,0,0,0,0,0,0,0,0,0,0,18,0,0,0,13,0,0,0,5,0,0,0,14,0,0,0,0,0,0,0,0,0,0,0,0,0,0,0,0,0,0,0,0
Pseudocalanus minutus,100,0,0,0,31,0,0,0,0,0,0,0,0,0,0,0,0,0,0,0,0,0,28,25,0,0,0,0,0,13,27060,0,0,0,97,0,15,0,10,0,0,0,0,0,115590,0,0,0,16,0,0,0,0,38,0,0,0,0,0,0,0,0,0,0,18,0,0,0,13,0,0,0,5,0,0,0,14,0,0,0,0,0,0,0,0,0,0,0,0,0,0,0,0,0,0,0,0
Pseudocalanus minutus,100,0,0,0,31,0,0,0,0,0,0,0,0,0,0,0,0,0,0,0,0,0,28,25,0,0,0,0,0,13,27060,0,0,0,97,0,15,0,10,0,0,0,0,0,115590,0,0,0,16,0,0,0,0,38,0,0,0,0,0,0,0,0,0,0,18,0,0,0,13,0,0,0,5,0,0,0,14,0,0,0,0,0,0,0,0,0,0,0,0,0,0,0,0,0,0,0,0
Pseudocalanus minutus,100,0,0,0,31,0,0,0,0,0,0,0,0,0,0,0,0,0,0,0,0,0,28,25,0,0,0,0,0,13,27060,0,0,0,97,0,15,0,10,0,0,0,0,0,115590,0,0,0,16,0,0,0,0,38,0,0,0,0,0,0,0,0,0,0,18,0,0,0,13,0,0,0,5,0,0,0,14,0,0,0,0,0,0,0,0,0,0,0,0,0,0,0,0,0,0,0,0
Thysanoessa longicaudata,99.669,0,0,0,0,0,0,0,0,0,0,0,0,0,0,13,0,8,0,0,0,0,0,0,0,0,0,0,0,0,0,0,0,0,0,0,0,0,0,0,0,0,0,0,0,21,0,0,0,0,0,0,0,0,0,0,0,0,0,0,0,0,0,0,0,0,0,0,0,0,0,0,0,0,0,0,0,0,0,0,0,0,0,0,124924,0,0,0,0,0,0,0,0,0,0,0,0
Thysanoessa sp.,99.338,0,0,0,0,0,0,0,0,0,0,0,0,0,0,13,0,8,0,0,0,0,0,0,0,0,0,0,0,0,0,0,0,0,0,0,0,0,0,0,0,0,0,0,0,21,0,0,0,0,0,0,0,0,0,0,0,0,0,0,0,0,0,0,0,0,0,0,0,0,0,0,0,0,0,0,0,0,0,0,0,0,0,0,124924,0,0,0,0,0,0,0,0,0,0,0,0
Thysanoessa longicaudata,98.675,0,0,0,0,0,0,0,0,0,0,0,0,0,0,13,0,8,0,0,0,0,0,0,0,0,0,0,0,0,0,0,0,0,0,0,0,0,0,0,0,0,0,0,0,21,0,0,0,0,0,0,0,0,0,0,0,0,0,0,0,0,0,0,0,0,0,0,0,0,0,0,0,0,0,0,0,0,0,0,0,0,0,0,124924,0,0,0,0,0,0,0,0,0,0,0,0
Golfingia sp.,100,0,0,0,0,0,0,0,0,0,6,0,0,0,0,0,0,0,0,0,0,0,0,0,0,0,0,0,0,0,0,0,0,0,0,0,0,0,0,0,0,19,0,0,0,18,4711,7472,45756,47259,0,0,0,0,0,0,0,0,0,0,0,0,0,0,0,0,0,0,0,0,0,0,0,0,0,0,0,0,0,0,0,0,0,0,0,0,0,0,0,0,0,0,0,0,0,0,0
Annelida sp.,99.67,0,0,0,0,0,0,0,0,0,6,0,0,0,0,0,0,0,0,0,0,0,0,0,0,0,0,0,0,0,0,0,0,0,0,0,0,0,0,0,0,19,0,0,0,18,4711,7472,45756,47259,0,0,0,0,0,0,0,0,0,0,0,0,0,0,0,0,0,0,0,0,0,0,0,0,0,0,0,0,0,0,0,0,0,0,0,0,0,0,0,0,0,0,0,0,0,0,0
Annelida sp.,99.67,0,0,0,0,0,0,0,0,0,6,0,0,0,0,0,0,0,0,0,0,0,0,0,0,0,0,0,0,0,0,0,0,0,0,0,0,0,0,0,0,19,0,0,0,18,4711,7472,45756,47259,0,0,0,0,0,0,0,0,0,0,0,0,0,0,0,0,0,0,0,0,0,0,0,0,0,0,0,0,0,0,0,0,0,0,0,0,0,0,0,0,0,0,0,0,0,0,0
Psamathe fusca,99.655,13,0,0,0,0,0,7,0,0,8096,1199,49,0,2,195,61906,0,104,0,0,0,0,0,0,0,0,5,0,0,0,0,0,0,0,0,0,0,0,0,0,22,0,0,0,0,0,0,0,0,0,0,0,0,0,0,11,0,0,0,0,0,0,0,0,0,0,0,0,0,0,0,0,0,0,0,0,0,0,0,0,0,0,12,0,0,0,0,0,0,0,0,0,0,0,0,0
Alcyonidium mamillatum,99.67,0,0,0,0,0,0,0,0,0,0,0,0,0,0,0,0,0,0,0,0,0,0,0,0,0,0,0,0,0,0,0,0,0,0,0,6,0,0,0,0,0,0,11,0,0,0,0,0,0,0,42325,0,0,0,0,0,0,0,0,0,0,0,0,0,0,0,0,0,0,0,0,0,9,0,0,0,0,0,0,0,0,0,0,0,0,0,0,0,11,0,0,0,0,0,0,0
Bryozoa sp.,99.01,0,0,0,0,0,0,0,0,0,0,0,0,0,0,0,0,0,0,0,0,0,0,0,0,0,0,0,0,0,0,0,0,0,0,0,6,0,0,0,0,0,0,11,0,0,0,0,0,0,0,42325,0,0,0,0,0,0,0,0,0,0,0,0,0,0,0,0,0,0,0,0,0,9,0,0,0,0,0,0,0,0,0,0,0,0,0,0,0,11,0,0,0,0,0,0,0
Laonice sarsi,99.67,0,4,0,0,0,0,0,0,0,0,0,0,0,0,0,0,0,0,0,0,0,0,0,7,0,0,0,0,0,0,0,0,0,0,0,0,0,0,0,0,0,0,4,0,0,0,0,0,0,0,0,0,0,38346,0,0,0,0,0,0,0,0,0,0,0,0,0,0,0,0,0,0,0,0,0,0,0,0,0,0,0,0,0,0,0,0,0,0,0,0,0,0,0,0,0,0
Laonice sarsi,99.67,0,4,0,0,0,0,0,0,0,0,0,0,0,0,0,0,0,0,0,0,0,0,0,7,0,0,0,0,0,0,0,0,0,0,0,0,0,0,0,0,0,0,4,0,0,0,0,0,0,0,0,0,0,38346,0,0,0,0,0,0,0,0,0,0,0,0,0,0,0,0,0,0,0,0,0,0,0,0,0,0,0,0,0,0,0,0,0,0,0,0,0,0,0,0,0,0
Laonice sarsi,99.34,0,4,0,0,0,0,0,0,0,0,0,0,0,0,0,0,0,0,0,0,0,0,0,7,0,0,0,0,0,0,0,0,0,0,0,0,0,0,0,0,0,0,4,0,0,0,0,0,0,0,0,0,0,38346,0,0,0,0,0,0,0,0,0,0,0,0,0,0,0,0,0,0,0,0,0,0,0,0,0,0,0,0,0,0,0,0,0,0,0,0,0,0,0,0,0,0
Laonice sarsi,99.34,0,4,0,0,0,0,0,0,0,0,0,0,0,0,0,0,0,0,0,0,0,0,0,7,0,0,0,0,0,0,0,0,0,0,0,0,0,0,0,0,0,0,4,0,0,0,0,0,0,0,0,0,0,38346,0,0,0,0,0,0,0,0,0,0,0,0,0,0,0,0,0,0,0,0,0,0,0,0,0,0,0,0,0,0,0,0,0,0,0,0,0,0,0,0,0,0
Laonice sarsi,99.34,0,4,0,0,0,0,0,0,0,0,0,0,0,0,0,0,0,0,0,0,0,0,0,7,0,0,0,0,0,0,0,0,0,0,0,0,0,0,0,0,0,0,4,0,0,0,0,0,0,0,0,0,0,38346,0,0,0,0,0,0,0,0,0,0,0,0,0,0,0,0,0,0,0,0,0,0,0,0,0,0,0,0,0,0,0,0,0,0,0,0,0,0,0,0,0,0
Metridia longa,97.786,0,0,0,0,0,0,0,0,0,0,0,0,0,0,0,0,0,0,0,0,0,0,0,0,0,0,1003,0,0,0,0,0,0,0,0,0,0,0,0,0,0,0,0,0,0,0,0,0,0,0,0,0,0,32454,0,0,0,0,0,0,0,0,0,0,0,0,0,0,0,0,0,0,0,0,0,0,0,0,0,0,0,0,0,0,0,0,0,0,0,0,0,0,0,0,0,0
Metridia longa,99.476,0,0,0,0,0,0,0,0,0,0,0,0,0,0,0,0,0,0,0,0,0,0,0,0,0,0,1003,0,0,0,0,0,0,0,0,0,0,0,0,0,0,0,0,0,0,0,0,0,0,0,0,0,0,32454,0,0,0,0,0,0,0,0,0,0,0,0,0,0,0,0,0,0,0,0,0,0,0,0,0,0,0,0,0,0,0,0,0,0,0,0,0,0,0,0,0,0
Biemna variantia,100,0,0,0,0,0,0,0,0,0,0,0,0,0,0,0,0,0,0,0,0,0,0,0,0,0,0,0,0,0,0,0,0,0,0,0,0,0,0,0,0,0,0,0,0,0,14202,16786,71,0,0,0,0,0,0,0,0,0,0,0,0,0,0,0,0,0,0,0,0,0,0,0,0,0,0,0,0,0,0,0,0,0,0,0,0,0,0,0,0,0,0,0,0,0,0,0,0
Calanus finmarchicus,99.67,0,0,0,0,0,0,0,0,0,0,0,0,0,0,0,0,0,0,0,0,0,0,0,0,0,0,0,0,0,0,0,0,0,0,0,0,0,0,0,0,0,0,0,0,0,0,0,0,0,0,0,0,0,0,0,0,0,0,0,0,0,0,0,0,0,0,0,0,0,0,0,0,0,0,0,0,0,0,0,0,0,0,0,0,0,0,27487,0,0,0,0,0,0,0,0,0
Calanus finmarchicus,99.342,0,0,0,0,0,0,0,0,0,0,0,0,0,0,0,0,0,0,0,0,0,0,0,0,0,0,0,0,0,0,0,0,0,0,0,0,0,0,0,0,0,0,0,0,0,0,0,0,0,0,0,0,0,0,0,0,0,0,0,0,0,0,0,0,0,0,0,0,0,0,0,0,0,0,0,0,0,0,0,0,0,0,0,0,0,0,27487,0,0,0,0,0,0,0,0,0
Calanus finmarchicus,99.342,0,0,0,0,0,0,0,0,0,0,0,0,0,0,0,0,0,0,0,0,0,0,0,0,0,0,0,0,0,0,0,0,0,0,0,0,0,0,0,0,0,0,0,0,0,0,0,0,0,0,0,0,0,0,0,0,0,0,0,0,0,0,0,0,0,0,0,0,0,0,0,0,0,0,0,0,0,0,0,0,0,0,0,0,0,0,27487,0,0,0,0,0,0,0,0,0
Calanus finmarchicus,99.342,0,0,0,0,0,0,0,0,0,0,0,0,0,0,0,0,0,0,0,0,0,0,0,0,0,0,0,0,0,0,0,0,0,0,0,0,0,0,0,0,0,0,0,0,0,0,0,0,0,0,0,0,0,0,0,0,0,0,0,0,0,0,0,0,0,0,0,0,0,0,0,0,0,0,0,0,0,0,0,0,0,0,0,0,0,0,27487,0,0,0,0,0,0,0,0,0
Calanus finmarchicus,99.342,0,0,0,0,0,0,0,0,0,0,0,0,0,0,0,0,0,0,0,0,0,0,0,0,0,0,0,0,0,0,0,0,0,0,0,0,0,0,0,0,0,0,0,0,0,0,0,0,0,0,0,0,0,0,0,0,0,0,0,0,0,0,0,0,0,0,0,0,0,0,0,0,0,0,0,0,0,0,0,0,0,0,0,0,0,0,27487,0,0,0,0,0,0,0,0,0
Guinardia delicatula,99.34,0,0,0,0,0,0,0,0,0,43,9,1271,70,685,963,298,1757,345,106,168,566,0,0,0,26,0,280,8,67,0,12,0,0,0,0,0,0,0,0,0,0,0,0,0,0,0,0,0,0,0,0,0,0,0,0,0,0,0,0,0,0,0,0,0,0,0,0,0,0,0,0,0,0,0,0,0,0,0,0,0,0,4421,7023,289,170,63,0,83,29,135,368,210,1088,146,0,0
Metridia longa,99.612,0,0,0,0,0,0,0,0,0,0,0,0,0,0,0,0,0,0,0,0,0,0,0,0,0,0,0,0,0,0,0,0,0,0,0,0,0,0,0,0,0,0,0,0,20521,0,0,0,0,0,0,0,0,0,0,0,0,0,0,0,0,0,0,0,0,0,0,0,0,0,0,0,0,0,0,0,0,0,0,0,0,0,0,0,0,0,0,0,0,0,0,0,0,0,0,0
Metridia longa,98.429,0,0,0,0,0,0,0,0,0,0,0,0,0,0,0,0,0,0,0,0,0,0,0,0,0,0,0,0,0,0,0,0,0,0,0,0,0,0,0,0,0,0,0,0,20521,0,0,0,0,0,0,0,0,0,0,0,0,0,0,0,0,0,0,0,0,0,0,0,0,0,0,0,0,0,0,0,0,0,0,0,0,0,0,0,0,0,0,0,0,0,0,0,0,0,0,0
Bathycoccus prasinos,99.67,0,0,0,0,0,0,0,0,0,148,176,84,167,0,0,0,0,95,138,331,296,0,0,257,227,264,264,350,299,0,0,184,119,1935,1938,84,431,280,322,0,0,94,58,0,0,0,0,0,0,0,0,405,542,0,0,0,0,0,0,0,0,0,0,0,0,0,0,0,0,0,0,0,0,0,0,0,0,0,0,0,0,480,601,665,1083,475,410,1687,1147,1202,1206,733,807,197,217,0
Bathycoccus prasinos,99.67,0,0,0,0,0,0,0,0,0,148,176,84,167,0,0,0,0,95,138,331,296,0,0,257,227,264,264,350,299,0,0,184,119,1935,1938,84,431,280,322,0,0,94,58,0,0,0,0,0,0,0,0,405,542,0,0,0,0,0,0,0,0,0,0,0,0,0,0,0,0,0,0,0,0,0,0,0,0,0,0,0,0,480,601,665,1083,475,410,1687,1147,1202,1206,733,807,197,217,0
Bathycoccus prasinos,99.67,0,0,0,0,0,0,0,0,0,148,176,84,167,0,0,0,0,95,138,331,296,0,0,257,227,264,264,350,299,0,0,184,119,1935,1938,84,431,280,322,0,0,94,58,0,0,0,0,0,0,0,0,405,542,0,0,0,0,0,0,0,0,0,0,0,0,0,0,0,0,0,0,0,0,0,0,0,0,0,0,0,0,480,601,665,1083,475,410,1687,1147,1202,1206,733,807,197,217,0
Bathycoccus prasinos,99.67,0,0,0,0,0,0,0,0,0,148,176,84,167,0,0,0,0,95,138,331,296,0,0,257,227,264,264,350,299,0,0,184,119,1935,1938,84,431,280,322,0,0,94,58,0,0,0,0,0,0,0,0,405,542,0,0,0,0,0,0,0,0,0,0,0,0,0,0,0,0,0,0,0,0,0,0,0,0,0,0,0,0,480,601,665,1083,475,410,1687,1147,1202,1206,733,807,197,217,0
Bathycoccus prasinos,99.67,0,0,0,0,0,0,0,0,0,148,176,84,167,0,0,0,0,95,138,331,296,0,0,257,227,264,264,350,299,0,0,184,119,1935,1938,84,431,280,322,0,0,94,58,0,0,0,0,0,0,0,0,405,542,0,0,0,0,0,0,0,0,0,0,0,0,0,0,0,0,0,0,0,0,0,0,0,0,0,0,0,0,480,601,665,1083,475,410,1687,1147,1202,1206,733,807,197,217,0
Heteranomia squamula,100,0,0,0,0,0,0,0,0,0,275,449,877,527,552,703,1054,4552,122,232,3025,1625,0,0,0,0,0,0,1667,67,0,0,0,0,0,0,0,0,7,0,0,0,0,0,0,0,0,0,0,0,0,0,0,0,0,0,0,0,0,0,0,0,0,0,0,0,0,0,0,0,0,0,0,0,0,0,0,0,0,0,0,0,350,193,0,0,0,0,0,0,0,0,0,0,0,73,0
Bathycoccus prasinos,98.344,0,0,0,0,0,0,0,0,0,976,628,420,580,484,496,0,142,62,187,416,242,0,0,0,0,0,120,633,427,0,0,0,0,0,84,624,1532,97,57,0,0,0,0,0,0,0,0,117,85,0,0,0,0,0,0,0,0,0,0,0,0,0,0,0,0,0,0,0,0,0,0,0,0,0,0,0,0,0,0,0,0,1519,2899,175,266,65,92,171,242,331,432,221,134,0,0,0
Bathycoccus prasinos,98.344,0,0,0,0,0,0,0,0,0,976,628,420,580,484,496,0,142,62,187,416,242,0,0,0,0,0,120,633,427,0,0,0,0,0,84,624,1532,97,57,0,0,0,0,0,0,0,0,117,85,0,0,0,0,0,0,0,0,0,0,0,0,0,0,0,0,0,0,0,0,0,0,0,0,0,0,0,0,0,0,0,0,1519,2899,175,266,65,92,171,242,331,432,221,134,0,0,0
Bathycoccus prasinos,98.344,0,0,0,0,0,0,0,0,0,976,628,420,580,484,496,0,142,62,187,416,242,0,0,0,0,0,120,633,427,0,0,0,0,0,84,624,1532,97,57,0,0,0,0,0,0,0,0,117,85,0,0,0,0,0,0,0,0,0,0,0,0,0,0,0,0,0,0,0,0,0,0,0,0,0,0,0,0,0,0,0,0,1519,2899,175,266,65,92,171,242,331,432,221,134,0,0,0
Bathycoccus prasinos,98.344,0,0,0,0,0,0,0,0,0,976,628,420,580,484,496,0,142,62,187,416,242,0,0,0,0,0,120,633,427,0,0,0,0,0,84,624,1532,97,57,0,0,0,0,0,0,0,0,117,85,0,0,0,0,0,0,0,0,0,0,0,0,0,0,0,0,0,0,0,0,0,0,0,0,0,0,0,0,0,0,0,0,1519,2899,175,266,65,92,171,242,331,432,221,134,0,0,0
Bathycoccus prasinos,98.344,0,0,0,0,0,0,0,0,0,976,628,420,580,484,496,0,142,62,187,416,242,0,0,0,0,0,120,633,427,0,0,0,0,0,84,624,1532,97,57,0,0,0,0,0,0,0,0,117,85,0,0,0,0,0,0,0,0,0,0,0,0,0,0,0,0,0,0,0,0,0,0,0,0,0,0,0,0,0,0,0,0,1519,2899,175,266,65,92,171,242,331,432,221,134,0,0,0
Attheya longicornis,98.35,0,0,0,0,0,0,0,0,132,0,0,0,15,0,0,42,0,105,114,167,47,0,0,45,25,54,0,946,973,54,23,42,0,0,93,0,0,135,0,25,0,73,0,462,813,0,183,12,26,391,72,161,91,57,0,0,0,0,0,0,0,0,0,0,0,0,0,0,0,0,831,1129,1502,1154,927,869,549,725,232,484,0,5,0,60,0,112,15,402,131,64,79,53,52,32,122,0
Attheya longicornis,98.35,0,0,0,0,0,0,0,0,132,0,0,0,15,0,0,42,0,105,114,167,47,0,0,45,25,54,0,946,973,54,23,42,0,0,93,0,0,135,0,25,0,73,0,462,813,0,183,12,26,391,72,161,91,57,0,0,0,0,0,0,0,0,0,0,0,0,0,0,0,0,831,1129,1502,1154,927,869,549,725,232,484,0,5,0,60,0,112,15,402,131,64,79,53,52,32,122,0
Pseudoscourfieldia marina,100,0,0,0,0,0,0,0,0,0,31,58,25,0,75,58,14,0,253,94,290,233,35,0,0,0,198,120,725,614,0,0,163,144,323,601,86,163,273,137,36,137,0,94,48,120,140,55,113,187,0,0,735,1066,161,176,0,0,0,0,0,0,0,0,0,0,0,0,0,0,0,0,39,0,0,0,0,0,0,0,278,0,888,2080,130,183,113,116,139,256,130,188,390,498,130,511,0
Pycnococcus provasolii,100,0,0,0,0,0,0,0,0,0,31,58,25,0,75,58,14,0,253,94,290,233,35,0,0,0,198,120,725,614,0,0,163,144,323,601,86,163,273,137,36,137,0,94,48,120,140,55,113,187,0,0,735,1066,161,176,0,0,0,0,0,0,0,0,0,0,0,0,0,0,0,0,39,0,0,0,0,0,0,0,278,0,888,2080,130,183,113,116,139,256,130,188,390,498,130,511,0
Pseudoscourfieldia marina,100,0,0,0,0,0,0,0,0,0,31,58,25,0,75,58,14,0,253,94,290,233,35,0,0,0,198,120,725,614,0,0,163,144,323,601,86,163,273,137,36,137,0,94,48,120,140,55,113,187,0,0,735,1066,161,176,0,0,0,0,0,0,0,0,0,0,0,0,0,0,0,0,39,0,0,0,0,0,0,0,278,0,888,2080,130,183,113,116,139,256,130,188,390,498,130,511,0
Pseudoscourfieldia marina,100,0,0,0,0,0,0,0,0,0,31,58,25,0,75,58,14,0,253,94,290,233,35,0,0,0,198,120,725,614,0,0,163,144,323,601,86,163,273,137,36,137,0,94,48,120,140,55,113,187,0,0,735,1066,161,176,0,0,0,0,0,0,0,0,0,0,0,0,0,0,0,0,39,0,0,0,0,0,0,0,278,0,888,2080,130,183,113,116,139,256,130,188,390,498,130,511,0
Pycnococcus provasolii,100,0,0,0,0,0,0,0,0,0,31,58,25,0,75,58,14,0,253,94,290,233,35,0,0,0,198,120,725,614,0,0,163,144,323,601,86,163,273,137,36,137,0,94,48,120,140,55,113,187,0,0,735,1066,161,176,0,0,0,0,0,0,0,0,0,0,0,0,0,0,0,0,39,0,0,0,0,0,0,0,278,0,888,2080,130,183,113,116,139,256,130,188,390,498,130,511,0
Bathycoccus prasinos,99.007,0,0,0,0,0,0,0,0,0,745,547,300,489,511,457,73,146,0,131,279,425,0,0,0,0,0,0,285,469,0,27,29,382,79,90,458,857,737,605,132,297,0,0,0,0,0,0,0,0,0,0,200,224,72,0,0,0,0,0,0,0,0,0,0,0,0,0,0,0,0,0,0,0,0,0,0,0,0,0,0,0,1235,2061,151,143,61,101,73,159,88,288,179,141,0,83,0
Bathycoccus prasinos,99.007,0,0,0,0,0,0,0,0,0,745,547,300,489,511,457,73,146,0,131,279,425,0,0,0,0,0,0,285,469,0,27,29,382,79,90,458,857,737,605,132,297,0,0,0,0,0,0,0,0,0,0,200,224,72,0,0,0,0,0,0,0,0,0,0,0,0,0,0,0,0,0,0,0,0,0,0,0,0,0,0,0,1235,2061,151,143,61,101,73,159,88,288,179,141,0,83,0
Bathycoccus prasinos,99.007,0,0,0,0,0,0,0,0,0,745,547,300,489,511,457,73,146,0,131,279,425,0,0,0,0,0,0,285,469,0,27,29,382,79,90,458,857,737,605,132,297,0,0,0,0,0,0,0,0,0,0,200,224,72,0,0,0,0,0,0,0,0,0,0,0,0,0,0,0,0,0,0,0,0,0,0,0,0,0,0,0,1235,2061,151,143,61,101,73,159,88,288,179,141,0,83,0
Bathycoccus prasinos,99.007,0,0,0,0,0,0,0,0,0,745,547,300,489,511,457,73,146,0,131,279,425,0,0,0,0,0,0,285,469,0,27,29,382,79,90,458,857,737,605,132,297,0,0,0,0,0,0,0,0,0,0,200,224,72,0,0,0,0,0,0,0,0,0,0,0,0,0,0,0,0,0,0,0,0,0,0,0,0,0,0,0,1235,2061,151,143,61,101,73,159,88,288,179,141,0,83,0
Bathycoccus prasinos,99.007,0,0,0,0,0,0,0,0,0,745,547,300,489,511,457,73,146,0,131,279,425,0,0,0,0,0,0,285,469,0,27,29,382,79,90,458,857,737,605,132,297,0,0,0,0,0,0,0,0,0,0,200,224,72,0,0,0,0,0,0,0,0,0,0,0,0,0,0,0,0,0,0,0,0,0,0,0,0,0,0,0,1235,2061,151,143,61,101,73,159,88,288,179,141,0,83,0
Microcalanus pusillus,100,0,0,0,0,0,0,0,0,0,0,28,0,0,0,0,0,0,765,1155,262,10,0,2864,0,0,0,5,0,0,0,0,0,0,16,2,0,0,0,0,0,0,0,0,0,1804,0,44,0,0,0,7,14,341,670,0,0,0,0,0,0,0,0,0,0,0,0,0,0,0,0,0,0,0,0,0,0,0,0,0,0,0,351,0,24,0,396,123,71,18,0,5,571,1078,1568,1461,0
Microcalanus pusillus,100,0,0,0,0,0,0,0,0,0,0,28,0,0,0,0,0,0,765,1155,262,10,0,2864,0,0,0,5,0,0,0,0,0,0,16,2,0,0,0,0,0,0,0,0,0,1804,0,44,0,0,0,7,14,341,670,0,0,0,0,0,0,0,0,0,0,0,0,0,0,0,0,0,0,0,0,0,0,0,0,0,0,0,351,0,24,0,396,123,71,18,0,5,571,1078,1568,1461,0
Microcalanus pusillus,100,0,0,0,0,0,0,0,0,0,0,28,0,0,0,0,0,0,765,1155,262,10,0,2864,0,0,0,5,0,0,0,0,0,0,16,2,0,0,0,0,0,0,0,0,0,1804,0,44,0,0,0,7,14,341,670,0,0,0,0,0,0,0,0,0,0,0,0,0,0,0,0,0,0,0,0,0,0,0,0,0,0,0,351,0,24,0,396,123,71,18,0,5,571,1078,1568,1461,0
Microcalanus pusillus,100,0,0,0,0,0,0,0,0,0,0,28,0,0,0,0,0,0,765,1155,262,10,0,2864,0,0,0,5,0,0,0,0,0,0,16,2,0,0,0,0,0,0,0,0,0,1804,0,44,0,0,0,7,14,341,670,0,0,0,0,0,0,0,0,0,0,0,0,0,0,0,0,0,0,0,0,0,0,0,0,0,0,0,351,0,24,0,396,123,71,18,0,5,571,1078,1568,1461,0
Microcalanus pusillus,100,0,0,0,0,0,0,0,0,0,0,28,0,0,0,0,0,0,765,1155,262,10,0,2864,0,0,0,5,0,0,0,0,0,0,16,2,0,0,0,0,0,0,0,0,0,1804,0,44,0,0,0,7,14,341,670,0,0,0,0,0,0,0,0,0,0,0,0,0,0,0,0,0,0,0,0,0,0,0,0,0,0,0,351,0,24,0,396,123,71,18,0,5,571,1078,1568,1461,0
Annelida sp.,100,0,0,0,0,0,0,0,0,0,0,0,0,0,0,0,0,0,0,0,0,0,0,0,0,0,0,0,0,0,0,0,0,0,0,0,0,0,0,0,0,0,0,0,0,0,489,527,6174,5292,0,0,0,0,0,0,0,0,0,0,0,0,0,0,0,0,0,0,0,0,0,0,0,0,0,0,0,0,0,0,0,0,0,0,0,0,0,0,0,0,0,0,0,0,0,0,0
Annelida sp.,100,0,0,0,0,0,0,0,0,0,0,0,0,0,0,0,0,0,0,0,0,0,0,0,0,0,0,0,0,0,0,0,0,0,0,0,0,0,0,0,0,0,0,0,0,0,489,527,6174,5292,0,0,0,0,0,0,0,0,0,0,0,0,0,0,0,0,0,0,0,0,0,0,0,0,0,0,0,0,0,0,0,0,0,0,0,0,0,0,0,0,0,0,0,0,0,0,0
Golfingia sp.,99.669,0,0,0,0,0,0,0,0,0,0,0,0,0,0,0,0,0,0,0,0,0,0,0,0,0,0,0,0,0,0,0,0,0,0,0,0,0,0,0,0,0,0,0,0,0,489,527,6174,5292,0,0,0,0,0,0,0,0,0,0,0,0,0,0,0,0,0,0,0,0,0,0,0,0,0,0,0,0,0,0,0,0,0,0,0,0,0,0,0,0,0,0,0,0,0,0,0
Suberites sp.,99.67,0,0,0,0,0,0,0,0,0,0,0,0,0,0,0,0,0,1899,8254,936,578,0,0,0,0,0,0,87,73,0,0,0,0,0,0,0,0,0,0,0,0,0,0,0,0,84,84,0,37,0,0,0,0,0,0,0,0,0,0,0,0,0,0,0,0,0,0,0,0,0,0,0,0,0,0,0,0,0,0,0,0,0,0,0,0,0,0,0,0,0,0,0,0,0,0,0
Suberites sp.,99.34,0,0,0,0,0,0,0,0,0,0,0,0,0,0,0,0,0,1899,8254,936,578,0,0,0,0,0,0,87,73,0,0,0,0,0,0,0,0,0,0,0,0,0,0,0,0,84,84,0,37,0,0,0,0,0,0,0,0,0,0,0,0,0,0,0,0,0,0,0,0,0,0,0,0,0,0,0,0,0,0,0,0,0,0,0,0,0,0,0,0,0,0,0,0,0,0,0
Suberites spermatozoon,99.34,0,0,0,0,0,0,0,0,0,0,0,0,0,0,0,0,0,1899,8254,936,578,0,0,0,0,0,0,87,73,0,0,0,0,0,0,0,0,0,0,0,0,0,0,0,0,84,84,0,37,0,0,0,0,0,0,0,0,0,0,0,0,0,0,0,0,0,0,0,0,0,0,0,0,0,0,0,0,0,0,0,0,0,0,0,0,0,0,0,0,0,0,0,0,0,0,0
Suberites spermatozoon,99.34,0,0,0,0,0,0,0,0,0,0,0,0,0,0,0,0,0,1899,8254,936,578,0,0,0,0,0,0,87,73,0,0,0,0,0,0,0,0,0,0,0,0,0,0,0,0,84,84,0,37,0,0,0,0,0,0,0,0,0,0,0,0,0,0,0,0,0,0,0,0,0,0,0,0,0,0,0,0,0,0,0,0,0,0,0,0,0,0,0,0,0,0,0,0,0,0,0
Suberites virgultosa,99.34,0,0,0,0,0,0,0,0,0,0,0,0,0,0,0,0,0,1899,8254,936,578,0,0,0,0,0,0,87,73,0,0,0,0,0,0,0,0,0,0,0,0,0,0,0,0,84,84,0,37,0,0,0,0,0,0,0,0,0,0,0,0,0,0,0,0,0,0,0,0,0,0,0,0,0,0,0,0,0,0,0,0,0,0,0,0,0,0,0,0,0,0,0,0,0,0,0
Psamathe fusca,99.31,0,0,0,0,0,0,0,0,0,814,10943,0,0,87,0,0,0,0,0,0,0,0,0,0,0,0,0,0,0,0,0,0,0,0,0,0,0,0,0,0,0,0,0,0,0,0,0,0,0,0,0,0,0,0,0,0,0,0,0,0,0,0,0,0,0,0,0,0,0,0,0,0,0,0,0,0,0,0,0,0,0,0,0,0,0,0,0,0,0,0,0,0,0,0,0,0
Bathycoccus prasinos,99.67,0,0,0,0,0,0,0,0,0,1815,1245,911,1264,459,473,626,703,421,432,866,784,0,0,0,0,0,0,218,258,0,0,0,0,0,0,0,0,90,0,0,0,0,0,0,0,97,0,0,0,0,0,0,0,0,0,0,0,0,0,0,0,0,0,0,0,0,0,0,0,0,0,0,0,0,0,0,0,0,0,0,0,293,411,0,0,0,0,0,0,0,0,0,0,0,0,0
Bathycoccus prasinos,99.67,0,0,0,0,0,0,0,0,0,1815,1245,911,1264,459,473,626,703,421,432,866,784,0,0,0,0,0,0,218,258,0,0,0,0,0,0,0,0,90,0,0,0,0,0,0,0,97,0,0,0,0,0,0,0,0,0,0,0,0,0,0,0,0,0,0,0,0,0,0,0,0,0,0,0,0,0,0,0,0,0,0,0,293,411,0,0,0,0,0,0,0,0,0,0,0,0,0
Bathycoccus prasinos,99.67,0,0,0,0,0,0,0,0,0,1815,1245,911,1264,459,473,626,703,421,432,866,784,0,0,0,0,0,0,218,258,0,0,0,0,0,0,0,0,90,0,0,0,0,0,0,0,97,0,0,0,0,0,0,0,0,0,0,0,0,0,0,0,0,0,0,0,0,0,0,0,0,0,0,0,0,0,0,0,0,0,0,0,293,411,0,0,0,0,0,0,0,0,0,0,0,0,0
Bathycoccus prasinos,99.67,0,0,0,0,0,0,0,0,0,1815,1245,911,1264,459,473,626,703,421,432,866,784,0,0,0,0,0,0,218,258,0,0,0,0,0,0,0,0,90,0,0,0,0,0,0,0,97,0,0,0,0,0,0,0,0,0,0,0,0,0,0,0,0,0,0,0,0,0,0,0,0,0,0,0,0,0,0,0,0,0,0,0,293,411,0,0,0,0,0,0,0,0,0,0,0,0,0
Bathycoccus prasinos,99.67,0,0,0,0,0,0,0,0,0,1815,1245,911,1264,459,473,626,703,421,432,866,784,0,0,0,0,0,0,218,258,0,0,0,0,0,0,0,0,90,0,0,0,0,0,0,0,97,0,0,0,0,0,0,0,0,0,0,0,0,0,0,0,0,0,0,0,0,0,0,0,0,0,0,0,0,0,0,0,0,0,0,0,293,411,0,0,0,0,0,0,0,0,0,0,0,0,0
Echinarachnius parma,100,0,0,0,0,0,0,0,0,0,0,20,0,19,569,670,240,454,0,57,0,0,0,0,0,0,0,0,0,0,37,0,0,0,0,0,0,0,134,96,225,475,0,0,128,14,707,1159,1315,1822,280,2363,0,136,0,0,0,0,0,0,0,0,0,0,0,0,0,0,0,0,0,0,0,0,167,0,0,0,0,0,22,0,14,0,0,0,0,0,0,0,0,0,18,34,0,39,0
Echinarachnius parma,100,0,0,0,0,0,0,0,0,0,0,20,0,19,569,670,240,454,0,57,0,0,0,0,0,0,0,0,0,0,37,0,0,0,0,0,0,0,134,96,225,475,0,0,128,14,707,1159,1315,1822,280,2363,0,136,0,0,0,0,0,0,0,0,0,0,0,0,0,0,0,0,0,0,0,0,167,0,0,0,0,0,22,0,14,0,0,0,0,0,0,0,0,0,18,34,0,39,0
Echinarachnius parma,100,0,0,0,0,0,0,0,0,0,0,20,0,19,569,670,240,454,0,57,0,0,0,0,0,0,0,0,0,0,37,0,0,0,0,0,0,0,134,96,225,475,0,0,128,14,707,1159,1315,1822,280,2363,0,136,0,0,0,0,0,0,0,0,0,0,0,0,0,0,0,0,0,0,0,0,167,0,0,0,0,0,22,0,14,0,0,0,0,0,0,0,0,0,18,34,0,39,0
Echinarachnius parma,100,0,0,0,0,0,0,0,0,0,0,20,0,19,569,670,240,454,0,57,0,0,0,0,0,0,0,0,0,0,37,0,0,0,0,0,0,0,134,96,225,475,0,0,128,14,707,1159,1315,1822,280,2363,0,136,0,0,0,0,0,0,0,0,0,0,0,0,0,0,0,0,0,0,0,0,167,0,0,0,0,0,22,0,14,0,0,0,0,0,0,0,0,0,18,34,0,39,0
Echinarachnius parma,100,0,0,0,0,0,0,0,0,0,0,20,0,19,569,670,240,454,0,57,0,0,0,0,0,0,0,0,0,0,37,0,0,0,0,0,0,0,134,96,225,475,0,0,128,14,707,1159,1315,1822,280,2363,0,136,0,0,0,0,0,0,0,0,0,0,0,0,0,0,0,0,0,0,0,0,167,0,0,0,0,0,22,0,14,0,0,0,0,0,0,0,0,0,18,34,0,39,0
Attheya longicornis,100,0,0,0,0,0,0,0,0,0,0,6,0,0,0,0,0,0,36,57,23,23,33,117,0,0,23,367,386,190,180,48,39,31,149,317,0,21,219,177,0,25,43,194,672,1934,252,294,31,97,72,270,83,182,98,13,0,0,0,0,0,0,0,0,0,0,0,0,0,0,0,244,202,522,322,213,108,35,220,46,298,0,0,44,33,0,99,59,140,79,92,137,40,24,83,102,0
Attheya longicornis,100,0,0,0,0,0,0,0,0,0,0,6,0,0,0,0,0,0,36,57,23,23,33,117,0,0,23,367,386,190,180,48,39,31,149,317,0,21,219,177,0,25,43,194,672,1934,252,294,31,97,72,270,83,182,98,13,0,0,0,0,0,0,0,0,0,0,0,0,0,0,0,244,202,522,322,213,108,35,220,46,298,0,0,44,33,0,99,59,140,79,92,137,40,24,83,102,0
Polychaeta sp. BOLD:ACQ8109,100,0,0,0,0,0,0,0,0,0,3482,118,23,5124,43,366,46,0,57,0,65,28,0,0,0,0,0,0,0,57,0,0,0,0,0,0,4,0,20,0,0,0,0,0,0,0,0,0,0,0,0,0,0,0,0,0,0,0,0,0,0,0,0,0,0,0,0,0,0,0,0,0,0,0,0,0,0,0,0,0,0,0,0,0,0,0,0,0,0,0,0,0,0,0,0,0,0
Polychaeta sp. BOLD:ACQ8109,100,0,0,0,0,0,0,0,0,0,3482,118,23,5124,43,366,46,0,57,0,65,28,0,0,0,0,0,0,0,57,0,0,0,0,0,0,4,0,20,0,0,0,0,0,0,0,0,0,0,0,0,0,0,0,0,0,0,0,0,0,0,0,0,0,0,0,0,0,0,0,0,0,0,0,0,0,0,0,0,0,0,0,0,0,0,0,0,0,0,0,0,0,0,0,0,0,0
Polychaeta sp. BOLD:ACQ8109,100,0,0,0,0,0,0,0,0,0,3482,118,23,5124,43,366,46,0,57,0,65,28,0,0,0,0,0,0,0,57,0,0,0,0,0,0,4,0,20,0,0,0,0,0,0,0,0,0,0,0,0,0,0,0,0,0,0,0,0,0,0,0,0,0,0,0,0,0,0,0,0,0,0,0,0,0,0,0,0,0,0,0,0,0,0,0,0,0,0,0,0,0,0,0,0,0,0
Polychaeta sp. BOLD:ACQ8109,99.653,0,0,0,0,0,0,0,0,0,3482,118,23,5124,43,366,46,0,57,0,65,28,0,0,0,0,0,0,0,57,0,0,0,0,0,0,4,0,20,0,0,0,0,0,0,0,0,0,0,0,0,0,0,0,0,0,0,0,0,0,0,0,0,0,0,0,0,0,0,0,0,0,0,0,0,0,0,0,0,0,0,0,0,0,0,0,0,0,0,0,0,0,0,0,0,0,0
Polychaeta sp. BOLD:ACQ8109,99.65,0,0,0,0,0,0,0,0,0,3482,118,23,5124,43,366,46,0,57,0,65,28,0,0,0,0,0,0,0,57,0,0,0,0,0,0,4,0,20,0,0,0,0,0,0,0,0,0,0,0,0,0,0,0,0,0,0,0,0,0,0,0,0,0,0,0,0,0,0,0,0,0,0,0,0,0,0,0,0,0,0,0,0,0,0,0,0,0,0,0,0,0,0,0,0,0,0
Protosuberites sp.,98.68,0,0,0,0,0,0,0,0,0,23,51,31,21,0,0,33,49,21,55,93,112,0,0,0,0,0,0,219,139,0,0,27,0,251,0,0,94,200,70,0,0,0,0,0,0,0,0,0,0,0,0,0,0,0,0,0,0,0,0,0,0,0,0,0,0,0,0,0,0,0,0,0,0,0,0,0,0,0,0,0,0,362,6355,888,33,0,0,0,88,0,18,23,74,87,0,0
Protosuberites sp. ZMAPOR18657,98.68,0,0,0,0,0,0,0,0,0,23,51,31,21,0,0,33,49,21,55,93,112,0,0,0,0,0,0,219,139,0,0,27,0,251,0,0,94,200,70,0,0,0,0,0,0,0,0,0,0,0,0,0,0,0,0,0,0,0,0,0,0,0,0,0,0,0,0,0,0,0,0,0,0,0,0,0,0,0,0,0,0,362,6355,888,33,0,0,0,88,0,18,23,74,87,0,0
Acartia hudsonica,99.67,0,0,0,0,0,0,0,0,0,0,0,3719,4725,0,0,0,0,0,0,0,0,0,0,0,0,0,0,0,0,0,0,0,0,0,0,0,0,0,0,0,0,0,0,0,0,0,0,0,0,0,0,0,0,0,0,0,0,0,0,0,0,0,0,0,0,0,0,0,0,0,0,0,0,0,0,0,0,0,0,0,0,0,0,0,0,0,0,0,0,0,0,0,0,0,0,0
Acartia tonsa,99.67,0,0,0,0,0,0,0,0,0,0,0,3719,4725,0,0,0,0,0,0,0,0,0,0,0,0,0,0,0,0,0,0,0,0,0,0,0,0,0,0,0,0,0,0,0,0,0,0,0,0,0,0,0,0,0,0,0,0,0,0,0,0,0,0,0,0,0,0,0,0,0,0,0,0,0,0,0,0,0,0,0,0,0,0,0,0,0,0,0,0,0,0,0,0,0,0,0
Acartia tonsa,99.67,0,0,0,0,0,0,0,0,0,0,0,3719,4725,0,0,0,0,0,0,0,0,0,0,0,0,0,0,0,0,0,0,0,0,0,0,0,0,0,0,0,0,0,0,0,0,0,0,0,0,0,0,0,0,0,0,0,0,0,0,0,0,0,0,0,0,0,0,0,0,0,0,0,0,0,0,0,0,0,0,0,0,0,0,0,0,0,0,0,0,0,0,0,0,0,0,0
Acartia tonsa,99.67,0,0,0,0,0,0,0,0,0,0,0,3719,4725,0,0,0,0,0,0,0,0,0,0,0,0,0,0,0,0,0,0,0,0,0,0,0,0,0,0,0,0,0,0,0,0,0,0,0,0,0,0,0,0,0,0,0,0,0,0,0,0,0,0,0,0,0,0,0,0,0,0,0,0,0,0,0,0,0,0,0,0,0,0,0,0,0,0,0,0,0,0,0,0,0,0,0
Acartia hudsonica,99.67,0,0,0,0,0,0,0,0,0,0,0,3719,4725,0,0,0,0,0,0,0,0,0,0,0,0,0,0,0,0,0,0,0,0,0,0,0,0,0,0,0,0,0,0,0,0,0,0,0,0,0,0,0,0,0,0,0,0,0,0,0,0,0,0,0,0,0,0,0,0,0,0,0,0,0,0,0,0,0,0,0,0,0,0,0,0,0,0,0,0,0,0,0,0,0,0,0
Bathycoccus prasinos,98.675,0,0,0,0,0,0,0,0,0,349,303,79,185,134,157,92,0,133,231,87,149,0,0,0,0,0,0,90,0,0,0,131,143,0,0,177,401,449,665,280,721,0,0,134,0,84,35,125,0,0,0,279,276,0,0,0,0,0,0,0,0,0,0,0,0,0,0,0,0,0,0,0,0,0,0,0,0,0,0,0,0,594,629,197,25,78,0,134,155,268,191,108,48,75,0,0
Bathycoccus prasinos,98.675,0,0,0,0,0,0,0,0,0,349,303,79,185,134,157,92,0,133,231,87,149,0,0,0,0,0,0,90,0,0,0,131,143,0,0,177,401,449,665,280,721,0,0,134,0,84,35,125,0,0,0,279,276,0,0,0,0,0,0,0,0,0,0,0,0,0,0,0,0,0,0,0,0,0,0,0,0,0,0,0,0,594,629,197,25,78,0,134,155,268,191,108,48,75,0,0
Bathycoccus prasinos,98.675,0,0,0,0,0,0,0,0,0,349,303,79,185,134,157,92,0,133,231,87,149,0,0,0,0,0,0,90,0,0,0,131,143,0,0,177,401,449,665,280,721,0,0,134,0,84,35,125,0,0,0,279,276,0,0,0,0,0,0,0,0,0,0,0,0,0,0,0,0,0,0,0,0,0,0,0,0,0,0,0,0,594,629,197,25,78,0,134,155,268,191,108,48,75,0,0
Bathycoccus prasinos,98.675,0,0,0,0,0,0,0,0,0,349,303,79,185,134,157,92,0,133,231,87,149,0,0,0,0,0,0,90,0,0,0,131,143,0,0,177,401,449,665,280,721,0,0,134,0,84,35,125,0,0,0,279,276,0,0,0,0,0,0,0,0,0,0,0,0,0,0,0,0,0,0,0,0,0,0,0,0,0,0,0,0,594,629,197,25,78,0,134,155,268,191,108,48,75,0,0
Bathycoccus prasinos,98.675,0,0,0,0,0,0,0,0,0,349,303,79,185,134,157,92,0,133,231,87,149,0,0,0,0,0,0,90,0,0,0,131,143,0,0,177,401,449,665,280,721,0,0,134,0,84,35,125,0,0,0,279,276,0,0,0,0,0,0,0,0,0,0,0,0,0,0,0,0,0,0,0,0,0,0,0,0,0,0,0,0,594,629,197,25,78,0,134,155,268,191,108,48,75,0,0
Mitrocomella polydiademata,100,0,0,0,0,0,0,0,0,0,0,13,19,0,30,81,9,7454,0,41,568,2,0,0,0,0,0,0,0,0,0,0,0,70,0,0,0,0,0,0,0,0,0,0,0,0,0,0,0,0,0,0,0,0,0,0,0,0,0,0,0,0,0,0,0,0,0,0,0,0,0,0,0,0,0,0,0,0,0,0,0,0,0,0,0,0,0,0,0,0,0,0,0,0,0,0,0
Mitrocomella polydiademata,100,0,0,0,0,0,0,0,0,0,0,13,19,0,30,81,9,7454,0,41,568,2,0,0,0,0,0,0,0,0,0,0,0,70,0,0,0,0,0,0,0,0,0,0,0,0,0,0,0,0,0,0,0,0,0,0,0,0,0,0,0,0,0,0,0,0,0,0,0,0,0,0,0,0,0,0,0,0,0,0,0,0,0,0,0,0,0,0,0,0,0,0,0,0,0,0,0
Mitrocomella polydiademata,100,0,0,0,0,0,0,0,0,0,0,13,19,0,30,81,9,7454,0,41,568,2,0,0,0,0,0,0,0,0,0,0,0,70,0,0,0,0,0,0,0,0,0,0,0,0,0,0,0,0,0,0,0,0,0,0,0,0,0,0,0,0,0,0,0,0,0,0,0,0,0,0,0,0,0,0,0,0,0,0,0,0,0,0,0,0,0,0,0,0,0,0,0,0,0,0,0
Mitrocomella polydiademata,100,0,0,0,0,0,0,0,0,0,0,13,19,0,30,81,9,7454,0,41,568,2,0,0,0,0,0,0,0,0,0,0,0,70,0,0,0,0,0,0,0,0,0,0,0,0,0,0,0,0,0,0,0,0,0,0,0,0,0,0,0,0,0,0,0,0,0,0,0,0,0,0,0,0,0,0,0,0,0,0,0,0,0,0,0,0,0,0,0,0,0,0,0,0,0,0,0
Mitrocomella polydiademata,100,0,0,0,0,0,0,0,0,0,0,13,19,0,30,81,9,7454,0,41,568,2,0,0,0,0,0,0,0,0,0,0,0,70,0,0,0,0,0,0,0,0,0,0,0,0,0,0,0,0,0,0,0,0,0,0,0,0,0,0,0,0,0,0,0,0,0,0,0,0,0,0,0,0,0,0,0,0,0,0,0,0,0,0,0,0,0,0,0,0,0,0,0,0,0,0,0
Pseudocalanus sp.,100,0,0,0,0,0,0,0,0,0,2259,0,0,0,1551,0,483,0,0,0,0,0,0,0,0,0,0,0,0,0,0,0,0,0,0,0,234,177,0,0,0,0,0,0,0,0,0,0,1440,0,0,0,1698,0,0,0,0,0,0,0,0,0,0,0,0,0,0,0,0,0,0,0,0,0,0,0,0,0,0,0,0,0,82,0,0,0,0,0,0,0,0,0,0,0,0,0,0
Pseudocalanus sp.,99.67,0,0,0,0,0,0,0,0,0,2259,0,0,0,1551,0,483,0,0,0,0,0,0,0,0,0,0,0,0,0,0,0,0,0,0,0,234,177,0,0,0,0,0,0,0,0,0,0,1440,0,0,0,1698,0,0,0,0,0,0,0,0,0,0,0,0,0,0,0,0,0,0,0,0,0,0,0,0,0,0,0,0,0,82,0,0,0,0,0,0,0,0,0,0,0,0,0,0
Pseudocalanus sp.,99.01,0,0,0,0,0,0,0,0,0,2259,0,0,0,1551,0,483,0,0,0,0,0,0,0,0,0,0,0,0,0,0,0,0,0,0,0,234,177,0,0,0,0,0,0,0,0,0,0,1440,0,0,0,1698,0,0,0,0,0,0,0,0,0,0,0,0,0,0,0,0,0,0,0,0,0,0,0,0,0,0,0,0,0,82,0,0,0,0,0,0,0,0,0,0,0,0,0,0
Pseudocalanus sp.,99.656,0,0,0,0,0,0,0,0,0,2259,0,0,0,1551,0,483,0,0,0,0,0,0,0,0,0,0,0,0,0,0,0,0,0,0,0,234,177,0,0,0,0,0,0,0,0,0,0,1440,0,0,0,1698,0,0,0,0,0,0,0,0,0,0,0,0,0,0,0,0,0,0,0,0,0,0,0,0,0,0,0,0,0,82,0,0,0,0,0,0,0,0,0,0,0,0,0,0
Pseudocalanus sp.,98.35,0,0,0,0,0,0,0,0,0,2259,0,0,0,1551,0,483,0,0,0,0,0,0,0,0,0,0,0,0,0,0,0,0,0,0,0,234,177,0,0,0,0,0,0,0,0,0,0,1440,0,0,0,1698,0,0,0,0,0,0,0,0,0,0,0,0,0,0,0,0,0,0,0,0,0,0,0,0,0,0,0,0,0,82,0,0,0,0,0,0,0,0,0,0,0,0,0,0
Ophelina acuminata,100,0,0,0,0,0,0,0,0,0,0,0,0,0,0,0,0,0,0,0,0,0,0,0,0,0,0,0,0,0,0,0,0,0,0,0,0,0,0,0,0,0,0,0,0,0,0,0,0,0,0,0,17,7644,0,0,0,0,0,0,0,0,0,0,0,0,0,0,0,0,0,0,0,0,0,0,0,0,0,0,0,0,0,0,0,0,0,0,0,0,0,0,0,0,0,0,0
Ophelina acuminata,100,0,0,0,0,0,0,0,0,0,0,0,0,0,0,0,0,0,0,0,0,0,0,0,0,0,0,0,0,0,0,0,0,0,0,0,0,0,0,0,0,0,0,0,0,0,0,0,0,0,0,0,17,7644,0,0,0,0,0,0,0,0,0,0,0,0,0,0,0,0,0,0,0,0,0,0,0,0,0,0,0,0,0,0,0,0,0,0,0,0,0,0,0,0,0,0,0
Ophelina acuminata,100,0,0,0,0,0,0,0,0,0,0,0,0,0,0,0,0,0,0,0,0,0,0,0,0,0,0,0,0,0,0,0,0,0,0,0,0,0,0,0,0,0,0,0,0,0,0,0,0,0,0,0,17,7644,0,0,0,0,0,0,0,0,0,0,0,0,0,0,0,0,0,0,0,0,0,0,0,0,0,0,0,0,0,0,0,0,0,0,0,0,0,0,0,0,0,0,0
Ophelina acuminata CMC02,100,0,0,0,0,0,0,0,0,0,0,0,0,0,0,0,0,0,0,0,0,0,0,0,0,0,0,0,0,0,0,0,0,0,0,0,0,0,0,0,0,0,0,0,0,0,0,0,0,0,0,0,17,7644,0,0,0,0,0,0,0,0,0,0,0,0,0,0,0,0,0,0,0,0,0,0,0,0,0,0,0,0,0,0,0,0,0,0,0,0,0,0,0,0,0,0,0
Ophelina acuminata,99.67,0,0,0,0,0,0,0,0,0,0,0,0,0,0,0,0,0,0,0,0,0,0,0,0,0,0,0,0,0,0,0,0,0,0,0,0,0,0,0,0,0,0,0,0,0,0,0,0,0,0,0,17,7644,0,0,0,0,0,0,0,0,0,0,0,0,0,0,0,0,0,0,0,0,0,0,0,0,0,0,0,0,0,0,0,0,0,0,0,0,0,0,0,0,0,0,0
Bathycoccus prasinos,100,0,0,0,0,0,0,0,0,0,250,295,178,185,0,240,0,0,155,113,195,158,0,0,0,0,29,39,151,160,0,0,156,144,0,0,143,501,720,579,108,0,0,0,56,89,0,0,0,0,0,0,302,304,0,0,0,0,0,0,0,0,0,0,0,0,0,0,0,0,0,0,0,0,0,0,0,0,0,0,0,0,420,603,75,59,43,36,106,141,193,186,109,137,24,0,0
Bathycoccus prasinos,100,0,0,0,0,0,0,0,0,0,250,295,178,185,0,240,0,0,155,113,195,158,0,0,0,0,29,39,151,160,0,0,156,144,0,0,143,501,720,579,108,0,0,0,56,89,0,0,0,0,0,0,302,304,0,0,0,0,0,0,0,0,0,0,0,0,0,0,0,0,0,0,0,0,0,0,0,0,0,0,0,0,420,603,75,59,43,36,106,141,193,186,109,137,24,0,0
Bathycoccus prasinos,100,0,0,0,0,0,0,0,0,0,250,295,178,185,0,240,0,0,155,113,195,158,0,0,0,0,29,39,151,160,0,0,156,144,0,0,143,501,720,579,108,0,0,0,56,89,0,0,0,0,0,0,302,304,0,0,0,0,0,0,0,0,0,0,0,0,0,0,0,0,0,0,0,0,0,0,0,0,0,0,0,0,420,603,75,59,43,36,106,141,193,186,109,137,24,0,0
Bathycoccus prasinos,100,0,0,0,0,0,0,0,0,0,250,295,178,185,0,240,0,0,155,113,195,158,0,0,0,0,29,39,151,160,0,0,156,144,0,0,143,501,720,579,108,0,0,0,56,89,0,0,0,0,0,0,302,304,0,0,0,0,0,0,0,0,0,0,0,0,0,0,0,0,0,0,0,0,0,0,0,0,0,0,0,0,420,603,75,59,43,36,106,141,193,186,109,137,24,0,0
Bathycoccus prasinos,100,0,0,0,0,0,0,0,0,0,250,295,178,185,0,240,0,0,155,113,195,158,0,0,0,0,29,39,151,160,0,0,156,144,0,0,143,501,720,579,108,0,0,0,56,89,0,0,0,0,0,0,302,304,0,0,0,0,0,0,0,0,0,0,0,0,0,0,0,0,0,0,0,0,0,0,0,0,0,0,0,0,420,603,75,59,43,36,106,141,193,186,109,137,24,0,0
Bathycoccus prasinos,100,0,0,0,0,0,0,0,0,0,250,295,178,185,0,240,0,0,155,113,195,158,0,0,0,0,29,39,151,160,0,0,156,144,0,0,143,501,720,579,108,0,0,0,56,89,0,0,0,0,0,0,302,304,0,0,0,0,0,0,0,0,0,0,0,0,0,0,0,0,0,0,0,0,0,0,0,0,0,0,0,0,420,603,75,59,43,36,106,141,193,186,109,137,24,0,0
Bathycoccus prasinos,100,0,0,0,0,0,0,0,0,0,250,295,178,185,0,240,0,0,155,113,195,158,0,0,0,0,29,39,151,160,0,0,156,144,0,0,143,501,720,579,108,0,0,0,56,89,0,0,0,0,0,0,302,304,0,0,0,0,0,0,0,0,0,0,0,0,0,0,0,0,0,0,0,0,0,0,0,0,0,0,0,0,420,603,75,59,43,36,106,141,193,186,109,137,24,0,0
Bathycoccus prasinos,97.682,0,0,0,0,0,0,0,0,0,463,421,361,351,253,257,0,0,157,101,0,226,0,0,0,124,0,0,86,381,0,0,0,126,0,0,191,488,486,269,0,0,0,0,0,135,0,0,0,0,0,0,152,0,0,0,0,0,0,0,0,0,0,0,0,0,0,0,0,0,0,0,0,0,0,0,0,0,23,0,0,0,628,1014,0,0,0,88,122,87,171,168,0,0,0,0,0
Bathycoccus prasinos,97.682,0,0,0,0,0,0,0,0,0,463,421,361,351,253,257,0,0,157,101,0,226,0,0,0,124,0,0,86,381,0,0,0,126,0,0,191,488,486,269,0,0,0,0,0,135,0,0,0,0,0,0,152,0,0,0,0,0,0,0,0,0,0,0,0,0,0,0,0,0,0,0,0,0,0,0,0,0,23,0,0,0,628,1014,0,0,0,88,122,87,171,168,0,0,0,0,0
Bathycoccus prasinos,97.682,0,0,0,0,0,0,0,0,0,463,421,361,351,253,257,0,0,157,101,0,226,0,0,0,124,0,0,86,381,0,0,0,126,0,0,191,488,486,269,0,0,0,0,0,135,0,0,0,0,0,0,152,0,0,0,0,0,0,0,0,0,0,0,0,0,0,0,0,0,0,0,0,0,0,0,0,0,23,0,0,0,628,1014,0,0,0,88,122,87,171,168,0,0,0,0,0
Bathycoccus prasinos,97.682,0,0,0,0,0,0,0,0,0,463,421,361,351,253,257,0,0,157,101,0,226,0,0,0,124,0,0,86,381,0,0,0,126,0,0,191,488,486,269,0,0,0,0,0,135,0,0,0,0,0,0,152,0,0,0,0,0,0,0,0,0,0,0,0,0,0,0,0,0,0,0,0,0,0,0,0,0,23,0,0,0,628,1014,0,0,0,88,122,87,171,168,0,0,0,0,0
Bathycoccus prasinos,97.682,0,0,0,0,0,0,0,0,0,463,421,361,351,253,257,0,0,157,101,0,226,0,0,0,124,0,0,86,381,0,0,0,126,0,0,191,488,486,269,0,0,0,0,0,135,0,0,0,0,0,0,152,0,0,0,0,0,0,0,0,0,0,0,0,0,0,0,0,0,0,0,0,0,0,0,0,0,23,0,0,0,628,1014,0,0,0,88,122,87,171,168,0,0,0,0,0
Pseudo-nitzschia delicatissima,100,0,0,0,0,0,0,0,0,0,41,31,160,157,24,18,69,67,218,164,303,193,40,0,20,0,17,0,1323,1478,24,7,38,134,0,0,24,78,117,86,0,58,0,3,54,51,26,63,162,37,0,0,33,90,0,68,0,0,0,0,0,0,0,0,0,0,0,0,0,0,0,11,197,14,0,0,0,0,0,0,0,0,244,378,48,49,19,93,99,91,36,48,56,82,16,37,0
Thysanoessa longicaudata,99.338,0,0,0,0,0,0,0,0,0,0,0,0,0,0,0,0,0,0,0,0,0,0,0,0,0,0,0,0,0,0,0,0,0,0,0,0,0,0,0,0,0,0,0,0,0,0,0,0,0,0,0,0,0,0,0,0,0,0,0,0,0,0,0,0,0,0,0,0,0,0,0,0,0,0,0,0,0,0,0,0,0,0,0,0,0,6108,20,6,0,0,0,0,0,0,0,0
Thysanoessa longicaudata,99.007,0,0,0,0,0,0,0,0,0,0,0,0,0,0,0,0,0,0,0,0,0,0,0,0,0,0,0,0,0,0,0,0,0,0,0,0,0,0,0,0,0,0,0,0,0,0,0,0,0,0,0,0,0,0,0,0,0,0,0,0,0,0,0,0,0,0,0,0,0,0,0,0,0,0,0,0,0,0,0,0,0,0,0,0,0,6108,20,6,0,0,0,0,0,0,0,0
Thysanoessa sp.,98.675,0,0,0,0,0,0,0,0,0,0,0,0,0,0,0,0,0,0,0,0,0,0,0,0,0,0,0,0,0,0,0,0,0,0,0,0,0,0,0,0,0,0,0,0,0,0,0,0,0,0,0,0,0,0,0,0,0,0,0,0,0,0,0,0,0,0,0,0,0,0,0,0,0,0,0,0,0,0,0,0,0,0,0,0,0,6108,20,6,0,0,0,0,0,0,0,0
Thelepus cincinnatus,100,0,0,0,0,0,0,0,0,0,0,0,0,0,0,0,0,0,0,0,0,0,0,0,0,0,0,0,9,0,0,0,0,0,0,0,0,0,0,0,0,0,0,0,0,8,198,267,2439,2787,0,0,0,0,0,0,0,0,0,0,0,0,0,0,0,0,0,0,0,0,0,0,0,0,0,0,0,0,0,0,0,0,11,0,0,0,0,0,0,0,0,0,0,0,0,0,0
Thelepus cincinnatus,100,0,0,0,0,0,0,0,0,0,0,0,0,0,0,0,0,0,0,0,0,0,0,0,0,0,0,0,9,0,0,0,0,0,0,0,0,0,0,0,0,0,0,0,0,8,198,267,2439,2787,0,0,0,0,0,0,0,0,0,0,0,0,0,0,0,0,0,0,0,0,0,0,0,0,0,0,0,0,0,0,0,0,11,0,0,0,0,0,0,0,0,0,0,0,0,0,0
Thelepus cincinnatus,100,0,0,0,0,0,0,0,0,0,0,0,0,0,0,0,0,0,0,0,0,0,0,0,0,0,0,0,9,0,0,0,0,0,0,0,0,0,0,0,0,0,0,0,0,8,198,267,2439,2787,0,0,0,0,0,0,0,0,0,0,0,0,0,0,0,0,0,0,0,0,0,0,0,0,0,0,0,0,0,0,0,0,11,0,0,0,0,0,0,0,0,0,0,0,0,0,0
Thelepus cincinnatus,100,0,0,0,0,0,0,0,0,0,0,0,0,0,0,0,0,0,0,0,0,0,0,0,0,0,0,0,9,0,0,0,0,0,0,0,0,0,0,0,0,0,0,0,0,8,198,267,2439,2787,0,0,0,0,0,0,0,0,0,0,0,0,0,0,0,0,0,0,0,0,0,0,0,0,0,0,0,0,0,0,0,0,11,0,0,0,0,0,0,0,0,0,0,0,0,0,0
Thelepus cincinnatus,100,0,0,0,0,0,0,0,0,0,0,0,0,0,0,0,0,0,0,0,0,0,0,0,0,0,0,0,9,0,0,0,0,0,0,0,0,0,0,0,0,0,0,0,0,8,198,267,2439,2787,0,0,0,0,0,0,0,0,0,0,0,0,0,0,0,0,0,0,0,0,0,0,0,0,0,0,0,0,0,0,0,0,11,0,0,0,0,0,0,0,0,0,0,0,0,0,0
Bathycoccus prasinos,99.007,0,0,0,0,0,0,0,0,0,127,62,0,61,89,0,0,37,0,49,0,104,0,0,0,0,0,0,0,198,0,0,236,60,0,0,211,293,358,903,655,97,0,0,39,105,0,70,93,78,0,0,335,380,0,0,0,0,0,0,0,0,0,0,0,0,0,0,0,0,0,0,0,0,0,0,0,0,0,0,0,0,217,263,101,0,0,0,0,89,111,125,0,53,27,0,0
Bathycoccus prasinos,98.675,0,0,0,0,0,0,0,0,0,127,62,0,61,89,0,0,37,0,49,0,104,0,0,0,0,0,0,0,198,0,0,236,60,0,0,211,293,358,903,655,97,0,0,39,105,0,70,93,78,0,0,335,380,0,0,0,0,0,0,0,0,0,0,0,0,0,0,0,0,0,0,0,0,0,0,0,0,0,0,0,0,217,263,101,0,0,0,0,89,111,125,0,53,27,0,0
Bathycoccus prasinos,98.675,0,0,0,0,0,0,0,0,0,127,62,0,61,89,0,0,37,0,49,0,104,0,0,0,0,0,0,0,198,0,0,236,60,0,0,211,293,358,903,655,97,0,0,39,105,0,70,93,78,0,0,335,380,0,0,0,0,0,0,0,0,0,0,0,0,0,0,0,0,0,0,0,0,0,0,0,0,0,0,0,0,217,263,101,0,0,0,0,89,111,125,0,53,27,0,0
Bathycoccus prasinos,98.675,0,0,0,0,0,0,0,0,0,127,62,0,61,89,0,0,37,0,49,0,104,0,0,0,0,0,0,0,198,0,0,236,60,0,0,211,293,358,903,655,97,0,0,39,105,0,70,93,78,0,0,335,380,0,0,0,0,0,0,0,0,0,0,0,0,0,0,0,0,0,0,0,0,0,0,0,0,0,0,0,0,217,263,101,0,0,0,0,89,111,125,0,53,27,0,0
Bathycoccus prasinos,98.675,0,0,0,0,0,0,0,0,0,127,62,0,61,89,0,0,37,0,49,0,104,0,0,0,0,0,0,0,198,0,0,236,60,0,0,211,293,358,903,655,97,0,0,39,105,0,70,93,78,0,0,335,380,0,0,0,0,0,0,0,0,0,0,0,0,0,0,0,0,0,0,0,0,0,0,0,0,0,0,0,0,217,263,101,0,0,0,0,89,111,125,0,53,27,0,0
Psamathe fusca,99.31,0,0,0,0,0,0,0,0,0,0,0,0,0,0,5182,0,0,0,0,0,0,0,0,0,0,0,0,0,0,0,0,0,0,0,0,0,0,0,0,0,0,0,0,0,0,0,0,0,0,0,0,0,0,0,0,0,0,0,0,0,0,0,0,0,0,0,0,0,0,0,0,0,0,0,0,0,0,0,0,0,0,0,0,0,0,0,0,0,0,0,0,0,0,0,0,0
Cirratulidae sp. CMC02,100,0,0,0,0,0,0,0,0,0,80,23,1999,2970,0,0,0,0,57,0,13,33,0,0,0,0,0,0,0,0,0,0,0,0,0,0,0,0,0,0,0,0,0,0,0,0,0,0,0,0,0,0,0,0,0,0,0,0,0,0,0,0,0,0,0,0,0,0,0,0,0,0,0,0,0,0,0,0,0,0,0,0,0,0,0,0,0,0,0,0,0,0,0,0,0,0,0
Pholoe sp. CMC04,100,0,0,0,0,0,0,0,0,0,0,4937,0,0,0,0,0,0,3,0,0,0,0,0,0,0,0,0,0,0,0,0,0,0,0,0,0,0,0,0,0,0,0,0,0,0,0,0,0,0,0,0,0,0,0,0,0,0,0,0,0,0,0,0,0,0,0,0,0,0,0,0,0,0,0,0,0,0,0,0,0,0,0,0,0,0,0,0,0,0,0,0,0,0,0,0,0
Pholoe sp. CMC04,99.668,0,0,0,0,0,0,0,0,0,0,4937,0,0,0,0,0,0,3,0,0,0,0,0,0,0,0,0,0,0,0,0,0,0,0,0,0,0,0,0,0,0,0,0,0,0,0,0,0,0,0,0,0,0,0,0,0,0,0,0,0,0,0,0,0,0,0,0,0,0,0,0,0,0,0,0,0,0,0,0,0,0,0,0,0,0,0,0,0,0,0,0,0,0,0,0,0
Pholoe sp. CMC04,99.34,0,0,0,0,0,0,0,0,0,0,4937,0,0,0,0,0,0,3,0,0,0,0,0,0,0,0,0,0,0,0,0,0,0,0,0,0,0,0,0,0,0,0,0,0,0,0,0,0,0,0,0,0,0,0,0,0,0,0,0,0,0,0,0,0,0,0,0,0,0,0,0,0,0,0,0,0,0,0,0,0,0,0,0,0,0,0,0,0,0,0,0,0,0,0,0,0
Pholoe sp. CMC04,98.68,0,0,0,0,0,0,0,0,0,0,4937,0,0,0,0,0,0,3,0,0,0,0,0,0,0,0,0,0,0,0,0,0,0,0,0,0,0,0,0,0,0,0,0,0,0,0,0,0,0,0,0,0,0,0,0,0,0,0,0,0,0,0,0,0,0,0,0,0,0,0,0,0,0,0,0,0,0,0,0,0,0,0,0,0,0,0,0,0,0,0,0,0,0,0,0,0
Pholoe sp. CMC05,98.68,0,0,0,0,0,0,0,0,0,0,4937,0,0,0,0,0,0,3,0,0,0,0,0,0,0,0,0,0,0,0,0,0,0,0,0,0,0,0,0,0,0,0,0,0,0,0,0,0,0,0,0,0,0,0,0,0,0,0,0,0,0,0,0,0,0,0,0,0,0,0,0,0,0,0,0,0,0,0,0,0,0,0,0,0,0,0,0,0,0,0,0,0,0,0,0,0
Vazella pourtalesii,99.34,0,0,0,0,0,0,0,0,0,0,0,0,0,0,0,0,0,0,0,0,0,0,0,0,0,0,0,0,0,0,7,0,0,0,0,0,0,0,0,0,0,0,0,0,0,0,0,0,0,0,0,0,0,881,3554,0,0,0,0,0,0,0,0,0,0,0,0,0,0,0,0,0,0,0,0,0,0,0,0,0,0,0,0,0,40,72,81,0,35,0,85,0,83,39,33,0
Micromonas commoda,99.67,0,0,0,0,0,0,0,0,0,422,581,452,339,188,184,389,363,0,146,286,206,0,0,0,0,0,0,0,99,0,0,0,0,0,0,0,168,218,195,119,0,0,0,0,0,0,0,0,0,0,0,0,115,0,0,0,0,0,0,0,0,0,0,0,0,0,0,0,0,0,0,0,0,0,0,0,0,0,0,0,0,138,214,0,0,0,0,0,0,0,0,0,0,0,0,0
Micromonas commoda,99.67,0,0,0,0,0,0,0,0,0,422,581,452,339,188,184,389,363,0,146,286,206,0,0,0,0,0,0,0,99,0,0,0,0,0,0,0,168,218,195,119,0,0,0,0,0,0,0,0,0,0,0,0,115,0,0,0,0,0,0,0,0,0,0,0,0,0,0,0,0,0,0,0,0,0,0,0,0,0,0,0,0,138,214,0,0,0,0,0,0,0,0,0,0,0,0,0
Micromonas pusilla,99.669,0,0,0,0,0,0,0,0,0,422,581,452,339,188,184,389,363,0,146,286,206,0,0,0,0,0,0,0,99,0,0,0,0,0,0,0,168,218,195,119,0,0,0,0,0,0,0,0,0,0,0,0,115,0,0,0,0,0,0,0,0,0,0,0,0,0,0,0,0,0,0,0,0,0,0,0,0,0,0,0,0,138,214,0,0,0,0,0,0,0,0,0,0,0,0,0
Terebellides stroemii CMC01,99.34,0,0,0,0,0,0,0,0,0,0,0,0,0,0,0,0,0,0,0,0,0,0,0,0,0,0,0,0,0,0,0,0,0,0,0,0,0,0,0,0,0,0,0,41,0,0,0,0,0,3065,1241,0,0,0,0,0,0,0,0,0,0,0,0,0,0,0,0,0,0,0,67,0,95,81,0,0,0,0,0,0,0,0,0,0,0,0,0,0,0,0,0,0,0,0,0,0
Terebellides stroemii CMC01,99.34,0,0,0,0,0,0,0,0,0,0,0,0,0,0,0,0,0,0,0,0,0,0,0,0,0,0,0,0,0,0,0,0,0,0,0,0,0,0,0,0,0,0,0,41,0,0,0,0,0,3065,1241,0,0,0,0,0,0,0,0,0,0,0,0,0,0,0,0,0,0,0,67,0,95,81,0,0,0,0,0,0,0,0,0,0,0,0,0,0,0,0,0,0,0,0,0,0
Terebellides stroemii CMC01,99.34,0,0,0,0,0,0,0,0,0,0,0,0,0,0,0,0,0,0,0,0,0,0,0,0,0,0,0,0,0,0,0,0,0,0,0,0,0,0,0,0,0,0,0,41,0,0,0,0,0,3065,1241,0,0,0,0,0,0,0,0,0,0,0,0,0,0,0,0,0,0,0,67,0,95,81,0,0,0,0,0,0,0,0,0,0,0,0,0,0,0,0,0,0,0,0,0,0
Terebellides stroemii,99.01,0,0,0,0,0,0,0,0,0,0,0,0,0,0,0,0,0,0,0,0,0,0,0,0,0,0,0,0,0,0,0,0,0,0,0,0,0,0,0,0,0,0,0,41,0,0,0,0,0,3065,1241,0,0,0,0,0,0,0,0,0,0,0,0,0,0,0,0,0,0,0,67,0,95,81,0,0,0,0,0,0,0,0,0,0,0,0,0,0,0,0,0,0,0,0,0,0
Terebellides stroemii CMC01,99.242,0,0,0,0,0,0,0,0,0,0,0,0,0,0,0,0,0,0,0,0,0,0,0,0,0,0,0,0,0,0,0,0,0,0,0,0,0,0,0,0,0,0,0,41,0,0,0,0,0,3065,1241,0,0,0,0,0,0,0,0,0,0,0,0,0,0,0,0,0,0,0,67,0,95,81,0,0,0,0,0,0,0,0,0,0,0,0,0,0,0,0,0,0,0,0,0,0
Bathycoccus prasinos,98.013,0,0,0,0,0,0,0,0,0,52,0,0,50,55,0,0,0,0,17,42,31,0,0,0,0,0,0,0,34,0,0,330,0,0,0,176,424,509,448,48,205,0,0,0,173,32,122,0,79,0,0,247,402,0,0,0,0,0,0,0,0,0,0,0,0,0,0,0,0,0,0,0,0,0,0,0,0,0,0,0,0,136,130,129,51,0,69,0,154,126,116,51,92,0,0,0
Bathycoccus prasinos,98.013,0,0,0,0,0,0,0,0,0,52,0,0,50,55,0,0,0,0,17,42,31,0,0,0,0,0,0,0,34,0,0,330,0,0,0,176,424,509,448,48,205,0,0,0,173,32,122,0,79,0,0,247,402,0,0,0,0,0,0,0,0,0,0,0,0,0,0,0,0,0,0,0,0,0,0,0,0,0,0,0,0,136,130,129,51,0,69,0,154,126,116,51,92,0,0,0
Bathycoccus prasinos,98.013,0,0,0,0,0,0,0,0,0,52,0,0,50,55,0,0,0,0,17,42,31,0,0,0,0,0,0,0,34,0,0,330,0,0,0,176,424,509,448,48,205,0,0,0,173,32,122,0,79,0,0,247,402,0,0,0,0,0,0,0,0,0,0,0,0,0,0,0,0,0,0,0,0,0,0,0,0,0,0,0,0,136,130,129,51,0,69,0,154,126,116,51,92,0,0,0
Bathycoccus prasinos,98.013,0,0,0,0,0,0,0,0,0,52,0,0,50,55,0,0,0,0,17,42,31,0,0,0,0,0,0,0,34,0,0,330,0,0,0,176,424,509,448,48,205,0,0,0,173,32,122,0,79,0,0,247,402,0,0,0,0,0,0,0,0,0,0,0,0,0,0,0,0,0,0,0,0,0,0,0,0,0,0,0,0,136,130,129,51,0,69,0,154,126,116,51,92,0,0,0
Bathycoccus prasinos,98.013,0,0,0,0,0,0,0,0,0,52,0,0,50,55,0,0,0,0,17,42,31,0,0,0,0,0,0,0,34,0,0,330,0,0,0,176,424,509,448,48,205,0,0,0,173,32,122,0,79,0,0,247,402,0,0,0,0,0,0,0,0,0,0,0,0,0,0,0,0,0,0,0,0,0,0,0,0,0,0,0,0,136,130,129,51,0,69,0,154,126,116,51,92,0,0,0
Micromonas bravo,100,0,0,0,0,0,0,0,0,0,314,273,472,451,50,56,253,322,89,46,94,85,0,0,0,25,0,0,0,0,0,0,0,0,0,0,0,0,32,0,0,0,0,0,0,0,0,0,0,0,0,0,0,0,0,0,0,0,0,0,0,0,0,0,0,0,0,0,0,0,0,0,0,0,0,0,0,0,0,0,0,0,759,1098,19,0,0,7,0,6,17,0,33,6,0,0,0
Micromonas bravo,100,0,0,0,0,0,0,0,0,0,314,273,472,451,50,56,253,322,89,46,94,85,0,0,0,25,0,0,0,0,0,0,0,0,0,0,0,0,32,0,0,0,0,0,0,0,0,0,0,0,0,0,0,0,0,0,0,0,0,0,0,0,0,0,0,0,0,0,0,0,0,0,0,0,0,0,0,0,0,0,0,0,759,1098,19,0,0,7,0,6,17,0,33,6,0,0,0
Ophiura sarsii,100,0,0,0,0,0,0,0,0,0,0,0,56,94,0,0,0,0,0,23,0,0,0,0,0,0,0,0,3533,0,0,0,0,0,0,0,0,0,0,32,8,0,68,0,0,55,55,90,0,56,0,0,0,45,0,0,0,0,0,0,0,0,0,0,0,0,0,0,0,0,0,0,0,0,0,0,0,0,0,0,0,0,0,0,2,0,0,0,0,0,0,0,0,0,0,3,0
Ophiura sarsii,100,0,0,0,0,0,0,0,0,0,0,0,56,94,0,0,0,0,0,23,0,0,0,0,0,0,0,0,3533,0,0,0,0,0,0,0,0,0,0,32,8,0,68,0,0,55,55,90,0,56,0,0,0,45,0,0,0,0,0,0,0,0,0,0,0,0,0,0,0,0,0,0,0,0,0,0,0,0,0,0,0,0,0,0,2,0,0,0,0,0,0,0,0,0,0,3,0
Ophiura sarsii,100,0,0,0,0,0,0,0,0,0,0,0,56,94,0,0,0,0,0,23,0,0,0,0,0,0,0,0,3533,0,0,0,0,0,0,0,0,0,0,32,8,0,68,0,0,55,55,90,0,56,0,0,0,45,0,0,0,0,0,0,0,0,0,0,0,0,0,0,0,0,0,0,0,0,0,0,0,0,0,0,0,0,0,0,2,0,0,0,0,0,0,0,0,0,0,3,0
Ophiura sarsii,100,0,0,0,0,0,0,0,0,0,0,0,56,94,0,0,0,0,0,23,0,0,0,0,0,0,0,0,3533,0,0,0,0,0,0,0,0,0,0,32,8,0,68,0,0,55,55,90,0,56,0,0,0,45,0,0,0,0,0,0,0,0,0,0,0,0,0,0,0,0,0,0,0,0,0,0,0,0,0,0,0,0,0,0,2,0,0,0,0,0,0,0,0,0,0,3,0
Ophiura sarsii,100,0,0,0,0,0,0,0,0,0,0,0,56,94,0,0,0,0,0,23,0,0,0,0,0,0,0,0,3533,0,0,0,0,0,0,0,0,0,0,32,8,0,68,0,0,55,55,90,0,56,0,0,0,45,0,0,0,0,0,0,0,0,0,0,0,0,0,0,0,0,0,0,0,0,0,0,0,0,0,0,0,0,0,0,2,0,0,0,0,0,0,0,0,0,0,3,0
Bathycoccus prasinos,98.344,0,0,0,0,0,0,0,0,0,115,113,78,0,0,113,0,0,0,0,0,0,0,0,0,0,0,0,0,0,0,0,0,235,0,0,54,293,475,306,471,339,0,0,76,102,0,0,0,67,0,0,183,264,0,0,0,0,0,0,0,0,0,0,0,0,0,0,0,0,0,0,0,0,0,0,0,0,0,0,0,0,186,257,0,0,0,29,0,78,103,95,0,0,44,0,0
Bathycoccus prasinos,98.344,0,0,0,0,0,0,0,0,0,115,113,78,0,0,113,0,0,0,0,0,0,0,0,0,0,0,0,0,0,0,0,0,235,0,0,54,293,475,306,471,339,0,0,76,102,0,0,0,67,0,0,183,264,0,0,0,0,0,0,0,0,0,0,0,0,0,0,0,0,0,0,0,0,0,0,0,0,0,0,0,0,186,257,0,0,0,29,0,78,103,95,0,0,44,0,0
Bathycoccus prasinos,98.344,0,0,0,0,0,0,0,0,0,115,113,78,0,0,113,0,0,0,0,0,0,0,0,0,0,0,0,0,0,0,0,0,235,0,0,54,293,475,306,471,339,0,0,76,102,0,0,0,67,0,0,183,264,0,0,0,0,0,0,0,0,0,0,0,0,0,0,0,0,0,0,0,0,0,0,0,0,0,0,0,0,186,257,0,0,0,29,0,78,103,95,0,0,44,0,0
Bathycoccus prasinos,98.344,0,0,0,0,0,0,0,0,0,115,113,78,0,0,113,0,0,0,0,0,0,0,0,0,0,0,0,0,0,0,0,0,235,0,0,54,293,475,306,471,339,0,0,76,102,0,0,0,67,0,0,183,264,0,0,0,0,0,0,0,0,0,0,0,0,0,0,0,0,0,0,0,0,0,0,0,0,0,0,0,0,186,257,0,0,0,29,0,78,103,95,0,0,44,0,0
Bathycoccus prasinos,98.344,0,0,0,0,0,0,0,0,0,115,113,78,0,0,113,0,0,0,0,0,0,0,0,0,0,0,0,0,0,0,0,0,235,0,0,54,293,475,306,471,339,0,0,76,102,0,0,0,67,0,0,183,264,0,0,0,0,0,0,0,0,0,0,0,0,0,0,0,0,0,0,0,0,0,0,0,0,0,0,0,0,186,257,0,0,0,29,0,78,103,95,0,0,44,0,0
Nanomia cara,99.67,0,0,0,0,0,0,0,0,0,0,0,0,0,0,0,0,0,0,0,0,0,1191,2782,0,0,0,0,0,0,0,0,0,0,0,0,0,0,0,0,0,0,0,0,0,0,0,0,0,0,0,0,0,0,0,0,0,0,0,0,0,0,0,0,0,0,0,0,0,0,0,0,0,0,0,0,0,0,0,0,0,0,0,0,0,0,0,0,0,0,0,0,0,0,0,0,0
Nanomia cara,99.67,0,0,0,0,0,0,0,0,0,0,0,0,0,0,0,0,0,0,0,0,0,1191,2782,0,0,0,0,0,0,0,0,0,0,0,0,0,0,0,0,0,0,0,0,0,0,0,0,0,0,0,0,0,0,0,0,0,0,0,0,0,0,0,0,0,0,0,0,0,0,0,0,0,0,0,0,0,0,0,0,0,0,0,0,0,0,0,0,0,0,0,0,0,0,0,0,0
Nanomia cara,99.67,0,0,0,0,0,0,0,0,0,0,0,0,0,0,0,0,0,0,0,0,0,1191,2782,0,0,0,0,0,0,0,0,0,0,0,0,0,0,0,0,0,0,0,0,0,0,0,0,0,0,0,0,0,0,0,0,0,0,0,0,0,0,0,0,0,0,0,0,0,0,0,0,0,0,0,0,0,0,0,0,0,0,0,0,0,0,0,0,0,0,0,0,0,0,0,0,0
Nanomia cara,99.67,0,0,0,0,0,0,0,0,0,0,0,0,0,0,0,0,0,0,0,0,0,1191,2782,0,0,0,0,0,0,0,0,0,0,0,0,0,0,0,0,0,0,0,0,0,0,0,0,0,0,0,0,0,0,0,0,0,0,0,0,0,0,0,0,0,0,0,0,0,0,0,0,0,0,0,0,0,0,0,0,0,0,0,0,0,0,0,0,0,0,0,0,0,0,0,0,0
Nanomia cara,99.67,0,0,0,0,0,0,0,0,0,0,0,0,0,0,0,0,0,0,0,0,0,1191,2782,0,0,0,0,0,0,0,0,0,0,0,0,0,0,0,0,0,0,0,0,0,0,0,0,0,0,0,0,0,0,0,0,0,0,0,0,0,0,0,0,0,0,0,0,0,0,0,0,0,0,0,0,0,0,0,0,0,0,0,0,0,0,0,0,0,0,0,0,0,0,0,0,0
Annelida sp.,99.67,0,0,0,0,0,0,0,0,0,0,0,0,0,0,0,0,0,0,0,0,0,0,0,0,0,0,0,0,0,0,0,0,0,0,0,0,0,0,0,0,0,0,0,0,0,303,0,2092,1441,0,0,0,0,0,0,0,0,0,0,0,0,0,0,0,0,0,0,0,0,0,0,0,0,0,0,0,0,0,0,0,0,0,0,0,0,0,0,0,0,0,0,0,0,0,0,0
Annelida sp.,99.67,0,0,0,0,0,0,0,0,0,0,0,0,0,0,0,0,0,0,0,0,0,0,0,0,0,0,0,0,0,0,0,0,0,0,0,0,0,0,0,0,0,0,0,0,0,303,0,2092,1441,0,0,0,0,0,0,0,0,0,0,0,0,0,0,0,0,0,0,0,0,0,0,0,0,0,0,0,0,0,0,0,0,0,0,0,0,0,0,0,0,0,0,0,0,0,0,0
Golfingia sp.,99.338,0,0,0,0,0,0,0,0,0,0,0,0,0,0,0,0,0,0,0,0,0,0,0,0,0,0,0,0,0,0,0,0,0,0,0,0,0,0,0,0,0,0,0,0,0,303,0,2092,1441,0,0,0,0,0,0,0,0,0,0,0,0,0,0,0,0,0,0,0,0,0,0,0,0,0,0,0,0,0,0,0,0,0,0,0,0,0,0,0,0,0,0,0,0,0,0,0
Bathycoccus prasinos,98.013,0,0,0,0,0,0,0,0,0,217,205,129,266,116,215,0,0,93,87,105,97,0,0,0,0,0,0,38,149,15,0,103,0,0,0,104,362,0,0,57,0,0,0,0,0,0,0,0,0,0,0,0,0,0,0,0,0,0,0,0,0,0,0,0,0,0,0,0,0,0,0,0,0,0,0,0,0,0,0,0,0,554,609,0,227,0,0,0,0,0,0,0,60,0,0,0
Bathycoccus prasinos,98.013,0,0,0,0,0,0,0,0,0,217,205,129,266,116,215,0,0,93,87,105,97,0,0,0,0,0,0,38,149,15,0,103,0,0,0,104,362,0,0,57,0,0,0,0,0,0,0,0,0,0,0,0,0,0,0,0,0,0,0,0,0,0,0,0,0,0,0,0,0,0,0,0,0,0,0,0,0,0,0,0,0,554,609,0,227,0,0,0,0,0,0,0,60,0,0,0
Bathycoccus prasinos,98.013,0,0,0,0,0,0,0,0,0,217,205,129,266,116,215,0,0,93,87,105,97,0,0,0,0,0,0,38,149,15,0,103,0,0,0,104,362,0,0,57,0,0,0,0,0,0,0,0,0,0,0,0,0,0,0,0,0,0,0,0,0,0,0,0,0,0,0,0,0,0,0,0,0,0,0,0,0,0,0,0,0,554,609,0,227,0,0,0,0,0,0,0,60,0,0,0
Bathycoccus prasinos,98.013,0,0,0,0,0,0,0,0,0,217,205,129,266,116,215,0,0,93,87,105,97,0,0,0,0,0,0,38,149,15,0,103,0,0,0,104,362,0,0,57,0,0,0,0,0,0,0,0,0,0,0,0,0,0,0,0,0,0,0,0,0,0,0,0,0,0,0,0,0,0,0,0,0,0,0,0,0,0,0,0,0,554,609,0,227,0,0,0,0,0,0,0,60,0,0,0
Bathycoccus prasinos,98.013,0,0,0,0,0,0,0,0,0,217,205,129,266,116,215,0,0,93,87,105,97,0,0,0,0,0,0,38,149,15,0,103,0,0,0,104,362,0,0,57,0,0,0,0,0,0,0,0,0,0,0,0,0,0,0,0,0,0,0,0,0,0,0,0,0,0,0,0,0,0,0,0,0,0,0,0,0,0,0,0,0,554,609,0,227,0,0,0,0,0,0,0,60,0,0,0
Ammodytes dubius,100,0,0,0,0,0,0,0,0,0,0,0,0,0,0,0,0,0,0,0,0,0,0,0,0,0,0,0,0,0,0,0,0,0,0,0,415,2430,0,0,0,0,0,0,0,0,0,0,0,0,0,0,410,533,0,0,0,0,0,0,0,0,0,0,0,0,0,0,0,0,0,0,0,0,0,0,0,0,0,0,0,0,0,0,0,0,0,0,0,0,0,0,0,0,0,0,0
Ammodytes dubius,100,0,0,0,0,0,0,0,0,0,0,0,0,0,0,0,0,0,0,0,0,0,0,0,0,0,0,0,0,0,0,0,0,0,0,0,415,2430,0,0,0,0,0,0,0,0,0,0,0,0,0,0,410,533,0,0,0,0,0,0,0,0,0,0,0,0,0,0,0,0,0,0,0,0,0,0,0,0,0,0,0,0,0,0,0,0,0,0,0,0,0,0,0,0,0,0,0
Ammodytes dubius,100,0,0,0,0,0,0,0,0,0,0,0,0,0,0,0,0,0,0,0,0,0,0,0,0,0,0,0,0,0,0,0,0,0,0,0,415,2430,0,0,0,0,0,0,0,0,0,0,0,0,0,0,410,533,0,0,0,0,0,0,0,0,0,0,0,0,0,0,0,0,0,0,0,0,0,0,0,0,0,0,0,0,0,0,0,0,0,0,0,0,0,0,0,0,0,0,0
Ammodytes dubius,100,0,0,0,0,0,0,0,0,0,0,0,0,0,0,0,0,0,0,0,0,0,0,0,0,0,0,0,0,0,0,0,0,0,0,0,415,2430,0,0,0,0,0,0,0,0,0,0,0,0,0,0,410,533,0,0,0,0,0,0,0,0,0,0,0,0,0,0,0,0,0,0,0,0,0,0,0,0,0,0,0,0,0,0,0,0,0,0,0,0,0,0,0,0,0,0,0
Ammodytes dubius,100,0,0,0,0,0,0,0,0,0,0,0,0,0,0,0,0,0,0,0,0,0,0,0,0,0,0,0,0,0,0,0,0,0,0,0,415,2430,0,0,0,0,0,0,0,0,0,0,0,0,0,0,410,533,0,0,0,0,0,0,0,0,0,0,0,0,0,0,0,0,0,0,0,0,0,0,0,0,0,0,0,0,0,0,0,0,0,0,0,0,0,0,0,0,0,0,0
Mitrocomella polydiademata,99.67,0,0,0,0,0,0,0,0,0,33,0,0,0,3667,0,0,0,38,0,0,0,0,0,0,0,0,0,0,0,0,0,0,0,0,0,0,0,0,0,0,0,0,0,0,0,0,0,0,0,0,0,0,0,0,0,0,0,0,0,0,0,0,0,0,0,0,0,0,0,0,0,0,0,0,0,0,0,0,0,0,0,0,0,0,0,0,0,0,0,0,0,0,0,0,0,0
Mitrocomella polydiademata,99.67,0,0,0,0,0,0,0,0,0,33,0,0,0,3667,0,0,0,38,0,0,0,0,0,0,0,0,0,0,0,0,0,0,0,0,0,0,0,0,0,0,0,0,0,0,0,0,0,0,0,0,0,0,0,0,0,0,0,0,0,0,0,0,0,0,0,0,0,0,0,0,0,0,0,0,0,0,0,0,0,0,0,0,0,0,0,0,0,0,0,0,0,0,0,0,0,0
Mitrocomella polydiademata,99.669,0,0,0,0,0,0,0,0,0,33,0,0,0,3667,0,0,0,38,0,0,0,0,0,0,0,0,0,0,0,0,0,0,0,0,0,0,0,0,0,0,0,0,0,0,0,0,0,0,0,0,0,0,0,0,0,0,0,0,0,0,0,0,0,0,0,0,0,0,0,0,0,0,0,0,0,0,0,0,0,0,0,0,0,0,0,0,0,0,0,0,0,0,0,0,0,0
Mitrocomella polydiademata,99.34,0,0,0,0,0,0,0,0,0,33,0,0,0,3667,0,0,0,38,0,0,0,0,0,0,0,0,0,0,0,0,0,0,0,0,0,0,0,0,0,0,0,0,0,0,0,0,0,0,0,0,0,0,0,0,0,0,0,0,0,0,0,0,0,0,0,0,0,0,0,0,0,0,0,0,0,0,0,0,0,0,0,0,0,0,0,0,0,0,0,0,0,0,0,0,0,0
Mitrocomella polydiademata,99.34,0,0,0,0,0,0,0,0,0,33,0,0,0,3667,0,0,0,38,0,0,0,0,0,0,0,0,0,0,0,0,0,0,0,0,0,0,0,0,0,0,0,0,0,0,0,0,0,0,0,0,0,0,0,0,0,0,0,0,0,0,0,0,0,0,0,0,0,0,0,0,0,0,0,0,0,0,0,0,0,0,0,0,0,0,0,0,0,0,0,0,0,0,0,0,0,0
Bathycoccus prasinos,99.67,0,0,0,0,0,0,0,0,0,537,364,324,421,144,213,179,154,0,158,248,294,0,0,0,0,0,0,0,0,0,0,0,0,0,0,0,0,0,0,0,0,0,0,0,0,0,0,0,0,0,0,0,0,0,0,0,0,0,0,0,0,0,0,0,0,0,0,0,0,0,0,0,0,0,0,0,0,0,0,0,0,271,357,0,0,0,0,0,0,0,0,0,0,0,0,0
Bathycoccus prasinos,99.67,0,0,0,0,0,0,0,0,0,537,364,324,421,144,213,179,154,0,158,248,294,0,0,0,0,0,0,0,0,0,0,0,0,0,0,0,0,0,0,0,0,0,0,0,0,0,0,0,0,0,0,0,0,0,0,0,0,0,0,0,0,0,0,0,0,0,0,0,0,0,0,0,0,0,0,0,0,0,0,0,0,271,357,0,0,0,0,0,0,0,0,0,0,0,0,0
Bathycoccus prasinos,99.67,0,0,0,0,0,0,0,0,0,537,364,324,421,144,213,179,154,0,158,248,294,0,0,0,0,0,0,0,0,0,0,0,0,0,0,0,0,0,0,0,0,0,0,0,0,0,0,0,0,0,0,0,0,0,0,0,0,0,0,0,0,0,0,0,0,0,0,0,0,0,0,0,0,0,0,0,0,0,0,0,0,271,357,0,0,0,0,0,0,0,0,0,0,0,0,0
Bathycoccus prasinos,99.67,0,0,0,0,0,0,0,0,0,537,364,324,421,144,213,179,154,0,158,248,294,0,0,0,0,0,0,0,0,0,0,0,0,0,0,0,0,0,0,0,0,0,0,0,0,0,0,0,0,0,0,0,0,0,0,0,0,0,0,0,0,0,0,0,0,0,0,0,0,0,0,0,0,0,0,0,0,0,0,0,0,271,357,0,0,0,0,0,0,0,0,0,0,0,0,0
Bathycoccus prasinos,99.67,0,0,0,0,0,0,0,0,0,537,364,324,421,144,213,179,154,0,158,248,294,0,0,0,0,0,0,0,0,0,0,0,0,0,0,0,0,0,0,0,0,0,0,0,0,0,0,0,0,0,0,0,0,0,0,0,0,0,0,0,0,0,0,0,0,0,0,0,0,0,0,0,0,0,0,0,0,0,0,0,0,271,357,0,0,0,0,0,0,0,0,0,0,0,0,0
Melinna cristata,100,0,0,0,0,0,0,0,0,0,0,0,0,0,0,0,0,0,0,0,0,0,0,0,0,0,0,0,0,0,0,0,0,0,0,0,0,0,0,0,0,0,0,0,0,0,34,0,402,422,1679,979,0,0,0,0,0,0,0,0,0,0,0,0,0,0,0,0,0,0,0,0,0,0,0,0,0,0,0,0,0,0,0,0,0,0,0,0,0,0,0,0,0,0,0,0,0
Melinna cristata,100,0,0,0,0,0,0,0,0,0,0,0,0,0,0,0,0,0,0,0,0,0,0,0,0,0,0,0,0,0,0,0,0,0,0,0,0,0,0,0,0,0,0,0,0,0,34,0,402,422,1679,979,0,0,0,0,0,0,0,0,0,0,0,0,0,0,0,0,0,0,0,0,0,0,0,0,0,0,0,0,0,0,0,0,0,0,0,0,0,0,0,0,0,0,0,0,0
Melinna cristata,100,0,0,0,0,0,0,0,0,0,0,0,0,0,0,0,0,0,0,0,0,0,0,0,0,0,0,0,0,0,0,0,0,0,0,0,0,0,0,0,0,0,0,0,0,0,34,0,402,422,1679,979,0,0,0,0,0,0,0,0,0,0,0,0,0,0,0,0,0,0,0,0,0,0,0,0,0,0,0,0,0,0,0,0,0,0,0,0,0,0,0,0,0,0,0,0,0
Melinna cristata,100,0,0,0,0,0,0,0,0,0,0,0,0,0,0,0,0,0,0,0,0,0,0,0,0,0,0,0,0,0,0,0,0,0,0,0,0,0,0,0,0,0,0,0,0,0,34,0,402,422,1679,979,0,0,0,0,0,0,0,0,0,0,0,0,0,0,0,0,0,0,0,0,0,0,0,0,0,0,0,0,0,0,0,0,0,0,0,0,0,0,0,0,0,0,0,0,0
Melinna cristata,100,0,0,0,0,0,0,0,0,0,0,0,0,0,0,0,0,0,0,0,0,0,0,0,0,0,0,0,0,0,0,0,0,0,0,0,0,0,0,0,0,0,0,0,0,0,34,0,402,422,1679,979,0,0,0,0,0,0,0,0,0,0,0,0,0,0,0,0,0,0,0,0,0,0,0,0,0,0,0,0,0,0,0,0,0,0,0,0,0,0,0,0,0,0,0,0,0
Iophon sp. 1 PRT-2020,97.895,0,0,0,0,0,0,0,0,0,47,49,0,0,0,0,0,0,106,59,65,74,0,0,0,0,0,0,1585,634,0,0,0,0,0,0,0,0,0,0,0,0,0,0,0,0,217,283,34,120,0,0,0,0,0,0,0,0,0,0,0,0,0,0,0,0,0,0,0,0,0,0,0,0,0,0,0,0,0,0,0,0,98,131,0,0,0,0,0,0,0,0,0,0,0,0,0
Pseudocalanus minutus,99.67,0,0,0,0,0,0,0,0,0,0,0,0,0,0,0,0,0,0,0,0,0,0,0,0,0,0,0,0,0,683,0,0,0,0,0,0,0,0,0,0,0,0,0,2770,0,0,0,0,0,0,0,0,0,0,0,0,0,0,0,0,0,0,0,0,0,0,0,0,0,0,0,0,0,0,0,0,0,0,0,0,0,0,0,0,0,0,0,0,0,0,0,0,0,0,0,0
Pseudocalanus minutus,99.67,0,0,0,0,0,0,0,0,0,0,0,0,0,0,0,0,0,0,0,0,0,0,0,0,0,0,0,0,0,683,0,0,0,0,0,0,0,0,0,0,0,0,0,2770,0,0,0,0,0,0,0,0,0,0,0,0,0,0,0,0,0,0,0,0,0,0,0,0,0,0,0,0,0,0,0,0,0,0,0,0,0,0,0,0,0,0,0,0,0,0,0,0,0,0,0,0
Pseudocalanus minutus,99.669,0,0,0,0,0,0,0,0,0,0,0,0,0,0,0,0,0,0,0,0,0,0,0,0,0,0,0,0,0,683,0,0,0,0,0,0,0,0,0,0,0,0,0,2770,0,0,0,0,0,0,0,0,0,0,0,0,0,0,0,0,0,0,0,0,0,0,0,0,0,0,0,0,0,0,0,0,0,0,0,0,0,0,0,0,0,0,0,0,0,0,0,0,0,0,0,0
Pseudocalanus minutus,99.667,0,0,0,0,0,0,0,0,0,0,0,0,0,0,0,0,0,0,0,0,0,0,0,0,0,0,0,0,0,683,0,0,0,0,0,0,0,0,0,0,0,0,0,2770,0,0,0,0,0,0,0,0,0,0,0,0,0,0,0,0,0,0,0,0,0,0,0,0,0,0,0,0,0,0,0,0,0,0,0,0,0,0,0,0,0,0,0,0,0,0,0,0,0,0,0,0
Pseudocalanus minutus,99.667,0,0,0,0,0,0,0,0,0,0,0,0,0,0,0,0,0,0,0,0,0,0,0,0,0,0,0,0,0,683,0,0,0,0,0,0,0,0,0,0,0,0,0,2770,0,0,0,0,0,0,0,0,0,0,0,0,0,0,0,0,0,0,0,0,0,0,0,0,0,0,0,0,0,0,0,0,0,0,0,0,0,0,0,0,0,0,0,0,0,0,0,0,0,0,0,0
Polygordius jouinae,98.02,0,0,0,0,0,0,0,0,0,0,0,0,0,0,0,0,3422,0,0,0,0,0,0,0,0,0,0,0,0,0,0,0,0,0,0,0,0,0,0,0,0,0,0,0,0,0,0,0,0,0,0,0,0,0,0,0,0,0,0,0,0,0,0,0,0,0,0,0,0,0,0,0,0,0,0,0,0,0,0,0,0,0,0,0,0,0,0,0,0,0,0,0,0,0,0,0
Polygordius jouinae,99.308,0,0,0,0,0,0,0,0,0,0,0,0,0,0,0,0,3422,0,0,0,0,0,0,0,0,0,0,0,0,0,0,0,0,0,0,0,0,0,0,0,0,0,0,0,0,0,0,0,0,0,0,0,0,0,0,0,0,0,0,0,0,0,0,0,0,0,0,0,0,0,0,0,0,0,0,0,0,0,0,0,0,0,0,0,0,0,0,0,0,0,0,0,0,0,0,0
Polygordius jouinae,98.639,0,0,0,0,0,0,0,0,0,0,0,0,0,0,0,0,3422,0,0,0,0,0,0,0,0,0,0,0,0,0,0,0,0,0,0,0,0,0,0,0,0,0,0,0,0,0,0,0,0,0,0,0,0,0,0,0,0,0,0,0,0,0,0,0,0,0,0,0,0,0,0,0,0,0,0,0,0,0,0,0,0,0,0,0,0,0,0,0,0,0,0,0,0,0,0,0
Polygordius jouinae,98.962,0,0,0,0,0,0,0,0,0,0,0,0,0,0,0,0,3422,0,0,0,0,0,0,0,0,0,0,0,0,0,0,0,0,0,0,0,0,0,0,0,0,0,0,0,0,0,0,0,0,0,0,0,0,0,0,0,0,0,0,0,0,0,0,0,0,0,0,0,0,0,0,0,0,0,0,0,0,0,0,0,0,0,0,0,0,0,0,0,0,0,0,0,0,0,0,0
Polygordius jouinae,98.962,0,0,0,0,0,0,0,0,0,0,0,0,0,0,0,0,3422,0,0,0,0,0,0,0,0,0,0,0,0,0,0,0,0,0,0,0,0,0,0,0,0,0,0,0,0,0,0,0,0,0,0,0,0,0,0,0,0,0,0,0,0,0,0,0,0,0,0,0,0,0,0,0,0,0,0,0,0,0,0,0,0,0,0,0,0,0,0,0,0,0,0,0,0,0,0,0
Stephanauge nexilis,100,0,0,0,0,0,0,0,0,0,0,0,0,0,0,0,0,0,0,0,0,0,0,0,0,78,0,0,0,0,0,0,0,0,0,0,0,0,0,0,0,0,0,0,10,91,0,0,0,0,0,0,0,0,0,0,0,0,0,0,0,0,0,0,0,0,0,0,0,0,0,996,854,606,456,90,0,119,0,0,0,0,0,0,6,0,14,0,0,11,0,6,0,0,0,0,0
Stephanauge nexilis,100,0,0,0,0,0,0,0,0,0,0,0,0,0,0,0,0,0,0,0,0,0,0,0,0,78,0,0,0,0,0,0,0,0,0,0,0,0,0,0,0,0,0,0,10,91,0,0,0,0,0,0,0,0,0,0,0,0,0,0,0,0,0,0,0,0,0,0,0,0,0,996,854,606,456,90,0,119,0,0,0,0,0,0,6,0,14,0,0,11,0,6,0,0,0,0,0
Pantachogon haeckeli,100,0,0,0,0,0,0,0,0,0,0,0,0,0,0,0,0,0,0,0,0,0,0,0,0,78,0,0,0,0,0,0,0,0,0,0,0,0,0,0,0,0,0,0,10,91,0,0,0,0,0,0,0,0,0,0,0,0,0,0,0,0,0,0,0,0,0,0,0,0,0,996,854,606,456,90,0,119,0,0,0,0,0,0,6,0,14,0,0,11,0,6,0,0,0,0,0
Sphaeronectes sp.,100,0,0,0,0,0,0,0,0,0,0,0,0,0,0,0,0,0,0,0,0,0,0,0,0,18,0,0,0,0,0,0,0,0,0,0,0,0,0,0,0,0,0,0,0,0,0,0,0,0,0,0,0,0,0,0,0,0,0,0,0,0,0,0,0,0,0,0,0,0,0,0,0,0,0,0,0,0,0,0,3257,0,0,0,0,0,0,0,0,0,0,0,0,0,0,0,0
Scoloplos acutus,99.667,0,0,0,0,0,0,0,0,0,0,0,0,0,0,0,0,0,0,0,0,0,0,0,0,0,0,0,0,0,0,0,0,0,0,0,0,0,0,0,0,0,0,0,0,0,88,0,1581,1505,0,0,37,40,0,0,0,0,0,0,0,0,0,0,0,0,0,0,0,0,0,0,0,0,0,0,0,0,0,0,0,0,0,0,0,0,0,0,0,0,0,0,0,0,0,0,0
Scoloplos acutus,99.01,0,0,0,0,0,0,0,0,0,0,0,0,0,0,0,0,0,0,0,0,0,0,0,0,0,0,0,0,0,0,0,0,0,0,0,0,0,0,0,0,0,0,0,0,0,88,0,1581,1505,0,0,37,40,0,0,0,0,0,0,0,0,0,0,0,0,0,0,0,0,0,0,0,0,0,0,0,0,0,0,0,0,0,0,0,0,0,0,0,0,0,0,0,0,0,0,0
Scoloplos acutus,99.01,0,0,0,0,0,0,0,0,0,0,0,0,0,0,0,0,0,0,0,0,0,0,0,0,0,0,0,0,0,0,0,0,0,0,0,0,0,0,0,0,0,0,0,0,0,88,0,1581,1505,0,0,37,40,0,0,0,0,0,0,0,0,0,0,0,0,0,0,0,0,0,0,0,0,0,0,0,0,0,0,0,0,0,0,0,0,0,0,0,0,0,0,0,0,0,0,0
Bathycoccus prasinos,99.67,0,0,0,0,0,0,0,0,0,0,0,0,0,0,0,0,0,0,0,0,0,0,0,0,269,0,0,0,0,0,0,0,141,505,327,0,0,0,0,0,0,0,0,0,0,0,0,0,0,0,0,0,0,0,77,0,0,0,0,0,0,0,0,0,0,0,0,0,0,0,0,0,0,0,0,0,0,0,0,0,0,0,0,159,268,0,177,124,320,273,238,180,176,0,0,0
Bathycoccus prasinos,99.67,0,0,0,0,0,0,0,0,0,0,0,0,0,0,0,0,0,0,0,0,0,0,0,0,269,0,0,0,0,0,0,0,141,505,327,0,0,0,0,0,0,0,0,0,0,0,0,0,0,0,0,0,0,0,77,0,0,0,0,0,0,0,0,0,0,0,0,0,0,0,0,0,0,0,0,0,0,0,0,0,0,0,0,159,268,0,177,124,320,273,238,180,176,0,0,0
Bathycoccus prasinos,99.67,0,0,0,0,0,0,0,0,0,0,0,0,0,0,0,0,0,0,0,0,0,0,0,0,269,0,0,0,0,0,0,0,141,505,327,0,0,0,0,0,0,0,0,0,0,0,0,0,0,0,0,0,0,0,77,0,0,0,0,0,0,0,0,0,0,0,0,0,0,0,0,0,0,0,0,0,0,0,0,0,0,0,0,159,268,0,177,124,320,273,238,180,176,0,0,0
Bathycoccus prasinos,99.67,0,0,0,0,0,0,0,0,0,0,0,0,0,0,0,0,0,0,0,0,0,0,0,0,269,0,0,0,0,0,0,0,141,505,327,0,0,0,0,0,0,0,0,0,0,0,0,0,0,0,0,0,0,0,77,0,0,0,0,0,0,0,0,0,0,0,0,0,0,0,0,0,0,0,0,0,0,0,0,0,0,0,0,159,268,0,177,124,320,273,238,180,176,0,0,0
Bathycoccus prasinos,99.67,0,0,0,0,0,0,0,0,0,0,0,0,0,0,0,0,0,0,0,0,0,0,0,0,269,0,0,0,0,0,0,0,141,505,327,0,0,0,0,0,0,0,0,0,0,0,0,0,0,0,0,0,0,0,77,0,0,0,0,0,0,0,0,0,0,0,0,0,0,0,0,0,0,0,0,0,0,0,0,0,0,0,0,159,268,0,177,124,320,273,238,180,176,0,0,0
Paragorgia arborea,100,0,0,0,0,0,0,0,0,0,0,0,0,0,0,0,0,0,0,0,0,0,0,0,0,0,0,0,0,0,0,0,0,0,0,0,0,0,0,0,0,0,0,0,496,734,0,0,0,0,0,0,0,0,0,0,0,0,0,0,0,0,0,0,0,0,0,0,0,0,0,472,908,168,388,0,0,0,0,0,0,0,0,0,0,0,10,0,0,0,0,0,0,0,0,0,0
Paragorgia arborea,100,0,0,0,0,0,0,0,0,0,0,0,0,0,0,0,0,0,0,0,0,0,0,0,0,0,0,0,0,0,0,0,0,0,0,0,0,0,0,0,0,0,0,0,496,734,0,0,0,0,0,0,0,0,0,0,0,0,0,0,0,0,0,0,0,0,0,0,0,0,0,472,908,168,388,0,0,0,0,0,0,0,0,0,0,0,10,0,0,0,0,0,0,0,0,0,0
Paragorgia sp.,99.34,0,0,0,0,0,0,0,0,0,0,0,0,0,0,0,0,0,0,0,0,0,0,0,0,0,0,0,0,0,0,0,0,0,0,0,0,0,0,0,0,0,0,0,496,734,0,0,0,0,0,0,0,0,0,0,0,0,0,0,0,0,0,0,0,0,0,0,0,0,0,472,908,168,388,0,0,0,0,0,0,0,0,0,0,0,10,0,0,0,0,0,0,0,0,0,0
Paragorgia coralloides,99.34,0,0,0,0,0,0,0,0,0,0,0,0,0,0,0,0,0,0,0,0,0,0,0,0,0,0,0,0,0,0,0,0,0,0,0,0,0,0,0,0,0,0,0,496,734,0,0,0,0,0,0,0,0,0,0,0,0,0,0,0,0,0,0,0,0,0,0,0,0,0,472,908,168,388,0,0,0,0,0,0,0,0,0,0,0,10,0,0,0,0,0,0,0,0,0,0
Paragorgia coralloides,99.34,0,0,0,0,0,0,0,0,0,0,0,0,0,0,0,0,0,0,0,0,0,0,0,0,0,0,0,0,0,0,0,0,0,0,0,0,0,0,0,0,0,0,0,496,734,0,0,0,0,0,0,0,0,0,0,0,0,0,0,0,0,0,0,0,0,0,0,0,0,0,472,908,168,388,0,0,0,0,0,0,0,0,0,0,0,10,0,0,0,0,0,0,0,0,0,0
Polychaeta sp. BOLD:ACQ8109,99.67,0,0,0,0,0,0,0,0,0,0,0,0,0,0,0,0,3126,0,0,0,0,0,0,0,0,0,0,0,0,0,0,0,0,0,0,0,0,0,0,0,0,0,0,0,0,0,0,0,0,0,0,0,0,0,0,0,0,0,0,0,0,0,0,0,0,0,0,0,0,0,0,0,0,0,0,0,0,0,0,0,0,0,0,0,0,0,0,0,0,0,0,0,0,0,0,0
Polychaeta sp. BOLD:ACQ8109,99.67,0,0,0,0,0,0,0,0,0,0,0,0,0,0,0,0,3126,0,0,0,0,0,0,0,0,0,0,0,0,0,0,0,0,0,0,0,0,0,0,0,0,0,0,0,0,0,0,0,0,0,0,0,0,0,0,0,0,0,0,0,0,0,0,0,0,0,0,0,0,0,0,0,0,0,0,0,0,0,0,0,0,0,0,0,0,0,0,0,0,0,0,0,0,0,0,0
Polychaeta sp. BOLD:ACQ8109,99.652,0,0,0,0,0,0,0,0,0,0,0,0,0,0,0,0,3126,0,0,0,0,0,0,0,0,0,0,0,0,0,0,0,0,0,0,0,0,0,0,0,0,0,0,0,0,0,0,0,0,0,0,0,0,0,0,0,0,0,0,0,0,0,0,0,0,0,0,0,0,0,0,0,0,0,0,0,0,0,0,0,0,0,0,0,0,0,0,0,0,0,0,0,0,0,0,0
Polychaeta sp. BOLD:ACQ8109,99.306,0,0,0,0,0,0,0,0,0,0,0,0,0,0,0,0,3126,0,0,0,0,0,0,0,0,0,0,0,0,0,0,0,0,0,0,0,0,0,0,0,0,0,0,0,0,0,0,0,0,0,0,0,0,0,0,0,0,0,0,0,0,0,0,0,0,0,0,0,0,0,0,0,0,0,0,0,0,0,0,0,0,0,0,0,0,0,0,0,0,0,0,0,0,0,0,0
Polychaeta sp. BOLD:ACQ8109,99.301,0,0,0,0,0,0,0,0,0,0,0,0,0,0,0,0,3126,0,0,0,0,0,0,0,0,0,0,0,0,0,0,0,0,0,0,0,0,0,0,0,0,0,0,0,0,0,0,0,0,0,0,0,0,0,0,0,0,0,0,0,0,0,0,0,0,0,0,0,0,0,0,0,0,0,0,0,0,0,0,0,0,0,0,0,0,0,0,0,0,0,0,0,0,0,0,0
Bathycoccus prasinos,98.344,0,0,0,0,0,0,0,0,0,226,103,178,86,85,47,0,0,0,0,107,96,0,0,0,0,0,0,0,174,0,0,0,66,0,0,79,55,220,292,0,166,0,0,0,0,0,0,0,0,0,0,82,118,0,0,0,0,0,0,0,0,0,0,0,0,0,0,0,0,0,0,0,0,0,0,0,0,0,0,0,0,198,352,0,168,0,0,61,0,0,103,0,61,0,0,0
Bathycoccus prasinos,98.013,0,0,0,0,0,0,0,0,0,226,103,178,86,85,47,0,0,0,0,107,96,0,0,0,0,0,0,0,174,0,0,0,66,0,0,79,55,220,292,0,166,0,0,0,0,0,0,0,0,0,0,82,118,0,0,0,0,0,0,0,0,0,0,0,0,0,0,0,0,0,0,0,0,0,0,0,0,0,0,0,0,198,352,0,168,0,0,61,0,0,103,0,61,0,0,0
Bathycoccus prasinos,98.013,0,0,0,0,0,0,0,0,0,226,103,178,86,85,47,0,0,0,0,107,96,0,0,0,0,0,0,0,174,0,0,0,66,0,0,79,55,220,292,0,166,0,0,0,0,0,0,0,0,0,0,82,118,0,0,0,0,0,0,0,0,0,0,0,0,0,0,0,0,0,0,0,0,0,0,0,0,0,0,0,0,198,352,0,168,0,0,61,0,0,103,0,61,0,0,0
Bathycoccus prasinos,98.013,0,0,0,0,0,0,0,0,0,226,103,178,86,85,47,0,0,0,0,107,96,0,0,0,0,0,0,0,174,0,0,0,66,0,0,79,55,220,292,0,166,0,0,0,0,0,0,0,0,0,0,82,118,0,0,0,0,0,0,0,0,0,0,0,0,0,0,0,0,0,0,0,0,0,0,0,0,0,0,0,0,198,352,0,168,0,0,61,0,0,103,0,61,0,0,0
Bathycoccus prasinos,98.013,0,0,0,0,0,0,0,0,0,226,103,178,86,85,47,0,0,0,0,107,96,0,0,0,0,0,0,0,174,0,0,0,66,0,0,79,55,220,292,0,166,0,0,0,0,0,0,0,0,0,0,82,118,0,0,0,0,0,0,0,0,0,0,0,0,0,0,0,0,0,0,0,0,0,0,0,0,0,0,0,0,198,352,0,168,0,0,61,0,0,103,0,61,0,0,0
Halopsis ocellata,100,0,0,0,0,0,0,0,0,0,0,6,81,0,0,0,0,26,5,75,220,22,0,0,887,0,71,0,1039,0,0,0,24,0,0,5,0,83,13,18,19,0,21,0,0,0,5,0,0,0,232,0,0,0,6,65,0,0,0,0,0,0,0,0,0,0,0,0,0,0,0,0,0,0,0,0,0,0,0,0,0,0,0,0,5,0,0,0,110,33,0,0,0,0,0,0,0
Halopsis ocellata,100,0,0,0,0,0,0,0,0,0,0,6,81,0,0,0,0,26,5,75,220,22,0,0,887,0,71,0,1039,0,0,0,24,0,0,5,0,83,13,18,19,0,21,0,0,0,5,0,0,0,232,0,0,0,6,65,0,0,0,0,0,0,0,0,0,0,0,0,0,0,0,0,0,0,0,0,0,0,0,0,0,0,0,0,5,0,0,0,110,33,0,0,0,0,0,0,0
Halopsis ocellata,100,0,0,0,0,0,0,0,0,0,0,6,81,0,0,0,0,26,5,75,220,22,0,0,887,0,71,0,1039,0,0,0,24,0,0,5,0,83,13,18,19,0,21,0,0,0,5,0,0,0,232,0,0,0,6,65,0,0,0,0,0,0,0,0,0,0,0,0,0,0,0,0,0,0,0,0,0,0,0,0,0,0,0,0,5,0,0,0,110,33,0,0,0,0,0,0,0
Halopsis ocellata,100,0,0,0,0,0,0,0,0,0,0,6,81,0,0,0,0,26,5,75,220,22,0,0,887,0,71,0,1039,0,0,0,24,0,0,5,0,83,13,18,19,0,21,0,0,0,5,0,0,0,232,0,0,0,6,65,0,0,0,0,0,0,0,0,0,0,0,0,0,0,0,0,0,0,0,0,0,0,0,0,0,0,0,0,5,0,0,0,110,33,0,0,0,0,0,0,0
Halopsis ocellata,100,0,0,0,0,0,0,0,0,0,0,6,81,0,0,0,0,26,5,75,220,22,0,0,887,0,71,0,1039,0,0,0,24,0,0,5,0,83,13,18,19,0,21,0,0,0,5,0,0,0,232,0,0,0,6,65,0,0,0,0,0,0,0,0,0,0,0,0,0,0,0,0,0,0,0,0,0,0,0,0,0,0,0,0,5,0,0,0,110,33,0,0,0,0,0,0,0
Ophiopholis aculeata,100,0,0,0,0,0,0,0,0,0,33,0,0,0,0,11,0,0,102,0,0,33,0,0,0,0,0,0,109,0,0,0,0,0,0,0,0,0,71,0,0,0,0,0,0,0,339,673,365,912,0,0,96,154,0,0,0,0,0,0,0,0,0,0,0,0,0,0,0,0,0,0,0,0,0,0,0,0,0,0,0,0,0,0,0,0,0,0,0,0,0,0,39,14,35,0,0
Ophiopholis aculeata,100,0,0,0,0,0,0,0,0,0,33,0,0,0,0,11,0,0,102,0,0,33,0,0,0,0,0,0,109,0,0,0,0,0,0,0,0,0,71,0,0,0,0,0,0,0,339,673,365,912,0,0,96,154,0,0,0,0,0,0,0,0,0,0,0,0,0,0,0,0,0,0,0,0,0,0,0,0,0,0,0,0,0,0,0,0,0,0,0,0,0,0,39,14,35,0,0
Ophiopholis aculeata,100,0,0,0,0,0,0,0,0,0,33,0,0,0,0,11,0,0,102,0,0,33,0,0,0,0,0,0,109,0,0,0,0,0,0,0,0,0,71,0,0,0,0,0,0,0,339,673,365,912,0,0,96,154,0,0,0,0,0,0,0,0,0,0,0,0,0,0,0,0,0,0,0,0,0,0,0,0,0,0,0,0,0,0,0,0,0,0,0,0,0,0,39,14,35,0,0
Ophiopholis aculeata,100,0,0,0,0,0,0,0,0,0,33,0,0,0,0,11,0,0,102,0,0,33,0,0,0,0,0,0,109,0,0,0,0,0,0,0,0,0,71,0,0,0,0,0,0,0,339,673,365,912,0,0,96,154,0,0,0,0,0,0,0,0,0,0,0,0,0,0,0,0,0,0,0,0,0,0,0,0,0,0,0,0,0,0,0,0,0,0,0,0,0,0,39,14,35,0,0
Ophiopholis aculeata,100,0,0,0,0,0,0,0,0,0,33,0,0,0,0,11,0,0,102,0,0,33,0,0,0,0,0,0,109,0,0,0,0,0,0,0,0,0,71,0,0,0,0,0,0,0,339,673,365,912,0,0,96,154,0,0,0,0,0,0,0,0,0,0,0,0,0,0,0,0,0,0,0,0,0,0,0,0,0,0,0,0,0,0,0,0,0,0,0,0,0,0,39,14,35,0,0
Suberites sp.,100,0,0,0,0,0,0,0,0,0,0,0,0,0,0,0,0,0,0,0,0,0,0,0,0,0,0,0,0,0,0,0,0,0,0,0,0,0,0,0,0,0,0,0,20,0,0,0,0,0,0,0,1499,1351,0,0,0,0,0,0,0,0,0,0,0,0,0,0,0,0,0,0,0,0,0,0,0,0,0,0,0,0,0,0,0,0,0,0,0,0,0,0,0,0,0,0,0
Suberites spermatozoon,100,0,0,0,0,0,0,0,0,0,0,0,0,0,0,0,0,0,0,0,0,0,0,0,0,0,0,0,0,0,0,0,0,0,0,0,0,0,0,0,0,0,0,0,20,0,0,0,0,0,0,0,1499,1351,0,0,0,0,0,0,0,0,0,0,0,0,0,0,0,0,0,0,0,0,0,0,0,0,0,0,0,0,0,0,0,0,0,0,0,0,0,0,0,0,0,0,0
Suberites spermatozoon,100,0,0,0,0,0,0,0,0,0,0,0,0,0,0,0,0,0,0,0,0,0,0,0,0,0,0,0,0,0,0,0,0,0,0,0,0,0,0,0,0,0,0,0,20,0,0,0,0,0,0,0,1499,1351,0,0,0,0,0,0,0,0,0,0,0,0,0,0,0,0,0,0,0,0,0,0,0,0,0,0,0,0,0,0,0,0,0,0,0,0,0,0,0,0,0,0,0
Suberites virgultosa,100,0,0,0,0,0,0,0,0,0,0,0,0,0,0,0,0,0,0,0,0,0,0,0,0,0,0,0,0,0,0,0,0,0,0,0,0,0,0,0,0,0,0,0,20,0,0,0,0,0,0,0,1499,1351,0,0,0,0,0,0,0,0,0,0,0,0,0,0,0,0,0,0,0,0,0,0,0,0,0,0,0,0,0,0,0,0,0,0,0,0,0,0,0,0,0,0,0
Suberites sp.,99.67,0,0,0,0,0,0,0,0,0,0,0,0,0,0,0,0,0,0,0,0,0,0,0,0,0,0,0,0,0,0,0,0,0,0,0,0,0,0,0,0,0,0,0,20,0,0,0,0,0,0,0,1499,1351,0,0,0,0,0,0,0,0,0,0,0,0,0,0,0,0,0,0,0,0,0,0,0,0,0,0,0,0,0,0,0,0,0,0,0,0,0,0,0,0,0,0,0
Golfingia sp.,99.669,0,0,0,0,0,0,0,0,0,0,0,0,0,0,0,0,0,0,0,0,0,0,0,0,0,0,0,0,0,0,0,0,0,0,0,0,0,0,0,0,0,0,0,0,0,177,209,1168,1142,0,0,0,0,0,0,0,0,0,0,0,0,0,0,0,0,0,0,0,0,0,0,0,0,0,0,0,0,0,0,0,0,0,0,0,0,0,0,0,0,0,0,0,0,0,0,0
Annelida sp.,99.34,0,0,0,0,0,0,0,0,0,0,0,0,0,0,0,0,0,0,0,0,0,0,0,0,0,0,0,0,0,0,0,0,0,0,0,0,0,0,0,0,0,0,0,0,0,177,209,1168,1142,0,0,0,0,0,0,0,0,0,0,0,0,0,0,0,0,0,0,0,0,0,0,0,0,0,0,0,0,0,0,0,0,0,0,0,0,0,0,0,0,0,0,0,0,0,0,0
Annelida sp.,99.34,0,0,0,0,0,0,0,0,0,0,0,0,0,0,0,0,0,0,0,0,0,0,0,0,0,0,0,0,0,0,0,0,0,0,0,0,0,0,0,0,0,0,0,0,0,177,209,1168,1142,0,0,0,0,0,0,0,0,0,0,0,0,0,0,0,0,0,0,0,0,0,0,0,0,0,0,0,0,0,0,0,0,0,0,0,0,0,0,0,0,0,0,0,0,0,0,0
Spiophanes cf. kroyeri VVP-2020,100,0,0,0,0,0,0,0,0,0,0,0,0,0,0,0,0,0,0,33,0,0,0,0,0,0,0,186,0,0,0,0,0,0,0,0,0,0,0,0,0,0,0,0,257,291,502,1069,0,0,0,0,0,0,0,0,0,0,0,0,0,0,0,0,0,0,0,0,0,0,0,0,0,0,0,0,0,0,0,0,0,0,0,0,82,92,0,0,0,0,0,0,0,0,0,0,0
Spiophanes cf. kroyeri VVP-2020,99.669,0,0,0,0,0,0,0,0,0,0,0,0,0,0,0,0,0,0,33,0,0,0,0,0,0,0,186,0,0,0,0,0,0,0,0,0,0,0,0,0,0,0,0,257,291,502,1069,0,0,0,0,0,0,0,0,0,0,0,0,0,0,0,0,0,0,0,0,0,0,0,0,0,0,0,0,0,0,0,0,0,0,0,0,82,92,0,0,0,0,0,0,0,0,0,0,0
Spiophanes cf. kroyeri VVP-2020,99.669,0,0,0,0,0,0,0,0,0,0,0,0,0,0,0,0,0,0,33,0,0,0,0,0,0,0,186,0,0,0,0,0,0,0,0,0,0,0,0,0,0,0,0,257,291,502,1069,0,0,0,0,0,0,0,0,0,0,0,0,0,0,0,0,0,0,0,0,0,0,0,0,0,0,0,0,0,0,0,0,0,0,0,0,82,92,0,0,0,0,0,0,0,0,0,0,0
Spiophanes cf. kroyeri VVP-2020,99.669,0,0,0,0,0,0,0,0,0,0,0,0,0,0,0,0,0,0,33,0,0,0,0,0,0,0,186,0,0,0,0,0,0,0,0,0,0,0,0,0,0,0,0,257,291,502,1069,0,0,0,0,0,0,0,0,0,0,0,0,0,0,0,0,0,0,0,0,0,0,0,0,0,0,0,0,0,0,0,0,0,0,0,0,82,92,0,0,0,0,0,0,0,0,0,0,0
Annelida sp.,99.669,0,0,0,0,0,0,0,0,0,0,0,0,0,0,0,0,0,0,33,0,0,0,0,0,0,0,186,0,0,0,0,0,0,0,0,0,0,0,0,0,0,0,0,257,291,502,1069,0,0,0,0,0,0,0,0,0,0,0,0,0,0,0,0,0,0,0,0,0,0,0,0,0,0,0,0,0,0,0,0,0,0,0,0,82,92,0,0,0,0,0,0,0,0,0,0,0
Phacellophora camtschatica,100,0,0,0,0,0,0,0,0,0,0,0,225,0,0,0,0,0,0,0,0,0,0,0,0,0,0,0,0,0,14,8,0,0,0,0,0,0,0,0,0,0,266,364,53,58,0,7,0,0,66,0,0,0,269,587,0,0,0,0,0,0,0,0,0,0,0,0,0,0,0,0,21,0,14,0,0,93,0,0,251,0,0,8,0,0,0,0,0,0,0,28,0,14,57,106,0
Phacellophora camtschatica,99.67,0,0,0,0,0,0,0,0,0,0,0,225,0,0,0,0,0,0,0,0,0,0,0,0,0,0,0,0,0,14,8,0,0,0,0,0,0,0,0,0,0,266,364,53,58,0,7,0,0,66,0,0,0,269,587,0,0,0,0,0,0,0,0,0,0,0,0,0,0,0,0,21,0,14,0,0,93,0,0,251,0,0,8,0,0,0,0,0,0,0,28,0,14,57,106,0
Catablema sp.,99.34,0,0,0,0,0,0,0,0,0,0,0,0,0,0,0,22,0,0,0,0,0,0,0,0,0,0,224,0,0,19,0,0,0,0,0,0,0,0,0,0,0,0,0,0,0,110,395,196,134,645,482,42,238,0,0,0,0,0,0,0,0,0,0,0,0,0,0,0,0,0,0,0,0,0,0,0,0,0,0,0,0,0,0,0,0,0,0,0,0,0,0,0,0,0,0,0
Catablema multicirratum,99.01,0,0,0,0,0,0,0,0,0,0,0,0,0,0,0,22,0,0,0,0,0,0,0,0,0,0,224,0,0,19,0,0,0,0,0,0,0,0,0,0,0,0,0,0,0,110,395,196,134,645,482,42,238,0,0,0,0,0,0,0,0,0,0,0,0,0,0,0,0,0,0,0,0,0,0,0,0,0,0,0,0,0,0,0,0,0,0,0,0,0,0,0,0,0,0,0
Catablema vesicarium nodulosum,98.35,0,0,0,0,0,0,0,0,0,0,0,0,0,0,0,22,0,0,0,0,0,0,0,0,0,0,224,0,0,19,0,0,0,0,0,0,0,0,0,0,0,0,0,0,0,110,395,196,134,645,482,42,238,0,0,0,0,0,0,0,0,0,0,0,0,0,0,0,0,0,0,0,0,0,0,0,0,0,0,0,0,0,0,0,0,0,0,0,0,0,0,0,0,0,0,0
Catablema vesicarium nodulosum,98.35,0,0,0,0,0,0,0,0,0,0,0,0,0,0,0,22,0,0,0,0,0,0,0,0,0,0,224,0,0,19,0,0,0,0,0,0,0,0,0,0,0,0,0,0,0,110,395,196,134,645,482,42,238,0,0,0,0,0,0,0,0,0,0,0,0,0,0,0,0,0,0,0,0,0,0,0,0,0,0,0,0,0,0,0,0,0,0,0,0,0,0,0,0,0,0,0
Catablema vesicarium,98.35,0,0,0,0,0,0,0,0,0,0,0,0,0,0,0,22,0,0,0,0,0,0,0,0,0,0,224,0,0,19,0,0,0,0,0,0,0,0,0,0,0,0,0,0,0,110,395,196,134,645,482,42,238,0,0,0,0,0,0,0,0,0,0,0,0,0,0,0,0,0,0,0,0,0,0,0,0,0,0,0,0,0,0,0,0,0,0,0,0,0,0,0,0,0,0,0
Micromonas pusilla CCMP1545,100,0,0,0,0,0,0,0,0,0,302,226,115,168,150,158,45,74,25,39,104,111,0,0,0,0,0,28,18,52,0,0,22,0,46,9,0,18,35,24,0,0,0,0,0,0,14,0,19,0,0,0,0,18,5,0,0,0,0,0,0,0,0,0,0,0,0,0,0,0,0,0,0,0,25,0,0,0,0,0,0,0,126,278,23,11,0,0,0,20,12,52,0,22,0,0,0
Micromonas pusilla,100,0,0,0,0,0,0,0,0,0,302,226,115,168,150,158,45,74,25,39,104,111,0,0,0,0,0,28,18,52,0,0,22,0,46,9,0,18,35,24,0,0,0,0,0,0,14,0,19,0,0,0,0,18,5,0,0,0,0,0,0,0,0,0,0,0,0,0,0,0,0,0,0,0,25,0,0,0,0,0,0,0,126,278,23,11,0,0,0,20,12,52,0,22,0,0,0
Merluccius bilinearis,100,0,0,0,0,0,0,0,0,0,0,0,0,0,7,0,0,0,0,0,0,0,0,0,0,0,0,0,0,0,21,0,0,0,0,65,33,63,88,563,302,107,232,71,0,73,0,36,0,0,0,0,0,0,9,55,0,0,0,0,0,0,0,0,0,0,0,0,0,0,0,0,0,0,0,0,0,0,0,0,0,0,38,36,125,221,0,0,220,0,0,0,16,0,0,0,0
Merluccius bilinearis,100,0,0,0,0,0,0,0,0,0,0,0,0,0,7,0,0,0,0,0,0,0,0,0,0,0,0,0,0,0,21,0,0,0,0,65,33,63,88,563,302,107,232,71,0,73,0,36,0,0,0,0,0,0,9,55,0,0,0,0,0,0,0,0,0,0,0,0,0,0,0,0,0,0,0,0,0,0,0,0,0,0,38,36,125,221,0,0,220,0,0,0,16,0,0,0,0
Merluccius bilinearis,100,0,0,0,0,0,0,0,0,0,0,0,0,0,7,0,0,0,0,0,0,0,0,0,0,0,0,0,0,0,21,0,0,0,0,65,33,63,88,563,302,107,232,71,0,73,0,36,0,0,0,0,0,0,9,55,0,0,0,0,0,0,0,0,0,0,0,0,0,0,0,0,0,0,0,0,0,0,0,0,0,0,38,36,125,221,0,0,220,0,0,0,16,0,0,0,0
Merluccius bilinearis,100,0,0,0,0,0,0,0,0,0,0,0,0,0,7,0,0,0,0,0,0,0,0,0,0,0,0,0,0,0,21,0,0,0,0,65,33,63,88,563,302,107,232,71,0,73,0,36,0,0,0,0,0,0,9,55,0,0,0,0,0,0,0,0,0,0,0,0,0,0,0,0,0,0,0,0,0,0,0,0,0,0,38,36,125,221,0,0,220,0,0,0,16,0,0,0,0
Merluccius bilinearis,100,0,0,0,0,0,0,0,0,0,0,0,0,0,7,0,0,0,0,0,0,0,0,0,0,0,0,0,0,0,21,0,0,0,0,65,33,63,88,563,302,107,232,71,0,73,0,36,0,0,0,0,0,0,9,55,0,0,0,0,0,0,0,0,0,0,0,0,0,0,0,0,0,0,0,0,0,0,0,0,0,0,38,36,125,221,0,0,220,0,0,0,16,0,0,0,0
Bathycoccus prasinos,98.675,0,0,0,0,0,0,0,0,0,0,55,0,38,0,0,0,70,0,0,0,0,0,0,0,0,0,0,0,114,0,0,0,158,0,0,43,112,450,354,154,238,0,0,0,79,0,0,0,0,0,0,260,165,0,0,0,0,0,0,0,0,0,0,0,0,0,0,0,0,0,42,0,0,0,0,0,0,0,0,0,0,0,0,0,0,0,0,0,0,0,0,0,0,0,0,0
Bathycoccus prasinos,98.344,0,0,0,0,0,0,0,0,0,0,55,0,38,0,0,0,70,0,0,0,0,0,0,0,0,0,0,0,114,0,0,0,158,0,0,43,112,450,354,154,238,0,0,0,79,0,0,0,0,0,0,260,165,0,0,0,0,0,0,0,0,0,0,0,0,0,0,0,0,0,42,0,0,0,0,0,0,0,0,0,0,0,0,0,0,0,0,0,0,0,0,0,0,0,0,0
Bathycoccus prasinos,98.344,0,0,0,0,0,0,0,0,0,0,55,0,38,0,0,0,70,0,0,0,0,0,0,0,0,0,0,0,114,0,0,0,158,0,0,43,112,450,354,154,238,0,0,0,79,0,0,0,0,0,0,260,165,0,0,0,0,0,0,0,0,0,0,0,0,0,0,0,0,0,42,0,0,0,0,0,0,0,0,0,0,0,0,0,0,0,0,0,0,0,0,0,0,0,0,0
Bathycoccus prasinos,98.344,0,0,0,0,0,0,0,0,0,0,55,0,38,0,0,0,70,0,0,0,0,0,0,0,0,0,0,0,114,0,0,0,158,0,0,43,112,450,354,154,238,0,0,0,79,0,0,0,0,0,0,260,165,0,0,0,0,0,0,0,0,0,0,0,0,0,0,0,0,0,42,0,0,0,0,0,0,0,0,0,0,0,0,0,0,0,0,0,0,0,0,0,0,0,0,0
Bathycoccus prasinos,98.344,0,0,0,0,0,0,0,0,0,0,55,0,38,0,0,0,70,0,0,0,0,0,0,0,0,0,0,0,114,0,0,0,158,0,0,43,112,450,354,154,238,0,0,0,79,0,0,0,0,0,0,260,165,0,0,0,0,0,0,0,0,0,0,0,0,0,0,0,0,0,42,0,0,0,0,0,0,0,0,0,0,0,0,0,0,0,0,0,0,0,0,0,0,0,0,0
Calanus sp. HLC-30296,100,0,0,0,0,0,0,0,0,0,0,0,0,0,0,0,0,0,0,0,0,0,0,0,0,0,0,0,0,0,0,0,0,0,0,0,0,0,0,0,0,0,0,0,0,0,0,0,0,0,2280,0,0,0,0,0,0,0,0,0,0,0,0,0,0,0,0,0,0,0,0,0,0,0,0,0,0,0,0,0,0,0,0,0,0,0,0,0,0,0,0,0,0,0,0,0,0
Calanus sp. HLC-25829,100,0,0,0,0,0,0,0,0,0,0,0,0,0,0,0,0,0,0,0,0,0,0,0,0,0,0,0,0,0,0,0,0,0,0,0,0,0,0,0,0,0,0,0,0,0,0,0,0,0,2280,0,0,0,0,0,0,0,0,0,0,0,0,0,0,0,0,0,0,0,0,0,0,0,0,0,0,0,0,0,0,0,0,0,0,0,0,0,0,0,0,0,0,0,0,0,0
Calanus sp. HLC-25836,100,0,0,0,0,0,0,0,0,0,0,0,0,0,0,0,0,0,0,0,0,0,0,0,0,0,0,0,0,0,0,0,0,0,0,0,0,0,0,0,0,0,0,0,0,0,0,0,0,0,2280,0,0,0,0,0,0,0,0,0,0,0,0,0,0,0,0,0,0,0,0,0,0,0,0,0,0,0,0,0,0,0,0,0,0,0,0,0,0,0,0,0,0,0,0,0,0
Calanus hyperboreus,100,0,0,0,0,0,0,0,0,0,0,0,0,0,0,0,0,0,0,0,0,0,0,0,0,0,0,0,0,0,0,0,0,0,0,0,0,0,0,0,0,0,0,0,0,0,0,0,0,0,2280,0,0,0,0,0,0,0,0,0,0,0,0,0,0,0,0,0,0,0,0,0,0,0,0,0,0,0,0,0,0,0,0,0,0,0,0,0,0,0,0,0,0,0,0,0,0
Calanus hyperboreus,100,0,0,0,0,0,0,0,0,0,0,0,0,0,0,0,0,0,0,0,0,0,0,0,0,0,0,0,0,0,0,0,0,0,0,0,0,0,0,0,0,0,0,0,0,0,0,0,0,0,2280,0,0,0,0,0,0,0,0,0,0,0,0,0,0,0,0,0,0,0,0,0,0,0,0,0,0,0,0,0,0,0,0,0,0,0,0,0,0,0,0,0,0,0,0,0,0
Acartia longiremis,99.67,0,0,0,0,0,0,0,0,0,0,0,0,0,2273,0,0,0,0,0,0,0,0,0,0,0,0,0,0,0,0,0,0,0,0,0,0,0,0,0,0,0,0,0,0,0,0,0,0,0,0,0,0,0,0,0,0,0,0,0,0,0,0,0,0,0,0,0,0,0,0,0,0,0,0,0,0,0,0,0,0,0,0,0,0,0,0,0,0,0,0,0,0,0,0,0,0
Acartia sp. KLMPC044-09,99.644,0,0,0,0,0,0,0,0,0,0,0,0,0,2273,0,0,0,0,0,0,0,0,0,0,0,0,0,0,0,0,0,0,0,0,0,0,0,0,0,0,0,0,0,0,0,0,0,0,0,0,0,0,0,0,0,0,0,0,0,0,0,0,0,0,0,0,0,0,0,0,0,0,0,0,0,0,0,0,0,0,0,0,0,0,0,0,0,0,0,0,0,0,0,0,0,0
Euclymeninae sp. BIOUG12670-D04,100,0,0,0,0,0,0,0,0,0,0,0,0,0,0,0,0,0,0,0,0,0,0,0,0,0,0,0,0,0,0,0,0,0,0,0,0,0,0,0,0,0,0,0,0,0,0,0,18,91,0,0,1180,917,0,0,0,0,0,0,0,0,0,0,0,0,0,0,0,0,0,0,0,0,0,0,0,0,0,0,0,0,0,0,0,0,0,0,0,0,0,0,0,0,0,0,0
Euclymene zonalis CMC02,99.67,0,0,0,0,0,0,0,0,0,0,0,0,0,0,0,0,0,0,0,0,0,0,0,0,0,0,0,0,0,0,0,0,0,0,0,0,0,0,0,0,0,0,0,0,0,0,0,18,91,0,0,1180,917,0,0,0,0,0,0,0,0,0,0,0,0,0,0,0,0,0,0,0,0,0,0,0,0,0,0,0,0,0,0,0,0,0,0,0,0,0,0,0,0,0,0,0
Euclymene zonalis CMC02,99.67,0,0,0,0,0,0,0,0,0,0,0,0,0,0,0,0,0,0,0,0,0,0,0,0,0,0,0,0,0,0,0,0,0,0,0,0,0,0,0,0,0,0,0,0,0,0,0,18,91,0,0,1180,917,0,0,0,0,0,0,0,0,0,0,0,0,0,0,0,0,0,0,0,0,0,0,0,0,0,0,0,0,0,0,0,0,0,0,0,0,0,0,0,0,0,0,0
Euclymene zonalis CMC02,99.34,0,0,0,0,0,0,0,0,0,0,0,0,0,0,0,0,0,0,0,0,0,0,0,0,0,0,0,0,0,0,0,0,0,0,0,0,0,0,0,0,0,0,0,0,0,0,0,18,91,0,0,1180,917,0,0,0,0,0,0,0,0,0,0,0,0,0,0,0,0,0,0,0,0,0,0,0,0,0,0,0,0,0,0,0,0,0,0,0,0,0,0,0,0,0,0,0
Euclymene zonalis CMC02,100,0,0,0,0,0,0,0,0,0,0,0,0,0,0,0,0,0,0,0,0,0,0,0,0,0,0,0,0,0,0,0,0,0,0,0,0,0,0,0,0,0,0,0,0,0,0,0,18,91,0,0,1180,917,0,0,0,0,0,0,0,0,0,0,0,0,0,0,0,0,0,0,0,0,0,0,0,0,0,0,0,0,0,0,0,0,0,0,0,0,0,0,0,0,0,0,0
Catablema sp.,99.67,0,0,0,0,0,0,0,0,0,0,0,0,0,0,0,0,0,0,0,0,0,0,0,130,0,0,0,103,0,0,0,0,0,0,0,0,0,0,0,0,0,0,0,0,0,293,319,160,756,154,232,0,0,0,0,0,0,0,0,0,0,0,0,0,0,0,0,0,0,0,0,0,0,0,0,0,0,0,0,0,0,0,0,0,0,0,0,0,0,0,0,0,0,0,0,0
Catablema multicirratum,99.34,0,0,0,0,0,0,0,0,0,0,0,0,0,0,0,0,0,0,0,0,0,0,0,130,0,0,0,103,0,0,0,0,0,0,0,0,0,0,0,0,0,0,0,0,0,293,319,160,756,154,232,0,0,0,0,0,0,0,0,0,0,0,0,0,0,0,0,0,0,0,0,0,0,0,0,0,0,0,0,0,0,0,0,0,0,0,0,0,0,0,0,0,0,0,0,0
Catablema vesicarium nodulosum,98.68,0,0,0,0,0,0,0,0,0,0,0,0,0,0,0,0,0,0,0,0,0,0,0,130,0,0,0,103,0,0,0,0,0,0,0,0,0,0,0,0,0,0,0,0,0,293,319,160,756,154,232,0,0,0,0,0,0,0,0,0,0,0,0,0,0,0,0,0,0,0,0,0,0,0,0,0,0,0,0,0,0,0,0,0,0,0,0,0,0,0,0,0,0,0,0,0
Catablema vesicarium nodulosum,98.68,0,0,0,0,0,0,0,0,0,0,0,0,0,0,0,0,0,0,0,0,0,0,0,130,0,0,0,103,0,0,0,0,0,0,0,0,0,0,0,0,0,0,0,0,0,293,319,160,756,154,232,0,0,0,0,0,0,0,0,0,0,0,0,0,0,0,0,0,0,0,0,0,0,0,0,0,0,0,0,0,0,0,0,0,0,0,0,0,0,0,0,0,0,0,0,0
Catablema vesicarium,98.68,0,0,0,0,0,0,0,0,0,0,0,0,0,0,0,0,0,0,0,0,0,0,0,130,0,0,0,103,0,0,0,0,0,0,0,0,0,0,0,0,0,0,0,0,0,293,319,160,756,154,232,0,0,0,0,0,0,0,0,0,0,0,0,0,0,0,0,0,0,0,0,0,0,0,0,0,0,0,0,0,0,0,0,0,0,0,0,0,0,0,0,0,0,0,0,0
Acartia hudsonica,99.34,0,0,0,0,0,0,0,0,0,0,0,2130,0,0,0,0,0,0,0,0,0,0,0,0,0,0,0,0,0,0,0,0,0,0,0,0,0,0,0,0,0,0,0,0,0,0,0,0,0,0,0,0,0,0,0,0,0,0,0,0,0,0,0,0,0,0,0,0,0,0,0,0,0,0,0,0,0,0,0,0,0,0,0,0,0,0,0,0,0,0,0,0,0,0,0,0
Acartia tonsa,99.34,0,0,0,0,0,0,0,0,0,0,0,2130,0,0,0,0,0,0,0,0,0,0,0,0,0,0,0,0,0,0,0,0,0,0,0,0,0,0,0,0,0,0,0,0,0,0,0,0,0,0,0,0,0,0,0,0,0,0,0,0,0,0,0,0,0,0,0,0,0,0,0,0,0,0,0,0,0,0,0,0,0,0,0,0,0,0,0,0,0,0,0,0,0,0,0,0
Acartia tonsa,99.34,0,0,0,0,0,0,0,0,0,0,0,2130,0,0,0,0,0,0,0,0,0,0,0,0,0,0,0,0,0,0,0,0,0,0,0,0,0,0,0,0,0,0,0,0,0,0,0,0,0,0,0,0,0,0,0,0,0,0,0,0,0,0,0,0,0,0,0,0,0,0,0,0,0,0,0,0,0,0,0,0,0,0,0,0,0,0,0,0,0,0,0,0,0,0,0,0
Acartia tonsa,99.34,0,0,0,0,0,0,0,0,0,0,0,2130,0,0,0,0,0,0,0,0,0,0,0,0,0,0,0,0,0,0,0,0,0,0,0,0,0,0,0,0,0,0,0,0,0,0,0,0,0,0,0,0,0,0,0,0,0,0,0,0,0,0,0,0,0,0,0,0,0,0,0,0,0,0,0,0,0,0,0,0,0,0,0,0,0,0,0,0,0,0,0,0,0,0,0,0
Acartia hudsonica,99.34,0,0,0,0,0,0,0,0,0,0,0,2130,0,0,0,0,0,0,0,0,0,0,0,0,0,0,0,0,0,0,0,0,0,0,0,0,0,0,0,0,0,0,0,0,0,0,0,0,0,0,0,0,0,0,0,0,0,0,0,0,0,0,0,0,0,0,0,0,0,0,0,0,0,0,0,0,0,0,0,0,0,0,0,0,0,0,0,0,0,0,0,0,0,0,0,0
Bathycoccus prasinos,98.344,0,0,0,0,0,0,0,0,0,104,59,37,86,20,42,0,0,0,0,0,38,0,0,0,0,0,0,0,0,0,0,0,276,0,0,39,88,130,63,99,1,0,0,89,0,0,0,0,0,0,0,171,118,0,0,0,0,0,0,0,0,0,0,0,0,0,0,0,0,0,0,0,0,0,0,0,0,0,0,0,0,161,118,0,175,0,0,2,0,0,43,0,48,0,0,0
Bathycoccus prasinos,98.344,0,0,0,0,0,0,0,0,0,104,59,37,86,20,42,0,0,0,0,0,38,0,0,0,0,0,0,0,0,0,0,0,276,0,0,39,88,130,63,99,1,0,0,89,0,0,0,0,0,0,0,171,118,0,0,0,0,0,0,0,0,0,0,0,0,0,0,0,0,0,0,0,0,0,0,0,0,0,0,0,0,161,118,0,175,0,0,2,0,0,43,0,48,0,0,0
Bathycoccus prasinos,98.344,0,0,0,0,0,0,0,0,0,104,59,37,86,20,42,0,0,0,0,0,38,0,0,0,0,0,0,0,0,0,0,0,276,0,0,39,88,130,63,99,1,0,0,89,0,0,0,0,0,0,0,171,118,0,0,0,0,0,0,0,0,0,0,0,0,0,0,0,0,0,0,0,0,0,0,0,0,0,0,0,0,161,118,0,175,0,0,2,0,0,43,0,48,0,0,0
Bathycoccus prasinos,98.344,0,0,0,0,0,0,0,0,0,104,59,37,86,20,42,0,0,0,0,0,38,0,0,0,0,0,0,0,0,0,0,0,276,0,0,39,88,130,63,99,1,0,0,89,0,0,0,0,0,0,0,171,118,0,0,0,0,0,0,0,0,0,0,0,0,0,0,0,0,0,0,0,0,0,0,0,0,0,0,0,0,161,118,0,175,0,0,2,0,0,43,0,48,0,0,0
Bathycoccus prasinos,98.344,0,0,0,0,0,0,0,0,0,104,59,37,86,20,42,0,0,0,0,0,38,0,0,0,0,0,0,0,0,0,0,0,276,0,0,39,88,130,63,99,1,0,0,89,0,0,0,0,0,0,0,171,118,0,0,0,0,0,0,0,0,0,0,0,0,0,0,0,0,0,0,0,0,0,0,0,0,0,0,0,0,161,118,0,175,0,0,2,0,0,43,0,48,0,0,0
Squalus acanthias,100,0,0,0,0,0,0,0,0,0,0,0,0,0,0,56,0,0,0,0,0,0,0,0,0,0,0,0,683,326,354,52,0,0,0,0,0,0,0,0,0,0,0,0,0,0,0,0,0,0,0,0,0,0,0,0,0,0,0,0,444,0,0,0,0,0,0,0,0,0,0,0,0,0,0,0,0,0,0,0,0,0,0,0,0,0,0,0,0,0,0,0,0,0,0,0,0
Squalus acanthias,100,0,0,0,0,0,0,0,0,0,0,0,0,0,0,56,0,0,0,0,0,0,0,0,0,0,0,0,683,326,354,52,0,0,0,0,0,0,0,0,0,0,0,0,0,0,0,0,0,0,0,0,0,0,0,0,0,0,0,0,444,0,0,0,0,0,0,0,0,0,0,0,0,0,0,0,0,0,0,0,0,0,0,0,0,0,0,0,0,0,0,0,0,0,0,0,0
Squalus acanthias,100,0,0,0,0,0,0,0,0,0,0,0,0,0,0,56,0,0,0,0,0,0,0,0,0,0,0,0,683,326,354,52,0,0,0,0,0,0,0,0,0,0,0,0,0,0,0,0,0,0,0,0,0,0,0,0,0,0,0,0,444,0,0,0,0,0,0,0,0,0,0,0,0,0,0,0,0,0,0,0,0,0,0,0,0,0,0,0,0,0,0,0,0,0,0,0,0
Squalus acanthias,100,0,0,0,0,0,0,0,0,0,0,0,0,0,0,56,0,0,0,0,0,0,0,0,0,0,0,0,683,326,354,52,0,0,0,0,0,0,0,0,0,0,0,0,0,0,0,0,0,0,0,0,0,0,0,0,0,0,0,0,444,0,0,0,0,0,0,0,0,0,0,0,0,0,0,0,0,0,0,0,0,0,0,0,0,0,0,0,0,0,0,0,0,0,0,0,0
Squalus acanthias,100,0,0,0,0,0,0,0,0,0,0,0,0,0,0,56,0,0,0,0,0,0,0,0,0,0,0,0,683,326,354,52,0,0,0,0,0,0,0,0,0,0,0,0,0,0,0,0,0,0,0,0,0,0,0,0,0,0,0,0,444,0,0,0,0,0,0,0,0,0,0,0,0,0,0,0,0,0,0,0,0,0,0,0,0,0,0,0,0,0,0,0,0,0,0,0,0
Myxilla fimbriata,99.248,0,0,0,0,0,0,0,0,0,23,0,12,0,0,0,0,0,0,0,0,9,0,0,0,0,0,0,1046,471,0,0,0,0,0,0,0,0,0,0,0,0,0,0,0,0,29,12,0,0,0,0,0,0,0,0,0,0,0,0,0,0,0,0,0,0,0,0,0,0,0,0,0,0,0,0,0,0,0,0,0,0,119,121,0,0,0,0,0,0,0,0,0,3,0,0,0
Anthozoa sp.,99.67,0,0,0,0,0,0,0,0,0,0,0,0,0,0,0,0,0,0,0,0,0,0,0,52,87,71,73,0,0,0,0,0,0,0,0,0,0,0,0,0,0,0,0,35,17,0,0,0,0,0,0,0,0,0,0,0,0,0,0,0,0,0,0,0,0,0,0,0,0,0,0,0,0,0,0,0,18,0,0,7,0,0,0,89,99,80,132,130,66,208,132,139,189,33,183,0
Cnidaria sp.,99.67,0,0,0,0,0,0,0,0,0,0,0,0,0,0,0,0,0,0,0,0,0,0,0,52,87,71,73,0,0,0,0,0,0,0,0,0,0,0,0,0,0,0,0,35,17,0,0,0,0,0,0,0,0,0,0,0,0,0,0,0,0,0,0,0,0,0,0,0,0,0,0,0,0,0,0,0,18,0,0,7,0,0,0,89,99,80,132,130,66,208,132,139,189,33,183,0
Cnidaria sp.,99.67,0,0,0,0,0,0,0,0,0,0,0,0,0,0,0,0,0,0,0,0,0,0,0,52,87,71,73,0,0,0,0,0,0,0,0,0,0,0,0,0,0,0,0,35,17,0,0,0,0,0,0,0,0,0,0,0,0,0,0,0,0,0,0,0,0,0,0,0,0,0,0,0,0,0,0,0,18,0,0,7,0,0,0,89,99,80,132,130,66,208,132,139,189,33,183,0
Corymorpha pendula,99.615,0,0,0,0,0,0,0,0,0,0,0,0,0,0,0,0,0,0,0,0,0,0,0,0,0,0,0,29,0,0,0,0,0,0,0,701,936,51,32,24,6,0,0,0,0,0,0,0,0,0,0,0,22,0,0,0,0,0,0,0,0,0,0,0,0,0,0,0,0,0,0,0,0,0,0,0,0,0,0,0,0,0,0,0,0,0,0,0,0,0,0,0,0,0,0,0
Hypselaster fragilis,99.67,0,0,0,0,0,0,0,0,0,0,0,0,0,0,0,0,0,0,0,0,0,109,102,0,0,0,0,0,0,0,0,0,0,0,0,0,0,0,0,0,0,0,0,143,87,0,0,0,0,732,302,0,0,0,0,0,0,0,0,0,0,0,0,0,0,0,0,0,0,0,70,12,32,0,0,0,0,0,0,0,0,0,0,16,0,20,0,0,0,0,0,4,21,94,0,0
Brisaster latifrons,99.34,0,0,0,0,0,0,0,0,0,0,0,0,0,0,0,0,0,0,0,0,0,109,102,0,0,0,0,0,0,0,0,0,0,0,0,0,0,0,0,0,0,0,0,143,87,0,0,0,0,732,302,0,0,0,0,0,0,0,0,0,0,0,0,0,0,0,0,0,0,0,70,12,32,0,0,0,0,0,0,0,0,0,0,16,0,20,0,0,0,0,0,4,21,94,0,0
Brisaster latifrons,99.34,0,0,0,0,0,0,0,0,0,0,0,0,0,0,0,0,0,0,0,0,0,109,102,0,0,0,0,0,0,0,0,0,0,0,0,0,0,0,0,0,0,0,0,143,87,0,0,0,0,732,302,0,0,0,0,0,0,0,0,0,0,0,0,0,0,0,0,0,0,0,70,12,32,0,0,0,0,0,0,0,0,0,0,16,0,20,0,0,0,0,0,4,21,94,0,0
Brisaster latifrons,99.34,0,0,0,0,0,0,0,0,0,0,0,0,0,0,0,0,0,0,0,0,0,109,102,0,0,0,0,0,0,0,0,0,0,0,0,0,0,0,0,0,0,0,0,143,87,0,0,0,0,732,302,0,0,0,0,0,0,0,0,0,0,0,0,0,0,0,0,0,0,0,70,12,32,0,0,0,0,0,0,0,0,0,0,16,0,20,0,0,0,0,0,4,21,94,0,0
Brisaster latifrons,99.34,0,0,0,0,0,0,0,0,0,0,0,0,0,0,0,0,0,0,0,0,0,109,102,0,0,0,0,0,0,0,0,0,0,0,0,0,0,0,0,0,0,0,0,143,87,0,0,0,0,732,302,0,0,0,0,0,0,0,0,0,0,0,0,0,0,0,0,0,0,0,70,12,32,0,0,0,0,0,0,0,0,0,0,16,0,20,0,0,0,0,0,4,21,94,0,0
Thysanoessa longicaudata,99.34,0,0,0,0,0,0,0,0,0,0,0,0,0,0,0,0,0,0,0,0,0,0,0,0,0,0,0,0,0,0,0,0,0,0,0,0,0,0,0,0,0,0,0,0,0,0,0,0,0,0,0,0,0,0,0,0,0,0,0,0,0,0,0,0,0,0,0,0,0,0,0,0,0,0,0,0,0,0,0,0,0,0,0,1741,0,0,0,0,0,0,0,0,0,0,0,0
Thysanoessa sp.,99.01,0,0,0,0,0,0,0,0,0,0,0,0,0,0,0,0,0,0,0,0,0,0,0,0,0,0,0,0,0,0,0,0,0,0,0,0,0,0,0,0,0,0,0,0,0,0,0,0,0,0,0,0,0,0,0,0,0,0,0,0,0,0,0,0,0,0,0,0,0,0,0,0,0,0,0,0,0,0,0,0,0,0,0,1741,0,0,0,0,0,0,0,0,0,0,0,0
Thysanoessa longicaudata,98.35,0,0,0,0,0,0,0,0,0,0,0,0,0,0,0,0,0,0,0,0,0,0,0,0,0,0,0,0,0,0,0,0,0,0,0,0,0,0,0,0,0,0,0,0,0,0,0,0,0,0,0,0,0,0,0,0,0,0,0,0,0,0,0,0,0,0,0,0,0,0,0,0,0,0,0,0,0,0,0,0,0,0,0,1741,0,0,0,0,0,0,0,0,0,0,0,0
Thysanoessa longicaudata,99.338,0,0,0,0,0,0,0,0,0,0,0,0,0,0,0,0,0,0,0,0,0,0,0,0,0,0,0,0,0,0,0,0,0,0,0,0,0,0,0,0,0,0,0,0,0,0,0,0,0,0,0,0,0,0,0,0,0,0,0,0,0,0,0,0,0,0,0,0,0,0,0,0,0,0,0,0,0,0,0,0,0,0,0,1701,0,0,0,0,0,0,0,0,0,0,0,0
Thysanoessa sp.,99.007,0,0,0,0,0,0,0,0,0,0,0,0,0,0,0,0,0,0,0,0,0,0,0,0,0,0,0,0,0,0,0,0,0,0,0,0,0,0,0,0,0,0,0,0,0,0,0,0,0,0,0,0,0,0,0,0,0,0,0,0,0,0,0,0,0,0,0,0,0,0,0,0,0,0,0,0,0,0,0,0,0,0,0,1701,0,0,0,0,0,0,0,0,0,0,0,0
Thysanoessa longicaudata,98.344,0,0,0,0,0,0,0,0,0,0,0,0,0,0,0,0,0,0,0,0,0,0,0,0,0,0,0,0,0,0,0,0,0,0,0,0,0,0,0,0,0,0,0,0,0,0,0,0,0,0,0,0,0,0,0,0,0,0,0,0,0,0,0,0,0,0,0,0,0,0,0,0,0,0,0,0,0,0,0,0,0,0,0,1701,0,0,0,0,0,0,0,0,0,0,0,0
Skeletonema marinoi,100,0,0,0,0,0,0,0,0,0,9,0,82,42,10,39,11,12,44,81,33,16,10,0,15,214,67,0,230,168,0,0,33,0,63,0,0,0,19,15,6,0,0,0,0,17,42,66,76,39,68,0,7,0,0,0,0,0,0,0,0,0,0,0,0,0,0,0,0,0,0,0,0,0,0,0,0,86,0,0,0,0,18,0,0,0,0,0,0,14,0,0,0,0,37,4,0
Skeletonema marinoi,100,0,0,0,0,0,0,0,0,0,9,0,82,42,10,39,11,12,44,81,33,16,10,0,15,214,67,0,230,168,0,0,33,0,63,0,0,0,19,15,6,0,0,0,0,17,42,66,76,39,68,0,7,0,0,0,0,0,0,0,0,0,0,0,0,0,0,0,0,0,0,0,0,0,0,0,0,86,0,0,0,0,18,0,0,0,0,0,0,14,0,0,0,0,37,4,0
Skeletonema costatum,100,0,0,0,0,0,0,0,0,0,9,0,82,42,10,39,11,12,44,81,33,16,10,0,15,214,67,0,230,168,0,0,33,0,63,0,0,0,19,15,6,0,0,0,0,17,42,66,76,39,68,0,7,0,0,0,0,0,0,0,0,0,0,0,0,0,0,0,0,0,0,0,0,0,0,0,0,86,0,0,0,0,18,0,0,0,0,0,0,14,0,0,0,0,37,4,0
Skeletonema marinoi,99.67,0,0,0,0,0,0,0,0,0,9,0,82,42,10,39,11,12,44,81,33,16,10,0,15,214,67,0,230,168,0,0,33,0,63,0,0,0,19,15,6,0,0,0,0,17,42,66,76,39,68,0,7,0,0,0,0,0,0,0,0,0,0,0,0,0,0,0,0,0,0,0,0,0,0,0,0,86,0,0,0,0,18,0,0,0,0,0,0,14,0,0,0,0,37,4,0
Skeletonema marinoi,99.67,0,0,0,0,0,0,0,0,0,9,0,82,42,10,39,11,12,44,81,33,16,10,0,15,214,67,0,230,168,0,0,33,0,63,0,0,0,19,15,6,0,0,0,0,17,42,66,76,39,68,0,7,0,0,0,0,0,0,0,0,0,0,0,0,0,0,0,0,0,0,0,0,0,0,0,0,86,0,0,0,0,18,0,0,0,0,0,0,14,0,0,0,0,37,4,0
Asterias rubens,100,0,0,0,0,0,0,0,0,0,119,123,47,41,20,62,33,20,0,75,19,42,0,0,203,0,0,49,176,137,0,0,0,0,0,0,0,0,0,0,163,0,0,0,0,0,0,0,0,0,0,0,0,106,0,0,0,0,0,0,0,0,0,0,0,0,0,0,0,0,0,0,0,0,0,0,0,0,0,0,0,0,99,67,0,0,0,19,0,0,0,0,0,0,0,13,0
Asterias rubens,100,0,0,0,0,0,0,0,0,0,119,123,47,41,20,62,33,20,0,75,19,42,0,0,203,0,0,49,176,137,0,0,0,0,0,0,0,0,0,0,163,0,0,0,0,0,0,0,0,0,0,0,0,106,0,0,0,0,0,0,0,0,0,0,0,0,0,0,0,0,0,0,0,0,0,0,0,0,0,0,0,0,99,67,0,0,0,19,0,0,0,0,0,0,0,13,0
Asterias rubens,100,0,0,0,0,0,0,0,0,0,119,123,47,41,20,62,33,20,0,75,19,42,0,0,203,0,0,49,176,137,0,0,0,0,0,0,0,0,0,0,163,0,0,0,0,0,0,0,0,0,0,0,0,106,0,0,0,0,0,0,0,0,0,0,0,0,0,0,0,0,0,0,0,0,0,0,0,0,0,0,0,0,99,67,0,0,0,19,0,0,0,0,0,0,0,13,0
Asterias rubens,100,0,0,0,0,0,0,0,0,0,119,123,47,41,20,62,33,20,0,75,19,42,0,0,203,0,0,49,176,137,0,0,0,0,0,0,0,0,0,0,163,0,0,0,0,0,0,0,0,0,0,0,0,106,0,0,0,0,0,0,0,0,0,0,0,0,0,0,0,0,0,0,0,0,0,0,0,0,0,0,0,0,99,67,0,0,0,19,0,0,0,0,0,0,0,13,0
Asterias rubens,100,0,0,0,0,0,0,0,0,0,119,123,47,41,20,62,33,20,0,75,19,42,0,0,203,0,0,49,176,137,0,0,0,0,0,0,0,0,0,0,163,0,0,0,0,0,0,0,0,0,0,0,0,106,0,0,0,0,0,0,0,0,0,0,0,0,0,0,0,0,0,0,0,0,0,0,0,0,0,0,0,0,99,67,0,0,0,19,0,0,0,0,0,0,0,13,0
Leptasterias littoralis,100,0,0,0,0,0,0,0,0,0,17,8,0,10,0,0,0,0,31,7,26,52,0,0,0,0,0,0,62,0,0,0,0,0,0,0,0,0,0,0,0,0,0,0,0,0,0,0,0,0,0,0,0,0,0,0,0,0,0,0,0,0,0,0,0,0,0,0,0,0,0,0,0,0,0,0,0,0,0,0,0,0,6,0,0,0,260,217,39,244,233,413,0,0,0,0,0
Leptasterias littoralis,100,0,0,0,0,0,0,0,0,0,17,8,0,10,0,0,0,0,31,7,26,52,0,0,0,0,0,0,62,0,0,0,0,0,0,0,0,0,0,0,0,0,0,0,0,0,0,0,0,0,0,0,0,0,0,0,0,0,0,0,0,0,0,0,0,0,0,0,0,0,0,0,0,0,0,0,0,0,0,0,0,0,6,0,0,0,260,217,39,244,233,413,0,0,0,0,0
Leptasterias littoralis,100,0,0,0,0,0,0,0,0,0,17,8,0,10,0,0,0,0,31,7,26,52,0,0,0,0,0,0,62,0,0,0,0,0,0,0,0,0,0,0,0,0,0,0,0,0,0,0,0,0,0,0,0,0,0,0,0,0,0,0,0,0,0,0,0,0,0,0,0,0,0,0,0,0,0,0,0,0,0,0,0,0,6,0,0,0,260,217,39,244,233,413,0,0,0,0,0
Leptasterias littoralis,100,0,0,0,0,0,0,0,0,0,17,8,0,10,0,0,0,0,31,7,26,52,0,0,0,0,0,0,62,0,0,0,0,0,0,0,0,0,0,0,0,0,0,0,0,0,0,0,0,0,0,0,0,0,0,0,0,0,0,0,0,0,0,0,0,0,0,0,0,0,0,0,0,0,0,0,0,0,0,0,0,0,6,0,0,0,260,217,39,244,233,413,0,0,0,0,0
Leptasterias littoralis,100,0,0,0,0,0,0,0,0,0,17,8,0,10,0,0,0,0,31,7,26,52,0,0,0,0,0,0,62,0,0,0,0,0,0,0,0,0,0,0,0,0,0,0,0,0,0,0,0,0,0,0,0,0,0,0,0,0,0,0,0,0,0,0,0,0,0,0,0,0,0,0,0,0,0,0,0,0,0,0,0,0,6,0,0,0,260,217,39,244,233,413,0,0,0,0,0
Psamathe fusca,99.31,0,0,0,0,0,0,0,0,0,193,0,0,0,0,6,1417,0,0,0,0,0,0,0,0,0,0,0,0,0,0,0,0,0,0,0,0,0,0,0,0,0,0,0,0,0,0,0,0,0,0,0,0,0,0,0,0,0,0,0,0,0,0,0,0,0,0,0,0,0,0,0,0,0,0,0,0,0,0,0,0,0,0,0,0,0,0,0,0,0,0,0,0,0,0,0,0
Catablema sp.,99.34,0,0,0,0,0,0,0,0,0,0,0,0,0,0,0,0,0,0,0,0,0,0,0,0,0,0,0,0,0,0,0,0,0,0,0,99,0,0,0,0,0,0,0,0,0,209,262,0,178,256,612,0,0,0,0,0,0,0,0,0,0,0,0,0,0,0,0,0,0,0,0,0,0,0,0,0,0,0,0,0,0,0,0,0,0,0,0,0,0,0,0,0,0,0,0,0
Catablema multicirratum,98.68,0,0,0,0,0,0,0,0,0,0,0,0,0,0,0,0,0,0,0,0,0,0,0,0,0,0,0,0,0,0,0,0,0,0,0,99,0,0,0,0,0,0,0,0,0,209,262,0,178,256,612,0,0,0,0,0,0,0,0,0,0,0,0,0,0,0,0,0,0,0,0,0,0,0,0,0,0,0,0,0,0,0,0,0,0,0,0,0,0,0,0,0,0,0,0,0
Catablema vesicarium nodulosum,98.02,0,0,0,0,0,0,0,0,0,0,0,0,0,0,0,0,0,0,0,0,0,0,0,0,0,0,0,0,0,0,0,0,0,0,0,99,0,0,0,0,0,0,0,0,0,209,262,0,178,256,612,0,0,0,0,0,0,0,0,0,0,0,0,0,0,0,0,0,0,0,0,0,0,0,0,0,0,0,0,0,0,0,0,0,0,0,0,0,0,0,0,0,0,0,0,0
Catablema vesicarium nodulosum,98.02,0,0,0,0,0,0,0,0,0,0,0,0,0,0,0,0,0,0,0,0,0,0,0,0,0,0,0,0,0,0,0,0,0,0,0,99,0,0,0,0,0,0,0,0,0,209,262,0,178,256,612,0,0,0,0,0,0,0,0,0,0,0,0,0,0,0,0,0,0,0,0,0,0,0,0,0,0,0,0,0,0,0,0,0,0,0,0,0,0,0,0,0,0,0,0,0
Catablema vesicarium,98.02,0,0,0,0,0,0,0,0,0,0,0,0,0,0,0,0,0,0,0,0,0,0,0,0,0,0,0,0,0,0,0,0,0,0,0,99,0,0,0,0,0,0,0,0,0,209,262,0,178,256,612,0,0,0,0,0,0,0,0,0,0,0,0,0,0,0,0,0,0,0,0,0,0,0,0,0,0,0,0,0,0,0,0,0,0,0,0,0,0,0,0,0,0,0,0,0
Palio dubia,99.669,0,0,0,0,0,0,0,0,0,0,0,0,0,0,0,1483,0,0,0,0,0,0,0,0,0,0,0,0,0,0,0,0,0,0,0,0,0,0,0,0,0,0,0,0,0,0,0,0,0,0,0,0,0,0,0,0,0,0,0,0,0,0,0,0,0,0,0,0,0,0,0,0,0,0,0,0,0,0,0,0,0,0,0,0,0,0,0,0,0,0,0,0,0,0,0,0
Palio dubia,98.675,0,0,0,0,0,0,0,0,0,0,0,0,0,0,0,1483,0,0,0,0,0,0,0,0,0,0,0,0,0,0,0,0,0,0,0,0,0,0,0,0,0,0,0,0,0,0,0,0,0,0,0,0,0,0,0,0,0,0,0,0,0,0,0,0,0,0,0,0,0,0,0,0,0,0,0,0,0,0,0,0,0,0,0,0,0,0,0,0,0,0,0,0,0,0,0,0
Palio dubia,98.675,0,0,0,0,0,0,0,0,0,0,0,0,0,0,0,1483,0,0,0,0,0,0,0,0,0,0,0,0,0,0,0,0,0,0,0,0,0,0,0,0,0,0,0,0,0,0,0,0,0,0,0,0,0,0,0,0,0,0,0,0,0,0,0,0,0,0,0,0,0,0,0,0,0,0,0,0,0,0,0,0,0,0,0,0,0,0,0,0,0,0,0,0,0,0,0,0
Palio dubia,98.889,0,0,0,0,0,0,0,0,0,0,0,0,0,0,0,1483,0,0,0,0,0,0,0,0,0,0,0,0,0,0,0,0,0,0,0,0,0,0,0,0,0,0,0,0,0,0,0,0,0,0,0,0,0,0,0,0,0,0,0,0,0,0,0,0,0,0,0,0,0,0,0,0,0,0,0,0,0,0,0,0,0,0,0,0,0,0,0,0,0,0,0,0,0,0,0,0
Terebellides stroemii CMC01,99.01,0,0,0,0,0,0,0,0,0,0,0,0,0,0,0,0,0,0,0,0,0,0,0,0,0,0,0,0,0,0,0,0,0,0,0,0,0,0,0,0,0,0,0,0,0,0,0,0,0,1009,385,0,0,0,0,0,0,0,0,0,0,0,0,0,0,0,0,0,0,0,0,0,0,0,0,0,0,0,0,0,0,0,0,0,0,0,0,0,0,0,0,0,0,0,0,0
Terebellides stroemii CMC01,99.01,0,0,0,0,0,0,0,0,0,0,0,0,0,0,0,0,0,0,0,0,0,0,0,0,0,0,0,0,0,0,0,0,0,0,0,0,0,0,0,0,0,0,0,0,0,0,0,0,0,1009,385,0,0,0,0,0,0,0,0,0,0,0,0,0,0,0,0,0,0,0,0,0,0,0,0,0,0,0,0,0,0,0,0,0,0,0,0,0,0,0,0,0,0,0,0,0
Terebellides stroemii CMC01,99.01,0,0,0,0,0,0,0,0,0,0,0,0,0,0,0,0,0,0,0,0,0,0,0,0,0,0,0,0,0,0,0,0,0,0,0,0,0,0,0,0,0,0,0,0,0,0,0,0,0,1009,385,0,0,0,0,0,0,0,0,0,0,0,0,0,0,0,0,0,0,0,0,0,0,0,0,0,0,0,0,0,0,0,0,0,0,0,0,0,0,0,0,0,0,0,0,0
Terebellides stroemii,98.68,0,0,0,0,0,0,0,0,0,0,0,0,0,0,0,0,0,0,0,0,0,0,0,0,0,0,0,0,0,0,0,0,0,0,0,0,0,0,0,0,0,0,0,0,0,0,0,0,0,1009,385,0,0,0,0,0,0,0,0,0,0,0,0,0,0,0,0,0,0,0,0,0,0,0,0,0,0,0,0,0,0,0,0,0,0,0,0,0,0,0,0,0,0,0,0,0
Terebellides stroemii CMC01,98.864,0,0,0,0,0,0,0,0,0,0,0,0,0,0,0,0,0,0,0,0,0,0,0,0,0,0,0,0,0,0,0,0,0,0,0,0,0,0,0,0,0,0,0,0,0,0,0,0,0,1009,385,0,0,0,0,0,0,0,0,0,0,0,0,0,0,0,0,0,0,0,0,0,0,0,0,0,0,0,0,0,0,0,0,0,0,0,0,0,0,0,0,0,0,0,0,0
Modiolus modiolus,100,0,0,0,0,0,0,0,0,0,496,0,0,13,13,0,819,0,0,0,0,0,0,0,0,0,0,0,0,0,0,0,0,0,0,0,0,0,0,0,0,0,0,0,0,0,0,0,0,0,0,0,0,0,0,0,0,0,0,0,0,0,0,0,0,0,0,0,0,0,0,0,0,0,0,0,0,0,0,0,0,0,0,0,0,0,0,0,0,0,0,0,0,0,0,0,0
Modiolus modiolus,100,0,0,0,0,0,0,0,0,0,496,0,0,13,13,0,819,0,0,0,0,0,0,0,0,0,0,0,0,0,0,0,0,0,0,0,0,0,0,0,0,0,0,0,0,0,0,0,0,0,0,0,0,0,0,0,0,0,0,0,0,0,0,0,0,0,0,0,0,0,0,0,0,0,0,0,0,0,0,0,0,0,0,0,0,0,0,0,0,0,0,0,0,0,0,0,0
Modiolus modiolus,100,0,0,0,0,0,0,0,0,0,496,0,0,13,13,0,819,0,0,0,0,0,0,0,0,0,0,0,0,0,0,0,0,0,0,0,0,0,0,0,0,0,0,0,0,0,0,0,0,0,0,0,0,0,0,0,0,0,0,0,0,0,0,0,0,0,0,0,0,0,0,0,0,0,0,0,0,0,0,0,0,0,0,0,0,0,0,0,0,0,0,0,0,0,0,0,0
Modiolus modiolus,100,0,0,0,0,0,0,0,0,0,496,0,0,13,13,0,819,0,0,0,0,0,0,0,0,0,0,0,0,0,0,0,0,0,0,0,0,0,0,0,0,0,0,0,0,0,0,0,0,0,0,0,0,0,0,0,0,0,0,0,0,0,0,0,0,0,0,0,0,0,0,0,0,0,0,0,0,0,0,0,0,0,0,0,0,0,0,0,0,0,0,0,0,0,0,0,0
Modiolus modiolus,100,0,0,0,0,0,0,0,0,0,496,0,0,13,13,0,819,0,0,0,0,0,0,0,0,0,0,0,0,0,0,0,0,0,0,0,0,0,0,0,0,0,0,0,0,0,0,0,0,0,0,0,0,0,0,0,0,0,0,0,0,0,0,0,0,0,0,0,0,0,0,0,0,0,0,0,0,0,0,0,0,0,0,0,0,0,0,0,0,0,0,0,0,0,0,0,0
Corymorpha pendula,98.846,0,0,0,0,0,0,0,0,0,0,0,0,0,0,0,0,0,0,0,0,0,0,0,0,0,0,0,0,0,0,0,0,0,0,0,582,752,0,0,0,0,0,0,0,0,0,0,0,0,0,0,0,0,0,0,0,0,0,0,0,0,0,0,0,0,0,0,0,0,0,0,0,0,0,0,0,0,0,0,0,0,0,0,0,0,0,0,0,0,0,0,0,0,0,0,0
Temora longicornis,98.667,0,0,0,0,0,0,0,0,0,0,0,0,0,0,0,212,1101,0,0,0,0,0,0,0,0,0,0,0,0,0,0,0,0,0,0,0,0,0,0,0,0,0,0,0,0,0,0,0,0,0,0,0,0,0,0,0,0,0,0,0,0,0,0,0,0,0,0,0,0,0,0,0,0,0,0,0,0,0,0,0,0,0,0,0,0,0,0,0,0,0,0,0,0,0,0,0
Temora longicornis,98.667,0,0,0,0,0,0,0,0,0,0,0,0,0,0,0,212,1101,0,0,0,0,0,0,0,0,0,0,0,0,0,0,0,0,0,0,0,0,0,0,0,0,0,0,0,0,0,0,0,0,0,0,0,0,0,0,0,0,0,0,0,0,0,0,0,0,0,0,0,0,0,0,0,0,0,0,0,0,0,0,0,0,0,0,0,0,0,0,0,0,0,0,0,0,0,0,0
Temora longicornis,98.667,0,0,0,0,0,0,0,0,0,0,0,0,0,0,0,212,1101,0,0,0,0,0,0,0,0,0,0,0,0,0,0,0,0,0,0,0,0,0,0,0,0,0,0,0,0,0,0,0,0,0,0,0,0,0,0,0,0,0,0,0,0,0,0,0,0,0,0,0,0,0,0,0,0,0,0,0,0,0,0,0,0,0,0,0,0,0,0,0,0,0,0,0,0,0,0,0
Temora longicornis,98.667,0,0,0,0,0,0,0,0,0,0,0,0,0,0,0,212,1101,0,0,0,0,0,0,0,0,0,0,0,0,0,0,0,0,0,0,0,0,0,0,0,0,0,0,0,0,0,0,0,0,0,0,0,0,0,0,0,0,0,0,0,0,0,0,0,0,0,0,0,0,0,0,0,0,0,0,0,0,0,0,0,0,0,0,0,0,0,0,0,0,0,0,0,0,0,0,0
Temora longicornis,98.667,0,0,0,0,0,0,0,0,0,0,0,0,0,0,0,212,1101,0,0,0,0,0,0,0,0,0,0,0,0,0,0,0,0,0,0,0,0,0,0,0,0,0,0,0,0,0,0,0,0,0,0,0,0,0,0,0,0,0,0,0,0,0,0,0,0,0,0,0,0,0,0,0,0,0,0,0,0,0,0,0,0,0,0,0,0,0,0,0,0,0,0,0,0,0,0,0
Metridia lucens,100,0,0,0,0,0,0,0,0,0,0,0,0,0,0,0,0,0,0,0,0,0,0,0,0,0,0,0,0,0,0,4,0,0,0,0,0,0,0,0,0,0,0,0,0,0,0,0,0,0,0,0,0,0,0,1302,0,0,0,0,0,0,0,0,0,0,0,0,0,0,0,0,0,0,0,0,0,0,0,0,0,0,0,0,0,0,0,0,0,0,0,0,0,0,0,0,0
Metridia lucens,100,0,0,0,0,0,0,0,0,0,0,0,0,0,0,0,0,0,0,0,0,0,0,0,0,0,0,0,0,0,0,4,0,0,0,0,0,0,0,0,0,0,0,0,0,0,0,0,0,0,0,0,0,0,0,1302,0,0,0,0,0,0,0,0,0,0,0,0,0,0,0,0,0,0,0,0,0,0,0,0,0,0,0,0,0,0,0,0,0,0,0,0,0,0,0,0,0
Metridia lucens,100,0,0,0,0,0,0,0,0,0,0,0,0,0,0,0,0,0,0,0,0,0,0,0,0,0,0,0,0,0,0,4,0,0,0,0,0,0,0,0,0,0,0,0,0,0,0,0,0,0,0,0,0,0,0,1302,0,0,0,0,0,0,0,0,0,0,0,0,0,0,0,0,0,0,0,0,0,0,0,0,0,0,0,0,0,0,0,0,0,0,0,0,0,0,0,0,0
Metridia lucens,100,0,0,0,0,0,0,0,0,0,0,0,0,0,0,0,0,0,0,0,0,0,0,0,0,0,0,0,0,0,0,4,0,0,0,0,0,0,0,0,0,0,0,0,0,0,0,0,0,0,0,0,0,0,0,1302,0,0,0,0,0,0,0,0,0,0,0,0,0,0,0,0,0,0,0,0,0,0,0,0,0,0,0,0,0,0,0,0,0,0,0,0,0,0,0,0,0
Metridia lucens,100,0,0,0,0,0,0,0,0,0,0,0,0,0,0,0,0,0,0,0,0,0,0,0,0,0,0,0,0,0,0,4,0,0,0,0,0,0,0,0,0,0,0,0,0,0,0,0,0,0,0,0,0,0,0,1302,0,0,0,0,0,0,0,0,0,0,0,0,0,0,0,0,0,0,0,0,0,0,0,0,0,0,0,0,0,0,0,0,0,0,0,0,0,0,0,0,0
Catablema sp.,100,0,0,0,0,0,0,0,0,0,0,0,0,0,0,0,0,0,0,0,0,0,0,0,0,0,0,0,43,0,0,0,0,0,0,0,0,0,0,0,0,0,0,0,0,0,164,487,78,0,383,66,52,0,0,0,0,0,0,0,0,0,0,0,0,0,0,0,0,0,0,0,0,0,0,0,0,0,0,0,0,0,0,0,0,0,0,0,0,0,0,0,0,0,0,0,0
Catablema multicirratum,99.01,0,0,0,0,0,0,0,0,0,0,0,0,0,0,0,0,0,0,0,0,0,0,0,0,0,0,0,43,0,0,0,0,0,0,0,0,0,0,0,0,0,0,0,0,0,164,487,78,0,383,66,52,0,0,0,0,0,0,0,0,0,0,0,0,0,0,0,0,0,0,0,0,0,0,0,0,0,0,0,0,0,0,0,0,0,0,0,0,0,0,0,0,0,0,0,0
Catablema vesicarium nodulosum,98.35,0,0,0,0,0,0,0,0,0,0,0,0,0,0,0,0,0,0,0,0,0,0,0,0,0,0,0,43,0,0,0,0,0,0,0,0,0,0,0,0,0,0,0,0,0,164,487,78,0,383,66,52,0,0,0,0,0,0,0,0,0,0,0,0,0,0,0,0,0,0,0,0,0,0,0,0,0,0,0,0,0,0,0,0,0,0,0,0,0,0,0,0,0,0,0,0
Catablema vesicarium nodulosum,98.35,0,0,0,0,0,0,0,0,0,0,0,0,0,0,0,0,0,0,0,0,0,0,0,0,0,0,0,43,0,0,0,0,0,0,0,0,0,0,0,0,0,0,0,0,0,164,487,78,0,383,66,52,0,0,0,0,0,0,0,0,0,0,0,0,0,0,0,0,0,0,0,0,0,0,0,0,0,0,0,0,0,0,0,0,0,0,0,0,0,0,0,0,0,0,0,0
Catablema vesicarium,98.35,0,0,0,0,0,0,0,0,0,0,0,0,0,0,0,0,0,0,0,0,0,0,0,0,0,0,0,43,0,0,0,0,0,0,0,0,0,0,0,0,0,0,0,0,0,164,487,78,0,383,66,52,0,0,0,0,0,0,0,0,0,0,0,0,0,0,0,0,0,0,0,0,0,0,0,0,0,0,0,0,0,0,0,0,0,0,0,0,0,0,0,0,0,0,0,0
Leptasterias littoralis,99.67,0,0,0,0,0,0,0,0,0,0,0,0,0,0,0,0,0,0,0,0,0,0,0,0,0,0,0,0,0,0,0,0,0,0,0,0,0,0,0,0,0,0,0,0,0,80,0,544,644,0,0,0,0,0,0,0,0,0,0,0,0,0,0,0,0,0,0,0,0,0,0,0,0,0,0,0,0,0,0,0,0,0,0,0,0,0,0,0,0,0,0,0,0,0,0,0
Leptasterias littoralis,99.34,0,0,0,0,0,0,0,0,0,0,0,0,0,0,0,0,0,0,0,0,0,0,0,0,0,0,0,0,0,0,0,0,0,0,0,0,0,0,0,0,0,0,0,0,0,80,0,544,644,0,0,0,0,0,0,0,0,0,0,0,0,0,0,0,0,0,0,0,0,0,0,0,0,0,0,0,0,0,0,0,0,0,0,0,0,0,0,0,0,0,0,0,0,0,0,0
Leptasterias littoralis,99.34,0,0,0,0,0,0,0,0,0,0,0,0,0,0,0,0,0,0,0,0,0,0,0,0,0,0,0,0,0,0,0,0,0,0,0,0,0,0,0,0,0,0,0,0,0,80,0,544,644,0,0,0,0,0,0,0,0,0,0,0,0,0,0,0,0,0,0,0,0,0,0,0,0,0,0,0,0,0,0,0,0,0,0,0,0,0,0,0,0,0,0,0,0,0,0,0
Leptasterias littoralis,99.34,0,0,0,0,0,0,0,0,0,0,0,0,0,0,0,0,0,0,0,0,0,0,0,0,0,0,0,0,0,0,0,0,0,0,0,0,0,0,0,0,0,0,0,0,0,80,0,544,644,0,0,0,0,0,0,0,0,0,0,0,0,0,0,0,0,0,0,0,0,0,0,0,0,0,0,0,0,0,0,0,0,0,0,0,0,0,0,0,0,0,0,0,0,0,0,0
Halichondria panicea,100,0,0,0,0,0,0,0,0,0,167,226,193,68,230,226,46,34,20,0,0,29,0,0,0,0,0,0,0,0,0,0,0,0,0,0,0,0,0,0,0,0,0,0,0,0,0,0,0,0,0,0,0,0,0,0,0,0,0,0,0,0,0,0,0,0,0,0,0,0,0,0,0,0,0,0,0,0,0,0,0,0,0,0,0,0,0,0,0,0,0,0,0,0,0,0,0
Halichondria panicea,100,0,0,0,0,0,0,0,0,0,167,226,193,68,230,226,46,34,20,0,0,29,0,0,0,0,0,0,0,0,0,0,0,0,0,0,0,0,0,0,0,0,0,0,0,0,0,0,0,0,0,0,0,0,0,0,0,0,0,0,0,0,0,0,0,0,0,0,0,0,0,0,0,0,0,0,0,0,0,0,0,0,0,0,0,0,0,0,0,0,0,0,0,0,0,0,0
Halichondria panicea,100,0,0,0,0,0,0,0,0,0,167,226,193,68,230,226,46,34,20,0,0,29,0,0,0,0,0,0,0,0,0,0,0,0,0,0,0,0,0,0,0,0,0,0,0,0,0,0,0,0,0,0,0,0,0,0,0,0,0,0,0,0,0,0,0,0,0,0,0,0,0,0,0,0,0,0,0,0,0,0,0,0,0,0,0,0,0,0,0,0,0,0,0,0,0,0,0
Halichondria panicea,100,0,0,0,0,0,0,0,0,0,167,226,193,68,230,226,46,34,20,0,0,29,0,0,0,0,0,0,0,0,0,0,0,0,0,0,0,0,0,0,0,0,0,0,0,0,0,0,0,0,0,0,0,0,0,0,0,0,0,0,0,0,0,0,0,0,0,0,0,0,0,0,0,0,0,0,0,0,0,0,0,0,0,0,0,0,0,0,0,0,0,0,0,0,0,0,0
Halichondria panicea,100,0,0,0,0,0,0,0,0,0,167,226,193,68,230,226,46,34,20,0,0,29,0,0,0,0,0,0,0,0,0,0,0,0,0,0,0,0,0,0,0,0,0,0,0,0,0,0,0,0,0,0,0,0,0,0,0,0,0,0,0,0,0,0,0,0,0,0,0,0,0,0,0,0,0,0,0,0,0,0,0,0,0,0,0,0,0,0,0,0,0,0,0,0,0,0,0
Terebellides stroemii CMC01,100,0,0,0,0,0,0,0,0,0,0,0,0,20,0,0,0,0,0,62,79,93,0,0,0,0,0,0,0,0,0,0,0,0,0,0,0,0,0,0,0,0,96,45,0,0,0,0,0,0,296,406,0,0,44,0,0,0,0,0,0,0,0,0,0,0,0,0,0,0,0,84,0,0,0,0,0,0,0,0,0,0,6,0,0,0,0,0,0,0,0,0,0,0,0,0,0
Terebellides stroemii CMC01,100,0,0,0,0,0,0,0,0,0,0,0,0,20,0,0,0,0,0,62,79,93,0,0,0,0,0,0,0,0,0,0,0,0,0,0,0,0,0,0,0,0,96,45,0,0,0,0,0,0,296,406,0,0,44,0,0,0,0,0,0,0,0,0,0,0,0,0,0,0,0,84,0,0,0,0,0,0,0,0,0,0,6,0,0,0,0,0,0,0,0,0,0,0,0,0,0
Terebellides stroemii CMC01,100,0,0,0,0,0,0,0,0,0,0,0,0,20,0,0,0,0,0,62,79,93,0,0,0,0,0,0,0,0,0,0,0,0,0,0,0,0,0,0,0,0,96,45,0,0,0,0,0,0,296,406,0,0,44,0,0,0,0,0,0,0,0,0,0,0,0,0,0,0,0,84,0,0,0,0,0,0,0,0,0,0,6,0,0,0,0,0,0,0,0,0,0,0,0,0,0
Terebellides stroemii,99.67,0,0,0,0,0,0,0,0,0,0,0,0,20,0,0,0,0,0,62,79,93,0,0,0,0,0,0,0,0,0,0,0,0,0,0,0,0,0,0,0,0,96,45,0,0,0,0,0,0,296,406,0,0,44,0,0,0,0,0,0,0,0,0,0,0,0,0,0,0,0,84,0,0,0,0,0,0,0,0,0,0,6,0,0,0,0,0,0,0,0,0,0,0,0,0,0
Terebellides stroemii CMC01,100,0,0,0,0,0,0,0,0,0,0,0,0,20,0,0,0,0,0,62,79,93,0,0,0,0,0,0,0,0,0,0,0,0,0,0,0,0,0,0,0,0,96,45,0,0,0,0,0,0,296,406,0,0,44,0,0,0,0,0,0,0,0,0,0,0,0,0,0,0,0,84,0,0,0,0,0,0,0,0,0,0,6,0,0,0,0,0,0,0,0,0,0,0,0,0,0
Coscinodiscus wailesii,97.69,0,0,0,0,0,0,0,0,0,187,171,144,175,79,93,62,24,0,69,142,5,0,0,0,31,0,0,0,0,0,0,0,0,0,0,0,0,0,0,0,0,0,0,0,0,0,0,0,0,0,0,0,0,0,0,0,0,0,0,0,0,0,0,0,0,0,0,0,0,0,0,0,0,0,0,0,0,0,0,0,0,0,0,0,0,0,0,0,0,0,0,0,0,0,0,0
Nucula proxima,100,0,0,0,0,0,0,0,0,0,0,0,399,782,0,0,0,0,0,0,0,0,0,0,0,0,0,0,0,0,0,0,0,0,0,0,0,0,0,0,0,0,0,0,0,0,0,0,0,0,0,0,0,0,0,0,0,0,0,0,0,0,0,0,0,0,0,0,0,0,0,0,0,0,0,0,0,0,0,0,0,0,0,0,0,0,0,0,0,0,0,0,0,0,0,0,0
Psamathe fusca,98.966,0,0,0,0,0,0,0,0,0,315,708,0,55,44,0,0,0,0,0,0,51,0,0,0,0,0,0,0,0,0,0,0,0,0,0,0,0,0,0,0,0,0,0,0,0,0,0,0,0,0,0,0,0,0,0,0,0,0,0,0,0,0,0,0,0,0,0,0,0,0,0,0,0,0,0,0,0,0,0,0,0,0,0,0,0,0,0,0,0,0,0,0,0,0,0,0
Acartia longiremis,99.01,0,0,0,0,0,0,0,0,0,0,0,0,0,0,1166,0,0,0,0,0,0,0,0,0,0,0,0,0,0,0,0,0,0,0,0,0,0,0,0,0,0,0,0,0,0,0,0,0,0,0,0,0,0,0,0,0,0,0,0,0,0,0,0,0,0,0,0,0,0,0,0,0,0,0,0,0,0,0,0,0,0,0,0,0,0,0,0,0,0,0,0,0,0,0,0,0
Acartia sp. KLMPC044-09,99.644,0,0,0,0,0,0,0,0,0,0,0,0,0,0,1166,0,0,0,0,0,0,0,0,0,0,0,0,0,0,0,0,0,0,0,0,0,0,0,0,0,0,0,0,0,0,0,0,0,0,0,0,0,0,0,0,0,0,0,0,0,0,0,0,0,0,0,0,0,0,0,0,0,0,0,0,0,0,0,0,0,0,0,0,0,0,0,0,0,0,0,0,0,0,0,0,0
Acartia hudsonica,100,0,0,0,0,0,0,0,0,0,0,0,894,270,0,0,0,0,0,0,0,0,0,0,0,0,0,0,0,0,0,0,0,0,0,0,0,0,0,0,0,0,0,0,0,0,0,0,0,0,0,0,0,0,0,0,0,0,0,0,0,0,0,0,0,0,0,0,0,0,0,0,0,0,0,0,0,0,0,0,0,0,0,0,0,0,0,0,0,0,0,0,0,0,0,0,0
Acartia tonsa,100,0,0,0,0,0,0,0,0,0,0,0,894,270,0,0,0,0,0,0,0,0,0,0,0,0,0,0,0,0,0,0,0,0,0,0,0,0,0,0,0,0,0,0,0,0,0,0,0,0,0,0,0,0,0,0,0,0,0,0,0,0,0,0,0,0,0,0,0,0,0,0,0,0,0,0,0,0,0,0,0,0,0,0,0,0,0,0,0,0,0,0,0,0,0,0,0
Acartia tonsa,100,0,0,0,0,0,0,0,0,0,0,0,894,270,0,0,0,0,0,0,0,0,0,0,0,0,0,0,0,0,0,0,0,0,0,0,0,0,0,0,0,0,0,0,0,0,0,0,0,0,0,0,0,0,0,0,0,0,0,0,0,0,0,0,0,0,0,0,0,0,0,0,0,0,0,0,0,0,0,0,0,0,0,0,0,0,0,0,0,0,0,0,0,0,0,0,0
Acartia tonsa,100,0,0,0,0,0,0,0,0,0,0,0,894,270,0,0,0,0,0,0,0,0,0,0,0,0,0,0,0,0,0,0,0,0,0,0,0,0,0,0,0,0,0,0,0,0,0,0,0,0,0,0,0,0,0,0,0,0,0,0,0,0,0,0,0,0,0,0,0,0,0,0,0,0,0,0,0,0,0,0,0,0,0,0,0,0,0,0,0,0,0,0,0,0,0,0,0
Acartia hudsonica,100,0,0,0,0,0,0,0,0,0,0,0,894,270,0,0,0,0,0,0,0,0,0,0,0,0,0,0,0,0,0,0,0,0,0,0,0,0,0,0,0,0,0,0,0,0,0,0,0,0,0,0,0,0,0,0,0,0,0,0,0,0,0,0,0,0,0,0,0,0,0,0,0,0,0,0,0,0,0,0,0,0,0,0,0,0,0,0,0,0,0,0,0,0,0,0,0
Aurelia aurita,99.67,0,0,0,0,0,0,0,0,0,0,0,0,0,0,0,0,0,0,0,0,0,0,0,0,0,0,0,0,0,0,0,0,0,0,0,0,0,0,0,0,0,0,0,0,0,0,0,0,0,0,0,0,1144,0,0,0,0,0,0,0,0,0,0,0,0,0,0,0,0,0,0,0,0,0,0,0,0,0,0,0,0,0,0,0,0,0,0,0,0,0,0,0,0,0,0,0
Aurelia aurita,99.67,0,0,0,0,0,0,0,0,0,0,0,0,0,0,0,0,0,0,0,0,0,0,0,0,0,0,0,0,0,0,0,0,0,0,0,0,0,0,0,0,0,0,0,0,0,0,0,0,0,0,0,0,1144,0,0,0,0,0,0,0,0,0,0,0,0,0,0,0,0,0,0,0,0,0,0,0,0,0,0,0,0,0,0,0,0,0,0,0,0,0,0,0,0,0,0,0
Aurelia aurita,99.34,0,0,0,0,0,0,0,0,0,0,0,0,0,0,0,0,0,0,0,0,0,0,0,0,0,0,0,0,0,0,0,0,0,0,0,0,0,0,0,0,0,0,0,0,0,0,0,0,0,0,0,0,1144,0,0,0,0,0,0,0,0,0,0,0,0,0,0,0,0,0,0,0,0,0,0,0,0,0,0,0,0,0,0,0,0,0,0,0,0,0,0,0,0,0,0,0
Aurelia aurita,99.34,0,0,0,0,0,0,0,0,0,0,0,0,0,0,0,0,0,0,0,0,0,0,0,0,0,0,0,0,0,0,0,0,0,0,0,0,0,0,0,0,0,0,0,0,0,0,0,0,0,0,0,0,1144,0,0,0,0,0,0,0,0,0,0,0,0,0,0,0,0,0,0,0,0,0,0,0,0,0,0,0,0,0,0,0,0,0,0,0,0,0,0,0,0,0,0,0
Aurelia aurita,99.34,0,0,0,0,0,0,0,0,0,0,0,0,0,0,0,0,0,0,0,0,0,0,0,0,0,0,0,0,0,0,0,0,0,0,0,0,0,0,0,0,0,0,0,0,0,0,0,0,0,0,0,0,1144,0,0,0,0,0,0,0,0,0,0,0,0,0,0,0,0,0,0,0,0,0,0,0,0,0,0,0,0,0,0,0,0,0,0,0,0,0,0,0,0,0,0,0
Tubularia indivisa,99.67,0,0,0,0,0,0,0,0,0,319,210,46,56,76,170,11,5,90,55,16,11,0,0,0,0,0,0,0,0,0,0,0,0,0,0,0,0,0,22,0,0,0,0,0,0,0,0,0,0,0,0,0,0,0,0,0,0,0,0,0,0,0,0,0,0,0,0,0,0,0,0,0,0,0,0,0,0,0,0,0,0,0,0,0,12,0,0,0,0,0,0,0,7,0,0,0
Tubularia indivisa,99.67,0,0,0,0,0,0,0,0,0,319,210,46,56,76,170,11,5,90,55,16,11,0,0,0,0,0,0,0,0,0,0,0,0,0,0,0,0,0,22,0,0,0,0,0,0,0,0,0,0,0,0,0,0,0,0,0,0,0,0,0,0,0,0,0,0,0,0,0,0,0,0,0,0,0,0,0,0,0,0,0,0,0,0,0,12,0,0,0,0,0,0,0,7,0,0,0
Tubularia indivisa,99.67,0,0,0,0,0,0,0,0,0,319,210,46,56,76,170,11,5,90,55,16,11,0,0,0,0,0,0,0,0,0,0,0,0,0,0,0,0,0,22,0,0,0,0,0,0,0,0,0,0,0,0,0,0,0,0,0,0,0,0,0,0,0,0,0,0,0,0,0,0,0,0,0,0,0,0,0,0,0,0,0,0,0,0,0,12,0,0,0,0,0,0,0,7,0,0,0
Tubularia indivisa,99.67,0,0,0,0,0,0,0,0,0,319,210,46,56,76,170,11,5,90,55,16,11,0,0,0,0,0,0,0,0,0,0,0,0,0,0,0,0,0,22,0,0,0,0,0,0,0,0,0,0,0,0,0,0,0,0,0,0,0,0,0,0,0,0,0,0,0,0,0,0,0,0,0,0,0,0,0,0,0,0,0,0,0,0,0,12,0,0,0,0,0,0,0,7,0,0,0
Tubularia indivisa,100,0,0,0,0,0,0,0,0,0,319,210,46,56,76,170,11,5,90,55,16,11,0,0,0,0,0,0,0,0,0,0,0,0,0,0,0,0,0,22,0,0,0,0,0,0,0,0,0,0,0,0,0,0,0,0,0,0,0,0,0,0,0,0,0,0,0,0,0,0,0,0,0,0,0,0,0,0,0,0,0,0,0,0,0,12,0,0,0,0,0,0,0,7,0,0,0
Alcyonidium mamillatum,99.34,0,0,0,0,0,0,0,0,0,0,0,0,0,0,0,0,0,0,0,0,0,0,0,0,0,0,0,0,0,0,0,0,0,0,0,0,0,0,0,0,0,0,0,0,0,0,0,0,0,0,1104,0,0,0,0,0,0,0,0,0,0,0,0,0,0,0,0,0,0,0,0,0,0,0,0,0,0,0,0,0,0,0,0,0,0,0,0,0,0,0,0,0,0,0,0,0
Bryozoa sp.,98.68,0,0,0,0,0,0,0,0,0,0,0,0,0,0,0,0,0,0,0,0,0,0,0,0,0,0,0,0,0,0,0,0,0,0,0,0,0,0,0,0,0,0,0,0,0,0,0,0,0,0,1104,0,0,0,0,0,0,0,0,0,0,0,0,0,0,0,0,0,0,0,0,0,0,0,0,0,0,0,0,0,0,0,0,0,0,0,0,0,0,0,0,0,0,0,0,0
Artacama proboscidea,100,0,0,0,0,0,0,0,0,0,0,0,0,0,0,0,0,0,0,0,0,0,0,0,0,0,0,0,0,0,0,0,0,0,0,0,0,0,0,0,0,0,0,0,0,0,0,149,373,578,0,0,0,0,0,0,0,0,0,0,0,0,0,0,0,0,0,0,0,0,0,0,0,0,0,0,0,0,0,0,0,0,0,0,0,0,0,0,0,0,0,0,0,0,0,0,0
Artacama proboscidea,99.668,0,0,0,0,0,0,0,0,0,0,0,0,0,0,0,0,0,0,0,0,0,0,0,0,0,0,0,0,0,0,0,0,0,0,0,0,0,0,0,0,0,0,0,0,0,0,149,373,578,0,0,0,0,0,0,0,0,0,0,0,0,0,0,0,0,0,0,0,0,0,0,0,0,0,0,0,0,0,0,0,0,0,0,0,0,0,0,0,0,0,0,0,0,0,0,0
Pseudocalanus sp.,99.34,0,0,0,0,0,0,0,0,0,0,0,0,0,0,0,0,1099,0,0,0,0,0,0,0,0,0,0,0,0,0,0,0,0,0,0,0,0,0,0,0,0,0,0,0,0,0,0,0,0,0,0,0,0,0,0,0,0,0,0,0,0,0,0,0,0,0,0,0,0,0,0,0,0,0,0,0,0,0,0,0,0,0,0,0,0,0,0,0,0,0,0,0,0,0,0,0
Pseudocalanus sp.,99.01,0,0,0,0,0,0,0,0,0,0,0,0,0,0,0,0,1099,0,0,0,0,0,0,0,0,0,0,0,0,0,0,0,0,0,0,0,0,0,0,0,0,0,0,0,0,0,0,0,0,0,0,0,0,0,0,0,0,0,0,0,0,0,0,0,0,0,0,0,0,0,0,0,0,0,0,0,0,0,0,0,0,0,0,0,0,0,0,0,0,0,0,0,0,0,0,0
Pseudocalanus sp.,98.35,0,0,0,0,0,0,0,0,0,0,0,0,0,0,0,0,1099,0,0,0,0,0,0,0,0,0,0,0,0,0,0,0,0,0,0,0,0,0,0,0,0,0,0,0,0,0,0,0,0,0,0,0,0,0,0,0,0,0,0,0,0,0,0,0,0,0,0,0,0,0,0,0,0,0,0,0,0,0,0,0,0,0,0,0,0,0,0,0,0,0,0,0,0,0,0,0
Pseudocalanus sp.,99.313,0,0,0,0,0,0,0,0,0,0,0,0,0,0,0,0,1099,0,0,0,0,0,0,0,0,0,0,0,0,0,0,0,0,0,0,0,0,0,0,0,0,0,0,0,0,0,0,0,0,0,0,0,0,0,0,0,0,0,0,0,0,0,0,0,0,0,0,0,0,0,0,0,0,0,0,0,0,0,0,0,0,0,0,0,0,0,0,0,0,0,0,0,0,0,0,0
Pseudocalanus sp.,98.969,0,0,0,0,0,0,0,0,0,0,0,0,0,0,0,0,1099,0,0,0,0,0,0,0,0,0,0,0,0,0,0,0,0,0,0,0,0,0,0,0,0,0,0,0,0,0,0,0,0,0,0,0,0,0,0,0,0,0,0,0,0,0,0,0,0,0,0,0,0,0,0,0,0,0,0,0,0,0,0,0,0,0,0,0,0,0,0,0,0,0,0,0,0,0,0,0
Obelia dichotoma,100,0,0,0,0,0,0,0,0,0,164,117,27,31,92,95,46,140,129,99,57,48,0,0,0,0,0,0,6,0,3,0,0,0,0,0,0,0,0,0,0,0,0,0,0,0,0,0,0,0,0,0,0,0,0,0,0,0,0,0,0,0,0,0,0,0,0,0,0,0,0,0,0,0,0,0,0,0,0,0,0,0,0,0,0,0,0,0,27,0,0,0,0,0,0,0,0
Obelia geniculata,100,0,0,0,0,0,0,0,0,0,164,117,27,31,92,95,46,140,129,99,57,48,0,0,0,0,0,0,6,0,3,0,0,0,0,0,0,0,0,0,0,0,0,0,0,0,0,0,0,0,0,0,0,0,0,0,0,0,0,0,0,0,0,0,0,0,0,0,0,0,0,0,0,0,0,0,0,0,0,0,0,0,0,0,0,0,0,0,27,0,0,0,0,0,0,0,0
Obelia geniculata,100,0,0,0,0,0,0,0,0,0,164,117,27,31,92,95,46,140,129,99,57,48,0,0,0,0,0,0,6,0,3,0,0,0,0,0,0,0,0,0,0,0,0,0,0,0,0,0,0,0,0,0,0,0,0,0,0,0,0,0,0,0,0,0,0,0,0,0,0,0,0,0,0,0,0,0,0,0,0,0,0,0,0,0,0,0,0,0,27,0,0,0,0,0,0,0,0
Obelia geniculata,100,0,0,0,0,0,0,0,0,0,164,117,27,31,92,95,46,140,129,99,57,48,0,0,0,0,0,0,6,0,3,0,0,0,0,0,0,0,0,0,0,0,0,0,0,0,0,0,0,0,0,0,0,0,0,0,0,0,0,0,0,0,0,0,0,0,0,0,0,0,0,0,0,0,0,0,0,0,0,0,0,0,0,0,0,0,0,0,27,0,0,0,0,0,0,0,0
Obelia sp. 2 SL-2013,100,0,0,0,0,0,0,0,0,0,164,117,27,31,92,95,46,140,129,99,57,48,0,0,0,0,0,0,6,0,3,0,0,0,0,0,0,0,0,0,0,0,0,0,0,0,0,0,0,0,0,0,0,0,0,0,0,0,0,0,0,0,0,0,0,0,0,0,0,0,0,0,0,0,0,0,0,0,0,0,0,0,0,0,0,0,0,0,27,0,0,0,0,0,0,0,0
Bathycoccus prasinos,98.013,0,0,0,0,0,0,0,0,0,25,48,0,35,0,0,0,0,0,45,0,0,0,0,0,0,0,0,0,52,0,0,77,0,0,0,0,0,166,81,0,0,0,0,0,0,22,0,0,58,0,0,0,112,0,0,0,0,0,0,0,0,0,0,0,0,0,0,0,0,0,0,0,0,0,0,0,0,0,0,0,0,116,71,0,0,51,0,42,32,0,15,0,33,0,0,0
Bathycoccus prasinos,98.013,0,0,0,0,0,0,0,0,0,25,48,0,35,0,0,0,0,0,45,0,0,0,0,0,0,0,0,0,52,0,0,77,0,0,0,0,0,166,81,0,0,0,0,0,0,22,0,0,58,0,0,0,112,0,0,0,0,0,0,0,0,0,0,0,0,0,0,0,0,0,0,0,0,0,0,0,0,0,0,0,0,116,71,0,0,51,0,42,32,0,15,0,33,0,0,0
Bathycoccus prasinos,98.013,0,0,0,0,0,0,0,0,0,25,48,0,35,0,0,0,0,0,45,0,0,0,0,0,0,0,0,0,52,0,0,77,0,0,0,0,0,166,81,0,0,0,0,0,0,22,0,0,58,0,0,0,112,0,0,0,0,0,0,0,0,0,0,0,0,0,0,0,0,0,0,0,0,0,0,0,0,0,0,0,0,116,71,0,0,51,0,42,32,0,15,0,33,0,0,0
Bathycoccus prasinos,98.013,0,0,0,0,0,0,0,0,0,25,48,0,35,0,0,0,0,0,45,0,0,0,0,0,0,0,0,0,52,0,0,77,0,0,0,0,0,166,81,0,0,0,0,0,0,22,0,0,58,0,0,0,112,0,0,0,0,0,0,0,0,0,0,0,0,0,0,0,0,0,0,0,0,0,0,0,0,0,0,0,0,116,71,0,0,51,0,42,32,0,15,0,33,0,0,0
Bathycoccus prasinos,98.013,0,0,0,0,0,0,0,0,0,25,48,0,35,0,0,0,0,0,45,0,0,0,0,0,0,0,0,0,52,0,0,77,0,0,0,0,0,166,81,0,0,0,0,0,0,22,0,0,58,0,0,0,112,0,0,0,0,0,0,0,0,0,0,0,0,0,0,0,0,0,0,0,0,0,0,0,0,0,0,0,0,116,71,0,0,51,0,42,32,0,15,0,33,0,0,0
Bathycoccus prasinos,97.682,0,0,0,0,0,0,0,0,0,26,0,0,0,18,31,0,0,0,24,45,0,0,0,0,0,0,0,32,0,0,0,82,252,0,0,0,97,96,0,0,83,0,0,0,0,0,64,50,0,0,0,26,151,0,0,0,0,0,0,0,0,0,0,0,0,0,0,0,0,0,0,0,0,0,0,0,0,0,0,0,0,0,0,0,0,0,0,0,0,0,0,0,0,0,0,0
Bathycoccus prasinos,97.682,0,0,0,0,0,0,0,0,0,26,0,0,0,18,31,0,0,0,24,45,0,0,0,0,0,0,0,32,0,0,0,82,252,0,0,0,97,96,0,0,83,0,0,0,0,0,64,50,0,0,0,26,151,0,0,0,0,0,0,0,0,0,0,0,0,0,0,0,0,0,0,0,0,0,0,0,0,0,0,0,0,0,0,0,0,0,0,0,0,0,0,0,0,0,0,0
Bathycoccus prasinos,97.682,0,0,0,0,0,0,0,0,0,26,0,0,0,18,31,0,0,0,24,45,0,0,0,0,0,0,0,32,0,0,0,82,252,0,0,0,97,96,0,0,83,0,0,0,0,0,64,50,0,0,0,26,151,0,0,0,0,0,0,0,0,0,0,0,0,0,0,0,0,0,0,0,0,0,0,0,0,0,0,0,0,0,0,0,0,0,0,0,0,0,0,0,0,0,0,0
Bathycoccus prasinos,97.682,0,0,0,0,0,0,0,0,0,26,0,0,0,18,31,0,0,0,24,45,0,0,0,0,0,0,0,32,0,0,0,82,252,0,0,0,97,96,0,0,83,0,0,0,0,0,64,50,0,0,0,26,151,0,0,0,0,0,0,0,0,0,0,0,0,0,0,0,0,0,0,0,0,0,0,0,0,0,0,0,0,0,0,0,0,0,0,0,0,0,0,0,0,0,0,0
Bathycoccus prasinos,97.682,0,0,0,0,0,0,0,0,0,26,0,0,0,18,31,0,0,0,24,45,0,0,0,0,0,0,0,32,0,0,0,82,252,0,0,0,97,96,0,0,83,0,0,0,0,0,64,50,0,0,0,26,151,0,0,0,0,0,0,0,0,0,0,0,0,0,0,0,0,0,0,0,0,0,0,0,0,0,0,0,0,0,0,0,0,0,0,0,0,0,0,0,0,0,0,0
Ophiopholis aculeata,100,0,0,0,0,0,0,0,0,0,0,0,25,0,0,0,0,0,0,0,0,0,0,0,0,0,0,0,0,94,0,0,0,0,0,0,0,81,0,0,0,0,0,0,0,0,0,128,229,201,0,0,92,221,0,0,0,0,0,0,0,0,0,0,0,0,0,0,0,0,0,0,0,0,0,0,0,0,0,0,0,0,0,0,0,0,0,0,0,0,0,0,0,0,0,0,0
Ophiopholis aculeata,100,0,0,0,0,0,0,0,0,0,0,0,25,0,0,0,0,0,0,0,0,0,0,0,0,0,0,0,0,94,0,0,0,0,0,0,0,81,0,0,0,0,0,0,0,0,0,128,229,201,0,0,92,221,0,0,0,0,0,0,0,0,0,0,0,0,0,0,0,0,0,0,0,0,0,0,0,0,0,0,0,0,0,0,0,0,0,0,0,0,0,0,0,0,0,0,0
Ophiopholis aculeata,100,0,0,0,0,0,0,0,0,0,0,0,25,0,0,0,0,0,0,0,0,0,0,0,0,0,0,0,0,94,0,0,0,0,0,0,0,81,0,0,0,0,0,0,0,0,0,128,229,201,0,0,92,221,0,0,0,0,0,0,0,0,0,0,0,0,0,0,0,0,0,0,0,0,0,0,0,0,0,0,0,0,0,0,0,0,0,0,0,0,0,0,0,0,0,0,0
Ophiopholis aculeata,100,0,0,0,0,0,0,0,0,0,0,0,25,0,0,0,0,0,0,0,0,0,0,0,0,0,0,0,0,94,0,0,0,0,0,0,0,81,0,0,0,0,0,0,0,0,0,128,229,201,0,0,92,221,0,0,0,0,0,0,0,0,0,0,0,0,0,0,0,0,0,0,0,0,0,0,0,0,0,0,0,0,0,0,0,0,0,0,0,0,0,0,0,0,0,0,0
Ophiopholis aculeata,99.67,0,0,0,0,0,0,0,0,0,0,0,25,0,0,0,0,0,0,0,0,0,0,0,0,0,0,0,0,94,0,0,0,0,0,0,0,81,0,0,0,0,0,0,0,0,0,128,229,201,0,0,92,221,0,0,0,0,0,0,0,0,0,0,0,0,0,0,0,0,0,0,0,0,0,0,0,0,0,0,0,0,0,0,0,0,0,0,0,0,0,0,0,0,0,0,0
Sclerasterias sp. SERCINVERT1861,100,0,0,0,0,0,0,0,0,0,0,0,0,0,0,0,0,0,0,0,0,0,0,0,0,0,0,0,0,0,0,0,0,0,86,5,0,0,408,528,0,0,0,0,0,0,0,0,0,0,0,0,0,0,23,0,0,0,0,0,0,0,0,0,0,0,0,0,0,0,0,0,0,0,0,0,0,0,0,0,0,0,0,0,0,0,0,0,0,0,0,0,0,0,0,0,0
Sclerasterias sp. SERCINVERT1859,99.67,0,0,0,0,0,0,0,0,0,0,0,0,0,0,0,0,0,0,0,0,0,0,0,0,0,0,0,0,0,0,0,0,0,86,5,0,0,408,528,0,0,0,0,0,0,0,0,0,0,0,0,0,0,23,0,0,0,0,0,0,0,0,0,0,0,0,0,0,0,0,0,0,0,0,0,0,0,0,0,0,0,0,0,0,0,0,0,0,0,0,0,0,0,0,0,0
Micromonas commoda,99.67,0,0,0,0,0,0,0,0,0,0,270,0,0,0,0,212,0,0,0,0,0,0,0,0,0,0,141,0,0,0,0,0,0,0,0,0,0,0,220,0,0,0,0,54,0,0,0,0,0,0,0,0,0,0,0,0,0,0,0,0,0,0,0,0,0,0,0,0,0,0,0,0,0,0,0,0,0,137,0,0,0,0,0,0,0,0,0,0,0,0,0,0,0,0,0,0
Micromonas commoda,99.67,0,0,0,0,0,0,0,0,0,0,270,0,0,0,0,212,0,0,0,0,0,0,0,0,0,0,141,0,0,0,0,0,0,0,0,0,0,0,220,0,0,0,0,54,0,0,0,0,0,0,0,0,0,0,0,0,0,0,0,0,0,0,0,0,0,0,0,0,0,0,0,0,0,0,0,0,0,137,0,0,0,0,0,0,0,0,0,0,0,0,0,0,0,0,0,0
Micromonas pusilla,99.669,0,0,0,0,0,0,0,0,0,0,270,0,0,0,0,212,0,0,0,0,0,0,0,0,0,0,141,0,0,0,0,0,0,0,0,0,0,0,220,0,0,0,0,54,0,0,0,0,0,0,0,0,0,0,0,0,0,0,0,0,0,0,0,0,0,0,0,0,0,0,0,0,0,0,0,0,0,137,0,0,0,0,0,0,0,0,0,0,0,0,0,0,0,0,0,0
Melanogrammus aeglefinus,100,0,0,0,0,0,0,0,0,0,0,0,0,0,0,0,0,0,0,0,0,0,0,0,0,0,0,0,0,0,0,8,103,0,0,0,0,33,0,0,18,0,0,0,0,0,0,0,0,0,0,0,0,0,0,18,0,0,0,0,0,0,0,0,0,0,0,0,0,0,0,0,0,0,0,0,0,0,0,0,0,0,0,0,0,0,23,40,70,198,23,119,31,108,217,14,0
Melanogrammus aeglefinus,100,0,0,0,0,0,0,0,0,0,0,0,0,0,0,0,0,0,0,0,0,0,0,0,0,0,0,0,0,0,0,8,103,0,0,0,0,33,0,0,18,0,0,0,0,0,0,0,0,0,0,0,0,0,0,18,0,0,0,0,0,0,0,0,0,0,0,0,0,0,0,0,0,0,0,0,0,0,0,0,0,0,0,0,0,0,23,40,70,198,23,119,31,108,217,14,0
Melanogrammus aeglefinus,100,0,0,0,0,0,0,0,0,0,0,0,0,0,0,0,0,0,0,0,0,0,0,0,0,0,0,0,0,0,0,8,103,0,0,0,0,33,0,0,18,0,0,0,0,0,0,0,0,0,0,0,0,0,0,18,0,0,0,0,0,0,0,0,0,0,0,0,0,0,0,0,0,0,0,0,0,0,0,0,0,0,0,0,0,0,23,40,70,198,23,119,31,108,217,14,0
Melanogrammus aeglefinus,100,0,0,0,0,0,0,0,0,0,0,0,0,0,0,0,0,0,0,0,0,0,0,0,0,0,0,0,0,0,0,8,103,0,0,0,0,33,0,0,18,0,0,0,0,0,0,0,0,0,0,0,0,0,0,18,0,0,0,0,0,0,0,0,0,0,0,0,0,0,0,0,0,0,0,0,0,0,0,0,0,0,0,0,0,0,23,40,70,198,23,119,31,108,217,14,0
Melanogrammus aeglefinus,100,0,0,0,0,0,0,0,0,0,0,0,0,0,0,0,0,0,0,0,0,0,0,0,0,0,0,0,0,0,0,8,103,0,0,0,0,33,0,0,18,0,0,0,0,0,0,0,0,0,0,0,0,0,0,18,0,0,0,0,0,0,0,0,0,0,0,0,0,0,0,0,0,0,0,0,0,0,0,0,0,0,0,0,0,0,23,40,70,198,23,119,31,108,217,14,0
Primnoa pacifica,100,0,0,0,0,0,0,0,0,0,0,0,0,0,0,0,0,0,0,0,0,0,0,0,246,0,47,0,0,0,0,0,0,0,0,0,0,0,0,0,0,0,0,0,33,57,0,0,0,0,0,0,0,0,0,0,0,0,0,0,0,0,0,0,0,0,0,0,0,0,0,78,224,124,12,0,0,23,0,0,0,0,0,0,7,0,29,18,6,69,0,28,0,0,0,0,0
Primnoa pacifica,100,0,0,0,0,0,0,0,0,0,0,0,0,0,0,0,0,0,0,0,0,0,0,0,246,0,47,0,0,0,0,0,0,0,0,0,0,0,0,0,0,0,0,0,33,57,0,0,0,0,0,0,0,0,0,0,0,0,0,0,0,0,0,0,0,0,0,0,0,0,0,78,224,124,12,0,0,23,0,0,0,0,0,0,7,0,29,18,6,69,0,28,0,0,0,0,0
Primnoa pacifica,100,0,0,0,0,0,0,0,0,0,0,0,0,0,0,0,0,0,0,0,0,0,0,0,246,0,47,0,0,0,0,0,0,0,0,0,0,0,0,0,0,0,0,0,33,57,0,0,0,0,0,0,0,0,0,0,0,0,0,0,0,0,0,0,0,0,0,0,0,0,0,78,224,124,12,0,0,23,0,0,0,0,0,0,7,0,29,18,6,69,0,28,0,0,0,0,0
Primnoa pacifica,100,0,0,0,0,0,0,0,0,0,0,0,0,0,0,0,0,0,0,0,0,0,0,0,246,0,47,0,0,0,0,0,0,0,0,0,0,0,0,0,0,0,0,0,33,57,0,0,0,0,0,0,0,0,0,0,0,0,0,0,0,0,0,0,0,0,0,0,0,0,0,78,224,124,12,0,0,23,0,0,0,0,0,0,7,0,29,18,6,69,0,28,0,0,0,0,0
Primnoa pacifica,100,0,0,0,0,0,0,0,0,0,0,0,0,0,0,0,0,0,0,0,0,0,0,0,246,0,47,0,0,0,0,0,0,0,0,0,0,0,0,0,0,0,0,0,33,57,0,0,0,0,0,0,0,0,0,0,0,0,0,0,0,0,0,0,0,0,0,0,0,0,0,78,224,124,12,0,0,23,0,0,0,0,0,0,7,0,29,18,6,69,0,28,0,0,0,0,0
Flustra foliacea,100,0,0,0,0,0,0,0,0,0,106,92,0,0,311,176,113,73,17,13,52,46,0,0,0,0,0,0,0,0,0,0,0,0,0,0,0,0,0,0,0,0,0,0,0,0,0,0,0,0,0,0,0,0,0,0,0,0,0,0,0,0,0,0,0,0,0,0,0,0,0,0,0,0,0,0,0,0,0,0,0,0,0,0,0,0,0,0,0,0,0,0,0,0,0,0,0
Flustra foliacea,100,0,0,0,0,0,0,0,0,0,106,92,0,0,311,176,113,73,17,13,52,46,0,0,0,0,0,0,0,0,0,0,0,0,0,0,0,0,0,0,0,0,0,0,0,0,0,0,0,0,0,0,0,0,0,0,0,0,0,0,0,0,0,0,0,0,0,0,0,0,0,0,0,0,0,0,0,0,0,0,0,0,0,0,0,0,0,0,0,0,0,0,0,0,0,0,0
Flustra foliacea,100,0,0,0,0,0,0,0,0,0,106,92,0,0,311,176,113,73,17,13,52,46,0,0,0,0,0,0,0,0,0,0,0,0,0,0,0,0,0,0,0,0,0,0,0,0,0,0,0,0,0,0,0,0,0,0,0,0,0,0,0,0,0,0,0,0,0,0,0,0,0,0,0,0,0,0,0,0,0,0,0,0,0,0,0,0,0,0,0,0,0,0,0,0,0,0,0
Flustra foliacea,100,0,0,0,0,0,0,0,0,0,106,92,0,0,311,176,113,73,17,13,52,46,0,0,0,0,0,0,0,0,0,0,0,0,0,0,0,0,0,0,0,0,0,0,0,0,0,0,0,0,0,0,0,0,0,0,0,0,0,0,0,0,0,0,0,0,0,0,0,0,0,0,0,0,0,0,0,0,0,0,0,0,0,0,0,0,0,0,0,0,0,0,0,0,0,0,0
Flustra foliacea,100,0,0,0,0,0,0,0,0,0,106,92,0,0,311,176,113,73,17,13,52,46,0,0,0,0,0,0,0,0,0,0,0,0,0,0,0,0,0,0,0,0,0,0,0,0,0,0,0,0,0,0,0,0,0,0,0,0,0,0,0,0,0,0,0,0,0,0,0,0,0,0,0,0,0,0,0,0,0,0,0,0,0,0,0,0,0,0,0,0,0,0,0,0,0,0,0
Bathycoccus prasinos,99.34,0,0,0,0,0,0,0,0,0,86,37,41,68,67,0,0,0,0,0,0,98,0,0,0,0,0,0,0,29,0,0,0,0,0,0,0,92,0,0,0,0,0,0,0,0,0,0,0,0,0,0,0,0,0,0,0,0,0,0,0,0,0,0,0,0,0,0,0,0,0,0,0,0,0,0,0,0,0,0,0,0,164,278,0,0,0,0,0,0,0,31,0,0,0,0,0
Bathycoccus prasinos,99.34,0,0,0,0,0,0,0,0,0,86,37,41,68,67,0,0,0,0,0,0,98,0,0,0,0,0,0,0,29,0,0,0,0,0,0,0,92,0,0,0,0,0,0,0,0,0,0,0,0,0,0,0,0,0,0,0,0,0,0,0,0,0,0,0,0,0,0,0,0,0,0,0,0,0,0,0,0,0,0,0,0,164,278,0,0,0,0,0,0,0,31,0,0,0,0,0
Bathycoccus prasinos,99.34,0,0,0,0,0,0,0,0,0,86,37,41,68,67,0,0,0,0,0,0,98,0,0,0,0,0,0,0,29,0,0,0,0,0,0,0,92,0,0,0,0,0,0,0,0,0,0,0,0,0,0,0,0,0,0,0,0,0,0,0,0,0,0,0,0,0,0,0,0,0,0,0,0,0,0,0,0,0,0,0,0,164,278,0,0,0,0,0,0,0,31,0,0,0,0,0
Bathycoccus prasinos,99.34,0,0,0,0,0,0,0,0,0,86,37,41,68,67,0,0,0,0,0,0,98,0,0,0,0,0,0,0,29,0,0,0,0,0,0,0,92,0,0,0,0,0,0,0,0,0,0,0,0,0,0,0,0,0,0,0,0,0,0,0,0,0,0,0,0,0,0,0,0,0,0,0,0,0,0,0,0,0,0,0,0,164,278,0,0,0,0,0,0,0,31,0,0,0,0,0
Bathycoccus prasinos,99.34,0,0,0,0,0,0,0,0,0,86,37,41,68,67,0,0,0,0,0,0,98,0,0,0,0,0,0,0,29,0,0,0,0,0,0,0,92,0,0,0,0,0,0,0,0,0,0,0,0,0,0,0,0,0,0,0,0,0,0,0,0,0,0,0,0,0,0,0,0,0,0,0,0,0,0,0,0,0,0,0,0,164,278,0,0,0,0,0,0,0,31,0,0,0,0,0
Bathycoccus prasinos,99.34,0,0,0,0,0,0,0,0,0,86,37,41,68,67,0,0,0,0,0,0,98,0,0,0,0,0,0,0,29,0,0,0,0,0,0,0,92,0,0,0,0,0,0,0,0,0,0,0,0,0,0,0,0,0,0,0,0,0,0,0,0,0,0,0,0,0,0,0,0,0,0,0,0,0,0,0,0,0,0,0,0,164,278,0,0,0,0,0,0,0,31,0,0,0,0,0
Bathycoccus prasinos,99.34,0,0,0,0,0,0,0,0,0,86,37,41,68,67,0,0,0,0,0,0,98,0,0,0,0,0,0,0,29,0,0,0,0,0,0,0,92,0,0,0,0,0,0,0,0,0,0,0,0,0,0,0,0,0,0,0,0,0,0,0,0,0,0,0,0,0,0,0,0,0,0,0,0,0,0,0,0,0,0,0,0,164,278,0,0,0,0,0,0,0,31,0,0,0,0,0
Laonice sarsi,99.34,0,0,0,0,0,0,0,0,0,0,0,0,0,0,0,0,0,0,0,0,0,0,0,0,0,0,0,0,0,0,0,0,0,0,0,0,0,0,0,0,0,0,0,0,0,0,0,0,0,0,0,0,0,991,0,0,0,0,0,0,0,0,0,0,0,0,0,0,0,0,0,0,0,0,0,0,0,0,0,0,0,0,0,0,0,0,0,0,0,0,0,0,0,0,0,0
Laonice sarsi,99.34,0,0,0,0,0,0,0,0,0,0,0,0,0,0,0,0,0,0,0,0,0,0,0,0,0,0,0,0,0,0,0,0,0,0,0,0,0,0,0,0,0,0,0,0,0,0,0,0,0,0,0,0,0,991,0,0,0,0,0,0,0,0,0,0,0,0,0,0,0,0,0,0,0,0,0,0,0,0,0,0,0,0,0,0,0,0,0,0,0,0,0,0,0,0,0,0
Laonice sarsi,99.01,0,0,0,0,0,0,0,0,0,0,0,0,0,0,0,0,0,0,0,0,0,0,0,0,0,0,0,0,0,0,0,0,0,0,0,0,0,0,0,0,0,0,0,0,0,0,0,0,0,0,0,0,0,991,0,0,0,0,0,0,0,0,0,0,0,0,0,0,0,0,0,0,0,0,0,0,0,0,0,0,0,0,0,0,0,0,0,0,0,0,0,0,0,0,0,0
Laonice sarsi,99.01,0,0,0,0,0,0,0,0,0,0,0,0,0,0,0,0,0,0,0,0,0,0,0,0,0,0,0,0,0,0,0,0,0,0,0,0,0,0,0,0,0,0,0,0,0,0,0,0,0,0,0,0,0,991,0,0,0,0,0,0,0,0,0,0,0,0,0,0,0,0,0,0,0,0,0,0,0,0,0,0,0,0,0,0,0,0,0,0,0,0,0,0,0,0,0,0
Laonice sarsi,99.01,0,0,0,0,0,0,0,0,0,0,0,0,0,0,0,0,0,0,0,0,0,0,0,0,0,0,0,0,0,0,0,0,0,0,0,0,0,0,0,0,0,0,0,0,0,0,0,0,0,0,0,0,0,991,0,0,0,0,0,0,0,0,0,0,0,0,0,0,0,0,0,0,0,0,0,0,0,0,0,0,0,0,0,0,0,0,0,0,0,0,0,0,0,0,0,0
Pennatula cf. aculeata RH-2019,100,0,0,0,0,0,0,0,0,0,0,0,0,0,0,0,0,0,0,0,0,0,27,34,0,0,0,0,0,0,66,36,0,0,0,0,0,0,0,0,0,0,0,0,308,360,17,0,0,0,0,0,0,7,0,0,0,0,0,0,0,0,0,0,0,0,0,0,0,0,0,10,0,16,0,0,0,0,0,0,64,0,0,0,0,41,0,0,0,0,0,0,0,0,0,0,0
Pennatula aculeata,100,0,0,0,0,0,0,0,0,0,0,0,0,0,0,0,0,0,0,0,0,0,27,34,0,0,0,0,0,0,66,36,0,0,0,0,0,0,0,0,0,0,0,0,308,360,17,0,0,0,0,0,0,7,0,0,0,0,0,0,0,0,0,0,0,0,0,0,0,0,0,10,0,16,0,0,0,0,0,0,64,0,0,0,0,41,0,0,0,0,0,0,0,0,0,0,0
Pennatula aculeata,100,0,0,0,0,0,0,0,0,0,0,0,0,0,0,0,0,0,0,0,0,0,27,34,0,0,0,0,0,0,66,36,0,0,0,0,0,0,0,0,0,0,0,0,308,360,17,0,0,0,0,0,0,7,0,0,0,0,0,0,0,0,0,0,0,0,0,0,0,0,0,10,0,16,0,0,0,0,0,0,64,0,0,0,0,41,0,0,0,0,0,0,0,0,0,0,0
Pennatula sp. 1 PJLG-2022,99.67,0,0,0,0,0,0,0,0,0,0,0,0,0,0,0,0,0,0,0,0,0,27,34,0,0,0,0,0,0,66,36,0,0,0,0,0,0,0,0,0,0,0,0,308,360,17,0,0,0,0,0,0,7,0,0,0,0,0,0,0,0,0,0,0,0,0,0,0,0,0,10,0,16,0,0,0,0,0,0,64,0,0,0,0,41,0,0,0,0,0,0,0,0,0,0,0
Bathycoccus prasinos,99.34,0,0,0,0,0,0,0,0,0,186,0,0,0,0,0,0,0,0,0,112,133,0,0,0,59,0,0,0,147,0,0,0,0,0,0,0,0,0,0,0,176,0,0,0,0,0,0,0,0,0,0,0,0,0,0,0,0,0,0,0,0,0,0,0,0,0,0,0,0,0,0,0,0,0,0,0,0,0,0,0,0,0,154,0,0,0,0,0,0,0,0,0,0,0,0,0
Bathycoccus prasinos,99.34,0,0,0,0,0,0,0,0,0,186,0,0,0,0,0,0,0,0,0,112,133,0,0,0,59,0,0,0,147,0,0,0,0,0,0,0,0,0,0,0,176,0,0,0,0,0,0,0,0,0,0,0,0,0,0,0,0,0,0,0,0,0,0,0,0,0,0,0,0,0,0,0,0,0,0,0,0,0,0,0,0,0,154,0,0,0,0,0,0,0,0,0,0,0,0,0
Bathycoccus prasinos,99.34,0,0,0,0,0,0,0,0,0,186,0,0,0,0,0,0,0,0,0,112,133,0,0,0,59,0,0,0,147,0,0,0,0,0,0,0,0,0,0,0,176,0,0,0,0,0,0,0,0,0,0,0,0,0,0,0,0,0,0,0,0,0,0,0,0,0,0,0,0,0,0,0,0,0,0,0,0,0,0,0,0,0,154,0,0,0,0,0,0,0,0,0,0,0,0,0
Bathycoccus prasinos,99.34,0,0,0,0,0,0,0,0,0,186,0,0,0,0,0,0,0,0,0,112,133,0,0,0,59,0,0,0,147,0,0,0,0,0,0,0,0,0,0,0,176,0,0,0,0,0,0,0,0,0,0,0,0,0,0,0,0,0,0,0,0,0,0,0,0,0,0,0,0,0,0,0,0,0,0,0,0,0,0,0,0,0,154,0,0,0,0,0,0,0,0,0,0,0,0,0
Bathycoccus prasinos,99.34,0,0,0,0,0,0,0,0,0,186,0,0,0,0,0,0,0,0,0,112,133,0,0,0,59,0,0,0,147,0,0,0,0,0,0,0,0,0,0,0,176,0,0,0,0,0,0,0,0,0,0,0,0,0,0,0,0,0,0,0,0,0,0,0,0,0,0,0,0,0,0,0,0,0,0,0,0,0,0,0,0,0,154,0,0,0,0,0,0,0,0,0,0,0,0,0
Mediolabrus comicus,100,0,0,0,0,0,0,0,0,0,29,27,129,73,0,0,37,41,0,14,12,0,0,0,0,0,0,0,0,0,9,3,0,0,0,0,0,0,0,0,0,0,0,0,0,5,4,22,0,4,20,0,0,0,0,0,0,0,0,0,0,0,0,0,0,0,0,0,0,0,0,0,0,0,0,0,0,72,0,0,14,0,147,180,0,21,0,0,0,0,0,27,0,4,22,7,0
Bathycoccus prasinos,98.675,0,0,0,0,0,0,0,0,0,0,0,0,0,0,0,0,0,61,0,0,0,0,0,0,0,0,0,1,5,0,0,0,309,0,0,59,193,0,5,0,82,0,0,2,3,4,0,49,0,0,0,0,0,0,0,0,0,0,0,0,0,0,0,0,0,0,0,0,0,0,0,0,0,0,0,0,0,0,0,0,0,0,71,0,73,0,0,0,0,0,0,0,0,0,0,0
Bathycoccus prasinos,98.344,0,0,0,0,0,0,0,0,0,0,0,0,0,0,0,0,0,61,0,0,0,0,0,0,0,0,0,1,5,0,0,0,309,0,0,59,193,0,5,0,82,0,0,2,3,4,0,49,0,0,0,0,0,0,0,0,0,0,0,0,0,0,0,0,0,0,0,0,0,0,0,0,0,0,0,0,0,0,0,0,0,0,71,0,73,0,0,0,0,0,0,0,0,0,0,0
Bathycoccus prasinos,98.344,0,0,0,0,0,0,0,0,0,0,0,0,0,0,0,0,0,61,0,0,0,0,0,0,0,0,0,1,5,0,0,0,309,0,0,59,193,0,5,0,82,0,0,2,3,4,0,49,0,0,0,0,0,0,0,0,0,0,0,0,0,0,0,0,0,0,0,0,0,0,0,0,0,0,0,0,0,0,0,0,0,0,71,0,73,0,0,0,0,0,0,0,0,0,0,0
Bathycoccus prasinos,98.344,0,0,0,0,0,0,0,0,0,0,0,0,0,0,0,0,0,61,0,0,0,0,0,0,0,0,0,1,5,0,0,0,309,0,0,59,193,0,5,0,82,0,0,2,3,4,0,49,0,0,0,0,0,0,0,0,0,0,0,0,0,0,0,0,0,0,0,0,0,0,0,0,0,0,0,0,0,0,0,0,0,0,71,0,73,0,0,0,0,0,0,0,0,0,0,0
Bathycoccus prasinos,98.344,0,0,0,0,0,0,0,0,0,0,0,0,0,0,0,0,0,61,0,0,0,0,0,0,0,0,0,1,5,0,0,0,309,0,0,59,193,0,5,0,82,0,0,2,3,4,0,49,0,0,0,0,0,0,0,0,0,0,0,0,0,0,0,0,0,0,0,0,0,0,0,0,0,0,0,0,0,0,0,0,0,0,71,0,73,0,0,0,0,0,0,0,0,0,0,0
Centropages typicus,98.68,0,0,0,0,0,0,0,0,0,0,0,0,0,0,0,0,0,0,903,0,0,0,0,0,0,0,0,0,0,0,0,0,0,0,0,0,0,0,0,0,0,0,0,0,0,0,0,0,0,0,0,0,0,0,0,0,0,0,0,0,0,0,0,0,0,0,0,0,0,0,0,0,0,0,0,0,0,0,0,0,0,0,0,0,0,0,0,0,0,0,0,0,0,0,0,0
Centropages typicus,98.68,0,0,0,0,0,0,0,0,0,0,0,0,0,0,0,0,0,0,903,0,0,0,0,0,0,0,0,0,0,0,0,0,0,0,0,0,0,0,0,0,0,0,0,0,0,0,0,0,0,0,0,0,0,0,0,0,0,0,0,0,0,0,0,0,0,0,0,0,0,0,0,0,0,0,0,0,0,0,0,0,0,0,0,0,0,0,0,0,0,0,0,0,0,0,0,0
Centropages typicus,98.68,0,0,0,0,0,0,0,0,0,0,0,0,0,0,0,0,0,0,903,0,0,0,0,0,0,0,0,0,0,0,0,0,0,0,0,0,0,0,0,0,0,0,0,0,0,0,0,0,0,0,0,0,0,0,0,0,0,0,0,0,0,0,0,0,0,0,0,0,0,0,0,0,0,0,0,0,0,0,0,0,0,0,0,0,0,0,0,0,0,0,0,0,0,0,0,0
Centropages typicus,98.68,0,0,0,0,0,0,0,0,0,0,0,0,0,0,0,0,0,0,903,0,0,0,0,0,0,0,0,0,0,0,0,0,0,0,0,0,0,0,0,0,0,0,0,0,0,0,0,0,0,0,0,0,0,0,0,0,0,0,0,0,0,0,0,0,0,0,0,0,0,0,0,0,0,0,0,0,0,0,0,0,0,0,0,0,0,0,0,0,0,0,0,0,0,0,0,0
Centropages typicus,98.35,0,0,0,0,0,0,0,0,0,0,0,0,0,0,0,0,0,0,903,0,0,0,0,0,0,0,0,0,0,0,0,0,0,0,0,0,0,0,0,0,0,0,0,0,0,0,0,0,0,0,0,0,0,0,0,0,0,0,0,0,0,0,0,0,0,0,0,0,0,0,0,0,0,0,0,0,0,0,0,0,0,0,0,0,0,0,0,0,0,0,0,0,0,0,0,0
Strongylocentrotus pallidus,100,0,0,0,0,0,0,0,0,0,0,0,0,0,0,0,0,0,0,0,0,0,0,0,0,0,0,0,39,0,0,0,0,0,0,0,0,0,0,0,0,0,0,0,0,0,0,0,463,337,0,0,27,21,0,0,0,0,0,0,0,0,0,0,0,0,0,0,0,0,0,0,0,0,0,0,0,0,0,0,0,0,0,12,0,0,0,0,0,0,0,0,0,0,0,0,0
Strongylocentrotus pallidus,100,0,0,0,0,0,0,0,0,0,0,0,0,0,0,0,0,0,0,0,0,0,0,0,0,0,0,0,39,0,0,0,0,0,0,0,0,0,0,0,0,0,0,0,0,0,0,0,463,337,0,0,27,21,0,0,0,0,0,0,0,0,0,0,0,0,0,0,0,0,0,0,0,0,0,0,0,0,0,0,0,0,0,12,0,0,0,0,0,0,0,0,0,0,0,0,0
Strongylocentrotus pallidus,100,0,0,0,0,0,0,0,0,0,0,0,0,0,0,0,0,0,0,0,0,0,0,0,0,0,0,0,39,0,0,0,0,0,0,0,0,0,0,0,0,0,0,0,0,0,0,0,463,337,0,0,27,21,0,0,0,0,0,0,0,0,0,0,0,0,0,0,0,0,0,0,0,0,0,0,0,0,0,0,0,0,0,12,0,0,0,0,0,0,0,0,0,0,0,0,0
Strongylocentrotus droebachiensis,100,0,0,0,0,0,0,0,0,0,0,0,0,0,0,0,0,0,0,0,0,0,0,0,0,0,0,0,39,0,0,0,0,0,0,0,0,0,0,0,0,0,0,0,0,0,0,0,463,337,0,0,27,21,0,0,0,0,0,0,0,0,0,0,0,0,0,0,0,0,0,0,0,0,0,0,0,0,0,0,0,0,0,12,0,0,0,0,0,0,0,0,0,0,0,0,0
Strongylocentrotus pallidus,100,0,0,0,0,0,0,0,0,0,0,0,0,0,0,0,0,0,0,0,0,0,0,0,0,0,0,0,39,0,0,0,0,0,0,0,0,0,0,0,0,0,0,0,0,0,0,0,463,337,0,0,27,21,0,0,0,0,0,0,0,0,0,0,0,0,0,0,0,0,0,0,0,0,0,0,0,0,0,0,0,0,0,12,0,0,0,0,0,0,0,0,0,0,0,0,0
Obelia longissima,100,0,0,0,0,0,0,0,0,0,61,92,67,25,77,118,127,176,0,0,37,8,0,0,0,0,0,0,0,0,0,0,0,0,0,0,0,0,0,0,0,0,0,0,0,102,0,0,0,0,0,0,0,0,0,0,0,0,0,0,0,0,0,0,0,0,0,0,0,0,0,0,0,0,0,0,0,0,0,0,0,0,0,0,0,0,0,0,0,0,0,0,0,0,0,0,0
Obelia sp. 3 SL-2013,100,0,0,0,0,0,0,0,0,0,61,92,67,25,77,118,127,176,0,0,37,8,0,0,0,0,0,0,0,0,0,0,0,0,0,0,0,0,0,0,0,0,0,0,0,102,0,0,0,0,0,0,0,0,0,0,0,0,0,0,0,0,0,0,0,0,0,0,0,0,0,0,0,0,0,0,0,0,0,0,0,0,0,0,0,0,0,0,0,0,0,0,0,0,0,0,0
Obelia sp. 3 SL-2013,100,0,0,0,0,0,0,0,0,0,61,92,67,25,77,118,127,176,0,0,37,8,0,0,0,0,0,0,0,0,0,0,0,0,0,0,0,0,0,0,0,0,0,0,0,102,0,0,0,0,0,0,0,0,0,0,0,0,0,0,0,0,0,0,0,0,0,0,0,0,0,0,0,0,0,0,0,0,0,0,0,0,0,0,0,0,0,0,0,0,0,0,0,0,0,0,0
Obelia sp. 3 SL-2013,100,0,0,0,0,0,0,0,0,0,61,92,67,25,77,118,127,176,0,0,37,8,0,0,0,0,0,0,0,0,0,0,0,0,0,0,0,0,0,0,0,0,0,0,0,102,0,0,0,0,0,0,0,0,0,0,0,0,0,0,0,0,0,0,0,0,0,0,0,0,0,0,0,0,0,0,0,0,0,0,0,0,0,0,0,0,0,0,0,0,0,0,0,0,0,0,0
Obelia longissima,100,0,0,0,0,0,0,0,0,0,61,92,67,25,77,118,127,176,0,0,37,8,0,0,0,0,0,0,0,0,0,0,0,0,0,0,0,0,0,0,0,0,0,0,0,102,0,0,0,0,0,0,0,0,0,0,0,0,0,0,0,0,0,0,0,0,0,0,0,0,0,0,0,0,0,0,0,0,0,0,0,0,0,0,0,0,0,0,0,0,0,0,0,0,0,0,0
Turbonilla sp.,99.01,0,0,0,0,0,0,0,0,0,26,17,13,0,125,117,15,21,94,55,0,26,0,0,0,0,0,0,0,0,0,0,0,0,0,0,0,0,0,0,0,0,0,0,0,0,0,0,0,0,0,0,0,0,0,0,0,0,0,0,0,0,0,0,0,0,0,0,0,0,0,0,0,0,0,0,0,0,0,0,0,0,11,11,33,9,5,12,0,25,0,31,42,42,58,100,0
Meganyctiphanes norvegica,100,0,0,0,0,0,0,0,0,0,0,42,27,30,0,0,0,0,0,89,49,33,0,0,0,0,0,0,0,0,23,0,0,0,0,0,11,16,0,0,0,0,0,0,14,20,79,18,176,28,0,0,40,0,15,0,0,0,0,0,0,0,0,0,0,0,0,0,0,0,0,0,0,0,0,0,0,0,0,0,0,0,0,0,0,0,13,0,55,0,0,43,0,31,0,32,0
Meganyctiphanes norvegica,100,0,0,0,0,0,0,0,0,0,0,42,27,30,0,0,0,0,0,89,49,33,0,0,0,0,0,0,0,0,23,0,0,0,0,0,11,16,0,0,0,0,0,0,14,20,79,18,176,28,0,0,40,0,15,0,0,0,0,0,0,0,0,0,0,0,0,0,0,0,0,0,0,0,0,0,0,0,0,0,0,0,0,0,0,0,13,0,55,0,0,43,0,31,0,32,0
Meganyctiphanes norvegica,100,0,0,0,0,0,0,0,0,0,0,42,27,30,0,0,0,0,0,89,49,33,0,0,0,0,0,0,0,0,23,0,0,0,0,0,11,16,0,0,0,0,0,0,14,20,79,18,176,28,0,0,40,0,15,0,0,0,0,0,0,0,0,0,0,0,0,0,0,0,0,0,0,0,0,0,0,0,0,0,0,0,0,0,0,0,13,0,55,0,0,43,0,31,0,32,0
Euphausiacea sp. caab196,100,0,0,0,0,0,0,0,0,0,0,42,27,30,0,0,0,0,0,89,49,33,0,0,0,0,0,0,0,0,23,0,0,0,0,0,11,16,0,0,0,0,0,0,14,20,79,18,176,28,0,0,40,0,15,0,0,0,0,0,0,0,0,0,0,0,0,0,0,0,0,0,0,0,0,0,0,0,0,0,0,0,0,0,0,0,13,0,55,0,0,43,0,31,0,32,0
Euphausiacea sp. caab201,100,0,0,0,0,0,0,0,0,0,0,42,27,30,0,0,0,0,0,89,49,33,0,0,0,0,0,0,0,0,23,0,0,0,0,0,11,16,0,0,0,0,0,0,14,20,79,18,176,28,0,0,40,0,15,0,0,0,0,0,0,0,0,0,0,0,0,0,0,0,0,0,0,0,0,0,0,0,0,0,0,0,0,0,0,0,13,0,55,0,0,43,0,31,0,32,0
Atolla wyvillei,99.67,0,0,0,0,0,0,0,0,0,0,0,0,0,0,0,0,0,0,0,0,0,0,0,0,0,0,0,0,0,0,0,0,0,0,0,0,0,0,0,0,0,0,0,0,0,0,0,0,0,0,0,0,0,0,0,0,0,0,0,0,0,0,0,0,0,0,0,0,0,0,0,69,202,0,463,0,0,0,138,0,0,0,0,0,0,0,0,0,0,0,0,0,0,0,0,0
Sabellaria vulgaris,100,0,0,0,0,0,0,0,0,0,17,43,0,0,336,472,0,0,0,0,0,0,0,0,0,0,0,0,0,0,0,0,0,0,0,0,0,0,0,0,0,0,0,0,0,0,0,0,0,0,0,0,0,0,0,0,0,0,0,0,0,0,0,0,0,0,0,0,0,0,0,0,0,0,0,0,0,0,0,0,0,0,0,0,0,0,0,0,0,0,0,0,0,0,0,0,0
Sabellaria vulgaris,99.34,0,0,0,0,0,0,0,0,0,17,43,0,0,336,472,0,0,0,0,0,0,0,0,0,0,0,0,0,0,0,0,0,0,0,0,0,0,0,0,0,0,0,0,0,0,0,0,0,0,0,0,0,0,0,0,0,0,0,0,0,0,0,0,0,0,0,0,0,0,0,0,0,0,0,0,0,0,0,0,0,0,0,0,0,0,0,0,0,0,0,0,0,0,0,0,0
Sabellaria vulgaris,99.34,0,0,0,0,0,0,0,0,0,17,43,0,0,336,472,0,0,0,0,0,0,0,0,0,0,0,0,0,0,0,0,0,0,0,0,0,0,0,0,0,0,0,0,0,0,0,0,0,0,0,0,0,0,0,0,0,0,0,0,0,0,0,0,0,0,0,0,0,0,0,0,0,0,0,0,0,0,0,0,0,0,0,0,0,0,0,0,0,0,0,0,0,0,0,0,0
Sabellaria vulgaris,99.01,0,0,0,0,0,0,0,0,0,17,43,0,0,336,472,0,0,0,0,0,0,0,0,0,0,0,0,0,0,0,0,0,0,0,0,0,0,0,0,0,0,0,0,0,0,0,0,0,0,0,0,0,0,0,0,0,0,0,0,0,0,0,0,0,0,0,0,0,0,0,0,0,0,0,0,0,0,0,0,0,0,0,0,0,0,0,0,0,0,0,0,0,0,0,0,0
Ophiopholis aculeata,99.67,0,0,0,0,0,0,0,0,0,16,0,0,0,0,0,0,0,0,0,0,0,0,0,0,0,0,0,0,0,0,0,0,0,0,0,0,0,0,0,58,0,0,0,0,0,411,138,0,129,0,0,0,0,0,0,0,0,0,0,0,0,0,0,0,0,0,0,0,0,0,0,113,0,0,0,0,0,0,0,0,0,0,0,0,0,0,0,0,0,0,0,0,0,0,0,0
Ophiopholis aculeata,99.67,0,0,0,0,0,0,0,0,0,16,0,0,0,0,0,0,0,0,0,0,0,0,0,0,0,0,0,0,0,0,0,0,0,0,0,0,0,0,0,58,0,0,0,0,0,411,138,0,129,0,0,0,0,0,0,0,0,0,0,0,0,0,0,0,0,0,0,0,0,0,0,113,0,0,0,0,0,0,0,0,0,0,0,0,0,0,0,0,0,0,0,0,0,0,0,0
Ophiopholis aculeata,99.67,0,0,0,0,0,0,0,0,0,16,0,0,0,0,0,0,0,0,0,0,0,0,0,0,0,0,0,0,0,0,0,0,0,0,0,0,0,0,0,58,0,0,0,0,0,411,138,0,129,0,0,0,0,0,0,0,0,0,0,0,0,0,0,0,0,0,0,0,0,0,0,113,0,0,0,0,0,0,0,0,0,0,0,0,0,0,0,0,0,0,0,0,0,0,0,0
Ophiopholis aculeata,99.67,0,0,0,0,0,0,0,0,0,16,0,0,0,0,0,0,0,0,0,0,0,0,0,0,0,0,0,0,0,0,0,0,0,0,0,0,0,0,0,58,0,0,0,0,0,411,138,0,129,0,0,0,0,0,0,0,0,0,0,0,0,0,0,0,0,0,0,0,0,0,0,113,0,0,0,0,0,0,0,0,0,0,0,0,0,0,0,0,0,0,0,0,0,0,0,0
Ophiopholis aculeata,99.67,0,0,0,0,0,0,0,0,0,16,0,0,0,0,0,0,0,0,0,0,0,0,0,0,0,0,0,0,0,0,0,0,0,0,0,0,0,0,0,58,0,0,0,0,0,411,138,0,129,0,0,0,0,0,0,0,0,0,0,0,0,0,0,0,0,0,0,0,0,0,0,113,0,0,0,0,0,0,0,0,0,0,0,0,0,0,0,0,0,0,0,0,0,0,0,0
Kurtiella bidentata,99.103,0,0,0,0,0,0,0,0,0,216,143,75,103,21,13,0,105,45,0,84,0,0,0,0,0,0,0,0,0,0,0,0,0,0,0,0,0,0,0,0,0,0,0,0,0,55,0,0,0,0,0,0,0,0,0,0,0,0,0,0,0,0,0,0,0,0,0,0,0,0,0,0,0,0,0,0,0,0,0,0,0,0,0,0,0,0,0,0,0,0,0,0,0,0,0,0
Temora longicornis,99.67,0,0,0,0,0,0,0,0,0,0,0,0,0,728,0,0,0,130,0,0,0,0,0,0,0,0,0,0,0,0,0,0,0,0,0,0,0,0,0,0,0,0,0,0,0,0,0,0,0,0,0,0,0,0,0,0,0,0,0,0,0,0,0,0,0,0,0,0,0,0,0,0,0,0,0,0,0,0,0,0,0,0,0,0,0,0,0,0,0,0,0,0,0,0,0,0
Temora longicornis,99.67,0,0,0,0,0,0,0,0,0,0,0,0,0,728,0,0,0,130,0,0,0,0,0,0,0,0,0,0,0,0,0,0,0,0,0,0,0,0,0,0,0,0,0,0,0,0,0,0,0,0,0,0,0,0,0,0,0,0,0,0,0,0,0,0,0,0,0,0,0,0,0,0,0,0,0,0,0,0,0,0,0,0,0,0,0,0,0,0,0,0,0,0,0,0,0,0
Temora longicornis,99.67,0,0,0,0,0,0,0,0,0,0,0,0,0,728,0,0,0,130,0,0,0,0,0,0,0,0,0,0,0,0,0,0,0,0,0,0,0,0,0,0,0,0,0,0,0,0,0,0,0,0,0,0,0,0,0,0,0,0,0,0,0,0,0,0,0,0,0,0,0,0,0,0,0,0,0,0,0,0,0,0,0,0,0,0,0,0,0,0,0,0,0,0,0,0,0,0
Temora longicornis,99.67,0,0,0,0,0,0,0,0,0,0,0,0,0,728,0,0,0,130,0,0,0,0,0,0,0,0,0,0,0,0,0,0,0,0,0,0,0,0,0,0,0,0,0,0,0,0,0,0,0,0,0,0,0,0,0,0,0,0,0,0,0,0,0,0,0,0,0,0,0,0,0,0,0,0,0,0,0,0,0,0,0,0,0,0,0,0,0,0,0,0,0,0,0,0,0,0
Temora longicornis,99.67,0,0,0,0,0,0,0,0,0,0,0,0,0,728,0,0,0,130,0,0,0,0,0,0,0,0,0,0,0,0,0,0,0,0,0,0,0,0,0,0,0,0,0,0,0,0,0,0,0,0,0,0,0,0,0,0,0,0,0,0,0,0,0,0,0,0,0,0,0,0,0,0,0,0,0,0,0,0,0,0,0,0,0,0,0,0,0,0,0,0,0,0,0,0,0,0
Chone infundibuliformis,99.67,0,0,0,0,0,0,0,0,0,0,0,0,0,0,0,0,0,0,0,0,0,0,0,0,0,0,0,0,0,0,0,0,0,0,0,0,0,0,0,0,844,0,0,0,0,0,0,0,0,0,0,0,0,0,0,0,0,0,0,0,0,0,0,0,0,0,0,0,0,0,0,0,0,0,0,0,0,0,0,0,0,0,0,0,0,0,0,0,0,0,0,0,0,0,0,0
Thalassiosira profunda,100,0,0,0,0,0,0,0,0,0,156,89,143,119,47,66,17,56,41,8,41,19,0,0,0,0,0,0,0,0,0,0,0,0,0,0,0,0,0,0,0,0,0,0,0,0,0,0,0,0,0,0,0,0,0,0,0,0,0,0,0,0,0,0,0,0,0,0,0,0,0,0,0,0,0,0,0,0,0,0,0,0,0,0,0,0,21,0,0,0,0,0,0,0,0,11,0
Thalassiosira profunda,100,0,0,0,0,0,0,0,0,0,156,89,143,119,47,66,17,56,41,8,41,19,0,0,0,0,0,0,0,0,0,0,0,0,0,0,0,0,0,0,0,0,0,0,0,0,0,0,0,0,0,0,0,0,0,0,0,0,0,0,0,0,0,0,0,0,0,0,0,0,0,0,0,0,0,0,0,0,0,0,0,0,0,0,0,0,21,0,0,0,0,0,0,0,0,11,0
Thalassiosira profunda,100,0,0,0,0,0,0,0,0,0,156,89,143,119,47,66,17,56,41,8,41,19,0,0,0,0,0,0,0,0,0,0,0,0,0,0,0,0,0,0,0,0,0,0,0,0,0,0,0,0,0,0,0,0,0,0,0,0,0,0,0,0,0,0,0,0,0,0,0,0,0,0,0,0,0,0,0,0,0,0,0,0,0,0,0,0,21,0,0,0,0,0,0,0,0,11,0
Thalassiosira profunda,100,0,0,0,0,0,0,0,0,0,156,89,143,119,47,66,17,56,41,8,41,19,0,0,0,0,0,0,0,0,0,0,0,0,0,0,0,0,0,0,0,0,0,0,0,0,0,0,0,0,0,0,0,0,0,0,0,0,0,0,0,0,0,0,0,0,0,0,0,0,0,0,0,0,0,0,0,0,0,0,0,0,0,0,0,0,21,0,0,0,0,0,0,0,0,11,0
Thalassiosira profunda,100,0,0,0,0,0,0,0,0,0,156,89,143,119,47,66,17,56,41,8,41,19,0,0,0,0,0,0,0,0,0,0,0,0,0,0,0,0,0,0,0,0,0,0,0,0,0,0,0,0,0,0,0,0,0,0,0,0,0,0,0,0,0,0,0,0,0,0,0,0,0,0,0,0,0,0,0,0,0,0,0,0,0,0,0,0,21,0,0,0,0,0,0,0,0,11,0
Biemna variantia,99.67,0,0,0,0,0,0,0,0,0,0,0,0,0,0,0,0,0,0,0,0,0,0,0,0,0,0,0,0,0,0,0,0,0,0,0,0,0,0,0,0,0,0,0,0,0,411,414,0,0,0,0,0,0,0,0,0,0,0,0,0,0,0,0,0,0,0,0,0,0,0,0,0,0,0,0,0,0,0,0,0,0,0,0,0,0,0,0,0,0,0,0,0,0,0,0,0
Pseudocalanus sp.,99.34,0,0,0,0,0,0,0,0,0,0,823,0,0,0,0,0,0,0,0,0,0,0,0,0,0,0,0,0,0,0,0,0,0,0,0,0,0,0,0,0,0,0,0,0,0,0,0,0,0,0,0,0,0,0,0,0,0,0,0,0,0,0,0,0,0,0,0,0,0,0,0,0,0,0,0,0,0,0,0,0,0,0,0,0,0,0,0,0,0,0,0,0,0,0,0,0
Pseudocalanus sp.,99.01,0,0,0,0,0,0,0,0,0,0,823,0,0,0,0,0,0,0,0,0,0,0,0,0,0,0,0,0,0,0,0,0,0,0,0,0,0,0,0,0,0,0,0,0,0,0,0,0,0,0,0,0,0,0,0,0,0,0,0,0,0,0,0,0,0,0,0,0,0,0,0,0,0,0,0,0,0,0,0,0,0,0,0,0,0,0,0,0,0,0,0,0,0,0,0,0
Pseudocalanus sp.,98.35,0,0,0,0,0,0,0,0,0,0,823,0,0,0,0,0,0,0,0,0,0,0,0,0,0,0,0,0,0,0,0,0,0,0,0,0,0,0,0,0,0,0,0,0,0,0,0,0,0,0,0,0,0,0,0,0,0,0,0,0,0,0,0,0,0,0,0,0,0,0,0,0,0,0,0,0,0,0,0,0,0,0,0,0,0,0,0,0,0,0,0,0,0,0,0,0
Pseudocalanus sp.,98.35,0,0,0,0,0,0,0,0,0,0,823,0,0,0,0,0,0,0,0,0,0,0,0,0,0,0,0,0,0,0,0,0,0,0,0,0,0,0,0,0,0,0,0,0,0,0,0,0,0,0,0,0,0,0,0,0,0,0,0,0,0,0,0,0,0,0,0,0,0,0,0,0,0,0,0,0,0,0,0,0,0,0,0,0,0,0,0,0,0,0,0,0,0,0,0,0
Pseudocalanus sp.,98.969,0,0,0,0,0,0,0,0,0,0,823,0,0,0,0,0,0,0,0,0,0,0,0,0,0,0,0,0,0,0,0,0,0,0,0,0,0,0,0,0,0,0,0,0,0,0,0,0,0,0,0,0,0,0,0,0,0,0,0,0,0,0,0,0,0,0,0,0,0,0,0,0,0,0,0,0,0,0,0,0,0,0,0,0,0,0,0,0,0,0,0,0,0,0,0,0
Bathycoccus prasinos,98.675,0,0,0,0,0,0,0,0,0,0,0,0,0,0,0,0,0,0,0,0,0,0,0,0,0,0,0,0,0,0,0,0,212,0,0,0,0,0,249,110,0,0,0,1,0,0,0,87,0,0,0,82,0,0,0,0,0,0,0,0,0,0,0,0,0,0,0,0,0,0,0,0,0,0,0,0,0,0,0,0,0,0,0,0,0,0,0,0,0,0,72,0,0,0,0,0
Bathycoccus prasinos,98.344,0,0,0,0,0,0,0,0,0,0,0,0,0,0,0,0,0,0,0,0,0,0,0,0,0,0,0,0,0,0,0,0,212,0,0,0,0,0,249,110,0,0,0,1,0,0,0,87,0,0,0,82,0,0,0,0,0,0,0,0,0,0,0,0,0,0,0,0,0,0,0,0,0,0,0,0,0,0,0,0,0,0,0,0,0,0,0,0,0,0,72,0,0,0,0,0
Bathycoccus prasinos,98.344,0,0,0,0,0,0,0,0,0,0,0,0,0,0,0,0,0,0,0,0,0,0,0,0,0,0,0,0,0,0,0,0,212,0,0,0,0,0,249,110,0,0,0,1,0,0,0,87,0,0,0,82,0,0,0,0,0,0,0,0,0,0,0,0,0,0,0,0,0,0,0,0,0,0,0,0,0,0,0,0,0,0,0,0,0,0,0,0,0,0,72,0,0,0,0,0
Bathycoccus prasinos,98.344,0,0,0,0,0,0,0,0,0,0,0,0,0,0,0,0,0,0,0,0,0,0,0,0,0,0,0,0,0,0,0,0,212,0,0,0,0,0,249,110,0,0,0,1,0,0,0,87,0,0,0,82,0,0,0,0,0,0,0,0,0,0,0,0,0,0,0,0,0,0,0,0,0,0,0,0,0,0,0,0,0,0,0,0,0,0,0,0,0,0,72,0,0,0,0,0
Bathycoccus prasinos,98.344,0,0,0,0,0,0,0,0,0,0,0,0,0,0,0,0,0,0,0,0,0,0,0,0,0,0,0,0,0,0,0,0,212,0,0,0,0,0,249,110,0,0,0,1,0,0,0,87,0,0,0,82,0,0,0,0,0,0,0,0,0,0,0,0,0,0,0,0,0,0,0,0,0,0,0,0,0,0,0,0,0,0,0,0,0,0,0,0,0,0,72,0,0,0,0,0
Scolecithricella minor,100,0,0,0,0,0,0,0,0,0,0,0,0,0,0,0,0,0,0,0,0,0,0,0,0,0,0,0,0,0,0,0,0,0,0,15,0,0,0,0,0,0,0,0,0,0,0,0,0,0,751,0,0,0,0,0,0,0,0,0,0,0,0,0,0,0,0,0,0,0,0,0,0,0,0,0,0,0,0,0,0,0,0,0,0,0,0,0,0,0,0,0,0,0,0,14,0
Scolecithricella minor,100,0,0,0,0,0,0,0,0,0,0,0,0,0,0,0,0,0,0,0,0,0,0,0,0,0,0,0,0,0,0,0,0,0,0,15,0,0,0,0,0,0,0,0,0,0,0,0,0,0,751,0,0,0,0,0,0,0,0,0,0,0,0,0,0,0,0,0,0,0,0,0,0,0,0,0,0,0,0,0,0,0,0,0,0,0,0,0,0,0,0,0,0,0,0,14,0
Scolecithricella minor,100,0,0,0,0,0,0,0,0,0,0,0,0,0,0,0,0,0,0,0,0,0,0,0,0,0,0,0,0,0,0,0,0,0,0,15,0,0,0,0,0,0,0,0,0,0,0,0,0,0,751,0,0,0,0,0,0,0,0,0,0,0,0,0,0,0,0,0,0,0,0,0,0,0,0,0,0,0,0,0,0,0,0,0,0,0,0,0,0,0,0,0,0,0,0,14,0
Scolecithricella minor,99.267,0,0,0,0,0,0,0,0,0,0,0,0,0,0,0,0,0,0,0,0,0,0,0,0,0,0,0,0,0,0,0,0,0,0,15,0,0,0,0,0,0,0,0,0,0,0,0,0,0,751,0,0,0,0,0,0,0,0,0,0,0,0,0,0,0,0,0,0,0,0,0,0,0,0,0,0,0,0,0,0,0,0,0,0,0,0,0,0,0,0,0,0,0,0,14,0
Scolecithricella minor,100,0,0,0,0,0,0,0,0,0,0,0,0,0,0,0,0,0,0,0,0,0,0,0,0,0,0,0,0,0,0,0,0,0,0,15,0,0,0,0,0,0,0,0,0,0,0,0,0,0,751,0,0,0,0,0,0,0,0,0,0,0,0,0,0,0,0,0,0,0,0,0,0,0,0,0,0,0,0,0,0,0,0,0,0,0,0,0,0,0,0,0,0,0,0,14,0
Dodecaceria concharum,100,0,0,0,0,0,0,0,0,0,0,0,0,773,0,0,0,0,0,0,0,0,0,0,0,0,0,0,0,0,0,0,0,0,0,0,0,0,0,0,0,0,0,0,0,0,0,0,0,0,0,0,0,0,0,0,0,0,0,0,0,0,0,0,0,0,0,0,0,0,0,0,0,0,0,0,0,0,0,0,0,0,0,0,0,0,0,0,0,0,0,0,0,0,0,0,0
Dodecaceria concharum,100,0,0,0,0,0,0,0,0,0,0,0,0,773,0,0,0,0,0,0,0,0,0,0,0,0,0,0,0,0,0,0,0,0,0,0,0,0,0,0,0,0,0,0,0,0,0,0,0,0,0,0,0,0,0,0,0,0,0,0,0,0,0,0,0,0,0,0,0,0,0,0,0,0,0,0,0,0,0,0,0,0,0,0,0,0,0,0,0,0,0,0,0,0,0,0,0
Dodecaceria concharum,100,0,0,0,0,0,0,0,0,0,0,0,0,773,0,0,0,0,0,0,0,0,0,0,0,0,0,0,0,0,0,0,0,0,0,0,0,0,0,0,0,0,0,0,0,0,0,0,0,0,0,0,0,0,0,0,0,0,0,0,0,0,0,0,0,0,0,0,0,0,0,0,0,0,0,0,0,0,0,0,0,0,0,0,0,0,0,0,0,0,0,0,0,0,0,0,0
Dodecaceria concharum,100,0,0,0,0,0,0,0,0,0,0,0,0,773,0,0,0,0,0,0,0,0,0,0,0,0,0,0,0,0,0,0,0,0,0,0,0,0,0,0,0,0,0,0,0,0,0,0,0,0,0,0,0,0,0,0,0,0,0,0,0,0,0,0,0,0,0,0,0,0,0,0,0,0,0,0,0,0,0,0,0,0,0,0,0,0,0,0,0,0,0,0,0,0,0,0,0
Bathycoccus prasinos,98.344,0,0,0,0,0,0,0,0,0,0,41,0,62,0,0,0,0,0,0,0,0,0,0,0,0,0,81,85,0,0,0,0,0,0,75,41,0,0,96,83,141,0,0,0,0,0,0,0,0,0,0,0,50,0,0,0,0,0,0,0,0,0,0,0,0,0,0,0,0,0,0,0,0,0,0,0,0,0,0,0,0,0,0,0,0,0,0,0,0,0,0,0,0,0,0,0
Bathycoccus prasinos,98.013,0,0,0,0,0,0,0,0,0,0,41,0,62,0,0,0,0,0,0,0,0,0,0,0,0,0,81,85,0,0,0,0,0,0,75,41,0,0,96,83,141,0,0,0,0,0,0,0,0,0,0,0,50,0,0,0,0,0,0,0,0,0,0,0,0,0,0,0,0,0,0,0,0,0,0,0,0,0,0,0,0,0,0,0,0,0,0,0,0,0,0,0,0,0,0,0
Bathycoccus prasinos,98.013,0,0,0,0,0,0,0,0,0,0,41,0,62,0,0,0,0,0,0,0,0,0,0,0,0,0,81,85,0,0,0,0,0,0,75,41,0,0,96,83,141,0,0,0,0,0,0,0,0,0,0,0,50,0,0,0,0,0,0,0,0,0,0,0,0,0,0,0,0,0,0,0,0,0,0,0,0,0,0,0,0,0,0,0,0,0,0,0,0,0,0,0,0,0,0,0
Bathycoccus prasinos,98.013,0,0,0,0,0,0,0,0,0,0,41,0,62,0,0,0,0,0,0,0,0,0,0,0,0,0,81,85,0,0,0,0,0,0,75,41,0,0,96,83,141,0,0,0,0,0,0,0,0,0,0,0,50,0,0,0,0,0,0,0,0,0,0,0,0,0,0,0,0,0,0,0,0,0,0,0,0,0,0,0,0,0,0,0,0,0,0,0,0,0,0,0,0,0,0,0
Bathycoccus prasinos,98.013,0,0,0,0,0,0,0,0,0,0,41,0,62,0,0,0,0,0,0,0,0,0,0,0,0,0,81,85,0,0,0,0,0,0,75,41,0,0,96,83,141,0,0,0,0,0,0,0,0,0,0,0,50,0,0,0,0,0,0,0,0,0,0,0,0,0,0,0,0,0,0,0,0,0,0,0,0,0,0,0,0,0,0,0,0,0,0,0,0,0,0,0,0,0,0,0
Chlamys sp.,100,0,0,0,0,0,0,0,0,0,0,0,0,0,0,0,0,0,0,0,0,5,0,0,0,0,0,0,0,0,0,0,0,0,0,0,0,0,0,0,0,0,0,0,0,0,178,313,68,166,0,0,0,24,0,0,0,0,0,0,0,0,0,0,0,0,0,0,0,0,0,0,0,0,0,0,0,0,0,0,0,0,0,0,0,0,0,0,0,0,0,0,0,0,0,0,0
Chlamys islandica,99.01,0,0,0,0,0,0,0,0,0,0,0,0,0,0,0,0,0,0,0,0,5,0,0,0,0,0,0,0,0,0,0,0,0,0,0,0,0,0,0,0,0,0,0,0,0,178,313,68,166,0,0,0,24,0,0,0,0,0,0,0,0,0,0,0,0,0,0,0,0,0,0,0,0,0,0,0,0,0,0,0,0,0,0,0,0,0,0,0,0,0,0,0,0,0,0,0
Chlamys islandica,98.75,0,0,0,0,0,0,0,0,0,0,0,0,0,0,0,0,0,0,0,0,5,0,0,0,0,0,0,0,0,0,0,0,0,0,0,0,0,0,0,0,0,0,0,0,0,178,313,68,166,0,0,0,24,0,0,0,0,0,0,0,0,0,0,0,0,0,0,0,0,0,0,0,0,0,0,0,0,0,0,0,0,0,0,0,0,0,0,0,0,0,0,0,0,0,0,0
Bathycoccus prasinos,99.01,0,0,0,0,0,0,0,0,0,0,0,0,0,0,0,0,0,0,0,0,0,0,0,0,0,0,250,0,0,0,0,0,0,245,0,0,0,0,0,0,0,0,0,0,0,0,0,0,0,0,0,0,0,0,0,0,0,0,0,0,0,0,0,0,0,0,0,0,0,0,0,0,0,0,0,0,0,0,0,0,0,0,0,0,0,0,0,0,0,0,135,114,0,0,0,0
Bathycoccus prasinos,99.01,0,0,0,0,0,0,0,0,0,0,0,0,0,0,0,0,0,0,0,0,0,0,0,0,0,0,250,0,0,0,0,0,0,245,0,0,0,0,0,0,0,0,0,0,0,0,0,0,0,0,0,0,0,0,0,0,0,0,0,0,0,0,0,0,0,0,0,0,0,0,0,0,0,0,0,0,0,0,0,0,0,0,0,0,0,0,0,0,0,0,135,114,0,0,0,0
Bathycoccus prasinos,99.01,0,0,0,0,0,0,0,0,0,0,0,0,0,0,0,0,0,0,0,0,0,0,0,0,0,0,250,0,0,0,0,0,0,245,0,0,0,0,0,0,0,0,0,0,0,0,0,0,0,0,0,0,0,0,0,0,0,0,0,0,0,0,0,0,0,0,0,0,0,0,0,0,0,0,0,0,0,0,0,0,0,0,0,0,0,0,0,0,0,0,135,114,0,0,0,0
Bathycoccus prasinos,99.01,0,0,0,0,0,0,0,0,0,0,0,0,0,0,0,0,0,0,0,0,0,0,0,0,0,0,250,0,0,0,0,0,0,245,0,0,0,0,0,0,0,0,0,0,0,0,0,0,0,0,0,0,0,0,0,0,0,0,0,0,0,0,0,0,0,0,0,0,0,0,0,0,0,0,0,0,0,0,0,0,0,0,0,0,0,0,0,0,0,0,135,114,0,0,0,0
Bathycoccus prasinos,99.01,0,0,0,0,0,0,0,0,0,0,0,0,0,0,0,0,0,0,0,0,0,0,0,0,0,0,250,0,0,0,0,0,0,245,0,0,0,0,0,0,0,0,0,0,0,0,0,0,0,0,0,0,0,0,0,0,0,0,0,0,0,0,0,0,0,0,0,0,0,0,0,0,0,0,0,0,0,0,0,0,0,0,0,0,0,0,0,0,0,0,135,114,0,0,0,0
